Dataset	ID	Lang_A	Lang_B	Method	Accuracy	Precision	Recall	F1	Status
BDPA Romance	aquam	French	Italian	LingPy SCA	1.0000	1.0000	1.0000	1.0000	ok
BDPA Romance	aquam	French	Ladino	LingPy SCA	1.0000	1.0000	1.0000	1.0000	ok
BDPA Romance	aquam	French	Ligurian	LingPy SCA	1.0000	1.0000	1.0000	1.0000	ok
BDPA Romance	aquam	French	Lombard(East)	LingPy SCA	1.0000	1.0000	1.0000	1.0000	ok
BDPA Romance	aquam	French	Lombard(West)	LingPy SCA	1.0000	1.0000	1.0000	1.0000	ok
BDPA Romance	aquam	French	Occitan	LingPy SCA	1.0000	1.0000	1.0000	1.0000	ok
BDPA Romance	aquam	French	Venetian	LingPy SCA	1.0000	1.0000	1.0000	1.0000	ok
BDPA Romance	aquam	Italian	Ladino	LingPy SCA	1.0000	1.0000	1.0000	1.0000	ok
BDPA Romance	aquam	Italian	Ligurian	LingPy SCA	1.0000	1.0000	1.0000	1.0000	ok
BDPA Romance	aquam	Italian	Lombard(East)	LingPy SCA	1.0000	1.0000	1.0000	1.0000	ok
BDPA Romance	aquam	Italian	Lombard(West)	LingPy SCA	1.0000	1.0000	1.0000	1.0000	ok
BDPA Romance	aquam	Italian	Occitan	LingPy SCA	1.0000	1.0000	1.0000	1.0000	ok
BDPA Romance	aquam	Italian	Venetian	LingPy SCA	1.0000	1.0000	1.0000	1.0000	ok
BDPA Romance	aquam	Ladino	Ligurian	LingPy SCA	1.0000	1.0000	1.0000	1.0000	ok
BDPA Romance	aquam	Ladino	Lombard(East)	LingPy SCA	1.0000	1.0000	1.0000	1.0000	ok
BDPA Romance	aquam	Ladino	Lombard(West)	LingPy SCA	1.0000	1.0000	1.0000	1.0000	ok
BDPA Romance	aquam	Ladino	Occitan	LingPy SCA	1.0000	1.0000	1.0000	1.0000	ok
BDPA Romance	aquam	Ladino	Venetian	LingPy SCA	1.0000	1.0000	1.0000	1.0000	ok
BDPA Romance	aquam	Ligurian	Lombard(East)	LingPy SCA	1.0000	1.0000	1.0000	1.0000	ok
BDPA Romance	aquam	Ligurian	Lombard(West)	LingPy SCA	1.0000	1.0000	1.0000	1.0000	ok
BDPA Romance	aquam	Ligurian	Occitan	LingPy SCA	1.0000	1.0000	1.0000	1.0000	ok
BDPA Romance	aquam	Ligurian	Venetian	LingPy SCA	1.0000	1.0000	1.0000	1.0000	ok
BDPA Romance	aquam	Lombard(East)	Lombard(West)	LingPy SCA	1.0000	1.0000	1.0000	1.0000	ok
BDPA Romance	aquam	Lombard(East)	Occitan	LingPy SCA	1.0000	1.0000	1.0000	1.0000	ok
BDPA Romance	aquam	Lombard(East)	Venetian	LingPy SCA	1.0000	1.0000	1.0000	1.0000	ok
BDPA Romance	aquam	Lombard(West)	Occitan	LingPy SCA	1.0000	1.0000	1.0000	1.0000	ok
BDPA Romance	aquam	Lombard(West)	Venetian	LingPy SCA	1.0000	1.0000	1.0000	1.0000	ok
BDPA Romance	aquam	Occitan	Venetian	LingPy SCA	1.0000	1.0000	1.0000	1.0000	ok
BDPA Romance	auriculam	French	Italian	LingPy SCA	1.0000	1.0000	1.0000	1.0000	ok
BDPA Romance	auriculam	French	Ladino	LingPy SCA	1.0000	1.0000	1.0000	1.0000	ok
BDPA Romance	auriculam	French	Ligurian	LingPy SCA					skipped
BDPA Romance	auriculam	French	Lombard(East)	LingPy SCA	1.0000	1.0000	1.0000	1.0000	ok
BDPA Romance	auriculam	French	Lombard(West)	LingPy SCA	1.0000	1.0000	1.0000	1.0000	ok
BDPA Romance	auriculam	French	Occitan	LingPy SCA	1.0000	1.0000	1.0000	1.0000	ok
BDPA Romance	auriculam	French	Venetian	LingPy SCA	1.0000	1.0000	1.0000	1.0000	ok
BDPA Romance	auriculam	Italian	Ladino	LingPy SCA	1.0000	1.0000	1.0000	1.0000	ok
BDPA Romance	auriculam	Italian	Ligurian	LingPy SCA	1.0000	1.0000	1.0000	1.0000	ok
BDPA Romance	auriculam	Italian	Lombard(East)	LingPy SCA	1.0000	1.0000	1.0000	1.0000	ok
BDPA Romance	auriculam	Italian	Lombard(West)	LingPy SCA	1.0000	1.0000	1.0000	1.0000	ok
BDPA Romance	auriculam	Italian	Occitan	LingPy SCA	0.6667	0.6667	0.6667	0.6667	ok
BDPA Romance	auriculam	Italian	Venetian	LingPy SCA	1.0000	1.0000	1.0000	1.0000	ok
BDPA Romance	auriculam	Ladino	Ligurian	LingPy SCA	1.0000	1.0000	1.0000	1.0000	ok
BDPA Romance	auriculam	Ladino	Lombard(East)	LingPy SCA	1.0000	1.0000	1.0000	1.0000	ok
BDPA Romance	auriculam	Ladino	Lombard(West)	LingPy SCA	1.0000	1.0000	1.0000	1.0000	ok
BDPA Romance	auriculam	Ladino	Occitan	LingPy SCA	1.0000	1.0000	1.0000	1.0000	ok
BDPA Romance	auriculam	Ladino	Venetian	LingPy SCA	1.0000	1.0000	1.0000	1.0000	ok
BDPA Romance	auriculam	Ligurian	Lombard(East)	LingPy SCA	1.0000	1.0000	1.0000	1.0000	ok
BDPA Romance	auriculam	Ligurian	Lombard(West)	LingPy SCA	1.0000	1.0000	1.0000	1.0000	ok
BDPA Romance	auriculam	Ligurian	Occitan	LingPy SCA					skipped
BDPA Romance	auriculam	Ligurian	Venetian	LingPy SCA	1.0000	1.0000	1.0000	1.0000	ok
BDPA Romance	auriculam	Lombard(East)	Lombard(West)	LingPy SCA	1.0000	1.0000	1.0000	1.0000	ok
BDPA Romance	auriculam	Lombard(East)	Occitan	LingPy SCA					skipped
BDPA Romance	auriculam	Lombard(East)	Venetian	LingPy SCA	1.0000	1.0000	1.0000	1.0000	ok
BDPA Romance	auriculam	Lombard(West)	Occitan	LingPy SCA					skipped
BDPA Romance	auriculam	Lombard(West)	Venetian	LingPy SCA	1.0000	1.0000	1.0000	1.0000	ok
BDPA Romance	auriculam	Occitan	Venetian	LingPy SCA					skipped
BDPA Romance	bestiam	French	Italian	LingPy SCA	1.0000	1.0000	1.0000	1.0000	ok
BDPA Romance	bestiam	French	Ladino	LingPy SCA	1.0000	1.0000	1.0000	1.0000	ok
BDPA Romance	bestiam	French	Ligurian	LingPy SCA	1.0000	1.0000	1.0000	1.0000	ok
BDPA Romance	bestiam	French	Lombard(East)	LingPy SCA	1.0000	1.0000	1.0000	1.0000	ok
BDPA Romance	bestiam	French	Lombard(West)	LingPy SCA	1.0000	1.0000	1.0000	1.0000	ok
BDPA Romance	bestiam	French	Occitan	LingPy SCA	1.0000	1.0000	1.0000	1.0000	ok
BDPA Romance	bestiam	French	Venetian	LingPy SCA	1.0000	1.0000	1.0000	1.0000	ok
BDPA Romance	bestiam	Italian	Ladino	LingPy SCA	1.0000	1.0000	1.0000	1.0000	ok
BDPA Romance	bestiam	Italian	Ligurian	LingPy SCA	1.0000	1.0000	1.0000	1.0000	ok
BDPA Romance	bestiam	Italian	Lombard(East)	LingPy SCA	1.0000	1.0000	1.0000	1.0000	ok
BDPA Romance	bestiam	Italian	Lombard(West)	LingPy SCA	1.0000	1.0000	1.0000	1.0000	ok
BDPA Romance	bestiam	Italian	Occitan	LingPy SCA	1.0000	1.0000	1.0000	1.0000	ok
BDPA Romance	bestiam	Italian	Venetian	LingPy SCA	1.0000	1.0000	1.0000	1.0000	ok
BDPA Romance	bestiam	Ladino	Ligurian	LingPy SCA	1.0000	1.0000	1.0000	1.0000	ok
BDPA Romance	bestiam	Ladino	Lombard(East)	LingPy SCA	1.0000	1.0000	1.0000	1.0000	ok
BDPA Romance	bestiam	Ladino	Lombard(West)	LingPy SCA	1.0000	1.0000	1.0000	1.0000	ok
BDPA Romance	bestiam	Ladino	Occitan	LingPy SCA	1.0000	1.0000	1.0000	1.0000	ok
BDPA Romance	bestiam	Ladino	Venetian	LingPy SCA	1.0000	1.0000	1.0000	1.0000	ok
BDPA Romance	bestiam	Ligurian	Lombard(East)	LingPy SCA	1.0000	1.0000	1.0000	1.0000	ok
BDPA Romance	bestiam	Ligurian	Lombard(West)	LingPy SCA	1.0000	1.0000	1.0000	1.0000	ok
BDPA Romance	bestiam	Ligurian	Occitan	LingPy SCA	1.0000	1.0000	1.0000	1.0000	ok
BDPA Romance	bestiam	Ligurian	Venetian	LingPy SCA	1.0000	1.0000	1.0000	1.0000	ok
BDPA Romance	bestiam	Lombard(East)	Lombard(West)	LingPy SCA	1.0000	1.0000	1.0000	1.0000	ok
BDPA Romance	bestiam	Lombard(East)	Occitan	LingPy SCA	1.0000	1.0000	1.0000	1.0000	ok
BDPA Romance	bestiam	Lombard(East)	Venetian	LingPy SCA	1.0000	1.0000	1.0000	1.0000	ok
BDPA Romance	bestiam	Lombard(West)	Occitan	LingPy SCA	1.0000	1.0000	1.0000	1.0000	ok
BDPA Romance	bestiam	Lombard(West)	Venetian	LingPy SCA	1.0000	1.0000	1.0000	1.0000	ok
BDPA Romance	bestiam	Occitan	Venetian	LingPy SCA	1.0000	1.0000	1.0000	1.0000	ok
BDPA Romance	bracchium	French	Italian	LingPy SCA	1.0000	1.0000	1.0000	1.0000	ok
BDPA Romance	bracchium	French	Ladino	LingPy SCA	1.0000	1.0000	1.0000	1.0000	ok
BDPA Romance	bracchium	French	Ligurian	LingPy SCA	1.0000	1.0000	1.0000	1.0000	ok
BDPA Romance	bracchium	French	Lombard(East)	LingPy SCA	1.0000	1.0000	1.0000	1.0000	ok
BDPA Romance	bracchium	French	Lombard(West)	LingPy SCA	1.0000	1.0000	1.0000	1.0000	ok
BDPA Romance	bracchium	French	Occitan	LingPy SCA	1.0000	1.0000	1.0000	1.0000	ok
BDPA Romance	bracchium	French	Venetian	LingPy SCA	1.0000	1.0000	1.0000	1.0000	ok
BDPA Romance	bracchium	Italian	Ladino	LingPy SCA	1.0000	1.0000	1.0000	1.0000	ok
BDPA Romance	bracchium	Italian	Ligurian	LingPy SCA	1.0000	1.0000	1.0000	1.0000	ok
BDPA Romance	bracchium	Italian	Lombard(East)	LingPy SCA	1.0000	1.0000	1.0000	1.0000	ok
BDPA Romance	bracchium	Italian	Lombard(West)	LingPy SCA	1.0000	1.0000	1.0000	1.0000	ok
BDPA Romance	bracchium	Italian	Occitan	LingPy SCA	1.0000	1.0000	1.0000	1.0000	ok
BDPA Romance	bracchium	Italian	Venetian	LingPy SCA	1.0000	1.0000	1.0000	1.0000	ok
BDPA Romance	bracchium	Ladino	Ligurian	LingPy SCA	1.0000	1.0000	1.0000	1.0000	ok
BDPA Romance	bracchium	Ladino	Lombard(East)	LingPy SCA	1.0000	1.0000	1.0000	1.0000	ok
BDPA Romance	bracchium	Ladino	Lombard(West)	LingPy SCA	1.0000	1.0000	1.0000	1.0000	ok
BDPA Romance	bracchium	Ladino	Occitan	LingPy SCA	1.0000	1.0000	1.0000	1.0000	ok
BDPA Romance	bracchium	Ladino	Venetian	LingPy SCA	1.0000	1.0000	1.0000	1.0000	ok
BDPA Romance	bracchium	Ligurian	Lombard(East)	LingPy SCA	1.0000	1.0000	1.0000	1.0000	ok
BDPA Romance	bracchium	Ligurian	Lombard(West)	LingPy SCA	1.0000	1.0000	1.0000	1.0000	ok
BDPA Romance	bracchium	Ligurian	Occitan	LingPy SCA	1.0000	1.0000	1.0000	1.0000	ok
BDPA Romance	bracchium	Ligurian	Venetian	LingPy SCA	1.0000	1.0000	1.0000	1.0000	ok
BDPA Romance	bracchium	Lombard(East)	Lombard(West)	LingPy SCA	1.0000	1.0000	1.0000	1.0000	ok
BDPA Romance	bracchium	Lombard(East)	Occitan	LingPy SCA	1.0000	1.0000	1.0000	1.0000	ok
BDPA Romance	bracchium	Lombard(East)	Venetian	LingPy SCA	1.0000	1.0000	1.0000	1.0000	ok
BDPA Romance	bracchium	Lombard(West)	Occitan	LingPy SCA	1.0000	1.0000	1.0000	1.0000	ok
BDPA Romance	bracchium	Lombard(West)	Venetian	LingPy SCA	1.0000	1.0000	1.0000	1.0000	ok
BDPA Romance	bracchium	Occitan	Venetian	LingPy SCA	1.0000	1.0000	1.0000	1.0000	ok
BDPA Romance	caelum	French	Italian	LingPy SCA	1.0000	1.0000	1.0000	1.0000	ok
BDPA Romance	caelum	French	Ladino	LingPy SCA	1.0000	1.0000	1.0000	1.0000	ok
BDPA Romance	caelum	French	Ligurian	LingPy SCA	1.0000	1.0000	1.0000	1.0000	ok
BDPA Romance	caelum	French	Lombard(East)	LingPy SCA	1.0000	1.0000	1.0000	1.0000	ok
BDPA Romance	caelum	French	Lombard(West)	LingPy SCA	1.0000	1.0000	1.0000	1.0000	ok
BDPA Romance	caelum	French	Occitan	LingPy SCA	1.0000	1.0000	1.0000	1.0000	ok
BDPA Romance	caelum	French	Venetian	LingPy SCA	1.0000	1.0000	1.0000	1.0000	ok
BDPA Romance	caelum	Italian	Ladino	LingPy SCA	1.0000	1.0000	1.0000	1.0000	ok
BDPA Romance	caelum	Italian	Ligurian	LingPy SCA	1.0000	1.0000	1.0000	1.0000	ok
BDPA Romance	caelum	Italian	Lombard(East)	LingPy SCA	1.0000	1.0000	1.0000	1.0000	ok
BDPA Romance	caelum	Italian	Lombard(West)	LingPy SCA	1.0000	1.0000	1.0000	1.0000	ok
BDPA Romance	caelum	Italian	Occitan	LingPy SCA	1.0000	1.0000	1.0000	1.0000	ok
BDPA Romance	caelum	Italian	Venetian	LingPy SCA	1.0000	1.0000	1.0000	1.0000	ok
BDPA Romance	caelum	Ladino	Ligurian	LingPy SCA	1.0000	1.0000	1.0000	1.0000	ok
BDPA Romance	caelum	Ladino	Lombard(East)	LingPy SCA	1.0000	1.0000	1.0000	1.0000	ok
BDPA Romance	caelum	Ladino	Lombard(West)	LingPy SCA	1.0000	1.0000	1.0000	1.0000	ok
BDPA Romance	caelum	Ladino	Occitan	LingPy SCA	1.0000	1.0000	1.0000	1.0000	ok
BDPA Romance	caelum	Ladino	Venetian	LingPy SCA	1.0000	1.0000	1.0000	1.0000	ok
BDPA Romance	caelum	Ligurian	Lombard(East)	LingPy SCA	1.0000	1.0000	1.0000	1.0000	ok
BDPA Romance	caelum	Ligurian	Lombard(West)	LingPy SCA	1.0000	1.0000	1.0000	1.0000	ok
BDPA Romance	caelum	Ligurian	Occitan	LingPy SCA	1.0000	1.0000	1.0000	1.0000	ok
BDPA Romance	caelum	Ligurian	Venetian	LingPy SCA	1.0000	1.0000	1.0000	1.0000	ok
BDPA Romance	caelum	Lombard(East)	Lombard(West)	LingPy SCA	1.0000	1.0000	1.0000	1.0000	ok
BDPA Romance	caelum	Lombard(East)	Occitan	LingPy SCA	1.0000	1.0000	1.0000	1.0000	ok
BDPA Romance	caelum	Lombard(East)	Venetian	LingPy SCA	1.0000	1.0000	1.0000	1.0000	ok
BDPA Romance	caelum	Lombard(West)	Occitan	LingPy SCA	1.0000	1.0000	1.0000	1.0000	ok
BDPA Romance	caelum	Lombard(West)	Venetian	LingPy SCA	1.0000	1.0000	1.0000	1.0000	ok
BDPA Romance	caelum	Occitan	Venetian	LingPy SCA	1.0000	1.0000	1.0000	1.0000	ok
BDPA Romance	capram	French	Italian	LingPy SCA	1.0000	1.0000	1.0000	1.0000	ok
BDPA Romance	capram	French	Ladino	LingPy SCA	1.0000	1.0000	1.0000	1.0000	ok
BDPA Romance	capram	French	Ligurian	LingPy SCA	1.0000	1.0000	1.0000	1.0000	ok
BDPA Romance	capram	French	Lombard(East)	LingPy SCA	1.0000	1.0000	1.0000	1.0000	ok
BDPA Romance	capram	French	Lombard(West)	LingPy SCA	0.6667	0.6667	0.6667	0.6667	ok
BDPA Romance	capram	French	Occitan	LingPy SCA	1.0000	1.0000	1.0000	1.0000	ok
BDPA Romance	capram	French	Venetian	LingPy SCA	1.0000	1.0000	1.0000	1.0000	ok
BDPA Romance	capram	Italian	Ladino	LingPy SCA	1.0000	1.0000	1.0000	1.0000	ok
BDPA Romance	capram	Italian	Ligurian	LingPy SCA	1.0000	1.0000	1.0000	1.0000	ok
BDPA Romance	capram	Italian	Lombard(East)	LingPy SCA	1.0000	1.0000	1.0000	1.0000	ok
BDPA Romance	capram	Italian	Lombard(West)	LingPy SCA	1.0000	1.0000	1.0000	1.0000	ok
BDPA Romance	capram	Italian	Occitan	LingPy SCA	1.0000	1.0000	1.0000	1.0000	ok
BDPA Romance	capram	Italian	Venetian	LingPy SCA	1.0000	1.0000	1.0000	1.0000	ok
BDPA Romance	capram	Ladino	Ligurian	LingPy SCA					skipped
BDPA Romance	capram	Ladino	Lombard(East)	LingPy SCA	1.0000	1.0000	1.0000	1.0000	ok
BDPA Romance	capram	Ladino	Lombard(West)	LingPy SCA	1.0000	1.0000	1.0000	1.0000	ok
BDPA Romance	capram	Ladino	Occitan	LingPy SCA	1.0000	1.0000	1.0000	1.0000	ok
BDPA Romance	capram	Ladino	Venetian	LingPy SCA	1.0000	1.0000	1.0000	1.0000	ok
BDPA Romance	capram	Ligurian	Lombard(East)	LingPy SCA	1.0000	1.0000	1.0000	1.0000	ok
BDPA Romance	capram	Ligurian	Lombard(West)	LingPy SCA	1.0000	1.0000	1.0000	1.0000	ok
BDPA Romance	capram	Ligurian	Occitan	LingPy SCA	1.0000	1.0000	1.0000	1.0000	ok
BDPA Romance	capram	Ligurian	Venetian	LingPy SCA	1.0000	1.0000	1.0000	1.0000	ok
BDPA Romance	capram	Lombard(East)	Lombard(West)	LingPy SCA	1.0000	1.0000	1.0000	1.0000	ok
BDPA Romance	capram	Lombard(East)	Occitan	LingPy SCA	1.0000	1.0000	1.0000	1.0000	ok
BDPA Romance	capram	Lombard(East)	Venetian	LingPy SCA	1.0000	1.0000	1.0000	1.0000	ok
BDPA Romance	capram	Lombard(West)	Occitan	LingPy SCA	1.0000	1.0000	1.0000	1.0000	ok
BDPA Romance	capram	Lombard(West)	Venetian	LingPy SCA	1.0000	1.0000	1.0000	1.0000	ok
BDPA Romance	capram	Occitan	Venetian	LingPy SCA	1.0000	1.0000	1.0000	1.0000	ok
BDPA Romance	cornu	French	Italian	LingPy SCA	1.0000	1.0000	1.0000	1.0000	ok
BDPA Romance	cornu	French	Ladino	LingPy SCA	1.0000	1.0000	1.0000	1.0000	ok
BDPA Romance	cornu	French	Ligurian	LingPy SCA	1.0000	1.0000	1.0000	1.0000	ok
BDPA Romance	cornu	French	Lombard(East)	LingPy SCA	1.0000	1.0000	1.0000	1.0000	ok
BDPA Romance	cornu	French	Lombard(West)	LingPy SCA	1.0000	1.0000	1.0000	1.0000	ok
BDPA Romance	cornu	French	Occitan	LingPy SCA	1.0000	1.0000	1.0000	1.0000	ok
BDPA Romance	cornu	French	Venetian	LingPy SCA	1.0000	1.0000	1.0000	1.0000	ok
BDPA Romance	cornu	Italian	Ladino	LingPy SCA	1.0000	1.0000	1.0000	1.0000	ok
BDPA Romance	cornu	Italian	Ligurian	LingPy SCA	1.0000	1.0000	1.0000	1.0000	ok
BDPA Romance	cornu	Italian	Lombard(East)	LingPy SCA	1.0000	1.0000	1.0000	1.0000	ok
BDPA Romance	cornu	Italian	Lombard(West)	LingPy SCA	1.0000	1.0000	1.0000	1.0000	ok
BDPA Romance	cornu	Italian	Occitan	LingPy SCA	1.0000	1.0000	1.0000	1.0000	ok
BDPA Romance	cornu	Italian	Venetian	LingPy SCA	1.0000	1.0000	1.0000	1.0000	ok
BDPA Romance	cornu	Ladino	Ligurian	LingPy SCA	1.0000	1.0000	1.0000	1.0000	ok
BDPA Romance	cornu	Ladino	Lombard(East)	LingPy SCA	1.0000	1.0000	1.0000	1.0000	ok
BDPA Romance	cornu	Ladino	Lombard(West)	LingPy SCA	1.0000	1.0000	1.0000	1.0000	ok
BDPA Romance	cornu	Ladino	Occitan	LingPy SCA	1.0000	1.0000	1.0000	1.0000	ok
BDPA Romance	cornu	Ladino	Venetian	LingPy SCA	1.0000	1.0000	1.0000	1.0000	ok
BDPA Romance	cornu	Ligurian	Lombard(East)	LingPy SCA	1.0000	1.0000	1.0000	1.0000	ok
BDPA Romance	cornu	Ligurian	Lombard(West)	LingPy SCA	1.0000	1.0000	1.0000	1.0000	ok
BDPA Romance	cornu	Ligurian	Occitan	LingPy SCA	1.0000	1.0000	1.0000	1.0000	ok
BDPA Romance	cornu	Ligurian	Venetian	LingPy SCA	1.0000	1.0000	1.0000	1.0000	ok
BDPA Romance	cornu	Lombard(East)	Lombard(West)	LingPy SCA	1.0000	1.0000	1.0000	1.0000	ok
BDPA Romance	cornu	Lombard(East)	Occitan	LingPy SCA	1.0000	1.0000	1.0000	1.0000	ok
BDPA Romance	cornu	Lombard(East)	Venetian	LingPy SCA	1.0000	1.0000	1.0000	1.0000	ok
BDPA Romance	cornu	Lombard(West)	Occitan	LingPy SCA	1.0000	1.0000	1.0000	1.0000	ok
BDPA Romance	cornu	Lombard(West)	Venetian	LingPy SCA	1.0000	1.0000	1.0000	1.0000	ok
BDPA Romance	cornu	Occitan	Venetian	LingPy SCA	1.0000	1.0000	1.0000	1.0000	ok
BDPA Romance	decem	French	Italian	LingPy SCA	1.0000	1.0000	1.0000	1.0000	ok
BDPA Romance	decem	French	Ladino	LingPy SCA	1.0000	1.0000	1.0000	1.0000	ok
BDPA Romance	decem	French	Ligurian	LingPy SCA	1.0000	1.0000	1.0000	1.0000	ok
BDPA Romance	decem	French	Lombard(East)	LingPy SCA	1.0000	1.0000	1.0000	1.0000	ok
BDPA Romance	decem	French	Lombard(West)	LingPy SCA	1.0000	1.0000	1.0000	1.0000	ok
BDPA Romance	decem	French	Occitan	LingPy SCA	1.0000	1.0000	1.0000	1.0000	ok
BDPA Romance	decem	French	Venetian	LingPy SCA	1.0000	1.0000	1.0000	1.0000	ok
BDPA Romance	decem	Italian	Ladino	LingPy SCA	1.0000	1.0000	1.0000	1.0000	ok
BDPA Romance	decem	Italian	Ligurian	LingPy SCA	1.0000	1.0000	1.0000	1.0000	ok
BDPA Romance	decem	Italian	Lombard(East)	LingPy SCA	1.0000	1.0000	1.0000	1.0000	ok
BDPA Romance	decem	Italian	Lombard(West)	LingPy SCA	1.0000	1.0000	1.0000	1.0000	ok
BDPA Romance	decem	Italian	Occitan	LingPy SCA	1.0000	1.0000	1.0000	1.0000	ok
BDPA Romance	decem	Italian	Venetian	LingPy SCA	1.0000	1.0000	1.0000	1.0000	ok
BDPA Romance	decem	Ladino	Ligurian	LingPy SCA	1.0000	1.0000	1.0000	1.0000	ok
BDPA Romance	decem	Ladino	Lombard(East)	LingPy SCA	1.0000	1.0000	1.0000	1.0000	ok
BDPA Romance	decem	Ladino	Lombard(West)	LingPy SCA	1.0000	1.0000	1.0000	1.0000	ok
BDPA Romance	decem	Ladino	Occitan	LingPy SCA	1.0000	1.0000	1.0000	1.0000	ok
BDPA Romance	decem	Ladino	Venetian	LingPy SCA	1.0000	1.0000	1.0000	1.0000	ok
BDPA Romance	decem	Ligurian	Lombard(East)	LingPy SCA	1.0000	1.0000	1.0000	1.0000	ok
BDPA Romance	decem	Ligurian	Lombard(West)	LingPy SCA	1.0000	1.0000	1.0000	1.0000	ok
BDPA Romance	decem	Ligurian	Occitan	LingPy SCA	1.0000	1.0000	1.0000	1.0000	ok
BDPA Romance	decem	Ligurian	Venetian	LingPy SCA	1.0000	1.0000	1.0000	1.0000	ok
BDPA Romance	decem	Lombard(East)	Lombard(West)	LingPy SCA	1.0000	1.0000	1.0000	1.0000	ok
BDPA Romance	decem	Lombard(East)	Occitan	LingPy SCA	1.0000	1.0000	1.0000	1.0000	ok
BDPA Romance	decem	Lombard(East)	Venetian	LingPy SCA	1.0000	1.0000	1.0000	1.0000	ok
BDPA Romance	decem	Lombard(West)	Occitan	LingPy SCA	1.0000	1.0000	1.0000	1.0000	ok
BDPA Romance	decem	Lombard(West)	Venetian	LingPy SCA	1.0000	1.0000	1.0000	1.0000	ok
BDPA Romance	decem	Occitan	Venetian	LingPy SCA	1.0000	1.0000	1.0000	1.0000	ok
BDPA Romance	dentem	French	Italian	LingPy SCA	1.0000	1.0000	1.0000	1.0000	ok
BDPA Romance	dentem	French	Ladino	LingPy SCA	1.0000	1.0000	1.0000	1.0000	ok
BDPA Romance	dentem	French	Ligurian	LingPy SCA	1.0000	1.0000	1.0000	1.0000	ok
BDPA Romance	dentem	French	Lombard(East)	LingPy SCA	1.0000	1.0000	1.0000	1.0000	ok
BDPA Romance	dentem	French	Lombard(West)	LingPy SCA	1.0000	1.0000	1.0000	1.0000	ok
BDPA Romance	dentem	French	Occitan	LingPy SCA	1.0000	1.0000	1.0000	1.0000	ok
BDPA Romance	dentem	French	Venetian	LingPy SCA	1.0000	1.0000	1.0000	1.0000	ok
BDPA Romance	dentem	Italian	Ladino	LingPy SCA	1.0000	1.0000	1.0000	1.0000	ok
BDPA Romance	dentem	Italian	Ligurian	LingPy SCA	1.0000	1.0000	1.0000	1.0000	ok
BDPA Romance	dentem	Italian	Lombard(East)	LingPy SCA	1.0000	1.0000	1.0000	1.0000	ok
BDPA Romance	dentem	Italian	Lombard(West)	LingPy SCA	1.0000	1.0000	1.0000	1.0000	ok
BDPA Romance	dentem	Italian	Occitan	LingPy SCA	1.0000	1.0000	1.0000	1.0000	ok
BDPA Romance	dentem	Italian	Venetian	LingPy SCA	1.0000	1.0000	1.0000	1.0000	ok
BDPA Romance	dentem	Ladino	Ligurian	LingPy SCA	1.0000	1.0000	1.0000	1.0000	ok
BDPA Romance	dentem	Ladino	Lombard(East)	LingPy SCA	1.0000	1.0000	1.0000	1.0000	ok
BDPA Romance	dentem	Ladino	Lombard(West)	LingPy SCA	1.0000	1.0000	1.0000	1.0000	ok
BDPA Romance	dentem	Ladino	Occitan	LingPy SCA	1.0000	1.0000	1.0000	1.0000	ok
BDPA Romance	dentem	Ladino	Venetian	LingPy SCA	1.0000	1.0000	1.0000	1.0000	ok
BDPA Romance	dentem	Ligurian	Lombard(East)	LingPy SCA	1.0000	1.0000	1.0000	1.0000	ok
BDPA Romance	dentem	Ligurian	Lombard(West)	LingPy SCA	1.0000	1.0000	1.0000	1.0000	ok
BDPA Romance	dentem	Ligurian	Occitan	LingPy SCA	1.0000	1.0000	1.0000	1.0000	ok
BDPA Romance	dentem	Ligurian	Venetian	LingPy SCA	1.0000	1.0000	1.0000	1.0000	ok
BDPA Romance	dentem	Lombard(East)	Lombard(West)	LingPy SCA	1.0000	1.0000	1.0000	1.0000	ok
BDPA Romance	dentem	Lombard(East)	Occitan	LingPy SCA	1.0000	1.0000	1.0000	1.0000	ok
BDPA Romance	dentem	Lombard(East)	Venetian	LingPy SCA	1.0000	1.0000	1.0000	1.0000	ok
BDPA Romance	dentem	Lombard(West)	Occitan	LingPy SCA	1.0000	1.0000	1.0000	1.0000	ok
BDPA Romance	dentem	Lombard(West)	Venetian	LingPy SCA	1.0000	1.0000	1.0000	1.0000	ok
BDPA Romance	dentem	Occitan	Venetian	LingPy SCA	1.0000	1.0000	1.0000	1.0000	ok
BDPA Romance	digitum	French	Italian	LingPy SCA	1.0000	1.0000	1.0000	1.0000	ok
BDPA Romance	digitum	French	Ladino	LingPy SCA	1.0000	1.0000	1.0000	1.0000	ok
BDPA Romance	digitum	French	Ligurian	LingPy SCA	1.0000	1.0000	1.0000	1.0000	ok
BDPA Romance	digitum	French	Lombard(East)	LingPy SCA	1.0000	1.0000	1.0000	1.0000	ok
BDPA Romance	digitum	French	Lombard(West)	LingPy SCA	1.0000	1.0000	1.0000	1.0000	ok
BDPA Romance	digitum	French	Occitan	LingPy SCA	1.0000	1.0000	1.0000	1.0000	ok
BDPA Romance	digitum	French	Venetian	LingPy SCA	1.0000	1.0000	1.0000	1.0000	ok
BDPA Romance	digitum	Italian	Ladino	LingPy SCA	1.0000	1.0000	1.0000	1.0000	ok
BDPA Romance	digitum	Italian	Ligurian	LingPy SCA	1.0000	1.0000	1.0000	1.0000	ok
BDPA Romance	digitum	Italian	Lombard(East)	LingPy SCA	1.0000	1.0000	1.0000	1.0000	ok
BDPA Romance	digitum	Italian	Lombard(West)	LingPy SCA	1.0000	1.0000	1.0000	1.0000	ok
BDPA Romance	digitum	Italian	Occitan	LingPy SCA	1.0000	1.0000	1.0000	1.0000	ok
BDPA Romance	digitum	Italian	Venetian	LingPy SCA	1.0000	1.0000	1.0000	1.0000	ok
BDPA Romance	digitum	Ladino	Ligurian	LingPy SCA	1.0000	1.0000	1.0000	1.0000	ok
BDPA Romance	digitum	Ladino	Lombard(East)	LingPy SCA	1.0000	1.0000	1.0000	1.0000	ok
BDPA Romance	digitum	Ladino	Lombard(West)	LingPy SCA	1.0000	1.0000	1.0000	1.0000	ok
BDPA Romance	digitum	Ladino	Occitan	LingPy SCA	1.0000	1.0000	1.0000	1.0000	ok
BDPA Romance	digitum	Ladino	Venetian	LingPy SCA	1.0000	1.0000	1.0000	1.0000	ok
BDPA Romance	digitum	Ligurian	Lombard(East)	LingPy SCA	0.5000	0.5000	0.5000	0.5000	ok
BDPA Romance	digitum	Ligurian	Lombard(West)	LingPy SCA	0.5000	0.5000	0.5000	0.5000	ok
BDPA Romance	digitum	Ligurian	Occitan	LingPy SCA	1.0000	1.0000	1.0000	1.0000	ok
BDPA Romance	digitum	Ligurian	Venetian	LingPy SCA	1.0000	1.0000	1.0000	1.0000	ok
BDPA Romance	digitum	Lombard(East)	Lombard(West)	LingPy SCA	1.0000	1.0000	1.0000	1.0000	ok
BDPA Romance	digitum	Lombard(East)	Occitan	LingPy SCA	1.0000	1.0000	1.0000	1.0000	ok
BDPA Romance	digitum	Lombard(East)	Venetian	LingPy SCA	1.0000	1.0000	1.0000	1.0000	ok
BDPA Romance	digitum	Lombard(West)	Occitan	LingPy SCA	1.0000	1.0000	1.0000	1.0000	ok
BDPA Romance	digitum	Lombard(West)	Venetian	LingPy SCA	1.0000	1.0000	1.0000	1.0000	ok
BDPA Romance	digitum	Occitan	Venetian	LingPy SCA	1.0000	1.0000	1.0000	1.0000	ok
BDPA Romance	duo	French	Italian	LingPy SCA	1.0000	1.0000	1.0000	1.0000	ok
BDPA Romance	duo	French	Ladino	LingPy SCA	1.0000	1.0000	1.0000	1.0000	ok
BDPA Romance	duo	French	Ligurian	LingPy SCA	1.0000	1.0000	1.0000	1.0000	ok
BDPA Romance	duo	French	Lombard(East)	LingPy SCA	1.0000	1.0000	1.0000	1.0000	ok
BDPA Romance	duo	French	Lombard(West)	LingPy SCA	1.0000	1.0000	1.0000	1.0000	ok
BDPA Romance	duo	French	Occitan	LingPy SCA	1.0000	1.0000	1.0000	1.0000	ok
BDPA Romance	duo	French	Venetian	LingPy SCA	1.0000	1.0000	1.0000	1.0000	ok
BDPA Romance	duo	Italian	Ladino	LingPy SCA	1.0000	1.0000	1.0000	1.0000	ok
BDPA Romance	duo	Italian	Ligurian	LingPy SCA	1.0000	1.0000	1.0000	1.0000	ok
BDPA Romance	duo	Italian	Lombard(East)	LingPy SCA	1.0000	1.0000	1.0000	1.0000	ok
BDPA Romance	duo	Italian	Lombard(West)	LingPy SCA	1.0000	1.0000	1.0000	1.0000	ok
BDPA Romance	duo	Italian	Occitan	LingPy SCA	1.0000	1.0000	1.0000	1.0000	ok
BDPA Romance	duo	Italian	Venetian	LingPy SCA	1.0000	1.0000	1.0000	1.0000	ok
BDPA Romance	duo	Ladino	Ligurian	LingPy SCA	1.0000	1.0000	1.0000	1.0000	ok
BDPA Romance	duo	Ladino	Lombard(East)	LingPy SCA	1.0000	1.0000	1.0000	1.0000	ok
BDPA Romance	duo	Ladino	Lombard(West)	LingPy SCA	1.0000	1.0000	1.0000	1.0000	ok
BDPA Romance	duo	Ladino	Occitan	LingPy SCA	1.0000	1.0000	1.0000	1.0000	ok
BDPA Romance	duo	Ladino	Venetian	LingPy SCA	1.0000	1.0000	1.0000	1.0000	ok
BDPA Romance	duo	Ligurian	Lombard(East)	LingPy SCA	1.0000	1.0000	1.0000	1.0000	ok
BDPA Romance	duo	Ligurian	Lombard(West)	LingPy SCA	1.0000	1.0000	1.0000	1.0000	ok
BDPA Romance	duo	Ligurian	Occitan	LingPy SCA	1.0000	1.0000	1.0000	1.0000	ok
BDPA Romance	duo	Ligurian	Venetian	LingPy SCA	1.0000	1.0000	1.0000	1.0000	ok
BDPA Romance	duo	Lombard(East)	Lombard(West)	LingPy SCA	1.0000	1.0000	1.0000	1.0000	ok
BDPA Romance	duo	Lombard(East)	Occitan	LingPy SCA	1.0000	1.0000	1.0000	1.0000	ok
BDPA Romance	duo	Lombard(East)	Venetian	LingPy SCA	1.0000	1.0000	1.0000	1.0000	ok
BDPA Romance	duo	Lombard(West)	Occitan	LingPy SCA	1.0000	1.0000	1.0000	1.0000	ok
BDPA Romance	duo	Lombard(West)	Venetian	LingPy SCA	1.0000	1.0000	1.0000	1.0000	ok
BDPA Romance	duo	Occitan	Venetian	LingPy SCA	1.0000	1.0000	1.0000	1.0000	ok
BDPA Romance	lacrimam	French	Italian	LingPy SCA	1.0000	1.0000	1.0000	1.0000	ok
BDPA Romance	lacrimam	French	Ladino	LingPy SCA	1.0000	1.0000	1.0000	1.0000	ok
BDPA Romance	lacrimam	French	Ligurian	LingPy SCA	1.0000	1.0000	1.0000	1.0000	ok
BDPA Romance	lacrimam	French	Lombard(East)	LingPy SCA	0.7500	0.7500	0.7500	0.7500	ok
BDPA Romance	lacrimam	French	Lombard(West)	LingPy SCA	1.0000	1.0000	1.0000	1.0000	ok
BDPA Romance	lacrimam	French	Occitan	LingPy SCA					skipped
BDPA Romance	lacrimam	French	Venetian	LingPy SCA	1.0000	1.0000	1.0000	1.0000	ok
BDPA Romance	lacrimam	Italian	Ladino	LingPy SCA	1.0000	1.0000	1.0000	1.0000	ok
BDPA Romance	lacrimam	Italian	Ligurian	LingPy SCA	1.0000	1.0000	1.0000	1.0000	ok
BDPA Romance	lacrimam	Italian	Lombard(East)	LingPy SCA	1.0000	1.0000	1.0000	1.0000	ok
BDPA Romance	lacrimam	Italian	Lombard(West)	LingPy SCA	1.0000	1.0000	1.0000	1.0000	ok
BDPA Romance	lacrimam	Italian	Occitan	LingPy SCA	1.0000	1.0000	1.0000	1.0000	ok
BDPA Romance	lacrimam	Italian	Venetian	LingPy SCA	1.0000	1.0000	1.0000	1.0000	ok
BDPA Romance	lacrimam	Ladino	Ligurian	LingPy SCA	1.0000	1.0000	1.0000	1.0000	ok
BDPA Romance	lacrimam	Ladino	Lombard(East)	LingPy SCA	1.0000	1.0000	1.0000	1.0000	ok
BDPA Romance	lacrimam	Ladino	Lombard(West)	LingPy SCA	1.0000	1.0000	1.0000	1.0000	ok
BDPA Romance	lacrimam	Ladino	Occitan	LingPy SCA	1.0000	1.0000	1.0000	1.0000	ok
BDPA Romance	lacrimam	Ladino	Venetian	LingPy SCA	1.0000	1.0000	1.0000	1.0000	ok
BDPA Romance	lacrimam	Ligurian	Lombard(East)	LingPy SCA	1.0000	1.0000	1.0000	1.0000	ok
BDPA Romance	lacrimam	Ligurian	Lombard(West)	LingPy SCA	1.0000	1.0000	1.0000	1.0000	ok
BDPA Romance	lacrimam	Ligurian	Occitan	LingPy SCA	1.0000	1.0000	1.0000	1.0000	ok
BDPA Romance	lacrimam	Ligurian	Venetian	LingPy SCA	1.0000	1.0000	1.0000	1.0000	ok
BDPA Romance	lacrimam	Lombard(East)	Lombard(West)	LingPy SCA	1.0000	1.0000	1.0000	1.0000	ok
BDPA Romance	lacrimam	Lombard(East)	Occitan	LingPy SCA	1.0000	1.0000	1.0000	1.0000	ok
BDPA Romance	lacrimam	Lombard(East)	Venetian	LingPy SCA	1.0000	1.0000	1.0000	1.0000	ok
BDPA Romance	lacrimam	Lombard(West)	Occitan	LingPy SCA	1.0000	1.0000	1.0000	1.0000	ok
BDPA Romance	lacrimam	Lombard(West)	Venetian	LingPy SCA	1.0000	1.0000	1.0000	1.0000	ok
BDPA Romance	lacrimam	Occitan	Venetian	LingPy SCA	1.0000	1.0000	1.0000	1.0000	ok
BDPA Romance	lanam	French	Italian	LingPy SCA	1.0000	1.0000	1.0000	1.0000	ok
BDPA Romance	lanam	French	Ladino	LingPy SCA	1.0000	1.0000	1.0000	1.0000	ok
BDPA Romance	lanam	French	Ligurian	LingPy SCA	1.0000	1.0000	1.0000	1.0000	ok
BDPA Romance	lanam	French	Lombard(East)	LingPy SCA	1.0000	1.0000	1.0000	1.0000	ok
BDPA Romance	lanam	French	Lombard(West)	LingPy SCA	1.0000	1.0000	1.0000	1.0000	ok
BDPA Romance	lanam	French	Occitan	LingPy SCA	1.0000	1.0000	1.0000	1.0000	ok
BDPA Romance	lanam	French	Venetian	LingPy SCA	1.0000	1.0000	1.0000	1.0000	ok
BDPA Romance	lanam	Italian	Ladino	LingPy SCA	1.0000	1.0000	1.0000	1.0000	ok
BDPA Romance	lanam	Italian	Ligurian	LingPy SCA	1.0000	1.0000	1.0000	1.0000	ok
BDPA Romance	lanam	Italian	Lombard(East)	LingPy SCA	1.0000	1.0000	1.0000	1.0000	ok
BDPA Romance	lanam	Italian	Lombard(West)	LingPy SCA	1.0000	1.0000	1.0000	1.0000	ok
BDPA Romance	lanam	Italian	Occitan	LingPy SCA	1.0000	1.0000	1.0000	1.0000	ok
BDPA Romance	lanam	Italian	Venetian	LingPy SCA	1.0000	1.0000	1.0000	1.0000	ok
BDPA Romance	lanam	Ladino	Ligurian	LingPy SCA	1.0000	1.0000	1.0000	1.0000	ok
BDPA Romance	lanam	Ladino	Lombard(East)	LingPy SCA	1.0000	1.0000	1.0000	1.0000	ok
BDPA Romance	lanam	Ladino	Lombard(West)	LingPy SCA	1.0000	1.0000	1.0000	1.0000	ok
BDPA Romance	lanam	Ladino	Occitan	LingPy SCA	1.0000	1.0000	1.0000	1.0000	ok
BDPA Romance	lanam	Ladino	Venetian	LingPy SCA	1.0000	1.0000	1.0000	1.0000	ok
BDPA Romance	lanam	Ligurian	Lombard(East)	LingPy SCA	1.0000	1.0000	1.0000	1.0000	ok
BDPA Romance	lanam	Ligurian	Lombard(West)	LingPy SCA	1.0000	1.0000	1.0000	1.0000	ok
BDPA Romance	lanam	Ligurian	Occitan	LingPy SCA	1.0000	1.0000	1.0000	1.0000	ok
BDPA Romance	lanam	Ligurian	Venetian	LingPy SCA	1.0000	1.0000	1.0000	1.0000	ok
BDPA Romance	lanam	Lombard(East)	Lombard(West)	LingPy SCA	1.0000	1.0000	1.0000	1.0000	ok
BDPA Romance	lanam	Lombard(East)	Occitan	LingPy SCA	1.0000	1.0000	1.0000	1.0000	ok
BDPA Romance	lanam	Lombard(East)	Venetian	LingPy SCA	1.0000	1.0000	1.0000	1.0000	ok
BDPA Romance	lanam	Lombard(West)	Occitan	LingPy SCA	1.0000	1.0000	1.0000	1.0000	ok
BDPA Romance	lanam	Lombard(West)	Venetian	LingPy SCA	1.0000	1.0000	1.0000	1.0000	ok
BDPA Romance	lanam	Occitan	Venetian	LingPy SCA	1.0000	1.0000	1.0000	1.0000	ok
BDPA Romance	linguam	French	Italian	LingPy SCA	1.0000	1.0000	1.0000	1.0000	ok
BDPA Romance	linguam	French	Ladino	LingPy SCA	1.0000	1.0000	1.0000	1.0000	ok
BDPA Romance	linguam	French	Ligurian	LingPy SCA	1.0000	1.0000	1.0000	1.0000	ok
BDPA Romance	linguam	French	Lombard(East)	LingPy SCA	1.0000	1.0000	1.0000	1.0000	ok
BDPA Romance	linguam	French	Lombard(West)	LingPy SCA	1.0000	1.0000	1.0000	1.0000	ok
BDPA Romance	linguam	French	Occitan	LingPy SCA	1.0000	1.0000	1.0000	1.0000	ok
BDPA Romance	linguam	French	Venetian	LingPy SCA	1.0000	1.0000	1.0000	1.0000	ok
BDPA Romance	linguam	Italian	Ladino	LingPy SCA	1.0000	1.0000	1.0000	1.0000	ok
BDPA Romance	linguam	Italian	Ligurian	LingPy SCA	1.0000	1.0000	1.0000	1.0000	ok
BDPA Romance	linguam	Italian	Lombard(East)	LingPy SCA	1.0000	1.0000	1.0000	1.0000	ok
BDPA Romance	linguam	Italian	Lombard(West)	LingPy SCA	1.0000	1.0000	1.0000	1.0000	ok
BDPA Romance	linguam	Italian	Occitan	LingPy SCA	1.0000	1.0000	1.0000	1.0000	ok
BDPA Romance	linguam	Italian	Venetian	LingPy SCA	1.0000	1.0000	1.0000	1.0000	ok
BDPA Romance	linguam	Ladino	Ligurian	LingPy SCA	1.0000	1.0000	1.0000	1.0000	ok
BDPA Romance	linguam	Ladino	Lombard(East)	LingPy SCA	1.0000	1.0000	1.0000	1.0000	ok
BDPA Romance	linguam	Ladino	Lombard(West)	LingPy SCA	1.0000	1.0000	1.0000	1.0000	ok
BDPA Romance	linguam	Ladino	Occitan	LingPy SCA	1.0000	1.0000	1.0000	1.0000	ok
BDPA Romance	linguam	Ladino	Venetian	LingPy SCA	1.0000	1.0000	1.0000	1.0000	ok
BDPA Romance	linguam	Ligurian	Lombard(East)	LingPy SCA	1.0000	1.0000	1.0000	1.0000	ok
BDPA Romance	linguam	Ligurian	Lombard(West)	LingPy SCA	1.0000	1.0000	1.0000	1.0000	ok
BDPA Romance	linguam	Ligurian	Occitan	LingPy SCA	1.0000	1.0000	1.0000	1.0000	ok
BDPA Romance	linguam	Ligurian	Venetian	LingPy SCA	1.0000	1.0000	1.0000	1.0000	ok
BDPA Romance	linguam	Lombard(East)	Lombard(West)	LingPy SCA	1.0000	1.0000	1.0000	1.0000	ok
BDPA Romance	linguam	Lombard(East)	Occitan	LingPy SCA	1.0000	1.0000	1.0000	1.0000	ok
BDPA Romance	linguam	Lombard(East)	Venetian	LingPy SCA	1.0000	1.0000	1.0000	1.0000	ok
BDPA Romance	linguam	Lombard(West)	Occitan	LingPy SCA	1.0000	1.0000	1.0000	1.0000	ok
BDPA Romance	linguam	Lombard(West)	Venetian	LingPy SCA	1.0000	1.0000	1.0000	1.0000	ok
BDPA Romance	linguam	Occitan	Venetian	LingPy SCA	1.0000	1.0000	1.0000	1.0000	ok
BDPA Romance	lunam	French	Italian	LingPy SCA	1.0000	1.0000	1.0000	1.0000	ok
BDPA Romance	lunam	French	Ladino	LingPy SCA	1.0000	1.0000	1.0000	1.0000	ok
BDPA Romance	lunam	French	Ligurian	LingPy SCA	1.0000	1.0000	1.0000	1.0000	ok
BDPA Romance	lunam	French	Lombard(East)	LingPy SCA	1.0000	1.0000	1.0000	1.0000	ok
BDPA Romance	lunam	French	Lombard(West)	LingPy SCA	1.0000	1.0000	1.0000	1.0000	ok
BDPA Romance	lunam	French	Occitan	LingPy SCA	1.0000	1.0000	1.0000	1.0000	ok
BDPA Romance	lunam	French	Venetian	LingPy SCA	1.0000	1.0000	1.0000	1.0000	ok
BDPA Romance	lunam	Italian	Ladino	LingPy SCA	1.0000	1.0000	1.0000	1.0000	ok
BDPA Romance	lunam	Italian	Ligurian	LingPy SCA	1.0000	1.0000	1.0000	1.0000	ok
BDPA Romance	lunam	Italian	Lombard(East)	LingPy SCA	1.0000	1.0000	1.0000	1.0000	ok
BDPA Romance	lunam	Italian	Lombard(West)	LingPy SCA	1.0000	1.0000	1.0000	1.0000	ok
BDPA Romance	lunam	Italian	Occitan	LingPy SCA	1.0000	1.0000	1.0000	1.0000	ok
BDPA Romance	lunam	Italian	Venetian	LingPy SCA	1.0000	1.0000	1.0000	1.0000	ok
BDPA Romance	lunam	Ladino	Ligurian	LingPy SCA	1.0000	1.0000	1.0000	1.0000	ok
BDPA Romance	lunam	Ladino	Lombard(East)	LingPy SCA	1.0000	1.0000	1.0000	1.0000	ok
BDPA Romance	lunam	Ladino	Lombard(West)	LingPy SCA	1.0000	1.0000	1.0000	1.0000	ok
BDPA Romance	lunam	Ladino	Occitan	LingPy SCA	1.0000	1.0000	1.0000	1.0000	ok
BDPA Romance	lunam	Ladino	Venetian	LingPy SCA	1.0000	1.0000	1.0000	1.0000	ok
BDPA Romance	lunam	Ligurian	Lombard(East)	LingPy SCA	1.0000	1.0000	1.0000	1.0000	ok
BDPA Romance	lunam	Ligurian	Lombard(West)	LingPy SCA	1.0000	1.0000	1.0000	1.0000	ok
BDPA Romance	lunam	Ligurian	Occitan	LingPy SCA	1.0000	1.0000	1.0000	1.0000	ok
BDPA Romance	lunam	Ligurian	Venetian	LingPy SCA	1.0000	1.0000	1.0000	1.0000	ok
BDPA Romance	lunam	Lombard(East)	Lombard(West)	LingPy SCA	1.0000	1.0000	1.0000	1.0000	ok
BDPA Romance	lunam	Lombard(East)	Occitan	LingPy SCA	1.0000	1.0000	1.0000	1.0000	ok
BDPA Romance	lunam	Lombard(East)	Venetian	LingPy SCA	1.0000	1.0000	1.0000	1.0000	ok
BDPA Romance	lunam	Lombard(West)	Occitan	LingPy SCA	1.0000	1.0000	1.0000	1.0000	ok
BDPA Romance	lunam	Lombard(West)	Venetian	LingPy SCA	1.0000	1.0000	1.0000	1.0000	ok
BDPA Romance	lunam	Occitan	Venetian	LingPy SCA	1.0000	1.0000	1.0000	1.0000	ok
BDPA Romance	manum	French	Italian	LingPy SCA	1.0000	1.0000	1.0000	1.0000	ok
BDPA Romance	manum	French	Ladino	LingPy SCA	1.0000	1.0000	1.0000	1.0000	ok
BDPA Romance	manum	French	Ligurian	LingPy SCA	1.0000	1.0000	1.0000	1.0000	ok
BDPA Romance	manum	French	Lombard(East)	LingPy SCA	1.0000	1.0000	1.0000	1.0000	ok
BDPA Romance	manum	French	Lombard(West)	LingPy SCA	1.0000	1.0000	1.0000	1.0000	ok
BDPA Romance	manum	French	Occitan	LingPy SCA	1.0000	1.0000	1.0000	1.0000	ok
BDPA Romance	manum	French	Venetian	LingPy SCA	1.0000	1.0000	1.0000	1.0000	ok
BDPA Romance	manum	Italian	Ladino	LingPy SCA	1.0000	1.0000	1.0000	1.0000	ok
BDPA Romance	manum	Italian	Ligurian	LingPy SCA	1.0000	1.0000	1.0000	1.0000	ok
BDPA Romance	manum	Italian	Lombard(East)	LingPy SCA	1.0000	1.0000	1.0000	1.0000	ok
BDPA Romance	manum	Italian	Lombard(West)	LingPy SCA	1.0000	1.0000	1.0000	1.0000	ok
BDPA Romance	manum	Italian	Occitan	LingPy SCA	1.0000	1.0000	1.0000	1.0000	ok
BDPA Romance	manum	Italian	Venetian	LingPy SCA	1.0000	1.0000	1.0000	1.0000	ok
BDPA Romance	manum	Ladino	Ligurian	LingPy SCA	1.0000	1.0000	1.0000	1.0000	ok
BDPA Romance	manum	Ladino	Lombard(East)	LingPy SCA	1.0000	1.0000	1.0000	1.0000	ok
BDPA Romance	manum	Ladino	Lombard(West)	LingPy SCA	1.0000	1.0000	1.0000	1.0000	ok
BDPA Romance	manum	Ladino	Occitan	LingPy SCA	1.0000	1.0000	1.0000	1.0000	ok
BDPA Romance	manum	Ladino	Venetian	LingPy SCA	1.0000	1.0000	1.0000	1.0000	ok
BDPA Romance	manum	Ligurian	Lombard(East)	LingPy SCA	1.0000	1.0000	1.0000	1.0000	ok
BDPA Romance	manum	Ligurian	Lombard(West)	LingPy SCA	1.0000	1.0000	1.0000	1.0000	ok
BDPA Romance	manum	Ligurian	Occitan	LingPy SCA	1.0000	1.0000	1.0000	1.0000	ok
BDPA Romance	manum	Ligurian	Venetian	LingPy SCA	1.0000	1.0000	1.0000	1.0000	ok
BDPA Romance	manum	Lombard(East)	Lombard(West)	LingPy SCA	1.0000	1.0000	1.0000	1.0000	ok
BDPA Romance	manum	Lombard(East)	Occitan	LingPy SCA	1.0000	1.0000	1.0000	1.0000	ok
BDPA Romance	manum	Lombard(East)	Venetian	LingPy SCA	1.0000	1.0000	1.0000	1.0000	ok
BDPA Romance	manum	Lombard(West)	Occitan	LingPy SCA	1.0000	1.0000	1.0000	1.0000	ok
BDPA Romance	manum	Lombard(West)	Venetian	LingPy SCA	1.0000	1.0000	1.0000	1.0000	ok
BDPA Romance	manum	Occitan	Venetian	LingPy SCA	1.0000	1.0000	1.0000	1.0000	ok
BDPA Romance	mare	French	Italian	LingPy SCA	1.0000	1.0000	1.0000	1.0000	ok
BDPA Romance	mare	French	Ladino	LingPy SCA	1.0000	1.0000	1.0000	1.0000	ok
BDPA Romance	mare	French	Ligurian	LingPy SCA	1.0000	1.0000	1.0000	1.0000	ok
BDPA Romance	mare	French	Lombard(East)	LingPy SCA	1.0000	1.0000	1.0000	1.0000	ok
BDPA Romance	mare	French	Lombard(West)	LingPy SCA	1.0000	1.0000	1.0000	1.0000	ok
BDPA Romance	mare	French	Occitan	LingPy SCA	1.0000	1.0000	1.0000	1.0000	ok
BDPA Romance	mare	French	Venetian	LingPy SCA	1.0000	1.0000	1.0000	1.0000	ok
BDPA Romance	mare	Italian	Ladino	LingPy SCA	1.0000	1.0000	1.0000	1.0000	ok
BDPA Romance	mare	Italian	Ligurian	LingPy SCA	1.0000	1.0000	1.0000	1.0000	ok
BDPA Romance	mare	Italian	Lombard(East)	LingPy SCA	1.0000	1.0000	1.0000	1.0000	ok
BDPA Romance	mare	Italian	Lombard(West)	LingPy SCA	1.0000	1.0000	1.0000	1.0000	ok
BDPA Romance	mare	Italian	Occitan	LingPy SCA	1.0000	1.0000	1.0000	1.0000	ok
BDPA Romance	mare	Italian	Venetian	LingPy SCA	1.0000	1.0000	1.0000	1.0000	ok
BDPA Romance	mare	Ladino	Ligurian	LingPy SCA	1.0000	1.0000	1.0000	1.0000	ok
BDPA Romance	mare	Ladino	Lombard(East)	LingPy SCA	1.0000	1.0000	1.0000	1.0000	ok
BDPA Romance	mare	Ladino	Lombard(West)	LingPy SCA	1.0000	1.0000	1.0000	1.0000	ok
BDPA Romance	mare	Ladino	Occitan	LingPy SCA	1.0000	1.0000	1.0000	1.0000	ok
BDPA Romance	mare	Ladino	Venetian	LingPy SCA	1.0000	1.0000	1.0000	1.0000	ok
BDPA Romance	mare	Ligurian	Lombard(East)	LingPy SCA	1.0000	1.0000	1.0000	1.0000	ok
BDPA Romance	mare	Ligurian	Lombard(West)	LingPy SCA	1.0000	1.0000	1.0000	1.0000	ok
BDPA Romance	mare	Ligurian	Occitan	LingPy SCA	1.0000	1.0000	1.0000	1.0000	ok
BDPA Romance	mare	Ligurian	Venetian	LingPy SCA	1.0000	1.0000	1.0000	1.0000	ok
BDPA Romance	mare	Lombard(East)	Lombard(West)	LingPy SCA	1.0000	1.0000	1.0000	1.0000	ok
BDPA Romance	mare	Lombard(East)	Occitan	LingPy SCA	1.0000	1.0000	1.0000	1.0000	ok
BDPA Romance	mare	Lombard(East)	Venetian	LingPy SCA	1.0000	1.0000	1.0000	1.0000	ok
BDPA Romance	mare	Lombard(West)	Occitan	LingPy SCA	1.0000	1.0000	1.0000	1.0000	ok
BDPA Romance	mare	Lombard(West)	Venetian	LingPy SCA	1.0000	1.0000	1.0000	1.0000	ok
BDPA Romance	mare	Occitan	Venetian	LingPy SCA	1.0000	1.0000	1.0000	1.0000	ok
BDPA Romance	novem	French	Italian	LingPy SCA	1.0000	1.0000	1.0000	1.0000	ok
BDPA Romance	novem	French	Ladino	LingPy SCA	1.0000	1.0000	1.0000	1.0000	ok
BDPA Romance	novem	French	Ligurian	LingPy SCA	1.0000	1.0000	1.0000	1.0000	ok
BDPA Romance	novem	French	Lombard(East)	LingPy SCA	1.0000	1.0000	1.0000	1.0000	ok
BDPA Romance	novem	French	Lombard(West)	LingPy SCA	1.0000	1.0000	1.0000	1.0000	ok
BDPA Romance	novem	French	Occitan	LingPy SCA	1.0000	1.0000	1.0000	1.0000	ok
BDPA Romance	novem	French	Venetian	LingPy SCA	1.0000	1.0000	1.0000	1.0000	ok
BDPA Romance	novem	Italian	Ladino	LingPy SCA	1.0000	1.0000	1.0000	1.0000	ok
BDPA Romance	novem	Italian	Ligurian	LingPy SCA	1.0000	1.0000	1.0000	1.0000	ok
BDPA Romance	novem	Italian	Lombard(East)	LingPy SCA	1.0000	1.0000	1.0000	1.0000	ok
BDPA Romance	novem	Italian	Lombard(West)	LingPy SCA	1.0000	1.0000	1.0000	1.0000	ok
BDPA Romance	novem	Italian	Occitan	LingPy SCA	1.0000	1.0000	1.0000	1.0000	ok
BDPA Romance	novem	Italian	Venetian	LingPy SCA	1.0000	1.0000	1.0000	1.0000	ok
BDPA Romance	novem	Ladino	Ligurian	LingPy SCA	1.0000	1.0000	1.0000	1.0000	ok
BDPA Romance	novem	Ladino	Lombard(East)	LingPy SCA	1.0000	1.0000	1.0000	1.0000	ok
BDPA Romance	novem	Ladino	Lombard(West)	LingPy SCA	1.0000	1.0000	1.0000	1.0000	ok
BDPA Romance	novem	Ladino	Occitan	LingPy SCA	1.0000	1.0000	1.0000	1.0000	ok
BDPA Romance	novem	Ladino	Venetian	LingPy SCA	1.0000	1.0000	1.0000	1.0000	ok
BDPA Romance	novem	Ligurian	Lombard(East)	LingPy SCA	1.0000	1.0000	1.0000	1.0000	ok
BDPA Romance	novem	Ligurian	Lombard(West)	LingPy SCA	1.0000	1.0000	1.0000	1.0000	ok
BDPA Romance	novem	Ligurian	Occitan	LingPy SCA	1.0000	1.0000	1.0000	1.0000	ok
BDPA Romance	novem	Ligurian	Venetian	LingPy SCA	1.0000	1.0000	1.0000	1.0000	ok
BDPA Romance	novem	Lombard(East)	Lombard(West)	LingPy SCA	1.0000	1.0000	1.0000	1.0000	ok
BDPA Romance	novem	Lombard(East)	Occitan	LingPy SCA	1.0000	1.0000	1.0000	1.0000	ok
BDPA Romance	novem	Lombard(East)	Venetian	LingPy SCA	1.0000	1.0000	1.0000	1.0000	ok
BDPA Romance	novem	Lombard(West)	Occitan	LingPy SCA	1.0000	1.0000	1.0000	1.0000	ok
BDPA Romance	novem	Lombard(West)	Venetian	LingPy SCA	1.0000	1.0000	1.0000	1.0000	ok
BDPA Romance	novem	Occitan	Venetian	LingPy SCA	1.0000	1.0000	1.0000	1.0000	ok
BDPA Romance	octo	French	Italian	LingPy SCA	1.0000	1.0000	1.0000	1.0000	ok
BDPA Romance	octo	French	Ladino	LingPy SCA	1.0000	1.0000	1.0000	1.0000	ok
BDPA Romance	octo	French	Ligurian	LingPy SCA	1.0000	1.0000	1.0000	1.0000	ok
BDPA Romance	octo	French	Lombard(East)	LingPy SCA	1.0000	1.0000	1.0000	1.0000	ok
BDPA Romance	octo	French	Lombard(West)	LingPy SCA	1.0000	1.0000	1.0000	1.0000	ok
BDPA Romance	octo	French	Occitan	LingPy SCA	1.0000	1.0000	1.0000	1.0000	ok
BDPA Romance	octo	French	Venetian	LingPy SCA	1.0000	1.0000	1.0000	1.0000	ok
BDPA Romance	octo	Italian	Ladino	LingPy SCA	1.0000	1.0000	1.0000	1.0000	ok
BDPA Romance	octo	Italian	Ligurian	LingPy SCA	1.0000	1.0000	1.0000	1.0000	ok
BDPA Romance	octo	Italian	Lombard(East)	LingPy SCA	1.0000	1.0000	1.0000	1.0000	ok
BDPA Romance	octo	Italian	Lombard(West)	LingPy SCA	1.0000	1.0000	1.0000	1.0000	ok
BDPA Romance	octo	Italian	Occitan	LingPy SCA	1.0000	1.0000	1.0000	1.0000	ok
BDPA Romance	octo	Italian	Venetian	LingPy SCA	1.0000	1.0000	1.0000	1.0000	ok
BDPA Romance	octo	Ladino	Ligurian	LingPy SCA	1.0000	1.0000	1.0000	1.0000	ok
BDPA Romance	octo	Ladino	Lombard(East)	LingPy SCA	1.0000	1.0000	1.0000	1.0000	ok
BDPA Romance	octo	Ladino	Lombard(West)	LingPy SCA	1.0000	1.0000	1.0000	1.0000	ok
BDPA Romance	octo	Ladino	Occitan	LingPy SCA	1.0000	1.0000	1.0000	1.0000	ok
BDPA Romance	octo	Ladino	Venetian	LingPy SCA	1.0000	1.0000	1.0000	1.0000	ok
BDPA Romance	octo	Ligurian	Lombard(East)	LingPy SCA	1.0000	1.0000	1.0000	1.0000	ok
BDPA Romance	octo	Ligurian	Lombard(West)	LingPy SCA	1.0000	1.0000	1.0000	1.0000	ok
BDPA Romance	octo	Ligurian	Occitan	LingPy SCA	1.0000	1.0000	1.0000	1.0000	ok
BDPA Romance	octo	Ligurian	Venetian	LingPy SCA	1.0000	1.0000	1.0000	1.0000	ok
BDPA Romance	octo	Lombard(East)	Lombard(West)	LingPy SCA	1.0000	1.0000	1.0000	1.0000	ok
BDPA Romance	octo	Lombard(East)	Occitan	LingPy SCA	1.0000	1.0000	1.0000	1.0000	ok
BDPA Romance	octo	Lombard(East)	Venetian	LingPy SCA	1.0000	1.0000	1.0000	1.0000	ok
BDPA Romance	octo	Lombard(West)	Occitan	LingPy SCA	1.0000	1.0000	1.0000	1.0000	ok
BDPA Romance	octo	Lombard(West)	Venetian	LingPy SCA	1.0000	1.0000	1.0000	1.0000	ok
BDPA Romance	octo	Occitan	Venetian	LingPy SCA	1.0000	1.0000	1.0000	1.0000	ok
BDPA Romance	oculum	French	Italian	LingPy SCA	1.0000	1.0000	1.0000	1.0000	ok
BDPA Romance	oculum	French	Ladino	LingPy SCA	0.5000	0.5000	0.5000	0.5000	ok
BDPA Romance	oculum	French	Ligurian	LingPy SCA					skipped
BDPA Romance	oculum	French	Lombard(East)	LingPy SCA					skipped
BDPA Romance	oculum	French	Lombard(West)	LingPy SCA					skipped
BDPA Romance	oculum	French	Occitan	LingPy SCA	1.0000	1.0000	1.0000	1.0000	ok
BDPA Romance	oculum	French	Venetian	LingPy SCA					skipped
BDPA Romance	oculum	Italian	Ladino	LingPy SCA	1.0000	1.0000	1.0000	1.0000	ok
BDPA Romance	oculum	Italian	Ligurian	LingPy SCA	1.0000	1.0000	1.0000	1.0000	ok
BDPA Romance	oculum	Italian	Lombard(East)	LingPy SCA	1.0000	1.0000	1.0000	1.0000	ok
BDPA Romance	oculum	Italian	Lombard(West)	LingPy SCA	1.0000	1.0000	1.0000	1.0000	ok
BDPA Romance	oculum	Italian	Occitan	LingPy SCA	1.0000	1.0000	1.0000	1.0000	ok
BDPA Romance	oculum	Italian	Venetian	LingPy SCA	1.0000	1.0000	1.0000	1.0000	ok
BDPA Romance	oculum	Ladino	Ligurian	LingPy SCA	1.0000	1.0000	1.0000	1.0000	ok
BDPA Romance	oculum	Ladino	Lombard(East)	LingPy SCA	1.0000	1.0000	1.0000	1.0000	ok
BDPA Romance	oculum	Ladino	Lombard(West)	LingPy SCA	1.0000	1.0000	1.0000	1.0000	ok
BDPA Romance	oculum	Ladino	Occitan	LingPy SCA	0.5000	0.5000	0.5000	0.5000	ok
BDPA Romance	oculum	Ladino	Venetian	LingPy SCA	1.0000	1.0000	1.0000	1.0000	ok
BDPA Romance	oculum	Ligurian	Lombard(East)	LingPy SCA	1.0000	1.0000	1.0000	1.0000	ok
BDPA Romance	oculum	Ligurian	Lombard(West)	LingPy SCA	1.0000	1.0000	1.0000	1.0000	ok
BDPA Romance	oculum	Ligurian	Occitan	LingPy SCA					skipped
BDPA Romance	oculum	Ligurian	Venetian	LingPy SCA	1.0000	1.0000	1.0000	1.0000	ok
BDPA Romance	oculum	Lombard(East)	Lombard(West)	LingPy SCA	1.0000	1.0000	1.0000	1.0000	ok
BDPA Romance	oculum	Lombard(East)	Occitan	LingPy SCA					skipped
BDPA Romance	oculum	Lombard(East)	Venetian	LingPy SCA	1.0000	1.0000	1.0000	1.0000	ok
BDPA Romance	oculum	Lombard(West)	Occitan	LingPy SCA					skipped
BDPA Romance	oculum	Lombard(West)	Venetian	LingPy SCA	1.0000	1.0000	1.0000	1.0000	ok
BDPA Romance	oculum	Occitan	Venetian	LingPy SCA					skipped
BDPA Romance	ovum	French	Italian	LingPy SCA	1.0000	1.0000	1.0000	1.0000	ok
BDPA Romance	ovum	French	Ladino	LingPy SCA	1.0000	1.0000	1.0000	1.0000	ok
BDPA Romance	ovum	French	Ligurian	LingPy SCA	1.0000	1.0000	1.0000	1.0000	ok
BDPA Romance	ovum	French	Lombard(East)	LingPy SCA	1.0000	1.0000	1.0000	1.0000	ok
BDPA Romance	ovum	French	Lombard(West)	LingPy SCA	1.0000	1.0000	1.0000	1.0000	ok
BDPA Romance	ovum	French	Occitan	LingPy SCA	1.0000	1.0000	1.0000	1.0000	ok
BDPA Romance	ovum	French	Venetian	LingPy SCA	1.0000	1.0000	1.0000	1.0000	ok
BDPA Romance	ovum	Italian	Ladino	LingPy SCA	1.0000	1.0000	1.0000	1.0000	ok
BDPA Romance	ovum	Italian	Ligurian	LingPy SCA	1.0000	1.0000	1.0000	1.0000	ok
BDPA Romance	ovum	Italian	Lombard(East)	LingPy SCA	1.0000	1.0000	1.0000	1.0000	ok
BDPA Romance	ovum	Italian	Lombard(West)	LingPy SCA	1.0000	1.0000	1.0000	1.0000	ok
BDPA Romance	ovum	Italian	Occitan	LingPy SCA	1.0000	1.0000	1.0000	1.0000	ok
BDPA Romance	ovum	Italian	Venetian	LingPy SCA	1.0000	1.0000	1.0000	1.0000	ok
BDPA Romance	ovum	Ladino	Ligurian	LingPy SCA	1.0000	1.0000	1.0000	1.0000	ok
BDPA Romance	ovum	Ladino	Lombard(East)	LingPy SCA	1.0000	1.0000	1.0000	1.0000	ok
BDPA Romance	ovum	Ladino	Lombard(West)	LingPy SCA	1.0000	1.0000	1.0000	1.0000	ok
BDPA Romance	ovum	Ladino	Occitan	LingPy SCA	1.0000	1.0000	1.0000	1.0000	ok
BDPA Romance	ovum	Ladino	Venetian	LingPy SCA	1.0000	1.0000	1.0000	1.0000	ok
BDPA Romance	ovum	Ligurian	Lombard(East)	LingPy SCA	1.0000	1.0000	1.0000	1.0000	ok
BDPA Romance	ovum	Ligurian	Lombard(West)	LingPy SCA	1.0000	1.0000	1.0000	1.0000	ok
BDPA Romance	ovum	Ligurian	Occitan	LingPy SCA	1.0000	1.0000	1.0000	1.0000	ok
BDPA Romance	ovum	Ligurian	Venetian	LingPy SCA	1.0000	1.0000	1.0000	1.0000	ok
BDPA Romance	ovum	Lombard(East)	Lombard(West)	LingPy SCA	1.0000	1.0000	1.0000	1.0000	ok
BDPA Romance	ovum	Lombard(East)	Occitan	LingPy SCA	1.0000	1.0000	1.0000	1.0000	ok
BDPA Romance	ovum	Lombard(East)	Venetian	LingPy SCA	1.0000	1.0000	1.0000	1.0000	ok
BDPA Romance	ovum	Lombard(West)	Occitan	LingPy SCA	1.0000	1.0000	1.0000	1.0000	ok
BDPA Romance	ovum	Lombard(West)	Venetian	LingPy SCA	1.0000	1.0000	1.0000	1.0000	ok
BDPA Romance	ovum	Occitan	Venetian	LingPy SCA	1.0000	1.0000	1.0000	1.0000	ok
BDPA Romance	pedem	French	Italian	LingPy SCA	1.0000	1.0000	1.0000	1.0000	ok
BDPA Romance	pedem	French	Ladino	LingPy SCA	1.0000	1.0000	1.0000	1.0000	ok
BDPA Romance	pedem	French	Ligurian	LingPy SCA	1.0000	1.0000	1.0000	1.0000	ok
BDPA Romance	pedem	French	Lombard(East)	LingPy SCA	1.0000	1.0000	1.0000	1.0000	ok
BDPA Romance	pedem	French	Lombard(West)	LingPy SCA	1.0000	1.0000	1.0000	1.0000	ok
BDPA Romance	pedem	French	Occitan	LingPy SCA	1.0000	1.0000	1.0000	1.0000	ok
BDPA Romance	pedem	French	Venetian	LingPy SCA					skipped
BDPA Romance	pedem	Italian	Ladino	LingPy SCA	1.0000	1.0000	1.0000	1.0000	ok
BDPA Romance	pedem	Italian	Ligurian	LingPy SCA	1.0000	1.0000	1.0000	1.0000	ok
BDPA Romance	pedem	Italian	Lombard(East)	LingPy SCA	1.0000	1.0000	1.0000	1.0000	ok
BDPA Romance	pedem	Italian	Lombard(West)	LingPy SCA	1.0000	1.0000	1.0000	1.0000	ok
BDPA Romance	pedem	Italian	Occitan	LingPy SCA	1.0000	1.0000	1.0000	1.0000	ok
BDPA Romance	pedem	Italian	Venetian	LingPy SCA	0.4000	0.4000	0.4000	0.4000	ok
BDPA Romance	pedem	Ladino	Ligurian	LingPy SCA	1.0000	1.0000	1.0000	1.0000	ok
BDPA Romance	pedem	Ladino	Lombard(East)	LingPy SCA	1.0000	1.0000	1.0000	1.0000	ok
BDPA Romance	pedem	Ladino	Lombard(West)	LingPy SCA	1.0000	1.0000	1.0000	1.0000	ok
BDPA Romance	pedem	Ladino	Occitan	LingPy SCA	1.0000	1.0000	1.0000	1.0000	ok
BDPA Romance	pedem	Ladino	Venetian	LingPy SCA	0.3333	0.3333	0.3333	0.3333	ok
BDPA Romance	pedem	Ligurian	Lombard(East)	LingPy SCA	1.0000	1.0000	1.0000	1.0000	ok
BDPA Romance	pedem	Ligurian	Lombard(West)	LingPy SCA	1.0000	1.0000	1.0000	1.0000	ok
BDPA Romance	pedem	Ligurian	Occitan	LingPy SCA	1.0000	1.0000	1.0000	1.0000	ok
BDPA Romance	pedem	Ligurian	Venetian	LingPy SCA	0.3333	0.3333	0.3333	0.3333	ok
BDPA Romance	pedem	Lombard(East)	Lombard(West)	LingPy SCA	1.0000	1.0000	1.0000	1.0000	ok
BDPA Romance	pedem	Lombard(East)	Occitan	LingPy SCA	1.0000	1.0000	1.0000	1.0000	ok
BDPA Romance	pedem	Lombard(East)	Venetian	LingPy SCA	0.3333	0.3333	0.3333	0.3333	ok
BDPA Romance	pedem	Lombard(West)	Occitan	LingPy SCA	1.0000	1.0000	1.0000	1.0000	ok
BDPA Romance	pedem	Lombard(West)	Venetian	LingPy SCA	0.3333	0.3333	0.3333	0.3333	ok
BDPA Romance	pedem	Occitan	Venetian	LingPy SCA	0.3333	0.3333	0.3333	0.3333	ok
BDPA Romance	quattuor	French	Italian	LingPy SCA	1.0000	1.0000	1.0000	1.0000	ok
BDPA Romance	quattuor	French	Ladino	LingPy SCA	1.0000	1.0000	1.0000	1.0000	ok
BDPA Romance	quattuor	French	Ligurian	LingPy SCA	1.0000	1.0000	1.0000	1.0000	ok
BDPA Romance	quattuor	French	Lombard(East)	LingPy SCA	1.0000	1.0000	1.0000	1.0000	ok
BDPA Romance	quattuor	French	Lombard(West)	LingPy SCA	1.0000	1.0000	1.0000	1.0000	ok
BDPA Romance	quattuor	French	Occitan	LingPy SCA	1.0000	1.0000	1.0000	1.0000	ok
BDPA Romance	quattuor	French	Venetian	LingPy SCA	1.0000	1.0000	1.0000	1.0000	ok
BDPA Romance	quattuor	Italian	Ladino	LingPy SCA	1.0000	1.0000	1.0000	1.0000	ok
BDPA Romance	quattuor	Italian	Ligurian	LingPy SCA	1.0000	1.0000	1.0000	1.0000	ok
BDPA Romance	quattuor	Italian	Lombard(East)	LingPy SCA	1.0000	1.0000	1.0000	1.0000	ok
BDPA Romance	quattuor	Italian	Lombard(West)	LingPy SCA	1.0000	1.0000	1.0000	1.0000	ok
BDPA Romance	quattuor	Italian	Occitan	LingPy SCA	1.0000	1.0000	1.0000	1.0000	ok
BDPA Romance	quattuor	Italian	Venetian	LingPy SCA	1.0000	1.0000	1.0000	1.0000	ok
BDPA Romance	quattuor	Ladino	Ligurian	LingPy SCA	1.0000	1.0000	1.0000	1.0000	ok
BDPA Romance	quattuor	Ladino	Lombard(East)	LingPy SCA	1.0000	1.0000	1.0000	1.0000	ok
BDPA Romance	quattuor	Ladino	Lombard(West)	LingPy SCA	1.0000	1.0000	1.0000	1.0000	ok
BDPA Romance	quattuor	Ladino	Occitan	LingPy SCA	1.0000	1.0000	1.0000	1.0000	ok
BDPA Romance	quattuor	Ladino	Venetian	LingPy SCA	1.0000	1.0000	1.0000	1.0000	ok
BDPA Romance	quattuor	Ligurian	Lombard(East)	LingPy SCA	1.0000	1.0000	1.0000	1.0000	ok
BDPA Romance	quattuor	Ligurian	Lombard(West)	LingPy SCA	1.0000	1.0000	1.0000	1.0000	ok
BDPA Romance	quattuor	Ligurian	Occitan	LingPy SCA	1.0000	1.0000	1.0000	1.0000	ok
BDPA Romance	quattuor	Ligurian	Venetian	LingPy SCA	1.0000	1.0000	1.0000	1.0000	ok
BDPA Romance	quattuor	Lombard(East)	Lombard(West)	LingPy SCA	1.0000	1.0000	1.0000	1.0000	ok
BDPA Romance	quattuor	Lombard(East)	Occitan	LingPy SCA	1.0000	1.0000	1.0000	1.0000	ok
BDPA Romance	quattuor	Lombard(East)	Venetian	LingPy SCA	1.0000	1.0000	1.0000	1.0000	ok
BDPA Romance	quattuor	Lombard(West)	Occitan	LingPy SCA	1.0000	1.0000	1.0000	1.0000	ok
BDPA Romance	quattuor	Lombard(West)	Venetian	LingPy SCA	1.0000	1.0000	1.0000	1.0000	ok
BDPA Romance	quattuor	Occitan	Venetian	LingPy SCA	1.0000	1.0000	1.0000	1.0000	ok
BDPA Romance	quinque	French	Italian	LingPy SCA	1.0000	1.0000	1.0000	1.0000	ok
BDPA Romance	quinque	French	Ladino	LingPy SCA	1.0000	1.0000	1.0000	1.0000	ok
BDPA Romance	quinque	French	Ligurian	LingPy SCA	1.0000	1.0000	1.0000	1.0000	ok
BDPA Romance	quinque	French	Lombard(East)	LingPy SCA	1.0000	1.0000	1.0000	1.0000	ok
BDPA Romance	quinque	French	Lombard(West)	LingPy SCA	1.0000	1.0000	1.0000	1.0000	ok
BDPA Romance	quinque	French	Occitan	LingPy SCA	1.0000	1.0000	1.0000	1.0000	ok
BDPA Romance	quinque	French	Venetian	LingPy SCA	1.0000	1.0000	1.0000	1.0000	ok
BDPA Romance	quinque	Italian	Ladino	LingPy SCA	1.0000	1.0000	1.0000	1.0000	ok
BDPA Romance	quinque	Italian	Ligurian	LingPy SCA	1.0000	1.0000	1.0000	1.0000	ok
BDPA Romance	quinque	Italian	Lombard(East)	LingPy SCA	1.0000	1.0000	1.0000	1.0000	ok
BDPA Romance	quinque	Italian	Lombard(West)	LingPy SCA	1.0000	1.0000	1.0000	1.0000	ok
BDPA Romance	quinque	Italian	Occitan	LingPy SCA	1.0000	1.0000	1.0000	1.0000	ok
BDPA Romance	quinque	Italian	Venetian	LingPy SCA	1.0000	1.0000	1.0000	1.0000	ok
BDPA Romance	quinque	Ladino	Ligurian	LingPy SCA	1.0000	1.0000	1.0000	1.0000	ok
BDPA Romance	quinque	Ladino	Lombard(East)	LingPy SCA	1.0000	1.0000	1.0000	1.0000	ok
BDPA Romance	quinque	Ladino	Lombard(West)	LingPy SCA	1.0000	1.0000	1.0000	1.0000	ok
BDPA Romance	quinque	Ladino	Occitan	LingPy SCA	1.0000	1.0000	1.0000	1.0000	ok
BDPA Romance	quinque	Ladino	Venetian	LingPy SCA	1.0000	1.0000	1.0000	1.0000	ok
BDPA Romance	quinque	Ligurian	Lombard(East)	LingPy SCA	1.0000	1.0000	1.0000	1.0000	ok
BDPA Romance	quinque	Ligurian	Lombard(West)	LingPy SCA	1.0000	1.0000	1.0000	1.0000	ok
BDPA Romance	quinque	Ligurian	Occitan	LingPy SCA	1.0000	1.0000	1.0000	1.0000	ok
BDPA Romance	quinque	Ligurian	Venetian	LingPy SCA	1.0000	1.0000	1.0000	1.0000	ok
BDPA Romance	quinque	Lombard(East)	Lombard(West)	LingPy SCA	1.0000	1.0000	1.0000	1.0000	ok
BDPA Romance	quinque	Lombard(East)	Occitan	LingPy SCA	1.0000	1.0000	1.0000	1.0000	ok
BDPA Romance	quinque	Lombard(East)	Venetian	LingPy SCA	1.0000	1.0000	1.0000	1.0000	ok
BDPA Romance	quinque	Lombard(West)	Occitan	LingPy SCA	1.0000	1.0000	1.0000	1.0000	ok
BDPA Romance	quinque	Lombard(West)	Venetian	LingPy SCA	1.0000	1.0000	1.0000	1.0000	ok
BDPA Romance	quinque	Occitan	Venetian	LingPy SCA	1.0000	1.0000	1.0000	1.0000	ok
BDPA Romance	septem	French	Italian	LingPy SCA	1.0000	1.0000	1.0000	1.0000	ok
BDPA Romance	septem	French	Ladino	LingPy SCA	1.0000	1.0000	1.0000	1.0000	ok
BDPA Romance	septem	French	Ligurian	LingPy SCA	1.0000	1.0000	1.0000	1.0000	ok
BDPA Romance	septem	French	Lombard(East)	LingPy SCA	1.0000	1.0000	1.0000	1.0000	ok
BDPA Romance	septem	French	Lombard(West)	LingPy SCA	1.0000	1.0000	1.0000	1.0000	ok
BDPA Romance	septem	French	Occitan	LingPy SCA	1.0000	1.0000	1.0000	1.0000	ok
BDPA Romance	septem	French	Venetian	LingPy SCA	1.0000	1.0000	1.0000	1.0000	ok
BDPA Romance	septem	Italian	Ladino	LingPy SCA	1.0000	1.0000	1.0000	1.0000	ok
BDPA Romance	septem	Italian	Ligurian	LingPy SCA	1.0000	1.0000	1.0000	1.0000	ok
BDPA Romance	septem	Italian	Lombard(East)	LingPy SCA	1.0000	1.0000	1.0000	1.0000	ok
BDPA Romance	septem	Italian	Lombard(West)	LingPy SCA	1.0000	1.0000	1.0000	1.0000	ok
BDPA Romance	septem	Italian	Occitan	LingPy SCA	1.0000	1.0000	1.0000	1.0000	ok
BDPA Romance	septem	Italian	Venetian	LingPy SCA	1.0000	1.0000	1.0000	1.0000	ok
BDPA Romance	septem	Ladino	Ligurian	LingPy SCA	1.0000	1.0000	1.0000	1.0000	ok
BDPA Romance	septem	Ladino	Lombard(East)	LingPy SCA	1.0000	1.0000	1.0000	1.0000	ok
BDPA Romance	septem	Ladino	Lombard(West)	LingPy SCA	1.0000	1.0000	1.0000	1.0000	ok
BDPA Romance	septem	Ladino	Occitan	LingPy SCA	1.0000	1.0000	1.0000	1.0000	ok
BDPA Romance	septem	Ladino	Venetian	LingPy SCA	1.0000	1.0000	1.0000	1.0000	ok
BDPA Romance	septem	Ligurian	Lombard(East)	LingPy SCA	1.0000	1.0000	1.0000	1.0000	ok
BDPA Romance	septem	Ligurian	Lombard(West)	LingPy SCA	1.0000	1.0000	1.0000	1.0000	ok
BDPA Romance	septem	Ligurian	Occitan	LingPy SCA	1.0000	1.0000	1.0000	1.0000	ok
BDPA Romance	septem	Ligurian	Venetian	LingPy SCA	1.0000	1.0000	1.0000	1.0000	ok
BDPA Romance	septem	Lombard(East)	Lombard(West)	LingPy SCA	1.0000	1.0000	1.0000	1.0000	ok
BDPA Romance	septem	Lombard(East)	Occitan	LingPy SCA	1.0000	1.0000	1.0000	1.0000	ok
BDPA Romance	septem	Lombard(East)	Venetian	LingPy SCA	1.0000	1.0000	1.0000	1.0000	ok
BDPA Romance	septem	Lombard(West)	Occitan	LingPy SCA	1.0000	1.0000	1.0000	1.0000	ok
BDPA Romance	septem	Lombard(West)	Venetian	LingPy SCA	1.0000	1.0000	1.0000	1.0000	ok
BDPA Romance	septem	Occitan	Venetian	LingPy SCA	1.0000	1.0000	1.0000	1.0000	ok
BDPA Romance	sex	French	Italian	LingPy SCA	1.0000	1.0000	1.0000	1.0000	ok
BDPA Romance	sex	French	Ladino	LingPy SCA	1.0000	1.0000	1.0000	1.0000	ok
BDPA Romance	sex	French	Ligurian	LingPy SCA	1.0000	1.0000	1.0000	1.0000	ok
BDPA Romance	sex	French	Lombard(East)	LingPy SCA	1.0000	1.0000	1.0000	1.0000	ok
BDPA Romance	sex	French	Lombard(West)	LingPy SCA	1.0000	1.0000	1.0000	1.0000	ok
BDPA Romance	sex	French	Occitan	LingPy SCA	1.0000	1.0000	1.0000	1.0000	ok
BDPA Romance	sex	French	Venetian	LingPy SCA	0.5000	0.5000	0.5000	0.5000	ok
BDPA Romance	sex	Italian	Ladino	LingPy SCA	1.0000	1.0000	1.0000	1.0000	ok
BDPA Romance	sex	Italian	Ligurian	LingPy SCA	1.0000	1.0000	1.0000	1.0000	ok
BDPA Romance	sex	Italian	Lombard(East)	LingPy SCA	1.0000	1.0000	1.0000	1.0000	ok
BDPA Romance	sex	Italian	Lombard(West)	LingPy SCA	1.0000	1.0000	1.0000	1.0000	ok
BDPA Romance	sex	Italian	Occitan	LingPy SCA	1.0000	1.0000	1.0000	1.0000	ok
BDPA Romance	sex	Italian	Venetian	LingPy SCA	1.0000	1.0000	1.0000	1.0000	ok
BDPA Romance	sex	Ladino	Ligurian	LingPy SCA	1.0000	1.0000	1.0000	1.0000	ok
BDPA Romance	sex	Ladino	Lombard(East)	LingPy SCA	1.0000	1.0000	1.0000	1.0000	ok
BDPA Romance	sex	Ladino	Lombard(West)	LingPy SCA	1.0000	1.0000	1.0000	1.0000	ok
BDPA Romance	sex	Ladino	Occitan	LingPy SCA	1.0000	1.0000	1.0000	1.0000	ok
BDPA Romance	sex	Ladino	Venetian	LingPy SCA	1.0000	1.0000	1.0000	1.0000	ok
BDPA Romance	sex	Ligurian	Lombard(East)	LingPy SCA	1.0000	1.0000	1.0000	1.0000	ok
BDPA Romance	sex	Ligurian	Lombard(West)	LingPy SCA	1.0000	1.0000	1.0000	1.0000	ok
BDPA Romance	sex	Ligurian	Occitan	LingPy SCA	1.0000	1.0000	1.0000	1.0000	ok
BDPA Romance	sex	Ligurian	Venetian	LingPy SCA	1.0000	1.0000	1.0000	1.0000	ok
BDPA Romance	sex	Lombard(East)	Lombard(West)	LingPy SCA	1.0000	1.0000	1.0000	1.0000	ok
BDPA Romance	sex	Lombard(East)	Occitan	LingPy SCA	1.0000	1.0000	1.0000	1.0000	ok
BDPA Romance	sex	Lombard(East)	Venetian	LingPy SCA	0.5000	0.5000	0.5000	0.5000	ok
BDPA Romance	sex	Lombard(West)	Occitan	LingPy SCA	1.0000	1.0000	1.0000	1.0000	ok
BDPA Romance	sex	Lombard(West)	Venetian	LingPy SCA	0.5000	0.5000	0.5000	0.5000	ok
BDPA Romance	sex	Occitan	Venetian	LingPy SCA	1.0000	1.0000	1.0000	1.0000	ok
BDPA Romance	terram	French	Italian	LingPy SCA	1.0000	1.0000	1.0000	1.0000	ok
BDPA Romance	terram	French	Ladino	LingPy SCA	1.0000	1.0000	1.0000	1.0000	ok
BDPA Romance	terram	French	Ligurian	LingPy SCA	1.0000	1.0000	1.0000	1.0000	ok
BDPA Romance	terram	French	Lombard(East)	LingPy SCA	1.0000	1.0000	1.0000	1.0000	ok
BDPA Romance	terram	French	Lombard(West)	LingPy SCA	1.0000	1.0000	1.0000	1.0000	ok
BDPA Romance	terram	French	Occitan	LingPy SCA	1.0000	1.0000	1.0000	1.0000	ok
BDPA Romance	terram	French	Venetian	LingPy SCA	1.0000	1.0000	1.0000	1.0000	ok
BDPA Romance	terram	Italian	Ladino	LingPy SCA	1.0000	1.0000	1.0000	1.0000	ok
BDPA Romance	terram	Italian	Ligurian	LingPy SCA	1.0000	1.0000	1.0000	1.0000	ok
BDPA Romance	terram	Italian	Lombard(East)	LingPy SCA	1.0000	1.0000	1.0000	1.0000	ok
BDPA Romance	terram	Italian	Lombard(West)	LingPy SCA	1.0000	1.0000	1.0000	1.0000	ok
BDPA Romance	terram	Italian	Occitan	LingPy SCA	1.0000	1.0000	1.0000	1.0000	ok
BDPA Romance	terram	Italian	Venetian	LingPy SCA	1.0000	1.0000	1.0000	1.0000	ok
BDPA Romance	terram	Ladino	Ligurian	LingPy SCA	1.0000	1.0000	1.0000	1.0000	ok
BDPA Romance	terram	Ladino	Lombard(East)	LingPy SCA	1.0000	1.0000	1.0000	1.0000	ok
BDPA Romance	terram	Ladino	Lombard(West)	LingPy SCA	1.0000	1.0000	1.0000	1.0000	ok
BDPA Romance	terram	Ladino	Occitan	LingPy SCA	1.0000	1.0000	1.0000	1.0000	ok
BDPA Romance	terram	Ladino	Venetian	LingPy SCA	1.0000	1.0000	1.0000	1.0000	ok
BDPA Romance	terram	Ligurian	Lombard(East)	LingPy SCA	1.0000	1.0000	1.0000	1.0000	ok
BDPA Romance	terram	Ligurian	Lombard(West)	LingPy SCA	1.0000	1.0000	1.0000	1.0000	ok
BDPA Romance	terram	Ligurian	Occitan	LingPy SCA	1.0000	1.0000	1.0000	1.0000	ok
BDPA Romance	terram	Ligurian	Venetian	LingPy SCA	1.0000	1.0000	1.0000	1.0000	ok
BDPA Romance	terram	Lombard(East)	Lombard(West)	LingPy SCA	1.0000	1.0000	1.0000	1.0000	ok
BDPA Romance	terram	Lombard(East)	Occitan	LingPy SCA	1.0000	1.0000	1.0000	1.0000	ok
BDPA Romance	terram	Lombard(East)	Venetian	LingPy SCA	1.0000	1.0000	1.0000	1.0000	ok
BDPA Romance	terram	Lombard(West)	Occitan	LingPy SCA	1.0000	1.0000	1.0000	1.0000	ok
BDPA Romance	terram	Lombard(West)	Venetian	LingPy SCA	1.0000	1.0000	1.0000	1.0000	ok
BDPA Romance	terram	Occitan	Venetian	LingPy SCA	1.0000	1.0000	1.0000	1.0000	ok
BDPA Romance	tres	French	Italian	LingPy SCA	1.0000	1.0000	1.0000	1.0000	ok
BDPA Romance	tres	French	Ladino	LingPy SCA	1.0000	1.0000	1.0000	1.0000	ok
BDPA Romance	tres	French	Ligurian	LingPy SCA	1.0000	1.0000	1.0000	1.0000	ok
BDPA Romance	tres	French	Lombard(East)	LingPy SCA	1.0000	1.0000	1.0000	1.0000	ok
BDPA Romance	tres	French	Lombard(West)	LingPy SCA	1.0000	1.0000	1.0000	1.0000	ok
BDPA Romance	tres	French	Occitan	LingPy SCA	1.0000	1.0000	1.0000	1.0000	ok
BDPA Romance	tres	French	Venetian	LingPy SCA	1.0000	1.0000	1.0000	1.0000	ok
BDPA Romance	tres	Italian	Ladino	LingPy SCA	1.0000	1.0000	1.0000	1.0000	ok
BDPA Romance	tres	Italian	Ligurian	LingPy SCA	1.0000	1.0000	1.0000	1.0000	ok
BDPA Romance	tres	Italian	Lombard(East)	LingPy SCA	1.0000	1.0000	1.0000	1.0000	ok
BDPA Romance	tres	Italian	Lombard(West)	LingPy SCA	1.0000	1.0000	1.0000	1.0000	ok
BDPA Romance	tres	Italian	Occitan	LingPy SCA	1.0000	1.0000	1.0000	1.0000	ok
BDPA Romance	tres	Italian	Venetian	LingPy SCA	1.0000	1.0000	1.0000	1.0000	ok
BDPA Romance	tres	Ladino	Ligurian	LingPy SCA	1.0000	1.0000	1.0000	1.0000	ok
BDPA Romance	tres	Ladino	Lombard(East)	LingPy SCA	1.0000	1.0000	1.0000	1.0000	ok
BDPA Romance	tres	Ladino	Lombard(West)	LingPy SCA	1.0000	1.0000	1.0000	1.0000	ok
BDPA Romance	tres	Ladino	Occitan	LingPy SCA	1.0000	1.0000	1.0000	1.0000	ok
BDPA Romance	tres	Ladino	Venetian	LingPy SCA	1.0000	1.0000	1.0000	1.0000	ok
BDPA Romance	tres	Ligurian	Lombard(East)	LingPy SCA	1.0000	1.0000	1.0000	1.0000	ok
BDPA Romance	tres	Ligurian	Lombard(West)	LingPy SCA	1.0000	1.0000	1.0000	1.0000	ok
BDPA Romance	tres	Ligurian	Occitan	LingPy SCA	1.0000	1.0000	1.0000	1.0000	ok
BDPA Romance	tres	Ligurian	Venetian	LingPy SCA	1.0000	1.0000	1.0000	1.0000	ok
BDPA Romance	tres	Lombard(East)	Lombard(West)	LingPy SCA	1.0000	1.0000	1.0000	1.0000	ok
BDPA Romance	tres	Lombard(East)	Occitan	LingPy SCA	1.0000	1.0000	1.0000	1.0000	ok
BDPA Romance	tres	Lombard(East)	Venetian	LingPy SCA	1.0000	1.0000	1.0000	1.0000	ok
BDPA Romance	tres	Lombard(West)	Occitan	LingPy SCA	1.0000	1.0000	1.0000	1.0000	ok
BDPA Romance	tres	Lombard(West)	Venetian	LingPy SCA	1.0000	1.0000	1.0000	1.0000	ok
BDPA Romance	tres	Occitan	Venetian	LingPy SCA	1.0000	1.0000	1.0000	1.0000	ok
BDPA Romance	ungulam	French	Italian	LingPy SCA	1.0000	1.0000	1.0000	1.0000	ok
BDPA Romance	ungulam	French	Ladino	LingPy SCA	1.0000	1.0000	1.0000	1.0000	ok
BDPA Romance	ungulam	French	Ligurian	LingPy SCA	1.0000	1.0000	1.0000	1.0000	ok
BDPA Romance	ungulam	French	Lombard(East)	LingPy SCA	1.0000	1.0000	1.0000	1.0000	ok
BDPA Romance	ungulam	French	Lombard(West)	LingPy SCA	1.0000	1.0000	1.0000	1.0000	ok
BDPA Romance	ungulam	French	Occitan	LingPy SCA	1.0000	1.0000	1.0000	1.0000	ok
BDPA Romance	ungulam	French	Venetian	LingPy SCA	1.0000	1.0000	1.0000	1.0000	ok
BDPA Romance	ungulam	Italian	Ladino	LingPy SCA	1.0000	1.0000	1.0000	1.0000	ok
BDPA Romance	ungulam	Italian	Ligurian	LingPy SCA	1.0000	1.0000	1.0000	1.0000	ok
BDPA Romance	ungulam	Italian	Lombard(East)	LingPy SCA	1.0000	1.0000	1.0000	1.0000	ok
BDPA Romance	ungulam	Italian	Lombard(West)	LingPy SCA	1.0000	1.0000	1.0000	1.0000	ok
BDPA Romance	ungulam	Italian	Occitan	LingPy SCA	1.0000	1.0000	1.0000	1.0000	ok
BDPA Romance	ungulam	Italian	Venetian	LingPy SCA	1.0000	1.0000	1.0000	1.0000	ok
BDPA Romance	ungulam	Ladino	Ligurian	LingPy SCA	1.0000	1.0000	1.0000	1.0000	ok
BDPA Romance	ungulam	Ladino	Lombard(East)	LingPy SCA	1.0000	1.0000	1.0000	1.0000	ok
BDPA Romance	ungulam	Ladino	Lombard(West)	LingPy SCA	1.0000	1.0000	1.0000	1.0000	ok
BDPA Romance	ungulam	Ladino	Occitan	LingPy SCA	1.0000	1.0000	1.0000	1.0000	ok
BDPA Romance	ungulam	Ladino	Venetian	LingPy SCA	1.0000	1.0000	1.0000	1.0000	ok
BDPA Romance	ungulam	Ligurian	Lombard(East)	LingPy SCA	1.0000	1.0000	1.0000	1.0000	ok
BDPA Romance	ungulam	Ligurian	Lombard(West)	LingPy SCA	1.0000	1.0000	1.0000	1.0000	ok
BDPA Romance	ungulam	Ligurian	Occitan	LingPy SCA	1.0000	1.0000	1.0000	1.0000	ok
BDPA Romance	ungulam	Ligurian	Venetian	LingPy SCA	1.0000	1.0000	1.0000	1.0000	ok
BDPA Romance	ungulam	Lombard(East)	Lombard(West)	LingPy SCA	1.0000	1.0000	1.0000	1.0000	ok
BDPA Romance	ungulam	Lombard(East)	Occitan	LingPy SCA	1.0000	1.0000	1.0000	1.0000	ok
BDPA Romance	ungulam	Lombard(East)	Venetian	LingPy SCA	1.0000	1.0000	1.0000	1.0000	ok
BDPA Romance	ungulam	Lombard(West)	Occitan	LingPy SCA	1.0000	1.0000	1.0000	1.0000	ok
BDPA Romance	ungulam	Lombard(West)	Venetian	LingPy SCA	1.0000	1.0000	1.0000	1.0000	ok
BDPA Romance	ungulam	Occitan	Venetian	LingPy SCA	1.0000	1.0000	1.0000	1.0000	ok
BDPA Romance	unum	French	Italian	LingPy SCA	0.3333	0.3333	0.3333	0.3333	ok
BDPA Romance	unum	French	Ladino	LingPy SCA	1.0000	1.0000	1.0000	1.0000	ok
BDPA Romance	unum	French	Ligurian	LingPy SCA	1.0000	1.0000	1.0000	1.0000	ok
BDPA Romance	unum	French	Lombard(East)	LingPy SCA	1.0000	1.0000	1.0000	1.0000	ok
BDPA Romance	unum	French	Lombard(West)	LingPy SCA	1.0000	1.0000	1.0000	1.0000	ok
BDPA Romance	unum	French	Occitan	LingPy SCA	1.0000	1.0000	1.0000	1.0000	ok
BDPA Romance	unum	French	Venetian	LingPy SCA	0.3333	0.3333	0.3333	0.3333	ok
BDPA Romance	unum	Italian	Ladino	LingPy SCA	1.0000	1.0000	1.0000	1.0000	ok
BDPA Romance	unum	Italian	Ligurian	LingPy SCA	1.0000	1.0000	1.0000	1.0000	ok
BDPA Romance	unum	Italian	Lombard(East)	LingPy SCA	1.0000	1.0000	1.0000	1.0000	ok
BDPA Romance	unum	Italian	Lombard(West)	LingPy SCA	1.0000	1.0000	1.0000	1.0000	ok
BDPA Romance	unum	Italian	Occitan	LingPy SCA	1.0000	1.0000	1.0000	1.0000	ok
BDPA Romance	unum	Italian	Venetian	LingPy SCA	1.0000	1.0000	1.0000	1.0000	ok
BDPA Romance	unum	Ladino	Ligurian	LingPy SCA	1.0000	1.0000	1.0000	1.0000	ok
BDPA Romance	unum	Ladino	Lombard(East)	LingPy SCA	1.0000	1.0000	1.0000	1.0000	ok
BDPA Romance	unum	Ladino	Lombard(West)	LingPy SCA	1.0000	1.0000	1.0000	1.0000	ok
BDPA Romance	unum	Ladino	Occitan	LingPy SCA	1.0000	1.0000	1.0000	1.0000	ok
BDPA Romance	unum	Ladino	Venetian	LingPy SCA	1.0000	1.0000	1.0000	1.0000	ok
BDPA Romance	unum	Ligurian	Lombard(East)	LingPy SCA	1.0000	1.0000	1.0000	1.0000	ok
BDPA Romance	unum	Ligurian	Lombard(West)	LingPy SCA	1.0000	1.0000	1.0000	1.0000	ok
BDPA Romance	unum	Ligurian	Occitan	LingPy SCA	1.0000	1.0000	1.0000	1.0000	ok
BDPA Romance	unum	Ligurian	Venetian	LingPy SCA	1.0000	1.0000	1.0000	1.0000	ok
BDPA Romance	unum	Lombard(East)	Lombard(West)	LingPy SCA	1.0000	1.0000	1.0000	1.0000	ok
BDPA Romance	unum	Lombard(East)	Occitan	LingPy SCA	1.0000	1.0000	1.0000	1.0000	ok
BDPA Romance	unum	Lombard(East)	Venetian	LingPy SCA	1.0000	1.0000	1.0000	1.0000	ok
BDPA Romance	unum	Lombard(West)	Occitan	LingPy SCA	1.0000	1.0000	1.0000	1.0000	ok
BDPA Romance	unum	Lombard(West)	Venetian	LingPy SCA	1.0000	1.0000	1.0000	1.0000	ok
BDPA Romance	unum	Occitan	Venetian	LingPy SCA	1.0000	1.0000	1.0000	1.0000	ok
BDPA Romance	aquam	French	Italian	malign (identity)	1.0000	1.0000	1.0000	1.0000	ok
BDPA Romance	aquam	French	Ladino	malign (identity)	0.5000	0.5000	0.5000	0.5000	ok
BDPA Romance	aquam	French	Ligurian	malign (identity)	1.0000	1.0000	1.0000	1.0000	ok
BDPA Romance	aquam	French	Lombard(East)	malign (identity)	1.0000	1.0000	1.0000	1.0000	ok
BDPA Romance	aquam	French	Lombard(West)	malign (identity)	1.0000	1.0000	1.0000	1.0000	ok
BDPA Romance	aquam	French	Occitan	malign (identity)	1.0000	1.0000	1.0000	1.0000	ok
BDPA Romance	aquam	French	Venetian	malign (identity)	1.0000	1.0000	1.0000	1.0000	ok
BDPA Romance	aquam	Italian	Ladino	malign (identity)					skipped
BDPA Romance	aquam	Italian	Ligurian	malign (identity)	1.0000	1.0000	1.0000	1.0000	ok
BDPA Romance	aquam	Italian	Lombard(East)	malign (identity)	1.0000	1.0000	1.0000	1.0000	ok
BDPA Romance	aquam	Italian	Lombard(West)	malign (identity)	1.0000	1.0000	1.0000	1.0000	ok
BDPA Romance	aquam	Italian	Occitan	malign (identity)	0.5000	0.5000	0.5000	0.5000	ok
BDPA Romance	aquam	Italian	Venetian	malign (identity)	1.0000	1.0000	1.0000	1.0000	ok
BDPA Romance	aquam	Ladino	Ligurian	malign (identity)	0.6000	0.6000	0.6000	0.6000	ok
BDPA Romance	aquam	Ladino	Lombard(East)	malign (identity)					skipped
BDPA Romance	aquam	Ladino	Lombard(West)	malign (identity)					skipped
BDPA Romance	aquam	Ladino	Occitan	malign (identity)	0.5000	0.5000	0.5000	0.5000	ok
BDPA Romance	aquam	Ladino	Venetian	malign (identity)					skipped
BDPA Romance	aquam	Ligurian	Lombard(East)	malign (identity)	1.0000	1.0000	1.0000	1.0000	ok
BDPA Romance	aquam	Ligurian	Lombard(West)	malign (identity)	1.0000	1.0000	1.0000	1.0000	ok
BDPA Romance	aquam	Ligurian	Occitan	malign (identity)	0.5000	0.5000	0.5000	0.5000	ok
BDPA Romance	aquam	Ligurian	Venetian	malign (identity)	1.0000	1.0000	1.0000	1.0000	ok
BDPA Romance	aquam	Lombard(East)	Lombard(West)	malign (identity)	1.0000	1.0000	1.0000	1.0000	ok
BDPA Romance	aquam	Lombard(East)	Occitan	malign (identity)	0.5000	0.5000	0.5000	0.5000	ok
BDPA Romance	aquam	Lombard(East)	Venetian	malign (identity)	1.0000	1.0000	1.0000	1.0000	ok
BDPA Romance	aquam	Lombard(West)	Occitan	malign (identity)	0.5000	0.5000	0.5000	0.5000	ok
BDPA Romance	aquam	Lombard(West)	Venetian	malign (identity)	1.0000	1.0000	1.0000	1.0000	ok
BDPA Romance	aquam	Occitan	Venetian	malign (identity)	0.5000	0.5000	0.5000	0.5000	ok
BDPA Romance	auriculam	French	Italian	malign (identity)	1.0000	1.0000	1.0000	1.0000	ok
BDPA Romance	auriculam	French	Ladino	malign (identity)	0.7143	0.7143	0.7143	0.7143	ok
BDPA Romance	auriculam	French	Ligurian	malign (identity)					skipped
BDPA Romance	auriculam	French	Lombard(East)	malign (identity)	1.0000	1.0000	1.0000	1.0000	ok
BDPA Romance	auriculam	French	Lombard(West)	malign (identity)	1.0000	1.0000	1.0000	1.0000	ok
BDPA Romance	auriculam	French	Occitan	malign (identity)	1.0000	1.0000	1.0000	1.0000	ok
BDPA Romance	auriculam	French	Venetian	malign (identity)	1.0000	1.0000	1.0000	1.0000	ok
BDPA Romance	auriculam	Italian	Ladino	malign (identity)	0.0000	0.0000	0.0000	0.0000	ok
BDPA Romance	auriculam	Italian	Ligurian	malign (identity)	0.1667	0.1667	0.1667	0.1667	ok
BDPA Romance	auriculam	Italian	Lombard(East)	malign (identity)	1.0000	1.0000	1.0000	1.0000	ok
BDPA Romance	auriculam	Italian	Lombard(West)	malign (identity)	0.6667	0.6667	0.6667	0.6667	ok
BDPA Romance	auriculam	Italian	Occitan	malign (identity)	0.6667	0.6667	0.6667	0.6667	ok
BDPA Romance	auriculam	Italian	Venetian	malign (identity)	0.6667	0.6667	0.6667	0.6667	ok
BDPA Romance	auriculam	Ladino	Ligurian	malign (identity)	0.2857	0.2857	0.2857	0.2857	ok
BDPA Romance	auriculam	Ladino	Lombard(East)	malign (identity)	0.2857	0.2857	0.2857	0.2857	ok
BDPA Romance	auriculam	Ladino	Lombard(West)	malign (identity)	1.0000	1.0000	1.0000	1.0000	ok
BDPA Romance	auriculam	Ladino	Occitan	malign (identity)	0.2857	0.2857	0.2857	0.2857	ok
BDPA Romance	auriculam	Ladino	Venetian	malign (identity)	0.1429	0.1429	0.1429	0.1429	ok
BDPA Romance	auriculam	Ligurian	Lombard(East)	malign (identity)	0.6000	0.6000	0.6000	0.6000	ok
BDPA Romance	auriculam	Ligurian	Lombard(West)	malign (identity)	0.6000	0.6000	0.6000	0.6000	ok
BDPA Romance	auriculam	Ligurian	Occitan	malign (identity)					skipped
BDPA Romance	auriculam	Ligurian	Venetian	malign (identity)	0.4000	0.4000	0.4000	0.4000	ok
BDPA Romance	auriculam	Lombard(East)	Lombard(West)	malign (identity)	1.0000	1.0000	1.0000	1.0000	ok
BDPA Romance	auriculam	Lombard(East)	Occitan	malign (identity)					skipped
BDPA Romance	auriculam	Lombard(East)	Venetian	malign (identity)	1.0000	1.0000	1.0000	1.0000	ok
BDPA Romance	auriculam	Lombard(West)	Occitan	malign (identity)					skipped
BDPA Romance	auriculam	Lombard(West)	Venetian	malign (identity)	1.0000	1.0000	1.0000	1.0000	ok
BDPA Romance	auriculam	Occitan	Venetian	malign (identity)					skipped
BDPA Romance	bestiam	French	Italian	malign (identity)	1.0000	1.0000	1.0000	1.0000	ok
BDPA Romance	bestiam	French	Ladino	malign (identity)	1.0000	1.0000	1.0000	1.0000	ok
BDPA Romance	bestiam	French	Ligurian	malign (identity)	1.0000	1.0000	1.0000	1.0000	ok
BDPA Romance	bestiam	French	Lombard(East)	malign (identity)	1.0000	1.0000	1.0000	1.0000	ok
BDPA Romance	bestiam	French	Lombard(West)	malign (identity)	1.0000	1.0000	1.0000	1.0000	ok
BDPA Romance	bestiam	French	Occitan	malign (identity)	1.0000	1.0000	1.0000	1.0000	ok
BDPA Romance	bestiam	French	Venetian	malign (identity)	1.0000	1.0000	1.0000	1.0000	ok
BDPA Romance	bestiam	Italian	Ladino	malign (identity)	1.0000	1.0000	1.0000	1.0000	ok
BDPA Romance	bestiam	Italian	Ligurian	malign (identity)	1.0000	1.0000	1.0000	1.0000	ok
BDPA Romance	bestiam	Italian	Lombard(East)	malign (identity)	1.0000	1.0000	1.0000	1.0000	ok
BDPA Romance	bestiam	Italian	Lombard(West)	malign (identity)	1.0000	1.0000	1.0000	1.0000	ok
BDPA Romance	bestiam	Italian	Occitan	malign (identity)	1.0000	1.0000	1.0000	1.0000	ok
BDPA Romance	bestiam	Italian	Venetian	malign (identity)	1.0000	1.0000	1.0000	1.0000	ok
BDPA Romance	bestiam	Ladino	Ligurian	malign (identity)	1.0000	1.0000	1.0000	1.0000	ok
BDPA Romance	bestiam	Ladino	Lombard(East)	malign (identity)	1.0000	1.0000	1.0000	1.0000	ok
BDPA Romance	bestiam	Ladino	Lombard(West)	malign (identity)	1.0000	1.0000	1.0000	1.0000	ok
BDPA Romance	bestiam	Ladino	Occitan	malign (identity)	1.0000	1.0000	1.0000	1.0000	ok
BDPA Romance	bestiam	Ladino	Venetian	malign (identity)	1.0000	1.0000	1.0000	1.0000	ok
BDPA Romance	bestiam	Ligurian	Lombard(East)	malign (identity)	1.0000	1.0000	1.0000	1.0000	ok
BDPA Romance	bestiam	Ligurian	Lombard(West)	malign (identity)	1.0000	1.0000	1.0000	1.0000	ok
BDPA Romance	bestiam	Ligurian	Occitan	malign (identity)	1.0000	1.0000	1.0000	1.0000	ok
BDPA Romance	bestiam	Ligurian	Venetian	malign (identity)	1.0000	1.0000	1.0000	1.0000	ok
BDPA Romance	bestiam	Lombard(East)	Lombard(West)	malign (identity)	1.0000	1.0000	1.0000	1.0000	ok
BDPA Romance	bestiam	Lombard(East)	Occitan	malign (identity)	1.0000	1.0000	1.0000	1.0000	ok
BDPA Romance	bestiam	Lombard(East)	Venetian	malign (identity)	1.0000	1.0000	1.0000	1.0000	ok
BDPA Romance	bestiam	Lombard(West)	Occitan	malign (identity)	1.0000	1.0000	1.0000	1.0000	ok
BDPA Romance	bestiam	Lombard(West)	Venetian	malign (identity)	1.0000	1.0000	1.0000	1.0000	ok
BDPA Romance	bestiam	Occitan	Venetian	malign (identity)	1.0000	1.0000	1.0000	1.0000	ok
BDPA Romance	bracchium	French	Italian	malign (identity)	1.0000	1.0000	1.0000	1.0000	ok
BDPA Romance	bracchium	French	Ladino	malign (identity)	1.0000	1.0000	1.0000	1.0000	ok
BDPA Romance	bracchium	French	Ligurian	malign (identity)	1.0000	1.0000	1.0000	1.0000	ok
BDPA Romance	bracchium	French	Lombard(East)	malign (identity)	1.0000	1.0000	1.0000	1.0000	ok
BDPA Romance	bracchium	French	Lombard(West)	malign (identity)	1.0000	1.0000	1.0000	1.0000	ok
BDPA Romance	bracchium	French	Occitan	malign (identity)	1.0000	1.0000	1.0000	1.0000	ok
BDPA Romance	bracchium	French	Venetian	malign (identity)	1.0000	1.0000	1.0000	1.0000	ok
BDPA Romance	bracchium	Italian	Ladino	malign (identity)	1.0000	1.0000	1.0000	1.0000	ok
BDPA Romance	bracchium	Italian	Ligurian	malign (identity)	0.5000	0.5000	0.5000	0.5000	ok
BDPA Romance	bracchium	Italian	Lombard(East)	malign (identity)	0.6667	0.6667	0.6667	0.6667	ok
BDPA Romance	bracchium	Italian	Lombard(West)	malign (identity)	0.6667	0.6667	0.6667	0.6667	ok
BDPA Romance	bracchium	Italian	Occitan	malign (identity)	0.6667	0.6667	0.6667	0.6667	ok
BDPA Romance	bracchium	Italian	Venetian	malign (identity)	0.5000	0.5000	0.5000	0.5000	ok
BDPA Romance	bracchium	Ladino	Ligurian	malign (identity)	1.0000	1.0000	1.0000	1.0000	ok
BDPA Romance	bracchium	Ladino	Lombard(East)	malign (identity)	1.0000	1.0000	1.0000	1.0000	ok
BDPA Romance	bracchium	Ladino	Lombard(West)	malign (identity)	1.0000	1.0000	1.0000	1.0000	ok
BDPA Romance	bracchium	Ladino	Occitan	malign (identity)	1.0000	1.0000	1.0000	1.0000	ok
BDPA Romance	bracchium	Ladino	Venetian	malign (identity)	1.0000	1.0000	1.0000	1.0000	ok
BDPA Romance	bracchium	Ligurian	Lombard(East)	malign (identity)	1.0000	1.0000	1.0000	1.0000	ok
BDPA Romance	bracchium	Ligurian	Lombard(West)	malign (identity)	1.0000	1.0000	1.0000	1.0000	ok
BDPA Romance	bracchium	Ligurian	Occitan	malign (identity)	1.0000	1.0000	1.0000	1.0000	ok
BDPA Romance	bracchium	Ligurian	Venetian	malign (identity)	1.0000	1.0000	1.0000	1.0000	ok
BDPA Romance	bracchium	Lombard(East)	Lombard(West)	malign (identity)	1.0000	1.0000	1.0000	1.0000	ok
BDPA Romance	bracchium	Lombard(East)	Occitan	malign (identity)	1.0000	1.0000	1.0000	1.0000	ok
BDPA Romance	bracchium	Lombard(East)	Venetian	malign (identity)	1.0000	1.0000	1.0000	1.0000	ok
BDPA Romance	bracchium	Lombard(West)	Occitan	malign (identity)	1.0000	1.0000	1.0000	1.0000	ok
BDPA Romance	bracchium	Lombard(West)	Venetian	malign (identity)	1.0000	1.0000	1.0000	1.0000	ok
BDPA Romance	bracchium	Occitan	Venetian	malign (identity)	1.0000	1.0000	1.0000	1.0000	ok
BDPA Romance	caelum	French	Italian	malign (identity)	0.6000	0.6000	0.6000	0.6000	ok
BDPA Romance	caelum	French	Ladino	malign (identity)	0.5000	0.5000	0.5000	0.5000	ok
BDPA Romance	caelum	French	Ligurian	malign (identity)	0.5000	0.5000	0.5000	0.5000	ok
BDPA Romance	caelum	French	Lombard(East)	malign (identity)	0.5000	0.5000	0.5000	0.5000	ok
BDPA Romance	caelum	French	Lombard(West)	malign (identity)	0.5000	0.5000	0.5000	0.5000	ok
BDPA Romance	caelum	French	Occitan	malign (identity)	0.5000	0.5000	0.5000	0.5000	ok
BDPA Romance	caelum	French	Venetian	malign (identity)					skipped
BDPA Romance	caelum	Italian	Ladino	malign (identity)	1.0000	1.0000	1.0000	1.0000	ok
BDPA Romance	caelum	Italian	Ligurian	malign (identity)	1.0000	1.0000	1.0000	1.0000	ok
BDPA Romance	caelum	Italian	Lombard(East)	malign (identity)	1.0000	1.0000	1.0000	1.0000	ok
BDPA Romance	caelum	Italian	Lombard(West)	malign (identity)	1.0000	1.0000	1.0000	1.0000	ok
BDPA Romance	caelum	Italian	Occitan	malign (identity)	1.0000	1.0000	1.0000	1.0000	ok
BDPA Romance	caelum	Italian	Venetian	malign (identity)	0.5000	0.5000	0.5000	0.5000	ok
BDPA Romance	caelum	Ladino	Ligurian	malign (identity)	1.0000	1.0000	1.0000	1.0000	ok
BDPA Romance	caelum	Ladino	Lombard(East)	malign (identity)	1.0000	1.0000	1.0000	1.0000	ok
BDPA Romance	caelum	Ladino	Lombard(West)	malign (identity)	1.0000	1.0000	1.0000	1.0000	ok
BDPA Romance	caelum	Ladino	Occitan	malign (identity)	1.0000	1.0000	1.0000	1.0000	ok
BDPA Romance	caelum	Ladino	Venetian	malign (identity)					skipped
BDPA Romance	caelum	Ligurian	Lombard(East)	malign (identity)	1.0000	1.0000	1.0000	1.0000	ok
BDPA Romance	caelum	Ligurian	Lombard(West)	malign (identity)	1.0000	1.0000	1.0000	1.0000	ok
BDPA Romance	caelum	Ligurian	Occitan	malign (identity)	1.0000	1.0000	1.0000	1.0000	ok
BDPA Romance	caelum	Ligurian	Venetian	malign (identity)	1.0000	1.0000	1.0000	1.0000	ok
BDPA Romance	caelum	Lombard(East)	Lombard(West)	malign (identity)	1.0000	1.0000	1.0000	1.0000	ok
BDPA Romance	caelum	Lombard(East)	Occitan	malign (identity)	1.0000	1.0000	1.0000	1.0000	ok
BDPA Romance	caelum	Lombard(East)	Venetian	malign (identity)					skipped
BDPA Romance	caelum	Lombard(West)	Occitan	malign (identity)	1.0000	1.0000	1.0000	1.0000	ok
BDPA Romance	caelum	Lombard(West)	Venetian	malign (identity)					skipped
BDPA Romance	caelum	Occitan	Venetian	malign (identity)					skipped
BDPA Romance	capram	French	Italian	malign (identity)	1.0000	1.0000	1.0000	1.0000	ok
BDPA Romance	capram	French	Ladino	malign (identity)					skipped
BDPA Romance	capram	French	Ligurian	malign (identity)					skipped
BDPA Romance	capram	French	Lombard(East)	malign (identity)	1.0000	1.0000	1.0000	1.0000	ok
BDPA Romance	capram	French	Lombard(West)	malign (identity)	0.3333	0.3333	0.3333	0.3333	ok
BDPA Romance	capram	French	Occitan	malign (identity)	1.0000	1.0000	1.0000	1.0000	ok
BDPA Romance	capram	French	Venetian	malign (identity)	1.0000	1.0000	1.0000	1.0000	ok
BDPA Romance	capram	Italian	Ladino	malign (identity)	0.4000	0.4000	0.4000	0.4000	ok
BDPA Romance	capram	Italian	Ligurian	malign (identity)	0.6667	0.6667	0.6667	0.6667	ok
BDPA Romance	capram	Italian	Lombard(East)	malign (identity)	1.0000	1.0000	1.0000	1.0000	ok
BDPA Romance	capram	Italian	Lombard(West)	malign (identity)	1.0000	1.0000	1.0000	1.0000	ok
BDPA Romance	capram	Italian	Occitan	malign (identity)	1.0000	1.0000	1.0000	1.0000	ok
BDPA Romance	capram	Italian	Venetian	malign (identity)	1.0000	1.0000	1.0000	1.0000	ok
BDPA Romance	capram	Ladino	Ligurian	malign (identity)					skipped
BDPA Romance	capram	Ladino	Lombard(East)	malign (identity)	0.4000	0.4000	0.4000	0.4000	ok
BDPA Romance	capram	Ladino	Lombard(West)	malign (identity)	0.5000	0.5000	0.5000	0.5000	ok
BDPA Romance	capram	Ladino	Occitan	malign (identity)	0.4000	0.4000	0.4000	0.4000	ok
BDPA Romance	capram	Ladino	Venetian	malign (identity)	0.4000	0.4000	0.4000	0.4000	ok
BDPA Romance	capram	Ligurian	Lombard(East)	malign (identity)	0.3333	0.3333	0.3333	0.3333	ok
BDPA Romance	capram	Ligurian	Lombard(West)	malign (identity)	1.0000	1.0000	1.0000	1.0000	ok
BDPA Romance	capram	Ligurian	Occitan	malign (identity)					skipped
BDPA Romance	capram	Ligurian	Venetian	malign (identity)					skipped
BDPA Romance	capram	Lombard(East)	Lombard(West)	malign (identity)	0.5000	0.5000	0.5000	0.5000	ok
BDPA Romance	capram	Lombard(East)	Occitan	malign (identity)	1.0000	1.0000	1.0000	1.0000	ok
BDPA Romance	capram	Lombard(East)	Venetian	malign (identity)	1.0000	1.0000	1.0000	1.0000	ok
BDPA Romance	capram	Lombard(West)	Occitan	malign (identity)	0.5000	0.5000	0.5000	0.5000	ok
BDPA Romance	capram	Lombard(West)	Venetian	malign (identity)	0.6667	0.6667	0.6667	0.6667	ok
BDPA Romance	capram	Occitan	Venetian	malign (identity)	1.0000	1.0000	1.0000	1.0000	ok
BDPA Romance	cornu	French	Italian	malign (identity)	1.0000	1.0000	1.0000	1.0000	ok
BDPA Romance	cornu	French	Ladino	malign (identity)	1.0000	1.0000	1.0000	1.0000	ok
BDPA Romance	cornu	French	Ligurian	malign (identity)	1.0000	1.0000	1.0000	1.0000	ok
BDPA Romance	cornu	French	Lombard(East)	malign (identity)	1.0000	1.0000	1.0000	1.0000	ok
BDPA Romance	cornu	French	Lombard(West)	malign (identity)	1.0000	1.0000	1.0000	1.0000	ok
BDPA Romance	cornu	French	Occitan	malign (identity)	1.0000	1.0000	1.0000	1.0000	ok
BDPA Romance	cornu	French	Venetian	malign (identity)	1.0000	1.0000	1.0000	1.0000	ok
BDPA Romance	cornu	Italian	Ladino	malign (identity)	1.0000	1.0000	1.0000	1.0000	ok
BDPA Romance	cornu	Italian	Ligurian	malign (identity)	1.0000	1.0000	1.0000	1.0000	ok
BDPA Romance	cornu	Italian	Lombard(East)	malign (identity)	1.0000	1.0000	1.0000	1.0000	ok
BDPA Romance	cornu	Italian	Lombard(West)	malign (identity)	1.0000	1.0000	1.0000	1.0000	ok
BDPA Romance	cornu	Italian	Occitan	malign (identity)	1.0000	1.0000	1.0000	1.0000	ok
BDPA Romance	cornu	Italian	Venetian	malign (identity)	1.0000	1.0000	1.0000	1.0000	ok
BDPA Romance	cornu	Ladino	Ligurian	malign (identity)	1.0000	1.0000	1.0000	1.0000	ok
BDPA Romance	cornu	Ladino	Lombard(East)	malign (identity)	1.0000	1.0000	1.0000	1.0000	ok
BDPA Romance	cornu	Ladino	Lombard(West)	malign (identity)	1.0000	1.0000	1.0000	1.0000	ok
BDPA Romance	cornu	Ladino	Occitan	malign (identity)	1.0000	1.0000	1.0000	1.0000	ok
BDPA Romance	cornu	Ladino	Venetian	malign (identity)	1.0000	1.0000	1.0000	1.0000	ok
BDPA Romance	cornu	Ligurian	Lombard(East)	malign (identity)	1.0000	1.0000	1.0000	1.0000	ok
BDPA Romance	cornu	Ligurian	Lombard(West)	malign (identity)	1.0000	1.0000	1.0000	1.0000	ok
BDPA Romance	cornu	Ligurian	Occitan	malign (identity)	1.0000	1.0000	1.0000	1.0000	ok
BDPA Romance	cornu	Ligurian	Venetian	malign (identity)	1.0000	1.0000	1.0000	1.0000	ok
BDPA Romance	cornu	Lombard(East)	Lombard(West)	malign (identity)	0.7143	0.7143	0.7143	0.7143	ok
BDPA Romance	cornu	Lombard(East)	Occitan	malign (identity)	1.0000	1.0000	1.0000	1.0000	ok
BDPA Romance	cornu	Lombard(East)	Venetian	malign (identity)	1.0000	1.0000	1.0000	1.0000	ok
BDPA Romance	cornu	Lombard(West)	Occitan	malign (identity)	1.0000	1.0000	1.0000	1.0000	ok
BDPA Romance	cornu	Lombard(West)	Venetian	malign (identity)	1.0000	1.0000	1.0000	1.0000	ok
BDPA Romance	cornu	Occitan	Venetian	malign (identity)	1.0000	1.0000	1.0000	1.0000	ok
BDPA Romance	decem	French	Italian	malign (identity)					skipped
BDPA Romance	decem	French	Ladino	malign (identity)	0.2500	0.2500	0.2500	0.2500	ok
BDPA Romance	decem	French	Ligurian	malign (identity)	1.0000	1.0000	1.0000	1.0000	ok
BDPA Romance	decem	French	Lombard(East)	malign (identity)	1.0000	1.0000	1.0000	1.0000	ok
BDPA Romance	decem	French	Lombard(West)	malign (identity)	1.0000	1.0000	1.0000	1.0000	ok
BDPA Romance	decem	French	Occitan	malign (identity)	1.0000	1.0000	1.0000	1.0000	ok
BDPA Romance	decem	French	Venetian	malign (identity)	1.0000	1.0000	1.0000	1.0000	ok
BDPA Romance	decem	Italian	Ladino	malign (identity)	1.0000	1.0000	1.0000	1.0000	ok
BDPA Romance	decem	Italian	Ligurian	malign (identity)					skipped
BDPA Romance	decem	Italian	Lombard(East)	malign (identity)	1.0000	1.0000	1.0000	1.0000	ok
BDPA Romance	decem	Italian	Lombard(West)	malign (identity)	0.4000	0.4000	0.4000	0.4000	ok
BDPA Romance	decem	Italian	Occitan	malign (identity)	1.0000	1.0000	1.0000	1.0000	ok
BDPA Romance	decem	Italian	Venetian	malign (identity)					skipped
BDPA Romance	decem	Ladino	Ligurian	malign (identity)					skipped
BDPA Romance	decem	Ladino	Lombard(East)	malign (identity)	0.2500	0.2500	0.2500	0.2500	ok
BDPA Romance	decem	Ladino	Lombard(West)	malign (identity)	0.2500	0.2500	0.2500	0.2500	ok
BDPA Romance	decem	Ladino	Occitan	malign (identity)	0.5000	0.5000	0.5000	0.5000	ok
BDPA Romance	decem	Ladino	Venetian	malign (identity)					skipped
BDPA Romance	decem	Ligurian	Lombard(East)	malign (identity)					skipped
BDPA Romance	decem	Ligurian	Lombard(West)	malign (identity)	1.0000	1.0000	1.0000	1.0000	ok
BDPA Romance	decem	Ligurian	Occitan	malign (identity)	0.5000	0.5000	0.5000	0.5000	ok
BDPA Romance	decem	Ligurian	Venetian	malign (identity)	1.0000	1.0000	1.0000	1.0000	ok
BDPA Romance	decem	Lombard(East)	Lombard(West)	malign (identity)	1.0000	1.0000	1.0000	1.0000	ok
BDPA Romance	decem	Lombard(East)	Occitan	malign (identity)	1.0000	1.0000	1.0000	1.0000	ok
BDPA Romance	decem	Lombard(East)	Venetian	malign (identity)					skipped
BDPA Romance	decem	Lombard(West)	Occitan	malign (identity)	1.0000	1.0000	1.0000	1.0000	ok
BDPA Romance	decem	Lombard(West)	Venetian	malign (identity)	1.0000	1.0000	1.0000	1.0000	ok
BDPA Romance	decem	Occitan	Venetian	malign (identity)	0.5000	0.5000	0.5000	0.5000	ok
BDPA Romance	dentem	French	Italian	malign (identity)	1.0000	1.0000	1.0000	1.0000	ok
BDPA Romance	dentem	French	Ladino	malign (identity)	1.0000	1.0000	1.0000	1.0000	ok
BDPA Romance	dentem	French	Ligurian	malign (identity)	1.0000	1.0000	1.0000	1.0000	ok
BDPA Romance	dentem	French	Lombard(East)	malign (identity)	1.0000	1.0000	1.0000	1.0000	ok
BDPA Romance	dentem	French	Lombard(West)	malign (identity)	1.0000	1.0000	1.0000	1.0000	ok
BDPA Romance	dentem	French	Occitan	malign (identity)	1.0000	1.0000	1.0000	1.0000	ok
BDPA Romance	dentem	French	Venetian	malign (identity)	1.0000	1.0000	1.0000	1.0000	ok
BDPA Romance	dentem	Italian	Ladino	malign (identity)	1.0000	1.0000	1.0000	1.0000	ok
BDPA Romance	dentem	Italian	Ligurian	malign (identity)	1.0000	1.0000	1.0000	1.0000	ok
BDPA Romance	dentem	Italian	Lombard(East)	malign (identity)	1.0000	1.0000	1.0000	1.0000	ok
BDPA Romance	dentem	Italian	Lombard(West)	malign (identity)	1.0000	1.0000	1.0000	1.0000	ok
BDPA Romance	dentem	Italian	Occitan	malign (identity)	1.0000	1.0000	1.0000	1.0000	ok
BDPA Romance	dentem	Italian	Venetian	malign (identity)	1.0000	1.0000	1.0000	1.0000	ok
BDPA Romance	dentem	Ladino	Ligurian	malign (identity)	1.0000	1.0000	1.0000	1.0000	ok
BDPA Romance	dentem	Ladino	Lombard(East)	malign (identity)	1.0000	1.0000	1.0000	1.0000	ok
BDPA Romance	dentem	Ladino	Lombard(West)	malign (identity)	1.0000	1.0000	1.0000	1.0000	ok
BDPA Romance	dentem	Ladino	Occitan	malign (identity)	1.0000	1.0000	1.0000	1.0000	ok
BDPA Romance	dentem	Ladino	Venetian	malign (identity)	1.0000	1.0000	1.0000	1.0000	ok
BDPA Romance	dentem	Ligurian	Lombard(East)	malign (identity)	1.0000	1.0000	1.0000	1.0000	ok
BDPA Romance	dentem	Ligurian	Lombard(West)	malign (identity)	1.0000	1.0000	1.0000	1.0000	ok
BDPA Romance	dentem	Ligurian	Occitan	malign (identity)	1.0000	1.0000	1.0000	1.0000	ok
BDPA Romance	dentem	Ligurian	Venetian	malign (identity)	1.0000	1.0000	1.0000	1.0000	ok
BDPA Romance	dentem	Lombard(East)	Lombard(West)	malign (identity)	0.5000	0.5000	0.5000	0.5000	ok
BDPA Romance	dentem	Lombard(East)	Occitan	malign (identity)	1.0000	1.0000	1.0000	1.0000	ok
BDPA Romance	dentem	Lombard(East)	Venetian	malign (identity)	1.0000	1.0000	1.0000	1.0000	ok
BDPA Romance	dentem	Lombard(West)	Occitan	malign (identity)	1.0000	1.0000	1.0000	1.0000	ok
BDPA Romance	dentem	Lombard(West)	Venetian	malign (identity)	1.0000	1.0000	1.0000	1.0000	ok
BDPA Romance	dentem	Occitan	Venetian	malign (identity)	1.0000	1.0000	1.0000	1.0000	ok
BDPA Romance	digitum	French	Italian	malign (identity)					skipped
BDPA Romance	digitum	French	Ladino	malign (identity)					skipped
BDPA Romance	digitum	French	Ligurian	malign (identity)					skipped
BDPA Romance	digitum	French	Lombard(East)	malign (identity)					skipped
BDPA Romance	digitum	French	Lombard(West)	malign (identity)					skipped
BDPA Romance	digitum	French	Occitan	malign (identity)	0.3333	0.3333	0.3333	0.3333	ok
BDPA Romance	digitum	French	Venetian	malign (identity)					skipped
BDPA Romance	digitum	Italian	Ladino	malign (identity)	1.0000	1.0000	1.0000	1.0000	ok
BDPA Romance	digitum	Italian	Ligurian	malign (identity)	0.5000	0.5000	0.5000	0.5000	ok
BDPA Romance	digitum	Italian	Lombard(East)	malign (identity)	1.0000	1.0000	1.0000	1.0000	ok
BDPA Romance	digitum	Italian	Lombard(West)	malign (identity)	1.0000	1.0000	1.0000	1.0000	ok
BDPA Romance	digitum	Italian	Occitan	malign (identity)	1.0000	1.0000	1.0000	1.0000	ok
BDPA Romance	digitum	Italian	Venetian	malign (identity)	0.5000	0.5000	0.5000	0.5000	ok
BDPA Romance	digitum	Ladino	Ligurian	malign (identity)					skipped
BDPA Romance	digitum	Ladino	Lombard(East)	malign (identity)	1.0000	1.0000	1.0000	1.0000	ok
BDPA Romance	digitum	Ladino	Lombard(West)	malign (identity)	1.0000	1.0000	1.0000	1.0000	ok
BDPA Romance	digitum	Ladino	Occitan	malign (identity)	1.0000	1.0000	1.0000	1.0000	ok
BDPA Romance	digitum	Ladino	Venetian	malign (identity)					skipped
BDPA Romance	digitum	Ligurian	Lombard(East)	malign (identity)					skipped
BDPA Romance	digitum	Ligurian	Lombard(West)	malign (identity)					skipped
BDPA Romance	digitum	Ligurian	Occitan	malign (identity)	1.0000	1.0000	1.0000	1.0000	ok
BDPA Romance	digitum	Ligurian	Venetian	malign (identity)	1.0000	1.0000	1.0000	1.0000	ok
BDPA Romance	digitum	Lombard(East)	Lombard(West)	malign (identity)	1.0000	1.0000	1.0000	1.0000	ok
BDPA Romance	digitum	Lombard(East)	Occitan	malign (identity)	1.0000	1.0000	1.0000	1.0000	ok
BDPA Romance	digitum	Lombard(East)	Venetian	malign (identity)					skipped
BDPA Romance	digitum	Lombard(West)	Occitan	malign (identity)	1.0000	1.0000	1.0000	1.0000	ok
BDPA Romance	digitum	Lombard(West)	Venetian	malign (identity)					skipped
BDPA Romance	digitum	Occitan	Venetian	malign (identity)	1.0000	1.0000	1.0000	1.0000	ok
BDPA Romance	duo	French	Italian	malign (identity)	1.0000	1.0000	1.0000	1.0000	ok
BDPA Romance	duo	French	Ladino	malign (identity)	1.0000	1.0000	1.0000	1.0000	ok
BDPA Romance	duo	French	Ligurian	malign (identity)	1.0000	1.0000	1.0000	1.0000	ok
BDPA Romance	duo	French	Lombard(East)	malign (identity)	1.0000	1.0000	1.0000	1.0000	ok
BDPA Romance	duo	French	Lombard(West)	malign (identity)	1.0000	1.0000	1.0000	1.0000	ok
BDPA Romance	duo	French	Occitan	malign (identity)	1.0000	1.0000	1.0000	1.0000	ok
BDPA Romance	duo	French	Venetian	malign (identity)	1.0000	1.0000	1.0000	1.0000	ok
BDPA Romance	duo	Italian	Ladino	malign (identity)	1.0000	1.0000	1.0000	1.0000	ok
BDPA Romance	duo	Italian	Ligurian	malign (identity)	1.0000	1.0000	1.0000	1.0000	ok
BDPA Romance	duo	Italian	Lombard(East)	malign (identity)	1.0000	1.0000	1.0000	1.0000	ok
BDPA Romance	duo	Italian	Lombard(West)	malign (identity)	1.0000	1.0000	1.0000	1.0000	ok
BDPA Romance	duo	Italian	Occitan	malign (identity)	1.0000	1.0000	1.0000	1.0000	ok
BDPA Romance	duo	Italian	Venetian	malign (identity)	1.0000	1.0000	1.0000	1.0000	ok
BDPA Romance	duo	Ladino	Ligurian	malign (identity)	1.0000	1.0000	1.0000	1.0000	ok
BDPA Romance	duo	Ladino	Lombard(East)	malign (identity)	1.0000	1.0000	1.0000	1.0000	ok
BDPA Romance	duo	Ladino	Lombard(West)	malign (identity)	1.0000	1.0000	1.0000	1.0000	ok
BDPA Romance	duo	Ladino	Occitan	malign (identity)	1.0000	1.0000	1.0000	1.0000	ok
BDPA Romance	duo	Ladino	Venetian	malign (identity)	1.0000	1.0000	1.0000	1.0000	ok
BDPA Romance	duo	Ligurian	Lombard(East)	malign (identity)	1.0000	1.0000	1.0000	1.0000	ok
BDPA Romance	duo	Ligurian	Lombard(West)	malign (identity)	1.0000	1.0000	1.0000	1.0000	ok
BDPA Romance	duo	Ligurian	Occitan	malign (identity)	1.0000	1.0000	1.0000	1.0000	ok
BDPA Romance	duo	Ligurian	Venetian	malign (identity)	1.0000	1.0000	1.0000	1.0000	ok
BDPA Romance	duo	Lombard(East)	Lombard(West)	malign (identity)	1.0000	1.0000	1.0000	1.0000	ok
BDPA Romance	duo	Lombard(East)	Occitan	malign (identity)	1.0000	1.0000	1.0000	1.0000	ok
BDPA Romance	duo	Lombard(East)	Venetian	malign (identity)	1.0000	1.0000	1.0000	1.0000	ok
BDPA Romance	duo	Lombard(West)	Occitan	malign (identity)	1.0000	1.0000	1.0000	1.0000	ok
BDPA Romance	duo	Lombard(West)	Venetian	malign (identity)	1.0000	1.0000	1.0000	1.0000	ok
BDPA Romance	duo	Occitan	Venetian	malign (identity)	1.0000	1.0000	1.0000	1.0000	ok
BDPA Romance	lacrimam	French	Italian	malign (identity)	0.7143	0.7143	0.7143	0.7143	ok
BDPA Romance	lacrimam	French	Ladino	malign (identity)	1.0000	1.0000	1.0000	1.0000	ok
BDPA Romance	lacrimam	French	Ligurian	malign (identity)	0.7143	0.7143	0.7143	0.7143	ok
BDPA Romance	lacrimam	French	Lombard(East)	malign (identity)	0.7500	0.7500	0.7500	0.7500	ok
BDPA Romance	lacrimam	French	Lombard(West)	malign (identity)	0.7143	0.7143	0.7143	0.7143	ok
BDPA Romance	lacrimam	French	Occitan	malign (identity)					skipped
BDPA Romance	lacrimam	French	Venetian	malign (identity)	0.7143	0.7143	0.7143	0.7143	ok
BDPA Romance	lacrimam	Italian	Ladino	malign (identity)	1.0000	1.0000	1.0000	1.0000	ok
BDPA Romance	lacrimam	Italian	Ligurian	malign (identity)	1.0000	1.0000	1.0000	1.0000	ok
BDPA Romance	lacrimam	Italian	Lombard(East)	malign (identity)	1.0000	1.0000	1.0000	1.0000	ok
BDPA Romance	lacrimam	Italian	Lombard(West)	malign (identity)	1.0000	1.0000	1.0000	1.0000	ok
BDPA Romance	lacrimam	Italian	Occitan	malign (identity)	0.7143	0.7143	0.7143	0.7143	ok
BDPA Romance	lacrimam	Italian	Venetian	malign (identity)	1.0000	1.0000	1.0000	1.0000	ok
BDPA Romance	lacrimam	Ladino	Ligurian	malign (identity)	1.0000	1.0000	1.0000	1.0000	ok
BDPA Romance	lacrimam	Ladino	Lombard(East)	malign (identity)	1.0000	1.0000	1.0000	1.0000	ok
BDPA Romance	lacrimam	Ladino	Lombard(West)	malign (identity)	1.0000	1.0000	1.0000	1.0000	ok
BDPA Romance	lacrimam	Ladino	Occitan	malign (identity)	0.4286	0.4286	0.4286	0.4286	ok
BDPA Romance	lacrimam	Ladino	Venetian	malign (identity)	1.0000	1.0000	1.0000	1.0000	ok
BDPA Romance	lacrimam	Ligurian	Lombard(East)	malign (identity)	1.0000	1.0000	1.0000	1.0000	ok
BDPA Romance	lacrimam	Ligurian	Lombard(West)	malign (identity)	1.0000	1.0000	1.0000	1.0000	ok
BDPA Romance	lacrimam	Ligurian	Occitan	malign (identity)	1.0000	1.0000	1.0000	1.0000	ok
BDPA Romance	lacrimam	Ligurian	Venetian	malign (identity)	1.0000	1.0000	1.0000	1.0000	ok
BDPA Romance	lacrimam	Lombard(East)	Lombard(West)	malign (identity)	1.0000	1.0000	1.0000	1.0000	ok
BDPA Romance	lacrimam	Lombard(East)	Occitan	malign (identity)	0.7500	0.7500	0.7500	0.7500	ok
BDPA Romance	lacrimam	Lombard(East)	Venetian	malign (identity)	1.0000	1.0000	1.0000	1.0000	ok
BDPA Romance	lacrimam	Lombard(West)	Occitan	malign (identity)	0.7143	0.7143	0.7143	0.7143	ok
BDPA Romance	lacrimam	Lombard(West)	Venetian	malign (identity)	1.0000	1.0000	1.0000	1.0000	ok
BDPA Romance	lacrimam	Occitan	Venetian	malign (identity)	1.0000	1.0000	1.0000	1.0000	ok
BDPA Romance	lanam	French	Italian	malign (identity)	1.0000	1.0000	1.0000	1.0000	ok
BDPA Romance	lanam	French	Ladino	malign (identity)	1.0000	1.0000	1.0000	1.0000	ok
BDPA Romance	lanam	French	Ligurian	malign (identity)	1.0000	1.0000	1.0000	1.0000	ok
BDPA Romance	lanam	French	Lombard(East)	malign (identity)	1.0000	1.0000	1.0000	1.0000	ok
BDPA Romance	lanam	French	Lombard(West)	malign (identity)	1.0000	1.0000	1.0000	1.0000	ok
BDPA Romance	lanam	French	Occitan	malign (identity)					skipped
BDPA Romance	lanam	French	Venetian	malign (identity)	1.0000	1.0000	1.0000	1.0000	ok
BDPA Romance	lanam	Italian	Ladino	malign (identity)	1.0000	1.0000	1.0000	1.0000	ok
BDPA Romance	lanam	Italian	Ligurian	malign (identity)					skipped
BDPA Romance	lanam	Italian	Lombard(East)	malign (identity)	1.0000	1.0000	1.0000	1.0000	ok
BDPA Romance	lanam	Italian	Lombard(West)	malign (identity)	1.0000	1.0000	1.0000	1.0000	ok
BDPA Romance	lanam	Italian	Occitan	malign (identity)	0.5000	0.5000	0.5000	0.5000	ok
BDPA Romance	lanam	Italian	Venetian	malign (identity)	1.0000	1.0000	1.0000	1.0000	ok
BDPA Romance	lanam	Ladino	Ligurian	malign (identity)	1.0000	1.0000	1.0000	1.0000	ok
BDPA Romance	lanam	Ladino	Lombard(East)	malign (identity)	1.0000	1.0000	1.0000	1.0000	ok
BDPA Romance	lanam	Ladino	Lombard(West)	malign (identity)	1.0000	1.0000	1.0000	1.0000	ok
BDPA Romance	lanam	Ladino	Occitan	malign (identity)	0.5000	0.5000	0.5000	0.5000	ok
BDPA Romance	lanam	Ladino	Venetian	malign (identity)	1.0000	1.0000	1.0000	1.0000	ok
BDPA Romance	lanam	Ligurian	Lombard(East)	malign (identity)	1.0000	1.0000	1.0000	1.0000	ok
BDPA Romance	lanam	Ligurian	Lombard(West)	malign (identity)	1.0000	1.0000	1.0000	1.0000	ok
BDPA Romance	lanam	Ligurian	Occitan	malign (identity)					skipped
BDPA Romance	lanam	Ligurian	Venetian	malign (identity)					skipped
BDPA Romance	lanam	Lombard(East)	Lombard(West)	malign (identity)	1.0000	1.0000	1.0000	1.0000	ok
BDPA Romance	lanam	Lombard(East)	Occitan	malign (identity)	0.5000	0.5000	0.5000	0.5000	ok
BDPA Romance	lanam	Lombard(East)	Venetian	malign (identity)	1.0000	1.0000	1.0000	1.0000	ok
BDPA Romance	lanam	Lombard(West)	Occitan	malign (identity)	0.5000	0.5000	0.5000	0.5000	ok
BDPA Romance	lanam	Lombard(West)	Venetian	malign (identity)	1.0000	1.0000	1.0000	1.0000	ok
BDPA Romance	lanam	Occitan	Venetian	malign (identity)	0.5000	0.5000	0.5000	0.5000	ok
BDPA Romance	linguam	French	Italian	malign (identity)	1.0000	1.0000	1.0000	1.0000	ok
BDPA Romance	linguam	French	Ladino	malign (identity)	1.0000	1.0000	1.0000	1.0000	ok
BDPA Romance	linguam	French	Ligurian	malign (identity)	1.0000	1.0000	1.0000	1.0000	ok
BDPA Romance	linguam	French	Lombard(East)	malign (identity)	1.0000	1.0000	1.0000	1.0000	ok
BDPA Romance	linguam	French	Lombard(West)	malign (identity)	1.0000	1.0000	1.0000	1.0000	ok
BDPA Romance	linguam	French	Occitan	malign (identity)	1.0000	1.0000	1.0000	1.0000	ok
BDPA Romance	linguam	French	Venetian	malign (identity)	1.0000	1.0000	1.0000	1.0000	ok
BDPA Romance	linguam	Italian	Ladino	malign (identity)	0.6667	0.6667	0.6667	0.6667	ok
BDPA Romance	linguam	Italian	Ligurian	malign (identity)	1.0000	1.0000	1.0000	1.0000	ok
BDPA Romance	linguam	Italian	Lombard(East)	malign (identity)	1.0000	1.0000	1.0000	1.0000	ok
BDPA Romance	linguam	Italian	Lombard(West)	malign (identity)	1.0000	1.0000	1.0000	1.0000	ok
BDPA Romance	linguam	Italian	Occitan	malign (identity)	0.6667	0.6667	0.6667	0.6667	ok
BDPA Romance	linguam	Italian	Venetian	malign (identity)	1.0000	1.0000	1.0000	1.0000	ok
BDPA Romance	linguam	Ladino	Ligurian	malign (identity)	1.0000	1.0000	1.0000	1.0000	ok
BDPA Romance	linguam	Ladino	Lombard(East)	malign (identity)	0.6667	0.6667	0.6667	0.6667	ok
BDPA Romance	linguam	Ladino	Lombard(West)	malign (identity)	1.0000	1.0000	1.0000	1.0000	ok
BDPA Romance	linguam	Ladino	Occitan	malign (identity)	1.0000	1.0000	1.0000	1.0000	ok
BDPA Romance	linguam	Ladino	Venetian	malign (identity)	0.6667	0.6667	0.6667	0.6667	ok
BDPA Romance	linguam	Ligurian	Lombard(East)	malign (identity)	1.0000	1.0000	1.0000	1.0000	ok
BDPA Romance	linguam	Ligurian	Lombard(West)	malign (identity)	1.0000	1.0000	1.0000	1.0000	ok
BDPA Romance	linguam	Ligurian	Occitan	malign (identity)	0.6667	0.6667	0.6667	0.6667	ok
BDPA Romance	linguam	Ligurian	Venetian	malign (identity)	1.0000	1.0000	1.0000	1.0000	ok
BDPA Romance	linguam	Lombard(East)	Lombard(West)	malign (identity)	1.0000	1.0000	1.0000	1.0000	ok
BDPA Romance	linguam	Lombard(East)	Occitan	malign (identity)	0.6667	0.6667	0.6667	0.6667	ok
BDPA Romance	linguam	Lombard(East)	Venetian	malign (identity)	1.0000	1.0000	1.0000	1.0000	ok
BDPA Romance	linguam	Lombard(West)	Occitan	malign (identity)	0.6667	0.6667	0.6667	0.6667	ok
BDPA Romance	linguam	Lombard(West)	Venetian	malign (identity)	1.0000	1.0000	1.0000	1.0000	ok
BDPA Romance	linguam	Occitan	Venetian	malign (identity)	0.6667	0.6667	0.6667	0.6667	ok
BDPA Romance	lunam	French	Italian	malign (identity)	1.0000	1.0000	1.0000	1.0000	ok
BDPA Romance	lunam	French	Ladino	malign (identity)	1.0000	1.0000	1.0000	1.0000	ok
BDPA Romance	lunam	French	Ligurian	malign (identity)					skipped
BDPA Romance	lunam	French	Lombard(East)	malign (identity)	1.0000	1.0000	1.0000	1.0000	ok
BDPA Romance	lunam	French	Lombard(West)	malign (identity)	1.0000	1.0000	1.0000	1.0000	ok
BDPA Romance	lunam	French	Occitan	malign (identity)					skipped
BDPA Romance	lunam	French	Venetian	malign (identity)	1.0000	1.0000	1.0000	1.0000	ok
BDPA Romance	lunam	Italian	Ladino	malign (identity)	1.0000	1.0000	1.0000	1.0000	ok
BDPA Romance	lunam	Italian	Ligurian	malign (identity)	0.5000	0.5000	0.5000	0.5000	ok
BDPA Romance	lunam	Italian	Lombard(East)	malign (identity)	1.0000	1.0000	1.0000	1.0000	ok
BDPA Romance	lunam	Italian	Lombard(West)	malign (identity)	1.0000	1.0000	1.0000	1.0000	ok
BDPA Romance	lunam	Italian	Occitan	malign (identity)	0.5000	0.5000	0.5000	0.5000	ok
BDPA Romance	lunam	Italian	Venetian	malign (identity)	1.0000	1.0000	1.0000	1.0000	ok
BDPA Romance	lunam	Ladino	Ligurian	malign (identity)	1.0000	1.0000	1.0000	1.0000	ok
BDPA Romance	lunam	Ladino	Lombard(East)	malign (identity)	1.0000	1.0000	1.0000	1.0000	ok
BDPA Romance	lunam	Ladino	Lombard(West)	malign (identity)	1.0000	1.0000	1.0000	1.0000	ok
BDPA Romance	lunam	Ladino	Occitan	malign (identity)	0.5000	0.5000	0.5000	0.5000	ok
BDPA Romance	lunam	Ladino	Venetian	malign (identity)	1.0000	1.0000	1.0000	1.0000	ok
BDPA Romance	lunam	Ligurian	Lombard(East)	malign (identity)	1.0000	1.0000	1.0000	1.0000	ok
BDPA Romance	lunam	Ligurian	Lombard(West)	malign (identity)	1.0000	1.0000	1.0000	1.0000	ok
BDPA Romance	lunam	Ligurian	Occitan	malign (identity)	1.0000	1.0000	1.0000	1.0000	ok
BDPA Romance	lunam	Ligurian	Venetian	malign (identity)	0.5000	0.5000	0.5000	0.5000	ok
BDPA Romance	lunam	Lombard(East)	Lombard(West)	malign (identity)	1.0000	1.0000	1.0000	1.0000	ok
BDPA Romance	lunam	Lombard(East)	Occitan	malign (identity)	0.5000	0.5000	0.5000	0.5000	ok
BDPA Romance	lunam	Lombard(East)	Venetian	malign (identity)	1.0000	1.0000	1.0000	1.0000	ok
BDPA Romance	lunam	Lombard(West)	Occitan	malign (identity)	0.5000	0.5000	0.5000	0.5000	ok
BDPA Romance	lunam	Lombard(West)	Venetian	malign (identity)	1.0000	1.0000	1.0000	1.0000	ok
BDPA Romance	lunam	Occitan	Venetian	malign (identity)	0.5000	0.5000	0.5000	0.5000	ok
BDPA Romance	manum	French	Italian	malign (identity)	1.0000	1.0000	1.0000	1.0000	ok
BDPA Romance	manum	French	Ladino	malign (identity)	1.0000	1.0000	1.0000	1.0000	ok
BDPA Romance	manum	French	Ligurian	malign (identity)	1.0000	1.0000	1.0000	1.0000	ok
BDPA Romance	manum	French	Lombard(East)	malign (identity)	1.0000	1.0000	1.0000	1.0000	ok
BDPA Romance	manum	French	Lombard(West)	malign (identity)	1.0000	1.0000	1.0000	1.0000	ok
BDPA Romance	manum	French	Occitan	malign (identity)	1.0000	1.0000	1.0000	1.0000	ok
BDPA Romance	manum	French	Venetian	malign (identity)	1.0000	1.0000	1.0000	1.0000	ok
BDPA Romance	manum	Italian	Ladino	malign (identity)	1.0000	1.0000	1.0000	1.0000	ok
BDPA Romance	manum	Italian	Ligurian	malign (identity)	1.0000	1.0000	1.0000	1.0000	ok
BDPA Romance	manum	Italian	Lombard(East)	malign (identity)	1.0000	1.0000	1.0000	1.0000	ok
BDPA Romance	manum	Italian	Lombard(West)	malign (identity)	1.0000	1.0000	1.0000	1.0000	ok
BDPA Romance	manum	Italian	Occitan	malign (identity)	1.0000	1.0000	1.0000	1.0000	ok
BDPA Romance	manum	Italian	Venetian	malign (identity)	1.0000	1.0000	1.0000	1.0000	ok
BDPA Romance	manum	Ladino	Ligurian	malign (identity)	1.0000	1.0000	1.0000	1.0000	ok
BDPA Romance	manum	Ladino	Lombard(East)	malign (identity)	1.0000	1.0000	1.0000	1.0000	ok
BDPA Romance	manum	Ladino	Lombard(West)	malign (identity)	1.0000	1.0000	1.0000	1.0000	ok
BDPA Romance	manum	Ladino	Occitan	malign (identity)	1.0000	1.0000	1.0000	1.0000	ok
BDPA Romance	manum	Ladino	Venetian	malign (identity)	1.0000	1.0000	1.0000	1.0000	ok
BDPA Romance	manum	Ligurian	Lombard(East)	malign (identity)	1.0000	1.0000	1.0000	1.0000	ok
BDPA Romance	manum	Ligurian	Lombard(West)	malign (identity)	1.0000	1.0000	1.0000	1.0000	ok
BDPA Romance	manum	Ligurian	Occitan	malign (identity)	1.0000	1.0000	1.0000	1.0000	ok
BDPA Romance	manum	Ligurian	Venetian	malign (identity)	1.0000	1.0000	1.0000	1.0000	ok
BDPA Romance	manum	Lombard(East)	Lombard(West)	malign (identity)	1.0000	1.0000	1.0000	1.0000	ok
BDPA Romance	manum	Lombard(East)	Occitan	malign (identity)	1.0000	1.0000	1.0000	1.0000	ok
BDPA Romance	manum	Lombard(East)	Venetian	malign (identity)	1.0000	1.0000	1.0000	1.0000	ok
BDPA Romance	manum	Lombard(West)	Occitan	malign (identity)	1.0000	1.0000	1.0000	1.0000	ok
BDPA Romance	manum	Lombard(West)	Venetian	malign (identity)	1.0000	1.0000	1.0000	1.0000	ok
BDPA Romance	manum	Occitan	Venetian	malign (identity)	1.0000	1.0000	1.0000	1.0000	ok
BDPA Romance	mare	French	Italian	malign (identity)	1.0000	1.0000	1.0000	1.0000	ok
BDPA Romance	mare	French	Ladino	malign (identity)	1.0000	1.0000	1.0000	1.0000	ok
BDPA Romance	mare	French	Ligurian	malign (identity)	1.0000	1.0000	1.0000	1.0000	ok
BDPA Romance	mare	French	Lombard(East)	malign (identity)	1.0000	1.0000	1.0000	1.0000	ok
BDPA Romance	mare	French	Lombard(West)	malign (identity)	1.0000	1.0000	1.0000	1.0000	ok
BDPA Romance	mare	French	Occitan	malign (identity)	1.0000	1.0000	1.0000	1.0000	ok
BDPA Romance	mare	French	Venetian	malign (identity)	1.0000	1.0000	1.0000	1.0000	ok
BDPA Romance	mare	Italian	Ladino	malign (identity)	1.0000	1.0000	1.0000	1.0000	ok
BDPA Romance	mare	Italian	Ligurian	malign (identity)	1.0000	1.0000	1.0000	1.0000	ok
BDPA Romance	mare	Italian	Lombard(East)	malign (identity)	1.0000	1.0000	1.0000	1.0000	ok
BDPA Romance	mare	Italian	Lombard(West)	malign (identity)	1.0000	1.0000	1.0000	1.0000	ok
BDPA Romance	mare	Italian	Occitan	malign (identity)	1.0000	1.0000	1.0000	1.0000	ok
BDPA Romance	mare	Italian	Venetian	malign (identity)	1.0000	1.0000	1.0000	1.0000	ok
BDPA Romance	mare	Ladino	Ligurian	malign (identity)	1.0000	1.0000	1.0000	1.0000	ok
BDPA Romance	mare	Ladino	Lombard(East)	malign (identity)	1.0000	1.0000	1.0000	1.0000	ok
BDPA Romance	mare	Ladino	Lombard(West)	malign (identity)	1.0000	1.0000	1.0000	1.0000	ok
BDPA Romance	mare	Ladino	Occitan	malign (identity)	1.0000	1.0000	1.0000	1.0000	ok
BDPA Romance	mare	Ladino	Venetian	malign (identity)	1.0000	1.0000	1.0000	1.0000	ok
BDPA Romance	mare	Ligurian	Lombard(East)	malign (identity)	1.0000	1.0000	1.0000	1.0000	ok
BDPA Romance	mare	Ligurian	Lombard(West)	malign (identity)	1.0000	1.0000	1.0000	1.0000	ok
BDPA Romance	mare	Ligurian	Occitan	malign (identity)	1.0000	1.0000	1.0000	1.0000	ok
BDPA Romance	mare	Ligurian	Venetian	malign (identity)	1.0000	1.0000	1.0000	1.0000	ok
BDPA Romance	mare	Lombard(East)	Lombard(West)	malign (identity)	1.0000	1.0000	1.0000	1.0000	ok
BDPA Romance	mare	Lombard(East)	Occitan	malign (identity)	1.0000	1.0000	1.0000	1.0000	ok
BDPA Romance	mare	Lombard(East)	Venetian	malign (identity)	1.0000	1.0000	1.0000	1.0000	ok
BDPA Romance	mare	Lombard(West)	Occitan	malign (identity)	1.0000	1.0000	1.0000	1.0000	ok
BDPA Romance	mare	Lombard(West)	Venetian	malign (identity)	1.0000	1.0000	1.0000	1.0000	ok
BDPA Romance	mare	Occitan	Venetian	malign (identity)	1.0000	1.0000	1.0000	1.0000	ok
BDPA Romance	novem	French	Italian	malign (identity)	1.0000	1.0000	1.0000	1.0000	ok
BDPA Romance	novem	French	Ladino	malign (identity)	1.0000	1.0000	1.0000	1.0000	ok
BDPA Romance	novem	French	Ligurian	malign (identity)	1.0000	1.0000	1.0000	1.0000	ok
BDPA Romance	novem	French	Lombard(East)	malign (identity)	1.0000	1.0000	1.0000	1.0000	ok
BDPA Romance	novem	French	Lombard(West)	malign (identity)	1.0000	1.0000	1.0000	1.0000	ok
BDPA Romance	novem	French	Occitan	malign (identity)	1.0000	1.0000	1.0000	1.0000	ok
BDPA Romance	novem	French	Venetian	malign (identity)	1.0000	1.0000	1.0000	1.0000	ok
BDPA Romance	novem	Italian	Ladino	malign (identity)					skipped
BDPA Romance	novem	Italian	Ligurian	malign (identity)	1.0000	1.0000	1.0000	1.0000	ok
BDPA Romance	novem	Italian	Lombard(East)	malign (identity)	1.0000	1.0000	1.0000	1.0000	ok
BDPA Romance	novem	Italian	Lombard(West)	malign (identity)	1.0000	1.0000	1.0000	1.0000	ok
BDPA Romance	novem	Italian	Occitan	malign (identity)	1.0000	1.0000	1.0000	1.0000	ok
BDPA Romance	novem	Italian	Venetian	malign (identity)	1.0000	1.0000	1.0000	1.0000	ok
BDPA Romance	novem	Ladino	Ligurian	malign (identity)					skipped
BDPA Romance	novem	Ladino	Lombard(East)	malign (identity)	0.5000	0.5000	0.5000	0.5000	ok
BDPA Romance	novem	Ladino	Lombard(West)	malign (identity)	0.5000	0.5000	0.5000	0.5000	ok
BDPA Romance	novem	Ladino	Occitan	malign (identity)	0.5000	0.5000	0.5000	0.5000	ok
BDPA Romance	novem	Ladino	Venetian	malign (identity)					skipped
BDPA Romance	novem	Ligurian	Lombard(East)	malign (identity)	1.0000	1.0000	1.0000	1.0000	ok
BDPA Romance	novem	Ligurian	Lombard(West)	malign (identity)	1.0000	1.0000	1.0000	1.0000	ok
BDPA Romance	novem	Ligurian	Occitan	malign (identity)	1.0000	1.0000	1.0000	1.0000	ok
BDPA Romance	novem	Ligurian	Venetian	malign (identity)	1.0000	1.0000	1.0000	1.0000	ok
BDPA Romance	novem	Lombard(East)	Lombard(West)	malign (identity)	1.0000	1.0000	1.0000	1.0000	ok
BDPA Romance	novem	Lombard(East)	Occitan	malign (identity)	1.0000	1.0000	1.0000	1.0000	ok
BDPA Romance	novem	Lombard(East)	Venetian	malign (identity)	1.0000	1.0000	1.0000	1.0000	ok
BDPA Romance	novem	Lombard(West)	Occitan	malign (identity)	1.0000	1.0000	1.0000	1.0000	ok
BDPA Romance	novem	Lombard(West)	Venetian	malign (identity)	1.0000	1.0000	1.0000	1.0000	ok
BDPA Romance	novem	Occitan	Venetian	malign (identity)	1.0000	1.0000	1.0000	1.0000	ok
BDPA Romance	octo	French	Italian	malign (identity)					skipped
BDPA Romance	octo	French	Ladino	malign (identity)	1.0000	1.0000	1.0000	1.0000	ok
BDPA Romance	octo	French	Ligurian	malign (identity)	0.5000	0.5000	0.5000	0.5000	ok
BDPA Romance	octo	French	Lombard(East)	malign (identity)	0.3333	0.3333	0.3333	0.3333	ok
BDPA Romance	octo	French	Lombard(West)	malign (identity)	1.0000	1.0000	1.0000	1.0000	ok
BDPA Romance	octo	French	Occitan	malign (identity)	0.3333	0.3333	0.3333	0.3333	ok
BDPA Romance	octo	French	Venetian	malign (identity)	0.5000	0.5000	0.5000	0.5000	ok
BDPA Romance	octo	Italian	Ladino	malign (identity)	1.0000	1.0000	1.0000	1.0000	ok
BDPA Romance	octo	Italian	Ligurian	malign (identity)	1.0000	1.0000	1.0000	1.0000	ok
BDPA Romance	octo	Italian	Lombard(East)	malign (identity)					skipped
BDPA Romance	octo	Italian	Lombard(West)	malign (identity)	1.0000	1.0000	1.0000	1.0000	ok
BDPA Romance	octo	Italian	Occitan	malign (identity)	1.0000	1.0000	1.0000	1.0000	ok
BDPA Romance	octo	Italian	Venetian	malign (identity)	1.0000	1.0000	1.0000	1.0000	ok
BDPA Romance	octo	Ladino	Ligurian	malign (identity)	0.5000	0.5000	0.5000	0.5000	ok
BDPA Romance	octo	Ladino	Lombard(East)	malign (identity)	0.3333	0.3333	0.3333	0.3333	ok
BDPA Romance	octo	Ladino	Lombard(West)	malign (identity)	1.0000	1.0000	1.0000	1.0000	ok
BDPA Romance	octo	Ladino	Occitan	malign (identity)	0.3333	0.3333	0.3333	0.3333	ok
BDPA Romance	octo	Ladino	Venetian	malign (identity)	0.5000	0.5000	0.5000	0.5000	ok
BDPA Romance	octo	Ligurian	Lombard(East)	malign (identity)	1.0000	1.0000	1.0000	1.0000	ok
BDPA Romance	octo	Ligurian	Lombard(West)	malign (identity)	0.5000	0.5000	0.5000	0.5000	ok
BDPA Romance	octo	Ligurian	Occitan	malign (identity)	1.0000	1.0000	1.0000	1.0000	ok
BDPA Romance	octo	Ligurian	Venetian	malign (identity)	1.0000	1.0000	1.0000	1.0000	ok
BDPA Romance	octo	Lombard(East)	Lombard(West)	malign (identity)	0.3333	0.3333	0.3333	0.3333	ok
BDPA Romance	octo	Lombard(East)	Occitan	malign (identity)	1.0000	1.0000	1.0000	1.0000	ok
BDPA Romance	octo	Lombard(East)	Venetian	malign (identity)	1.0000	1.0000	1.0000	1.0000	ok
BDPA Romance	octo	Lombard(West)	Occitan	malign (identity)	0.3333	0.3333	0.3333	0.3333	ok
BDPA Romance	octo	Lombard(West)	Venetian	malign (identity)	0.5000	0.5000	0.5000	0.5000	ok
BDPA Romance	octo	Occitan	Venetian	malign (identity)	1.0000	1.0000	1.0000	1.0000	ok
BDPA Romance	oculum	French	Italian	malign (identity)	1.0000	1.0000	1.0000	1.0000	ok
BDPA Romance	oculum	French	Ladino	malign (identity)	0.2500	0.2500	0.2500	0.2500	ok
BDPA Romance	oculum	French	Ligurian	malign (identity)					skipped
BDPA Romance	oculum	French	Lombard(East)	malign (identity)					skipped
BDPA Romance	oculum	French	Lombard(West)	malign (identity)					skipped
BDPA Romance	oculum	French	Occitan	malign (identity)	1.0000	1.0000	1.0000	1.0000	ok
BDPA Romance	oculum	French	Venetian	malign (identity)					skipped
BDPA Romance	oculum	Italian	Ladino	malign (identity)					skipped
BDPA Romance	oculum	Italian	Ligurian	malign (identity)	0.5000	0.5000	0.5000	0.5000	ok
BDPA Romance	oculum	Italian	Lombard(East)	malign (identity)	1.0000	1.0000	1.0000	1.0000	ok
BDPA Romance	oculum	Italian	Lombard(West)	malign (identity)	1.0000	1.0000	1.0000	1.0000	ok
BDPA Romance	oculum	Italian	Occitan	malign (identity)	1.0000	1.0000	1.0000	1.0000	ok
BDPA Romance	oculum	Italian	Venetian	malign (identity)	0.5000	0.5000	0.5000	0.5000	ok
BDPA Romance	oculum	Ladino	Ligurian	malign (identity)					skipped
BDPA Romance	oculum	Ladino	Lombard(East)	malign (identity)	0.2500	0.2500	0.2500	0.2500	ok
BDPA Romance	oculum	Ladino	Lombard(West)	malign (identity)	0.2500	0.2500	0.2500	0.2500	ok
BDPA Romance	oculum	Ladino	Occitan	malign (identity)	0.2500	0.2500	0.2500	0.2500	ok
BDPA Romance	oculum	Ladino	Venetian	malign (identity)					skipped
BDPA Romance	oculum	Ligurian	Lombard(East)	malign (identity)	1.0000	1.0000	1.0000	1.0000	ok
BDPA Romance	oculum	Ligurian	Lombard(West)	malign (identity)	1.0000	1.0000	1.0000	1.0000	ok
BDPA Romance	oculum	Ligurian	Occitan	malign (identity)					skipped
BDPA Romance	oculum	Ligurian	Venetian	malign (identity)	1.0000	1.0000	1.0000	1.0000	ok
BDPA Romance	oculum	Lombard(East)	Lombard(West)	malign (identity)	1.0000	1.0000	1.0000	1.0000	ok
BDPA Romance	oculum	Lombard(East)	Occitan	malign (identity)					skipped
BDPA Romance	oculum	Lombard(East)	Venetian	malign (identity)	1.0000	1.0000	1.0000	1.0000	ok
BDPA Romance	oculum	Lombard(West)	Occitan	malign (identity)					skipped
BDPA Romance	oculum	Lombard(West)	Venetian	malign (identity)	1.0000	1.0000	1.0000	1.0000	ok
BDPA Romance	oculum	Occitan	Venetian	malign (identity)					skipped
BDPA Romance	ovum	French	Italian	malign (identity)	0.2500	0.2500	0.2500	0.2500	ok
BDPA Romance	ovum	French	Ladino	malign (identity)	1.0000	1.0000	1.0000	1.0000	ok
BDPA Romance	ovum	French	Ligurian	malign (identity)	1.0000	1.0000	1.0000	1.0000	ok
BDPA Romance	ovum	French	Lombard(East)	malign (identity)	1.0000	1.0000	1.0000	1.0000	ok
BDPA Romance	ovum	French	Lombard(West)	malign (identity)	1.0000	1.0000	1.0000	1.0000	ok
BDPA Romance	ovum	French	Occitan	malign (identity)					skipped
BDPA Romance	ovum	French	Venetian	malign (identity)	0.2500	0.2500	0.2500	0.2500	ok
BDPA Romance	ovum	Italian	Ladino	malign (identity)	1.0000	1.0000	1.0000	1.0000	ok
BDPA Romance	ovum	Italian	Ligurian	malign (identity)	0.5000	0.5000	0.5000	0.5000	ok
BDPA Romance	ovum	Italian	Lombard(East)	malign (identity)	0.2500	0.2500	0.2500	0.2500	ok
BDPA Romance	ovum	Italian	Lombard(West)	malign (identity)	0.2500	0.2500	0.2500	0.2500	ok
BDPA Romance	ovum	Italian	Occitan	malign (identity)	0.2500	0.2500	0.2500	0.2500	ok
BDPA Romance	ovum	Italian	Venetian	malign (identity)	1.0000	1.0000	1.0000	1.0000	ok
BDPA Romance	ovum	Ladino	Ligurian	malign (identity)					skipped
BDPA Romance	ovum	Ladino	Lombard(East)	malign (identity)	0.3333	0.3333	0.3333	0.3333	ok
BDPA Romance	ovum	Ladino	Lombard(West)	malign (identity)	0.3333	0.3333	0.3333	0.3333	ok
BDPA Romance	ovum	Ladino	Occitan	malign (identity)					skipped
BDPA Romance	ovum	Ladino	Venetian	malign (identity)	1.0000	1.0000	1.0000	1.0000	ok
BDPA Romance	ovum	Ligurian	Lombard(East)	malign (identity)	1.0000	1.0000	1.0000	1.0000	ok
BDPA Romance	ovum	Ligurian	Lombard(West)	malign (identity)	1.0000	1.0000	1.0000	1.0000	ok
BDPA Romance	ovum	Ligurian	Occitan	malign (identity)	0.3333	0.3333	0.3333	0.3333	ok
BDPA Romance	ovum	Ligurian	Venetian	malign (identity)	0.5000	0.5000	0.5000	0.5000	ok
BDPA Romance	ovum	Lombard(East)	Lombard(West)	malign (identity)	1.0000	1.0000	1.0000	1.0000	ok
BDPA Romance	ovum	Lombard(East)	Occitan	malign (identity)					skipped
BDPA Romance	ovum	Lombard(East)	Venetian	malign (identity)	0.2500	0.2500	0.2500	0.2500	ok
BDPA Romance	ovum	Lombard(West)	Occitan	malign (identity)					skipped
BDPA Romance	ovum	Lombard(West)	Venetian	malign (identity)	0.2500	0.2500	0.2500	0.2500	ok
BDPA Romance	ovum	Occitan	Venetian	malign (identity)	0.2500	0.2500	0.2500	0.2500	ok
BDPA Romance	pedem	French	Italian	malign (identity)	0.6000	0.6000	0.6000	0.6000	ok
BDPA Romance	pedem	French	Ladino	malign (identity)	1.0000	1.0000	1.0000	1.0000	ok
BDPA Romance	pedem	French	Ligurian	malign (identity)	1.0000	1.0000	1.0000	1.0000	ok
BDPA Romance	pedem	French	Lombard(East)	malign (identity)	1.0000	1.0000	1.0000	1.0000	ok
BDPA Romance	pedem	French	Lombard(West)	malign (identity)	1.0000	1.0000	1.0000	1.0000	ok
BDPA Romance	pedem	French	Occitan	malign (identity)	1.0000	1.0000	1.0000	1.0000	ok
BDPA Romance	pedem	French	Venetian	malign (identity)	1.0000	1.0000	1.0000	1.0000	ok
BDPA Romance	pedem	Italian	Ladino	malign (identity)	0.6000	0.6000	0.6000	0.6000	ok
BDPA Romance	pedem	Italian	Ligurian	malign (identity)	0.6000	0.6000	0.6000	0.6000	ok
BDPA Romance	pedem	Italian	Lombard(East)	malign (identity)	0.6000	0.6000	0.6000	0.6000	ok
BDPA Romance	pedem	Italian	Lombard(West)	malign (identity)	0.6000	0.6000	0.6000	0.6000	ok
BDPA Romance	pedem	Italian	Occitan	malign (identity)	0.6000	0.6000	0.6000	0.6000	ok
BDPA Romance	pedem	Italian	Venetian	malign (identity)	0.6000	0.6000	0.6000	0.6000	ok
BDPA Romance	pedem	Ladino	Ligurian	malign (identity)	1.0000	1.0000	1.0000	1.0000	ok
BDPA Romance	pedem	Ladino	Lombard(East)	malign (identity)	1.0000	1.0000	1.0000	1.0000	ok
BDPA Romance	pedem	Ladino	Lombard(West)	malign (identity)	1.0000	1.0000	1.0000	1.0000	ok
BDPA Romance	pedem	Ladino	Occitan	malign (identity)	1.0000	1.0000	1.0000	1.0000	ok
BDPA Romance	pedem	Ladino	Venetian	malign (identity)	1.0000	1.0000	1.0000	1.0000	ok
BDPA Romance	pedem	Ligurian	Lombard(East)	malign (identity)	1.0000	1.0000	1.0000	1.0000	ok
BDPA Romance	pedem	Ligurian	Lombard(West)	malign (identity)	1.0000	1.0000	1.0000	1.0000	ok
BDPA Romance	pedem	Ligurian	Occitan	malign (identity)	1.0000	1.0000	1.0000	1.0000	ok
BDPA Romance	pedem	Ligurian	Venetian	malign (identity)	1.0000	1.0000	1.0000	1.0000	ok
BDPA Romance	pedem	Lombard(East)	Lombard(West)	malign (identity)	1.0000	1.0000	1.0000	1.0000	ok
BDPA Romance	pedem	Lombard(East)	Occitan	malign (identity)	1.0000	1.0000	1.0000	1.0000	ok
BDPA Romance	pedem	Lombard(East)	Venetian	malign (identity)	1.0000	1.0000	1.0000	1.0000	ok
BDPA Romance	pedem	Lombard(West)	Occitan	malign (identity)	1.0000	1.0000	1.0000	1.0000	ok
BDPA Romance	pedem	Lombard(West)	Venetian	malign (identity)	1.0000	1.0000	1.0000	1.0000	ok
BDPA Romance	pedem	Occitan	Venetian	malign (identity)	1.0000	1.0000	1.0000	1.0000	ok
BDPA Romance	quattuor	French	Italian	malign (identity)	1.0000	1.0000	1.0000	1.0000	ok
BDPA Romance	quattuor	French	Ladino	malign (identity)	1.0000	1.0000	1.0000	1.0000	ok
BDPA Romance	quattuor	French	Ligurian	malign (identity)	1.0000	1.0000	1.0000	1.0000	ok
BDPA Romance	quattuor	French	Lombard(East)	malign (identity)	0.3333	0.3333	0.3333	0.3333	ok
BDPA Romance	quattuor	French	Lombard(West)	malign (identity)	0.6667	0.6667	0.6667	0.6667	ok
BDPA Romance	quattuor	French	Occitan	malign (identity)	1.0000	1.0000	1.0000	1.0000	ok
BDPA Romance	quattuor	French	Venetian	malign (identity)	1.0000	1.0000	1.0000	1.0000	ok
BDPA Romance	quattuor	Italian	Ladino	malign (identity)	1.0000	1.0000	1.0000	1.0000	ok
BDPA Romance	quattuor	Italian	Ligurian	malign (identity)	1.0000	1.0000	1.0000	1.0000	ok
BDPA Romance	quattuor	Italian	Lombard(East)	malign (identity)	1.0000	1.0000	1.0000	1.0000	ok
BDPA Romance	quattuor	Italian	Lombard(West)	malign (identity)	1.0000	1.0000	1.0000	1.0000	ok
BDPA Romance	quattuor	Italian	Occitan	malign (identity)	1.0000	1.0000	1.0000	1.0000	ok
BDPA Romance	quattuor	Italian	Venetian	malign (identity)	1.0000	1.0000	1.0000	1.0000	ok
BDPA Romance	quattuor	Ladino	Ligurian	malign (identity)	1.0000	1.0000	1.0000	1.0000	ok
BDPA Romance	quattuor	Ladino	Lombard(East)	malign (identity)	0.3333	0.3333	0.3333	0.3333	ok
BDPA Romance	quattuor	Ladino	Lombard(West)	malign (identity)	0.6667	0.6667	0.6667	0.6667	ok
BDPA Romance	quattuor	Ladino	Occitan	malign (identity)	1.0000	1.0000	1.0000	1.0000	ok
BDPA Romance	quattuor	Ladino	Venetian	malign (identity)	1.0000	1.0000	1.0000	1.0000	ok
BDPA Romance	quattuor	Ligurian	Lombard(East)	malign (identity)	1.0000	1.0000	1.0000	1.0000	ok
BDPA Romance	quattuor	Ligurian	Lombard(West)	malign (identity)	1.0000	1.0000	1.0000	1.0000	ok
BDPA Romance	quattuor	Ligurian	Occitan	malign (identity)	1.0000	1.0000	1.0000	1.0000	ok
BDPA Romance	quattuor	Ligurian	Venetian	malign (identity)	1.0000	1.0000	1.0000	1.0000	ok
BDPA Romance	quattuor	Lombard(East)	Lombard(West)	malign (identity)	1.0000	1.0000	1.0000	1.0000	ok
BDPA Romance	quattuor	Lombard(East)	Occitan	malign (identity)	0.7143	0.7143	0.7143	0.7143	ok
BDPA Romance	quattuor	Lombard(East)	Venetian	malign (identity)	1.0000	1.0000	1.0000	1.0000	ok
BDPA Romance	quattuor	Lombard(West)	Occitan	malign (identity)	1.0000	1.0000	1.0000	1.0000	ok
BDPA Romance	quattuor	Lombard(West)	Venetian	malign (identity)	1.0000	1.0000	1.0000	1.0000	ok
BDPA Romance	quattuor	Occitan	Venetian	malign (identity)	1.0000	1.0000	1.0000	1.0000	ok
BDPA Romance	quinque	French	Italian	malign (identity)	1.0000	1.0000	1.0000	1.0000	ok
BDPA Romance	quinque	French	Ladino	malign (identity)	1.0000	1.0000	1.0000	1.0000	ok
BDPA Romance	quinque	French	Ligurian	malign (identity)	1.0000	1.0000	1.0000	1.0000	ok
BDPA Romance	quinque	French	Lombard(East)	malign (identity)	1.0000	1.0000	1.0000	1.0000	ok
BDPA Romance	quinque	French	Lombard(West)	malign (identity)	1.0000	1.0000	1.0000	1.0000	ok
BDPA Romance	quinque	French	Occitan	malign (identity)	1.0000	1.0000	1.0000	1.0000	ok
BDPA Romance	quinque	French	Venetian	malign (identity)	1.0000	1.0000	1.0000	1.0000	ok
BDPA Romance	quinque	Italian	Ladino	malign (identity)	1.0000	1.0000	1.0000	1.0000	ok
BDPA Romance	quinque	Italian	Ligurian	malign (identity)	1.0000	1.0000	1.0000	1.0000	ok
BDPA Romance	quinque	Italian	Lombard(East)	malign (identity)	1.0000	1.0000	1.0000	1.0000	ok
BDPA Romance	quinque	Italian	Lombard(West)	malign (identity)	1.0000	1.0000	1.0000	1.0000	ok
BDPA Romance	quinque	Italian	Occitan	malign (identity)	1.0000	1.0000	1.0000	1.0000	ok
BDPA Romance	quinque	Italian	Venetian	malign (identity)	1.0000	1.0000	1.0000	1.0000	ok
BDPA Romance	quinque	Ladino	Ligurian	malign (identity)	1.0000	1.0000	1.0000	1.0000	ok
BDPA Romance	quinque	Ladino	Lombard(East)	malign (identity)	1.0000	1.0000	1.0000	1.0000	ok
BDPA Romance	quinque	Ladino	Lombard(West)	malign (identity)	1.0000	1.0000	1.0000	1.0000	ok
BDPA Romance	quinque	Ladino	Occitan	malign (identity)	1.0000	1.0000	1.0000	1.0000	ok
BDPA Romance	quinque	Ladino	Venetian	malign (identity)	1.0000	1.0000	1.0000	1.0000	ok
BDPA Romance	quinque	Ligurian	Lombard(East)	malign (identity)	1.0000	1.0000	1.0000	1.0000	ok
BDPA Romance	quinque	Ligurian	Lombard(West)	malign (identity)	1.0000	1.0000	1.0000	1.0000	ok
BDPA Romance	quinque	Ligurian	Occitan	malign (identity)	1.0000	1.0000	1.0000	1.0000	ok
BDPA Romance	quinque	Ligurian	Venetian	malign (identity)	1.0000	1.0000	1.0000	1.0000	ok
BDPA Romance	quinque	Lombard(East)	Lombard(West)	malign (identity)	1.0000	1.0000	1.0000	1.0000	ok
BDPA Romance	quinque	Lombard(East)	Occitan	malign (identity)	1.0000	1.0000	1.0000	1.0000	ok
BDPA Romance	quinque	Lombard(East)	Venetian	malign (identity)	1.0000	1.0000	1.0000	1.0000	ok
BDPA Romance	quinque	Lombard(West)	Occitan	malign (identity)	1.0000	1.0000	1.0000	1.0000	ok
BDPA Romance	quinque	Lombard(West)	Venetian	malign (identity)	1.0000	1.0000	1.0000	1.0000	ok
BDPA Romance	quinque	Occitan	Venetian	malign (identity)	1.0000	1.0000	1.0000	1.0000	ok
BDPA Romance	septem	French	Italian	malign (identity)	1.0000	1.0000	1.0000	1.0000	ok
BDPA Romance	septem	French	Ladino	malign (identity)	1.0000	1.0000	1.0000	1.0000	ok
BDPA Romance	septem	French	Ligurian	malign (identity)	1.0000	1.0000	1.0000	1.0000	ok
BDPA Romance	septem	French	Lombard(East)	malign (identity)	1.0000	1.0000	1.0000	1.0000	ok
BDPA Romance	septem	French	Lombard(West)	malign (identity)	1.0000	1.0000	1.0000	1.0000	ok
BDPA Romance	septem	French	Occitan	malign (identity)	1.0000	1.0000	1.0000	1.0000	ok
BDPA Romance	septem	French	Venetian	malign (identity)	1.0000	1.0000	1.0000	1.0000	ok
BDPA Romance	septem	Italian	Ladino	malign (identity)	1.0000	1.0000	1.0000	1.0000	ok
BDPA Romance	septem	Italian	Ligurian	malign (identity)	1.0000	1.0000	1.0000	1.0000	ok
BDPA Romance	septem	Italian	Lombard(East)	malign (identity)	1.0000	1.0000	1.0000	1.0000	ok
BDPA Romance	septem	Italian	Lombard(West)	malign (identity)	1.0000	1.0000	1.0000	1.0000	ok
BDPA Romance	septem	Italian	Occitan	malign (identity)	1.0000	1.0000	1.0000	1.0000	ok
BDPA Romance	septem	Italian	Venetian	malign (identity)	1.0000	1.0000	1.0000	1.0000	ok
BDPA Romance	septem	Ladino	Ligurian	malign (identity)	1.0000	1.0000	1.0000	1.0000	ok
BDPA Romance	septem	Ladino	Lombard(East)	malign (identity)	1.0000	1.0000	1.0000	1.0000	ok
BDPA Romance	septem	Ladino	Lombard(West)	malign (identity)	1.0000	1.0000	1.0000	1.0000	ok
BDPA Romance	septem	Ladino	Occitan	malign (identity)	1.0000	1.0000	1.0000	1.0000	ok
BDPA Romance	septem	Ladino	Venetian	malign (identity)	1.0000	1.0000	1.0000	1.0000	ok
BDPA Romance	septem	Ligurian	Lombard(East)	malign (identity)	1.0000	1.0000	1.0000	1.0000	ok
BDPA Romance	septem	Ligurian	Lombard(West)	malign (identity)	1.0000	1.0000	1.0000	1.0000	ok
BDPA Romance	septem	Ligurian	Occitan	malign (identity)	1.0000	1.0000	1.0000	1.0000	ok
BDPA Romance	septem	Ligurian	Venetian	malign (identity)	1.0000	1.0000	1.0000	1.0000	ok
BDPA Romance	septem	Lombard(East)	Lombard(West)	malign (identity)	1.0000	1.0000	1.0000	1.0000	ok
BDPA Romance	septem	Lombard(East)	Occitan	malign (identity)	1.0000	1.0000	1.0000	1.0000	ok
BDPA Romance	septem	Lombard(East)	Venetian	malign (identity)	1.0000	1.0000	1.0000	1.0000	ok
BDPA Romance	septem	Lombard(West)	Occitan	malign (identity)	1.0000	1.0000	1.0000	1.0000	ok
BDPA Romance	septem	Lombard(West)	Venetian	malign (identity)	1.0000	1.0000	1.0000	1.0000	ok
BDPA Romance	septem	Occitan	Venetian	malign (identity)	1.0000	1.0000	1.0000	1.0000	ok
BDPA Romance	sex	French	Italian	malign (identity)	1.0000	1.0000	1.0000	1.0000	ok
BDPA Romance	sex	French	Ladino	malign (identity)	1.0000	1.0000	1.0000	1.0000	ok
BDPA Romance	sex	French	Ligurian	malign (identity)	1.0000	1.0000	1.0000	1.0000	ok
BDPA Romance	sex	French	Lombard(East)	malign (identity)	1.0000	1.0000	1.0000	1.0000	ok
BDPA Romance	sex	French	Lombard(West)	malign (identity)	1.0000	1.0000	1.0000	1.0000	ok
BDPA Romance	sex	French	Occitan	malign (identity)	1.0000	1.0000	1.0000	1.0000	ok
BDPA Romance	sex	French	Venetian	malign (identity)					skipped
BDPA Romance	sex	Italian	Ladino	malign (identity)	1.0000	1.0000	1.0000	1.0000	ok
BDPA Romance	sex	Italian	Ligurian	malign (identity)	1.0000	1.0000	1.0000	1.0000	ok
BDPA Romance	sex	Italian	Lombard(East)	malign (identity)					skipped
BDPA Romance	sex	Italian	Lombard(West)	malign (identity)	1.0000	1.0000	1.0000	1.0000	ok
BDPA Romance	sex	Italian	Occitan	malign (identity)	1.0000	1.0000	1.0000	1.0000	ok
BDPA Romance	sex	Italian	Venetian	malign (identity)	1.0000	1.0000	1.0000	1.0000	ok
BDPA Romance	sex	Ladino	Ligurian	malign (identity)	1.0000	1.0000	1.0000	1.0000	ok
BDPA Romance	sex	Ladino	Lombard(East)	malign (identity)	1.0000	1.0000	1.0000	1.0000	ok
BDPA Romance	sex	Ladino	Lombard(West)	malign (identity)	1.0000	1.0000	1.0000	1.0000	ok
BDPA Romance	sex	Ladino	Occitan	malign (identity)	1.0000	1.0000	1.0000	1.0000	ok
BDPA Romance	sex	Ladino	Venetian	malign (identity)	1.0000	1.0000	1.0000	1.0000	ok
BDPA Romance	sex	Ligurian	Lombard(East)	malign (identity)					skipped
BDPA Romance	sex	Ligurian	Lombard(West)	malign (identity)	1.0000	1.0000	1.0000	1.0000	ok
BDPA Romance	sex	Ligurian	Occitan	malign (identity)	1.0000	1.0000	1.0000	1.0000	ok
BDPA Romance	sex	Ligurian	Venetian	malign (identity)	1.0000	1.0000	1.0000	1.0000	ok
BDPA Romance	sex	Lombard(East)	Lombard(West)	malign (identity)	1.0000	1.0000	1.0000	1.0000	ok
BDPA Romance	sex	Lombard(East)	Occitan	malign (identity)					skipped
BDPA Romance	sex	Lombard(East)	Venetian	malign (identity)	0.5000	0.5000	0.5000	0.5000	ok
BDPA Romance	sex	Lombard(West)	Occitan	malign (identity)	1.0000	1.0000	1.0000	1.0000	ok
BDPA Romance	sex	Lombard(West)	Venetian	malign (identity)					skipped
BDPA Romance	sex	Occitan	Venetian	malign (identity)	1.0000	1.0000	1.0000	1.0000	ok
BDPA Romance	terram	French	Italian	malign (identity)	1.0000	1.0000	1.0000	1.0000	ok
BDPA Romance	terram	French	Ladino	malign (identity)	0.6000	0.6000	0.6000	0.6000	ok
BDPA Romance	terram	French	Ligurian	malign (identity)	1.0000	1.0000	1.0000	1.0000	ok
BDPA Romance	terram	French	Lombard(East)	malign (identity)	1.0000	1.0000	1.0000	1.0000	ok
BDPA Romance	terram	French	Lombard(West)	malign (identity)	1.0000	1.0000	1.0000	1.0000	ok
BDPA Romance	terram	French	Occitan	malign (identity)	1.0000	1.0000	1.0000	1.0000	ok
BDPA Romance	terram	French	Venetian	malign (identity)	1.0000	1.0000	1.0000	1.0000	ok
BDPA Romance	terram	Italian	Ladino	malign (identity)	0.2000	0.2000	0.2000	0.2000	ok
BDPA Romance	terram	Italian	Ligurian	malign (identity)	1.0000	1.0000	1.0000	1.0000	ok
BDPA Romance	terram	Italian	Lombard(East)	malign (identity)	1.0000	1.0000	1.0000	1.0000	ok
BDPA Romance	terram	Italian	Lombard(West)	malign (identity)	1.0000	1.0000	1.0000	1.0000	ok
BDPA Romance	terram	Italian	Occitan	malign (identity)	1.0000	1.0000	1.0000	1.0000	ok
BDPA Romance	terram	Italian	Venetian	malign (identity)	1.0000	1.0000	1.0000	1.0000	ok
BDPA Romance	terram	Ladino	Ligurian	malign (identity)	0.4000	0.4000	0.4000	0.4000	ok
BDPA Romance	terram	Ladino	Lombard(East)	malign (identity)	0.4000	0.4000	0.4000	0.4000	ok
BDPA Romance	terram	Ladino	Lombard(West)	malign (identity)	0.4000	0.4000	0.4000	0.4000	ok
BDPA Romance	terram	Ladino	Occitan	malign (identity)	0.2000	0.2000	0.2000	0.2000	ok
BDPA Romance	terram	Ladino	Venetian	malign (identity)	0.2000	0.2000	0.2000	0.2000	ok
BDPA Romance	terram	Ligurian	Lombard(East)	malign (identity)	1.0000	1.0000	1.0000	1.0000	ok
BDPA Romance	terram	Ligurian	Lombard(West)	malign (identity)	1.0000	1.0000	1.0000	1.0000	ok
BDPA Romance	terram	Ligurian	Occitan	malign (identity)	1.0000	1.0000	1.0000	1.0000	ok
BDPA Romance	terram	Ligurian	Venetian	malign (identity)	1.0000	1.0000	1.0000	1.0000	ok
BDPA Romance	terram	Lombard(East)	Lombard(West)	malign (identity)	1.0000	1.0000	1.0000	1.0000	ok
BDPA Romance	terram	Lombard(East)	Occitan	malign (identity)	1.0000	1.0000	1.0000	1.0000	ok
BDPA Romance	terram	Lombard(East)	Venetian	malign (identity)	1.0000	1.0000	1.0000	1.0000	ok
BDPA Romance	terram	Lombard(West)	Occitan	malign (identity)	1.0000	1.0000	1.0000	1.0000	ok
BDPA Romance	terram	Lombard(West)	Venetian	malign (identity)	1.0000	1.0000	1.0000	1.0000	ok
BDPA Romance	terram	Occitan	Venetian	malign (identity)	1.0000	1.0000	1.0000	1.0000	ok
BDPA Romance	tres	French	Italian	malign (identity)	0.5000	0.5000	0.5000	0.5000	ok
BDPA Romance	tres	French	Ladino	malign (identity)	0.5000	0.5000	0.5000	0.5000	ok
BDPA Romance	tres	French	Ligurian	malign (identity)	0.5000	0.5000	0.5000	0.5000	ok
BDPA Romance	tres	French	Lombard(East)	malign (identity)	0.5000	0.5000	0.5000	0.5000	ok
BDPA Romance	tres	French	Lombard(West)	malign (identity)	0.5000	0.5000	0.5000	0.5000	ok
BDPA Romance	tres	French	Occitan	malign (identity)	0.5000	0.5000	0.5000	0.5000	ok
BDPA Romance	tres	French	Venetian	malign (identity)	0.5000	0.5000	0.5000	0.5000	ok
BDPA Romance	tres	Italian	Ladino	malign (identity)	1.0000	1.0000	1.0000	1.0000	ok
BDPA Romance	tres	Italian	Ligurian	malign (identity)	1.0000	1.0000	1.0000	1.0000	ok
BDPA Romance	tres	Italian	Lombard(East)	malign (identity)	1.0000	1.0000	1.0000	1.0000	ok
BDPA Romance	tres	Italian	Lombard(West)	malign (identity)	1.0000	1.0000	1.0000	1.0000	ok
BDPA Romance	tres	Italian	Occitan	malign (identity)	1.0000	1.0000	1.0000	1.0000	ok
BDPA Romance	tres	Italian	Venetian	malign (identity)	1.0000	1.0000	1.0000	1.0000	ok
BDPA Romance	tres	Ladino	Ligurian	malign (identity)	1.0000	1.0000	1.0000	1.0000	ok
BDPA Romance	tres	Ladino	Lombard(East)	malign (identity)	1.0000	1.0000	1.0000	1.0000	ok
BDPA Romance	tres	Ladino	Lombard(West)	malign (identity)	1.0000	1.0000	1.0000	1.0000	ok
BDPA Romance	tres	Ladino	Occitan	malign (identity)	1.0000	1.0000	1.0000	1.0000	ok
BDPA Romance	tres	Ladino	Venetian	malign (identity)	1.0000	1.0000	1.0000	1.0000	ok
BDPA Romance	tres	Ligurian	Lombard(East)	malign (identity)	1.0000	1.0000	1.0000	1.0000	ok
BDPA Romance	tres	Ligurian	Lombard(West)	malign (identity)	1.0000	1.0000	1.0000	1.0000	ok
BDPA Romance	tres	Ligurian	Occitan	malign (identity)	1.0000	1.0000	1.0000	1.0000	ok
BDPA Romance	tres	Ligurian	Venetian	malign (identity)	1.0000	1.0000	1.0000	1.0000	ok
BDPA Romance	tres	Lombard(East)	Lombard(West)	malign (identity)	1.0000	1.0000	1.0000	1.0000	ok
BDPA Romance	tres	Lombard(East)	Occitan	malign (identity)	1.0000	1.0000	1.0000	1.0000	ok
BDPA Romance	tres	Lombard(East)	Venetian	malign (identity)	1.0000	1.0000	1.0000	1.0000	ok
BDPA Romance	tres	Lombard(West)	Occitan	malign (identity)	1.0000	1.0000	1.0000	1.0000	ok
BDPA Romance	tres	Lombard(West)	Venetian	malign (identity)	1.0000	1.0000	1.0000	1.0000	ok
BDPA Romance	tres	Occitan	Venetian	malign (identity)	1.0000	1.0000	1.0000	1.0000	ok
BDPA Romance	ungulam	French	Italian	malign (identity)	0.4000	0.4000	0.4000	0.4000	ok
BDPA Romance	ungulam	French	Ladino	malign (identity)	0.5000	0.5000	0.5000	0.5000	ok
BDPA Romance	ungulam	French	Ligurian	malign (identity)					skipped
BDPA Romance	ungulam	French	Lombard(East)	malign (identity)					skipped
BDPA Romance	ungulam	French	Lombard(West)	malign (identity)					skipped
BDPA Romance	ungulam	French	Occitan	malign (identity)	1.0000	1.0000	1.0000	1.0000	ok
BDPA Romance	ungulam	French	Venetian	malign (identity)					skipped
BDPA Romance	ungulam	Italian	Ladino	malign (identity)	0.0000	0.0000	0.0000	0.0000	ok
BDPA Romance	ungulam	Italian	Ligurian	malign (identity)	0.6000	0.6000	0.6000	0.6000	ok
BDPA Romance	ungulam	Italian	Lombard(East)	malign (identity)	0.6000	0.6000	0.6000	0.6000	ok
BDPA Romance	ungulam	Italian	Lombard(West)	malign (identity)	0.6000	0.6000	0.6000	0.6000	ok
BDPA Romance	ungulam	Italian	Occitan	malign (identity)	1.0000	1.0000	1.0000	1.0000	ok
BDPA Romance	ungulam	Italian	Venetian	malign (identity)	1.0000	1.0000	1.0000	1.0000	ok
BDPA Romance	ungulam	Ladino	Ligurian	malign (identity)	0.6667	0.6667	0.6667	0.6667	ok
BDPA Romance	ungulam	Ladino	Lombard(East)	malign (identity)	0.3333	0.3333	0.3333	0.3333	ok
BDPA Romance	ungulam	Ladino	Lombard(West)	malign (identity)	0.6667	0.6667	0.6667	0.6667	ok
BDPA Romance	ungulam	Ladino	Occitan	malign (identity)	0.3333	0.3333	0.3333	0.3333	ok
BDPA Romance	ungulam	Ladino	Venetian	malign (identity)	0.6667	0.6667	0.6667	0.6667	ok
BDPA Romance	ungulam	Ligurian	Lombard(East)	malign (identity)	1.0000	1.0000	1.0000	1.0000	ok
BDPA Romance	ungulam	Ligurian	Lombard(West)	malign (identity)	1.0000	1.0000	1.0000	1.0000	ok
BDPA Romance	ungulam	Ligurian	Occitan	malign (identity)	0.6000	0.6000	0.6000	0.6000	ok
BDPA Romance	ungulam	Ligurian	Venetian	malign (identity)	1.0000	1.0000	1.0000	1.0000	ok
BDPA Romance	ungulam	Lombard(East)	Lombard(West)	malign (identity)	1.0000	1.0000	1.0000	1.0000	ok
BDPA Romance	ungulam	Lombard(East)	Occitan	malign (identity)	0.6000	0.6000	0.6000	0.6000	ok
BDPA Romance	ungulam	Lombard(East)	Venetian	malign (identity)	1.0000	1.0000	1.0000	1.0000	ok
BDPA Romance	ungulam	Lombard(West)	Occitan	malign (identity)	0.6000	0.6000	0.6000	0.6000	ok
BDPA Romance	ungulam	Lombard(West)	Venetian	malign (identity)	1.0000	1.0000	1.0000	1.0000	ok
BDPA Romance	ungulam	Occitan	Venetian	malign (identity)	0.6000	0.6000	0.6000	0.6000	ok
BDPA Romance	unum	French	Italian	malign (identity)	1.0000	1.0000	1.0000	1.0000	ok
BDPA Romance	unum	French	Ladino	malign (identity)	0.3333	0.3333	0.3333	0.3333	ok
BDPA Romance	unum	French	Ligurian	malign (identity)	1.0000	1.0000	1.0000	1.0000	ok
BDPA Romance	unum	French	Lombard(East)	malign (identity)	0.0000	0.0000	0.0000	0.0000	ok
BDPA Romance	unum	French	Lombard(West)	malign (identity)	0.0000	0.0000	0.0000	0.0000	ok
BDPA Romance	unum	French	Occitan	malign (identity)	1.0000	1.0000	1.0000	1.0000	ok
BDPA Romance	unum	French	Venetian	malign (identity)	1.0000	1.0000	1.0000	1.0000	ok
BDPA Romance	unum	Italian	Ladino	malign (identity)	0.5000	0.5000	0.5000	0.5000	ok
BDPA Romance	unum	Italian	Ligurian	malign (identity)	1.0000	1.0000	1.0000	1.0000	ok
BDPA Romance	unum	Italian	Lombard(East)	malign (identity)					skipped
BDPA Romance	unum	Italian	Lombard(West)	malign (identity)					skipped
BDPA Romance	unum	Italian	Occitan	malign (identity)	1.0000	1.0000	1.0000	1.0000	ok
BDPA Romance	unum	Italian	Venetian	malign (identity)	1.0000	1.0000	1.0000	1.0000	ok
BDPA Romance	unum	Ladino	Ligurian	malign (identity)	0.3333	0.3333	0.3333	0.3333	ok
BDPA Romance	unum	Ladino	Lombard(East)	malign (identity)	1.0000	1.0000	1.0000	1.0000	ok
BDPA Romance	unum	Ladino	Lombard(West)	malign (identity)	1.0000	1.0000	1.0000	1.0000	ok
BDPA Romance	unum	Ladino	Occitan	malign (identity)	0.3333	0.3333	0.3333	0.3333	ok
BDPA Romance	unum	Ladino	Venetian	malign (identity)	0.5000	0.5000	0.5000	0.5000	ok
BDPA Romance	unum	Ligurian	Lombard(East)	malign (identity)	1.0000	1.0000	1.0000	1.0000	ok
BDPA Romance	unum	Ligurian	Lombard(West)	malign (identity)					skipped
BDPA Romance	unum	Ligurian	Occitan	malign (identity)	1.0000	1.0000	1.0000	1.0000	ok
BDPA Romance	unum	Ligurian	Venetian	malign (identity)	1.0000	1.0000	1.0000	1.0000	ok
BDPA Romance	unum	Lombard(East)	Lombard(West)	malign (identity)	1.0000	1.0000	1.0000	1.0000	ok
BDPA Romance	unum	Lombard(East)	Occitan	malign (identity)	1.0000	1.0000	1.0000	1.0000	ok
BDPA Romance	unum	Lombard(East)	Venetian	malign (identity)					skipped
BDPA Romance	unum	Lombard(West)	Occitan	malign (identity)					skipped
BDPA Romance	unum	Lombard(West)	Venetian	malign (identity)					skipped
BDPA Romance	unum	Occitan	Venetian	malign (identity)	1.0000	1.0000	1.0000	1.0000	ok
BDPA Romance	aquam	French	Italian	malign (bootstrap)	0.5000	0.5000	0.5000	0.5000	ok
BDPA Romance	aquam	French	Ladino	malign (bootstrap)	0.5000	0.5000	0.5000	0.5000	ok
BDPA Romance	aquam	French	Ligurian	malign (bootstrap)	0.5000	0.5000	0.5000	0.5000	ok
BDPA Romance	aquam	French	Lombard(East)	malign (bootstrap)	0.5000	0.5000	0.5000	0.5000	ok
BDPA Romance	aquam	French	Lombard(West)	malign (bootstrap)	0.5000	0.5000	0.5000	0.5000	ok
BDPA Romance	aquam	French	Occitan	malign (bootstrap)	1.0000	1.0000	1.0000	1.0000	ok
BDPA Romance	aquam	French	Venetian	malign (bootstrap)	0.5000	0.5000	0.5000	0.5000	ok
BDPA Romance	aquam	Italian	Ladino	malign (bootstrap)					skipped
BDPA Romance	aquam	Italian	Ligurian	malign (bootstrap)	1.0000	1.0000	1.0000	1.0000	ok
BDPA Romance	aquam	Italian	Lombard(East)	malign (bootstrap)	1.0000	1.0000	1.0000	1.0000	ok
BDPA Romance	aquam	Italian	Lombard(West)	malign (bootstrap)	1.0000	1.0000	1.0000	1.0000	ok
BDPA Romance	aquam	Italian	Occitan	malign (bootstrap)	0.5000	0.5000	0.5000	0.5000	ok
BDPA Romance	aquam	Italian	Venetian	malign (bootstrap)	1.0000	1.0000	1.0000	1.0000	ok
BDPA Romance	aquam	Ladino	Ligurian	malign (bootstrap)	0.6000	0.6000	0.6000	0.6000	ok
BDPA Romance	aquam	Ladino	Lombard(East)	malign (bootstrap)					skipped
BDPA Romance	aquam	Ladino	Lombard(West)	malign (bootstrap)					skipped
BDPA Romance	aquam	Ladino	Occitan	malign (bootstrap)	0.5000	0.5000	0.5000	0.5000	ok
BDPA Romance	aquam	Ladino	Venetian	malign (bootstrap)					skipped
BDPA Romance	aquam	Ligurian	Lombard(East)	malign (bootstrap)	1.0000	1.0000	1.0000	1.0000	ok
BDPA Romance	aquam	Ligurian	Lombard(West)	malign (bootstrap)	1.0000	1.0000	1.0000	1.0000	ok
BDPA Romance	aquam	Ligurian	Occitan	malign (bootstrap)	1.0000	1.0000	1.0000	1.0000	ok
BDPA Romance	aquam	Ligurian	Venetian	malign (bootstrap)	1.0000	1.0000	1.0000	1.0000	ok
BDPA Romance	aquam	Lombard(East)	Lombard(West)	malign (bootstrap)	1.0000	1.0000	1.0000	1.0000	ok
BDPA Romance	aquam	Lombard(East)	Occitan	malign (bootstrap)	1.0000	1.0000	1.0000	1.0000	ok
BDPA Romance	aquam	Lombard(East)	Venetian	malign (bootstrap)	1.0000	1.0000	1.0000	1.0000	ok
BDPA Romance	aquam	Lombard(West)	Occitan	malign (bootstrap)	1.0000	1.0000	1.0000	1.0000	ok
BDPA Romance	aquam	Lombard(West)	Venetian	malign (bootstrap)	1.0000	1.0000	1.0000	1.0000	ok
BDPA Romance	aquam	Occitan	Venetian	malign (bootstrap)	0.5000	0.5000	0.5000	0.5000	ok
BDPA Romance	auriculam	French	Italian	malign (bootstrap)	0.6667	0.6667	0.6667	0.6667	ok
BDPA Romance	auriculam	French	Ladino	malign (bootstrap)	0.7143	0.7143	0.7143	0.7143	ok
BDPA Romance	auriculam	French	Ligurian	malign (bootstrap)					skipped
BDPA Romance	auriculam	French	Lombard(East)	malign (bootstrap)	0.5000	0.5000	0.5000	0.5000	ok
BDPA Romance	auriculam	French	Lombard(West)	malign (bootstrap)	1.0000	1.0000	1.0000	1.0000	ok
BDPA Romance	auriculam	French	Occitan	malign (bootstrap)	0.5000	0.5000	0.5000	0.5000	ok
BDPA Romance	auriculam	French	Venetian	malign (bootstrap)	1.0000	1.0000	1.0000	1.0000	ok
BDPA Romance	auriculam	Italian	Ladino	malign (bootstrap)	0.0000	0.0000	0.0000	0.0000	ok
BDPA Romance	auriculam	Italian	Ligurian	malign (bootstrap)	0.3333	0.3333	0.3333	0.3333	ok
BDPA Romance	auriculam	Italian	Lombard(East)	malign (bootstrap)	1.0000	1.0000	1.0000	1.0000	ok
BDPA Romance	auriculam	Italian	Lombard(West)	malign (bootstrap)	0.6667	0.6667	0.6667	0.6667	ok
BDPA Romance	auriculam	Italian	Occitan	malign (bootstrap)	0.6667	0.6667	0.6667	0.6667	ok
BDPA Romance	auriculam	Italian	Venetian	malign (bootstrap)	1.0000	1.0000	1.0000	1.0000	ok
BDPA Romance	auriculam	Ladino	Ligurian	malign (bootstrap)	0.2857	0.2857	0.2857	0.2857	ok
BDPA Romance	auriculam	Ladino	Lombard(East)	malign (bootstrap)	0.4286	0.4286	0.4286	0.4286	ok
BDPA Romance	auriculam	Ladino	Lombard(West)	malign (bootstrap)	1.0000	1.0000	1.0000	1.0000	ok
BDPA Romance	auriculam	Ladino	Occitan	malign (bootstrap)	0.7143	0.7143	0.7143	0.7143	ok
BDPA Romance	auriculam	Ladino	Venetian	malign (bootstrap)					skipped
BDPA Romance	auriculam	Ligurian	Lombard(East)	malign (bootstrap)	0.2000	0.2000	0.2000	0.2000	ok
BDPA Romance	auriculam	Ligurian	Lombard(West)	malign (bootstrap)	0.6000	0.6000	0.6000	0.6000	ok
BDPA Romance	auriculam	Ligurian	Occitan	malign (bootstrap)					skipped
BDPA Romance	auriculam	Ligurian	Venetian	malign (bootstrap)	0.6000	0.6000	0.6000	0.6000	ok
BDPA Romance	auriculam	Lombard(East)	Lombard(West)	malign (bootstrap)	1.0000	1.0000	1.0000	1.0000	ok
BDPA Romance	auriculam	Lombard(East)	Occitan	malign (bootstrap)					skipped
BDPA Romance	auriculam	Lombard(East)	Venetian	malign (bootstrap)	1.0000	1.0000	1.0000	1.0000	ok
BDPA Romance	auriculam	Lombard(West)	Occitan	malign (bootstrap)					skipped
BDPA Romance	auriculam	Lombard(West)	Venetian	malign (bootstrap)	1.0000	1.0000	1.0000	1.0000	ok
BDPA Romance	auriculam	Occitan	Venetian	malign (bootstrap)					skipped
BDPA Romance	bestiam	French	Italian	malign (bootstrap)	1.0000	1.0000	1.0000	1.0000	ok
BDPA Romance	bestiam	French	Ladino	malign (bootstrap)	1.0000	1.0000	1.0000	1.0000	ok
BDPA Romance	bestiam	French	Ligurian	malign (bootstrap)	1.0000	1.0000	1.0000	1.0000	ok
BDPA Romance	bestiam	French	Lombard(East)	malign (bootstrap)	1.0000	1.0000	1.0000	1.0000	ok
BDPA Romance	bestiam	French	Lombard(West)	malign (bootstrap)	1.0000	1.0000	1.0000	1.0000	ok
BDPA Romance	bestiam	French	Occitan	malign (bootstrap)	1.0000	1.0000	1.0000	1.0000	ok
BDPA Romance	bestiam	French	Venetian	malign (bootstrap)	1.0000	1.0000	1.0000	1.0000	ok
BDPA Romance	bestiam	Italian	Ladino	malign (bootstrap)	1.0000	1.0000	1.0000	1.0000	ok
BDPA Romance	bestiam	Italian	Ligurian	malign (bootstrap)	1.0000	1.0000	1.0000	1.0000	ok
BDPA Romance	bestiam	Italian	Lombard(East)	malign (bootstrap)	1.0000	1.0000	1.0000	1.0000	ok
BDPA Romance	bestiam	Italian	Lombard(West)	malign (bootstrap)	1.0000	1.0000	1.0000	1.0000	ok
BDPA Romance	bestiam	Italian	Occitan	malign (bootstrap)	1.0000	1.0000	1.0000	1.0000	ok
BDPA Romance	bestiam	Italian	Venetian	malign (bootstrap)	1.0000	1.0000	1.0000	1.0000	ok
BDPA Romance	bestiam	Ladino	Ligurian	malign (bootstrap)	1.0000	1.0000	1.0000	1.0000	ok
BDPA Romance	bestiam	Ladino	Lombard(East)	malign (bootstrap)	1.0000	1.0000	1.0000	1.0000	ok
BDPA Romance	bestiam	Ladino	Lombard(West)	malign (bootstrap)	1.0000	1.0000	1.0000	1.0000	ok
BDPA Romance	bestiam	Ladino	Occitan	malign (bootstrap)	1.0000	1.0000	1.0000	1.0000	ok
BDPA Romance	bestiam	Ladino	Venetian	malign (bootstrap)	1.0000	1.0000	1.0000	1.0000	ok
BDPA Romance	bestiam	Ligurian	Lombard(East)	malign (bootstrap)	1.0000	1.0000	1.0000	1.0000	ok
BDPA Romance	bestiam	Ligurian	Lombard(West)	malign (bootstrap)	1.0000	1.0000	1.0000	1.0000	ok
BDPA Romance	bestiam	Ligurian	Occitan	malign (bootstrap)	1.0000	1.0000	1.0000	1.0000	ok
BDPA Romance	bestiam	Ligurian	Venetian	malign (bootstrap)	1.0000	1.0000	1.0000	1.0000	ok
BDPA Romance	bestiam	Lombard(East)	Lombard(West)	malign (bootstrap)	1.0000	1.0000	1.0000	1.0000	ok
BDPA Romance	bestiam	Lombard(East)	Occitan	malign (bootstrap)	1.0000	1.0000	1.0000	1.0000	ok
BDPA Romance	bestiam	Lombard(East)	Venetian	malign (bootstrap)	1.0000	1.0000	1.0000	1.0000	ok
BDPA Romance	bestiam	Lombard(West)	Occitan	malign (bootstrap)	1.0000	1.0000	1.0000	1.0000	ok
BDPA Romance	bestiam	Lombard(West)	Venetian	malign (bootstrap)	1.0000	1.0000	1.0000	1.0000	ok
BDPA Romance	bestiam	Occitan	Venetian	malign (bootstrap)	1.0000	1.0000	1.0000	1.0000	ok
BDPA Romance	bracchium	French	Italian	malign (bootstrap)	1.0000	1.0000	1.0000	1.0000	ok
BDPA Romance	bracchium	French	Ladino	malign (bootstrap)	1.0000	1.0000	1.0000	1.0000	ok
BDPA Romance	bracchium	French	Ligurian	malign (bootstrap)	1.0000	1.0000	1.0000	1.0000	ok
BDPA Romance	bracchium	French	Lombard(East)	malign (bootstrap)	1.0000	1.0000	1.0000	1.0000	ok
BDPA Romance	bracchium	French	Lombard(West)	malign (bootstrap)	1.0000	1.0000	1.0000	1.0000	ok
BDPA Romance	bracchium	French	Occitan	malign (bootstrap)	1.0000	1.0000	1.0000	1.0000	ok
BDPA Romance	bracchium	French	Venetian	malign (bootstrap)	1.0000	1.0000	1.0000	1.0000	ok
BDPA Romance	bracchium	Italian	Ladino	malign (bootstrap)	1.0000	1.0000	1.0000	1.0000	ok
BDPA Romance	bracchium	Italian	Ligurian	malign (bootstrap)	1.0000	1.0000	1.0000	1.0000	ok
BDPA Romance	bracchium	Italian	Lombard(East)	malign (bootstrap)	1.0000	1.0000	1.0000	1.0000	ok
BDPA Romance	bracchium	Italian	Lombard(West)	malign (bootstrap)	1.0000	1.0000	1.0000	1.0000	ok
BDPA Romance	bracchium	Italian	Occitan	malign (bootstrap)	1.0000	1.0000	1.0000	1.0000	ok
BDPA Romance	bracchium	Italian	Venetian	malign (bootstrap)	1.0000	1.0000	1.0000	1.0000	ok
BDPA Romance	bracchium	Ladino	Ligurian	malign (bootstrap)	1.0000	1.0000	1.0000	1.0000	ok
BDPA Romance	bracchium	Ladino	Lombard(East)	malign (bootstrap)	1.0000	1.0000	1.0000	1.0000	ok
BDPA Romance	bracchium	Ladino	Lombard(West)	malign (bootstrap)	1.0000	1.0000	1.0000	1.0000	ok
BDPA Romance	bracchium	Ladino	Occitan	malign (bootstrap)	1.0000	1.0000	1.0000	1.0000	ok
BDPA Romance	bracchium	Ladino	Venetian	malign (bootstrap)	1.0000	1.0000	1.0000	1.0000	ok
BDPA Romance	bracchium	Ligurian	Lombard(East)	malign (bootstrap)	1.0000	1.0000	1.0000	1.0000	ok
BDPA Romance	bracchium	Ligurian	Lombard(West)	malign (bootstrap)	1.0000	1.0000	1.0000	1.0000	ok
BDPA Romance	bracchium	Ligurian	Occitan	malign (bootstrap)	1.0000	1.0000	1.0000	1.0000	ok
BDPA Romance	bracchium	Ligurian	Venetian	malign (bootstrap)	1.0000	1.0000	1.0000	1.0000	ok
BDPA Romance	bracchium	Lombard(East)	Lombard(West)	malign (bootstrap)	1.0000	1.0000	1.0000	1.0000	ok
BDPA Romance	bracchium	Lombard(East)	Occitan	malign (bootstrap)	1.0000	1.0000	1.0000	1.0000	ok
BDPA Romance	bracchium	Lombard(East)	Venetian	malign (bootstrap)	1.0000	1.0000	1.0000	1.0000	ok
BDPA Romance	bracchium	Lombard(West)	Occitan	malign (bootstrap)	1.0000	1.0000	1.0000	1.0000	ok
BDPA Romance	bracchium	Lombard(West)	Venetian	malign (bootstrap)	0.6000	0.6000	0.6000	0.6000	ok
BDPA Romance	bracchium	Occitan	Venetian	malign (bootstrap)	1.0000	1.0000	1.0000	1.0000	ok
BDPA Romance	caelum	French	Italian	malign (bootstrap)	0.6000	0.6000	0.6000	0.6000	ok
BDPA Romance	caelum	French	Ladino	malign (bootstrap)	0.5000	0.5000	0.5000	0.5000	ok
BDPA Romance	caelum	French	Ligurian	malign (bootstrap)	0.5000	0.5000	0.5000	0.5000	ok
BDPA Romance	caelum	French	Lombard(East)	malign (bootstrap)	1.0000	1.0000	1.0000	1.0000	ok
BDPA Romance	caelum	French	Lombard(West)	malign (bootstrap)	0.5000	0.5000	0.5000	0.5000	ok
BDPA Romance	caelum	French	Occitan	malign (bootstrap)	1.0000	1.0000	1.0000	1.0000	ok
BDPA Romance	caelum	French	Venetian	malign (bootstrap)					skipped
BDPA Romance	caelum	Italian	Ladino	malign (bootstrap)	1.0000	1.0000	1.0000	1.0000	ok
BDPA Romance	caelum	Italian	Ligurian	malign (bootstrap)	1.0000	1.0000	1.0000	1.0000	ok
BDPA Romance	caelum	Italian	Lombard(East)	malign (bootstrap)	1.0000	1.0000	1.0000	1.0000	ok
BDPA Romance	caelum	Italian	Lombard(West)	malign (bootstrap)	1.0000	1.0000	1.0000	1.0000	ok
BDPA Romance	caelum	Italian	Occitan	malign (bootstrap)	1.0000	1.0000	1.0000	1.0000	ok
BDPA Romance	caelum	Italian	Venetian	malign (bootstrap)	1.0000	1.0000	1.0000	1.0000	ok
BDPA Romance	caelum	Ladino	Ligurian	malign (bootstrap)	1.0000	1.0000	1.0000	1.0000	ok
BDPA Romance	caelum	Ladino	Lombard(East)	malign (bootstrap)	1.0000	1.0000	1.0000	1.0000	ok
BDPA Romance	caelum	Ladino	Lombard(West)	malign (bootstrap)	1.0000	1.0000	1.0000	1.0000	ok
BDPA Romance	caelum	Ladino	Occitan	malign (bootstrap)	1.0000	1.0000	1.0000	1.0000	ok
BDPA Romance	caelum	Ladino	Venetian	malign (bootstrap)					skipped
BDPA Romance	caelum	Ligurian	Lombard(East)	malign (bootstrap)	1.0000	1.0000	1.0000	1.0000	ok
BDPA Romance	caelum	Ligurian	Lombard(West)	malign (bootstrap)	1.0000	1.0000	1.0000	1.0000	ok
BDPA Romance	caelum	Ligurian	Occitan	malign (bootstrap)	1.0000	1.0000	1.0000	1.0000	ok
BDPA Romance	caelum	Ligurian	Venetian	malign (bootstrap)	1.0000	1.0000	1.0000	1.0000	ok
BDPA Romance	caelum	Lombard(East)	Lombard(West)	malign (bootstrap)	1.0000	1.0000	1.0000	1.0000	ok
BDPA Romance	caelum	Lombard(East)	Occitan	malign (bootstrap)	1.0000	1.0000	1.0000	1.0000	ok
BDPA Romance	caelum	Lombard(East)	Venetian	malign (bootstrap)					skipped
BDPA Romance	caelum	Lombard(West)	Occitan	malign (bootstrap)	1.0000	1.0000	1.0000	1.0000	ok
BDPA Romance	caelum	Lombard(West)	Venetian	malign (bootstrap)					skipped
BDPA Romance	caelum	Occitan	Venetian	malign (bootstrap)					skipped
BDPA Romance	capram	French	Italian	malign (bootstrap)	1.0000	1.0000	1.0000	1.0000	ok
BDPA Romance	capram	French	Ladino	malign (bootstrap)					skipped
BDPA Romance	capram	French	Ligurian	malign (bootstrap)					skipped
BDPA Romance	capram	French	Lombard(East)	malign (bootstrap)	1.0000	1.0000	1.0000	1.0000	ok
BDPA Romance	capram	French	Lombard(West)	malign (bootstrap)	0.6667	0.6667	0.6667	0.6667	ok
BDPA Romance	capram	French	Occitan	malign (bootstrap)	1.0000	1.0000	1.0000	1.0000	ok
BDPA Romance	capram	French	Venetian	malign (bootstrap)	1.0000	1.0000	1.0000	1.0000	ok
BDPA Romance	capram	Italian	Ladino	malign (bootstrap)	1.0000	1.0000	1.0000	1.0000	ok
BDPA Romance	capram	Italian	Ligurian	malign (bootstrap)	1.0000	1.0000	1.0000	1.0000	ok
BDPA Romance	capram	Italian	Lombard(East)	malign (bootstrap)	1.0000	1.0000	1.0000	1.0000	ok
BDPA Romance	capram	Italian	Lombard(West)	malign (bootstrap)	1.0000	1.0000	1.0000	1.0000	ok
BDPA Romance	capram	Italian	Occitan	malign (bootstrap)	1.0000	1.0000	1.0000	1.0000	ok
BDPA Romance	capram	Italian	Venetian	malign (bootstrap)	1.0000	1.0000	1.0000	1.0000	ok
BDPA Romance	capram	Ladino	Ligurian	malign (bootstrap)					skipped
BDPA Romance	capram	Ladino	Lombard(East)	malign (bootstrap)	0.6000	0.6000	0.6000	0.6000	ok
BDPA Romance	capram	Ladino	Lombard(West)	malign (bootstrap)	0.6667	0.6667	0.6667	0.6667	ok
BDPA Romance	capram	Ladino	Occitan	malign (bootstrap)	0.6000	0.6000	0.6000	0.6000	ok
BDPA Romance	capram	Ladino	Venetian	malign (bootstrap)	0.6000	0.6000	0.6000	0.6000	ok
BDPA Romance	capram	Ligurian	Lombard(East)	malign (bootstrap)	1.0000	1.0000	1.0000	1.0000	ok
BDPA Romance	capram	Ligurian	Lombard(West)	malign (bootstrap)	1.0000	1.0000	1.0000	1.0000	ok
BDPA Romance	capram	Ligurian	Occitan	malign (bootstrap)	1.0000	1.0000	1.0000	1.0000	ok
BDPA Romance	capram	Ligurian	Venetian	malign (bootstrap)	1.0000	1.0000	1.0000	1.0000	ok
BDPA Romance	capram	Lombard(East)	Lombard(West)	malign (bootstrap)	1.0000	1.0000	1.0000	1.0000	ok
BDPA Romance	capram	Lombard(East)	Occitan	malign (bootstrap)	1.0000	1.0000	1.0000	1.0000	ok
BDPA Romance	capram	Lombard(East)	Venetian	malign (bootstrap)	1.0000	1.0000	1.0000	1.0000	ok
BDPA Romance	capram	Lombard(West)	Occitan	malign (bootstrap)	0.6667	0.6667	0.6667	0.6667	ok
BDPA Romance	capram	Lombard(West)	Venetian	malign (bootstrap)	1.0000	1.0000	1.0000	1.0000	ok
BDPA Romance	capram	Occitan	Venetian	malign (bootstrap)	1.0000	1.0000	1.0000	1.0000	ok
BDPA Romance	cornu	French	Italian	malign (bootstrap)	1.0000	1.0000	1.0000	1.0000	ok
BDPA Romance	cornu	French	Ladino	malign (bootstrap)	1.0000	1.0000	1.0000	1.0000	ok
BDPA Romance	cornu	French	Ligurian	malign (bootstrap)	1.0000	1.0000	1.0000	1.0000	ok
BDPA Romance	cornu	French	Lombard(East)	malign (bootstrap)	1.0000	1.0000	1.0000	1.0000	ok
BDPA Romance	cornu	French	Lombard(West)	malign (bootstrap)	1.0000	1.0000	1.0000	1.0000	ok
BDPA Romance	cornu	French	Occitan	malign (bootstrap)	1.0000	1.0000	1.0000	1.0000	ok
BDPA Romance	cornu	French	Venetian	malign (bootstrap)	1.0000	1.0000	1.0000	1.0000	ok
BDPA Romance	cornu	Italian	Ladino	malign (bootstrap)	1.0000	1.0000	1.0000	1.0000	ok
BDPA Romance	cornu	Italian	Ligurian	malign (bootstrap)	1.0000	1.0000	1.0000	1.0000	ok
BDPA Romance	cornu	Italian	Lombard(East)	malign (bootstrap)	1.0000	1.0000	1.0000	1.0000	ok
BDPA Romance	cornu	Italian	Lombard(West)	malign (bootstrap)	1.0000	1.0000	1.0000	1.0000	ok
BDPA Romance	cornu	Italian	Occitan	malign (bootstrap)	1.0000	1.0000	1.0000	1.0000	ok
BDPA Romance	cornu	Italian	Venetian	malign (bootstrap)	1.0000	1.0000	1.0000	1.0000	ok
BDPA Romance	cornu	Ladino	Ligurian	malign (bootstrap)	1.0000	1.0000	1.0000	1.0000	ok
BDPA Romance	cornu	Ladino	Lombard(East)	malign (bootstrap)	1.0000	1.0000	1.0000	1.0000	ok
BDPA Romance	cornu	Ladino	Lombard(West)	malign (bootstrap)	1.0000	1.0000	1.0000	1.0000	ok
BDPA Romance	cornu	Ladino	Occitan	malign (bootstrap)	1.0000	1.0000	1.0000	1.0000	ok
BDPA Romance	cornu	Ladino	Venetian	malign (bootstrap)	1.0000	1.0000	1.0000	1.0000	ok
BDPA Romance	cornu	Ligurian	Lombard(East)	malign (bootstrap)	1.0000	1.0000	1.0000	1.0000	ok
BDPA Romance	cornu	Ligurian	Lombard(West)	malign (bootstrap)	1.0000	1.0000	1.0000	1.0000	ok
BDPA Romance	cornu	Ligurian	Occitan	malign (bootstrap)	1.0000	1.0000	1.0000	1.0000	ok
BDPA Romance	cornu	Ligurian	Venetian	malign (bootstrap)	1.0000	1.0000	1.0000	1.0000	ok
BDPA Romance	cornu	Lombard(East)	Lombard(West)	malign (bootstrap)	0.7143	0.7143	0.7143	0.7143	ok
BDPA Romance	cornu	Lombard(East)	Occitan	malign (bootstrap)	1.0000	1.0000	1.0000	1.0000	ok
BDPA Romance	cornu	Lombard(East)	Venetian	malign (bootstrap)	1.0000	1.0000	1.0000	1.0000	ok
BDPA Romance	cornu	Lombard(West)	Occitan	malign (bootstrap)	1.0000	1.0000	1.0000	1.0000	ok
BDPA Romance	cornu	Lombard(West)	Venetian	malign (bootstrap)	1.0000	1.0000	1.0000	1.0000	ok
BDPA Romance	cornu	Occitan	Venetian	malign (bootstrap)	1.0000	1.0000	1.0000	1.0000	ok
BDPA Romance	decem	French	Italian	malign (bootstrap)	1.0000	1.0000	1.0000	1.0000	ok
BDPA Romance	decem	French	Ladino	malign (bootstrap)	0.5000	0.5000	0.5000	0.5000	ok
BDPA Romance	decem	French	Ligurian	malign (bootstrap)	1.0000	1.0000	1.0000	1.0000	ok
BDPA Romance	decem	French	Lombard(East)	malign (bootstrap)	1.0000	1.0000	1.0000	1.0000	ok
BDPA Romance	decem	French	Lombard(West)	malign (bootstrap)	1.0000	1.0000	1.0000	1.0000	ok
BDPA Romance	decem	French	Occitan	malign (bootstrap)	1.0000	1.0000	1.0000	1.0000	ok
BDPA Romance	decem	French	Venetian	malign (bootstrap)	1.0000	1.0000	1.0000	1.0000	ok
BDPA Romance	decem	Italian	Ladino	malign (bootstrap)	1.0000	1.0000	1.0000	1.0000	ok
BDPA Romance	decem	Italian	Ligurian	malign (bootstrap)	0.4000	0.4000	0.4000	0.4000	ok
BDPA Romance	decem	Italian	Lombard(East)	malign (bootstrap)	1.0000	1.0000	1.0000	1.0000	ok
BDPA Romance	decem	Italian	Lombard(West)	malign (bootstrap)	0.6000	0.6000	0.6000	0.6000	ok
BDPA Romance	decem	Italian	Occitan	malign (bootstrap)	1.0000	1.0000	1.0000	1.0000	ok
BDPA Romance	decem	Italian	Venetian	malign (bootstrap)	0.4000	0.4000	0.4000	0.4000	ok
BDPA Romance	decem	Ladino	Ligurian	malign (bootstrap)					skipped
BDPA Romance	decem	Ladino	Lombard(East)	malign (bootstrap)	1.0000	1.0000	1.0000	1.0000	ok
BDPA Romance	decem	Ladino	Lombard(West)	malign (bootstrap)	0.5000	0.5000	0.5000	0.5000	ok
BDPA Romance	decem	Ladino	Occitan	malign (bootstrap)	0.5000	0.5000	0.5000	0.5000	ok
BDPA Romance	decem	Ladino	Venetian	malign (bootstrap)					skipped
BDPA Romance	decem	Ligurian	Lombard(East)	malign (bootstrap)	1.0000	1.0000	1.0000	1.0000	ok
BDPA Romance	decem	Ligurian	Lombard(West)	malign (bootstrap)	1.0000	1.0000	1.0000	1.0000	ok
BDPA Romance	decem	Ligurian	Occitan	malign (bootstrap)	0.5000	0.5000	0.5000	0.5000	ok
BDPA Romance	decem	Ligurian	Venetian	malign (bootstrap)	1.0000	1.0000	1.0000	1.0000	ok
BDPA Romance	decem	Lombard(East)	Lombard(West)	malign (bootstrap)	1.0000	1.0000	1.0000	1.0000	ok
BDPA Romance	decem	Lombard(East)	Occitan	malign (bootstrap)	1.0000	1.0000	1.0000	1.0000	ok
BDPA Romance	decem	Lombard(East)	Venetian	malign (bootstrap)	1.0000	1.0000	1.0000	1.0000	ok
BDPA Romance	decem	Lombard(West)	Occitan	malign (bootstrap)	1.0000	1.0000	1.0000	1.0000	ok
BDPA Romance	decem	Lombard(West)	Venetian	malign (bootstrap)	1.0000	1.0000	1.0000	1.0000	ok
BDPA Romance	decem	Occitan	Venetian	malign (bootstrap)	0.5000	0.5000	0.5000	0.5000	ok
BDPA Romance	dentem	French	Italian	malign (bootstrap)	1.0000	1.0000	1.0000	1.0000	ok
BDPA Romance	dentem	French	Ladino	malign (bootstrap)	1.0000	1.0000	1.0000	1.0000	ok
BDPA Romance	dentem	French	Ligurian	malign (bootstrap)	1.0000	1.0000	1.0000	1.0000	ok
BDPA Romance	dentem	French	Lombard(East)	malign (bootstrap)	1.0000	1.0000	1.0000	1.0000	ok
BDPA Romance	dentem	French	Lombard(West)	malign (bootstrap)	1.0000	1.0000	1.0000	1.0000	ok
BDPA Romance	dentem	French	Occitan	malign (bootstrap)	1.0000	1.0000	1.0000	1.0000	ok
BDPA Romance	dentem	French	Venetian	malign (bootstrap)	1.0000	1.0000	1.0000	1.0000	ok
BDPA Romance	dentem	Italian	Ladino	malign (bootstrap)	1.0000	1.0000	1.0000	1.0000	ok
BDPA Romance	dentem	Italian	Ligurian	malign (bootstrap)	1.0000	1.0000	1.0000	1.0000	ok
BDPA Romance	dentem	Italian	Lombard(East)	malign (bootstrap)	1.0000	1.0000	1.0000	1.0000	ok
BDPA Romance	dentem	Italian	Lombard(West)	malign (bootstrap)	1.0000	1.0000	1.0000	1.0000	ok
BDPA Romance	dentem	Italian	Occitan	malign (bootstrap)	1.0000	1.0000	1.0000	1.0000	ok
BDPA Romance	dentem	Italian	Venetian	malign (bootstrap)	1.0000	1.0000	1.0000	1.0000	ok
BDPA Romance	dentem	Ladino	Ligurian	malign (bootstrap)	1.0000	1.0000	1.0000	1.0000	ok
BDPA Romance	dentem	Ladino	Lombard(East)	malign (bootstrap)	1.0000	1.0000	1.0000	1.0000	ok
BDPA Romance	dentem	Ladino	Lombard(West)	malign (bootstrap)	1.0000	1.0000	1.0000	1.0000	ok
BDPA Romance	dentem	Ladino	Occitan	malign (bootstrap)	1.0000	1.0000	1.0000	1.0000	ok
BDPA Romance	dentem	Ladino	Venetian	malign (bootstrap)	1.0000	1.0000	1.0000	1.0000	ok
BDPA Romance	dentem	Ligurian	Lombard(East)	malign (bootstrap)	1.0000	1.0000	1.0000	1.0000	ok
BDPA Romance	dentem	Ligurian	Lombard(West)	malign (bootstrap)	1.0000	1.0000	1.0000	1.0000	ok
BDPA Romance	dentem	Ligurian	Occitan	malign (bootstrap)	1.0000	1.0000	1.0000	1.0000	ok
BDPA Romance	dentem	Ligurian	Venetian	malign (bootstrap)	1.0000	1.0000	1.0000	1.0000	ok
BDPA Romance	dentem	Lombard(East)	Lombard(West)	malign (bootstrap)	1.0000	1.0000	1.0000	1.0000	ok
BDPA Romance	dentem	Lombard(East)	Occitan	malign (bootstrap)	1.0000	1.0000	1.0000	1.0000	ok
BDPA Romance	dentem	Lombard(East)	Venetian	malign (bootstrap)	1.0000	1.0000	1.0000	1.0000	ok
BDPA Romance	dentem	Lombard(West)	Occitan	malign (bootstrap)	1.0000	1.0000	1.0000	1.0000	ok
BDPA Romance	dentem	Lombard(West)	Venetian	malign (bootstrap)	0.6000	0.6000	0.6000	0.6000	ok
BDPA Romance	dentem	Occitan	Venetian	malign (bootstrap)	1.0000	1.0000	1.0000	1.0000	ok
BDPA Romance	digitum	French	Italian	malign (bootstrap)					skipped
BDPA Romance	digitum	French	Ladino	malign (bootstrap)					skipped
BDPA Romance	digitum	French	Ligurian	malign (bootstrap)					skipped
BDPA Romance	digitum	French	Lombard(East)	malign (bootstrap)					skipped
BDPA Romance	digitum	French	Lombard(West)	malign (bootstrap)					skipped
BDPA Romance	digitum	French	Occitan	malign (bootstrap)	0.3333	0.3333	0.3333	0.3333	ok
BDPA Romance	digitum	French	Venetian	malign (bootstrap)					skipped
BDPA Romance	digitum	Italian	Ladino	malign (bootstrap)	1.0000	1.0000	1.0000	1.0000	ok
BDPA Romance	digitum	Italian	Ligurian	malign (bootstrap)	1.0000	1.0000	1.0000	1.0000	ok
BDPA Romance	digitum	Italian	Lombard(East)	malign (bootstrap)	1.0000	1.0000	1.0000	1.0000	ok
BDPA Romance	digitum	Italian	Lombard(West)	malign (bootstrap)	1.0000	1.0000	1.0000	1.0000	ok
BDPA Romance	digitum	Italian	Occitan	malign (bootstrap)	1.0000	1.0000	1.0000	1.0000	ok
BDPA Romance	digitum	Italian	Venetian	malign (bootstrap)	1.0000	1.0000	1.0000	1.0000	ok
BDPA Romance	digitum	Ladino	Ligurian	malign (bootstrap)					skipped
BDPA Romance	digitum	Ladino	Lombard(East)	malign (bootstrap)	1.0000	1.0000	1.0000	1.0000	ok
BDPA Romance	digitum	Ladino	Lombard(West)	malign (bootstrap)	1.0000	1.0000	1.0000	1.0000	ok
BDPA Romance	digitum	Ladino	Occitan	malign (bootstrap)	1.0000	1.0000	1.0000	1.0000	ok
BDPA Romance	digitum	Ladino	Venetian	malign (bootstrap)					skipped
BDPA Romance	digitum	Ligurian	Lombard(East)	malign (bootstrap)					skipped
BDPA Romance	digitum	Ligurian	Lombard(West)	malign (bootstrap)					skipped
BDPA Romance	digitum	Ligurian	Occitan	malign (bootstrap)	1.0000	1.0000	1.0000	1.0000	ok
BDPA Romance	digitum	Ligurian	Venetian	malign (bootstrap)	1.0000	1.0000	1.0000	1.0000	ok
BDPA Romance	digitum	Lombard(East)	Lombard(West)	malign (bootstrap)	1.0000	1.0000	1.0000	1.0000	ok
BDPA Romance	digitum	Lombard(East)	Occitan	malign (bootstrap)	1.0000	1.0000	1.0000	1.0000	ok
BDPA Romance	digitum	Lombard(East)	Venetian	malign (bootstrap)					skipped
BDPA Romance	digitum	Lombard(West)	Occitan	malign (bootstrap)	1.0000	1.0000	1.0000	1.0000	ok
BDPA Romance	digitum	Lombard(West)	Venetian	malign (bootstrap)					skipped
BDPA Romance	digitum	Occitan	Venetian	malign (bootstrap)	1.0000	1.0000	1.0000	1.0000	ok
BDPA Romance	duo	French	Italian	malign (bootstrap)	1.0000	1.0000	1.0000	1.0000	ok
BDPA Romance	duo	French	Ladino	malign (bootstrap)	1.0000	1.0000	1.0000	1.0000	ok
BDPA Romance	duo	French	Ligurian	malign (bootstrap)	1.0000	1.0000	1.0000	1.0000	ok
BDPA Romance	duo	French	Lombard(East)	malign (bootstrap)	1.0000	1.0000	1.0000	1.0000	ok
BDPA Romance	duo	French	Lombard(West)	malign (bootstrap)	1.0000	1.0000	1.0000	1.0000	ok
BDPA Romance	duo	French	Occitan	malign (bootstrap)	1.0000	1.0000	1.0000	1.0000	ok
BDPA Romance	duo	French	Venetian	malign (bootstrap)	1.0000	1.0000	1.0000	1.0000	ok
BDPA Romance	duo	Italian	Ladino	malign (bootstrap)	1.0000	1.0000	1.0000	1.0000	ok
BDPA Romance	duo	Italian	Ligurian	malign (bootstrap)	1.0000	1.0000	1.0000	1.0000	ok
BDPA Romance	duo	Italian	Lombard(East)	malign (bootstrap)	1.0000	1.0000	1.0000	1.0000	ok
BDPA Romance	duo	Italian	Lombard(West)	malign (bootstrap)	1.0000	1.0000	1.0000	1.0000	ok
BDPA Romance	duo	Italian	Occitan	malign (bootstrap)	1.0000	1.0000	1.0000	1.0000	ok
BDPA Romance	duo	Italian	Venetian	malign (bootstrap)	1.0000	1.0000	1.0000	1.0000	ok
BDPA Romance	duo	Ladino	Ligurian	malign (bootstrap)	1.0000	1.0000	1.0000	1.0000	ok
BDPA Romance	duo	Ladino	Lombard(East)	malign (bootstrap)	1.0000	1.0000	1.0000	1.0000	ok
BDPA Romance	duo	Ladino	Lombard(West)	malign (bootstrap)	1.0000	1.0000	1.0000	1.0000	ok
BDPA Romance	duo	Ladino	Occitan	malign (bootstrap)	1.0000	1.0000	1.0000	1.0000	ok
BDPA Romance	duo	Ladino	Venetian	malign (bootstrap)	1.0000	1.0000	1.0000	1.0000	ok
BDPA Romance	duo	Ligurian	Lombard(East)	malign (bootstrap)	1.0000	1.0000	1.0000	1.0000	ok
BDPA Romance	duo	Ligurian	Lombard(West)	malign (bootstrap)	1.0000	1.0000	1.0000	1.0000	ok
BDPA Romance	duo	Ligurian	Occitan	malign (bootstrap)	1.0000	1.0000	1.0000	1.0000	ok
BDPA Romance	duo	Ligurian	Venetian	malign (bootstrap)	1.0000	1.0000	1.0000	1.0000	ok
BDPA Romance	duo	Lombard(East)	Lombard(West)	malign (bootstrap)	1.0000	1.0000	1.0000	1.0000	ok
BDPA Romance	duo	Lombard(East)	Occitan	malign (bootstrap)	1.0000	1.0000	1.0000	1.0000	ok
BDPA Romance	duo	Lombard(East)	Venetian	malign (bootstrap)	1.0000	1.0000	1.0000	1.0000	ok
BDPA Romance	duo	Lombard(West)	Occitan	malign (bootstrap)	1.0000	1.0000	1.0000	1.0000	ok
BDPA Romance	duo	Lombard(West)	Venetian	malign (bootstrap)	1.0000	1.0000	1.0000	1.0000	ok
BDPA Romance	duo	Occitan	Venetian	malign (bootstrap)	1.0000	1.0000	1.0000	1.0000	ok
BDPA Romance	lacrimam	French	Italian	malign (bootstrap)	1.0000	1.0000	1.0000	1.0000	ok
BDPA Romance	lacrimam	French	Ladino	malign (bootstrap)					skipped
BDPA Romance	lacrimam	French	Ligurian	malign (bootstrap)	1.0000	1.0000	1.0000	1.0000	ok
BDPA Romance	lacrimam	French	Lombard(East)	malign (bootstrap)	1.0000	1.0000	1.0000	1.0000	ok
BDPA Romance	lacrimam	French	Lombard(West)	malign (bootstrap)	1.0000	1.0000	1.0000	1.0000	ok
BDPA Romance	lacrimam	French	Occitan	malign (bootstrap)					skipped
BDPA Romance	lacrimam	French	Venetian	malign (bootstrap)	1.0000	1.0000	1.0000	1.0000	ok
BDPA Romance	lacrimam	Italian	Ladino	malign (bootstrap)	1.0000	1.0000	1.0000	1.0000	ok
BDPA Romance	lacrimam	Italian	Ligurian	malign (bootstrap)	1.0000	1.0000	1.0000	1.0000	ok
BDPA Romance	lacrimam	Italian	Lombard(East)	malign (bootstrap)	0.7500	0.7500	0.7500	0.7500	ok
BDPA Romance	lacrimam	Italian	Lombard(West)	malign (bootstrap)	1.0000	1.0000	1.0000	1.0000	ok
BDPA Romance	lacrimam	Italian	Occitan	malign (bootstrap)	1.0000	1.0000	1.0000	1.0000	ok
BDPA Romance	lacrimam	Italian	Venetian	malign (bootstrap)	1.0000	1.0000	1.0000	1.0000	ok
BDPA Romance	lacrimam	Ladino	Ligurian	malign (bootstrap)	1.0000	1.0000	1.0000	1.0000	ok
BDPA Romance	lacrimam	Ladino	Lombard(East)	malign (bootstrap)	0.7500	0.7500	0.7500	0.7500	ok
BDPA Romance	lacrimam	Ladino	Lombard(West)	malign (bootstrap)	1.0000	1.0000	1.0000	1.0000	ok
BDPA Romance	lacrimam	Ladino	Occitan	malign (bootstrap)	1.0000	1.0000	1.0000	1.0000	ok
BDPA Romance	lacrimam	Ladino	Venetian	malign (bootstrap)	1.0000	1.0000	1.0000	1.0000	ok
BDPA Romance	lacrimam	Ligurian	Lombard(East)	malign (bootstrap)	0.7500	0.7500	0.7500	0.7500	ok
BDPA Romance	lacrimam	Ligurian	Lombard(West)	malign (bootstrap)	1.0000	1.0000	1.0000	1.0000	ok
BDPA Romance	lacrimam	Ligurian	Occitan	malign (bootstrap)	1.0000	1.0000	1.0000	1.0000	ok
BDPA Romance	lacrimam	Ligurian	Venetian	malign (bootstrap)	1.0000	1.0000	1.0000	1.0000	ok
BDPA Romance	lacrimam	Lombard(East)	Lombard(West)	malign (bootstrap)	0.7500	0.7500	0.7500	0.7500	ok
BDPA Romance	lacrimam	Lombard(East)	Occitan	malign (bootstrap)	0.7500	0.7500	0.7500	0.7500	ok
BDPA Romance	lacrimam	Lombard(East)	Venetian	malign (bootstrap)	0.7500	0.7500	0.7500	0.7500	ok
BDPA Romance	lacrimam	Lombard(West)	Occitan	malign (bootstrap)	1.0000	1.0000	1.0000	1.0000	ok
BDPA Romance	lacrimam	Lombard(West)	Venetian	malign (bootstrap)	1.0000	1.0000	1.0000	1.0000	ok
BDPA Romance	lacrimam	Occitan	Venetian	malign (bootstrap)	1.0000	1.0000	1.0000	1.0000	ok
BDPA Romance	lanam	French	Italian	malign (bootstrap)	1.0000	1.0000	1.0000	1.0000	ok
BDPA Romance	lanam	French	Ladino	malign (bootstrap)	1.0000	1.0000	1.0000	1.0000	ok
BDPA Romance	lanam	French	Ligurian	malign (bootstrap)	1.0000	1.0000	1.0000	1.0000	ok
BDPA Romance	lanam	French	Lombard(East)	malign (bootstrap)	1.0000	1.0000	1.0000	1.0000	ok
BDPA Romance	lanam	French	Lombard(West)	malign (bootstrap)	1.0000	1.0000	1.0000	1.0000	ok
BDPA Romance	lanam	French	Occitan	malign (bootstrap)					skipped
BDPA Romance	lanam	French	Venetian	malign (bootstrap)	1.0000	1.0000	1.0000	1.0000	ok
BDPA Romance	lanam	Italian	Ladino	malign (bootstrap)	1.0000	1.0000	1.0000	1.0000	ok
BDPA Romance	lanam	Italian	Ligurian	malign (bootstrap)	1.0000	1.0000	1.0000	1.0000	ok
BDPA Romance	lanam	Italian	Lombard(East)	malign (bootstrap)	1.0000	1.0000	1.0000	1.0000	ok
BDPA Romance	lanam	Italian	Lombard(West)	malign (bootstrap)	1.0000	1.0000	1.0000	1.0000	ok
BDPA Romance	lanam	Italian	Occitan	malign (bootstrap)	0.5000	0.5000	0.5000	0.5000	ok
BDPA Romance	lanam	Italian	Venetian	malign (bootstrap)	1.0000	1.0000	1.0000	1.0000	ok
BDPA Romance	lanam	Ladino	Ligurian	malign (bootstrap)	1.0000	1.0000	1.0000	1.0000	ok
BDPA Romance	lanam	Ladino	Lombard(East)	malign (bootstrap)	1.0000	1.0000	1.0000	1.0000	ok
BDPA Romance	lanam	Ladino	Lombard(West)	malign (bootstrap)	1.0000	1.0000	1.0000	1.0000	ok
BDPA Romance	lanam	Ladino	Occitan	malign (bootstrap)	1.0000	1.0000	1.0000	1.0000	ok
BDPA Romance	lanam	Ladino	Venetian	malign (bootstrap)	1.0000	1.0000	1.0000	1.0000	ok
BDPA Romance	lanam	Ligurian	Lombard(East)	malign (bootstrap)	1.0000	1.0000	1.0000	1.0000	ok
BDPA Romance	lanam	Ligurian	Lombard(West)	malign (bootstrap)	1.0000	1.0000	1.0000	1.0000	ok
BDPA Romance	lanam	Ligurian	Occitan	malign (bootstrap)					skipped
BDPA Romance	lanam	Ligurian	Venetian	malign (bootstrap)	1.0000	1.0000	1.0000	1.0000	ok
BDPA Romance	lanam	Lombard(East)	Lombard(West)	malign (bootstrap)	1.0000	1.0000	1.0000	1.0000	ok
BDPA Romance	lanam	Lombard(East)	Occitan	malign (bootstrap)	1.0000	1.0000	1.0000	1.0000	ok
BDPA Romance	lanam	Lombard(East)	Venetian	malign (bootstrap)	1.0000	1.0000	1.0000	1.0000	ok
BDPA Romance	lanam	Lombard(West)	Occitan	malign (bootstrap)	1.0000	1.0000	1.0000	1.0000	ok
BDPA Romance	lanam	Lombard(West)	Venetian	malign (bootstrap)	1.0000	1.0000	1.0000	1.0000	ok
BDPA Romance	lanam	Occitan	Venetian	malign (bootstrap)	1.0000	1.0000	1.0000	1.0000	ok
BDPA Romance	linguam	French	Italian	malign (bootstrap)	1.0000	1.0000	1.0000	1.0000	ok
BDPA Romance	linguam	French	Ladino	malign (bootstrap)	1.0000	1.0000	1.0000	1.0000	ok
BDPA Romance	linguam	French	Ligurian	malign (bootstrap)	1.0000	1.0000	1.0000	1.0000	ok
BDPA Romance	linguam	French	Lombard(East)	malign (bootstrap)	1.0000	1.0000	1.0000	1.0000	ok
BDPA Romance	linguam	French	Lombard(West)	malign (bootstrap)	1.0000	1.0000	1.0000	1.0000	ok
BDPA Romance	linguam	French	Occitan	malign (bootstrap)	1.0000	1.0000	1.0000	1.0000	ok
BDPA Romance	linguam	French	Venetian	malign (bootstrap)	1.0000	1.0000	1.0000	1.0000	ok
BDPA Romance	linguam	Italian	Ladino	malign (bootstrap)	1.0000	1.0000	1.0000	1.0000	ok
BDPA Romance	linguam	Italian	Ligurian	malign (bootstrap)	1.0000	1.0000	1.0000	1.0000	ok
BDPA Romance	linguam	Italian	Lombard(East)	malign (bootstrap)	1.0000	1.0000	1.0000	1.0000	ok
BDPA Romance	linguam	Italian	Lombard(West)	malign (bootstrap)	1.0000	1.0000	1.0000	1.0000	ok
BDPA Romance	linguam	Italian	Occitan	malign (bootstrap)	0.6667	0.6667	0.6667	0.6667	ok
BDPA Romance	linguam	Italian	Venetian	malign (bootstrap)	1.0000	1.0000	1.0000	1.0000	ok
BDPA Romance	linguam	Ladino	Ligurian	malign (bootstrap)	1.0000	1.0000	1.0000	1.0000	ok
BDPA Romance	linguam	Ladino	Lombard(East)	malign (bootstrap)	1.0000	1.0000	1.0000	1.0000	ok
BDPA Romance	linguam	Ladino	Lombard(West)	malign (bootstrap)	1.0000	1.0000	1.0000	1.0000	ok
BDPA Romance	linguam	Ladino	Occitan	malign (bootstrap)	1.0000	1.0000	1.0000	1.0000	ok
BDPA Romance	linguam	Ladino	Venetian	malign (bootstrap)	1.0000	1.0000	1.0000	1.0000	ok
BDPA Romance	linguam	Ligurian	Lombard(East)	malign (bootstrap)	1.0000	1.0000	1.0000	1.0000	ok
BDPA Romance	linguam	Ligurian	Lombard(West)	malign (bootstrap)	1.0000	1.0000	1.0000	1.0000	ok
BDPA Romance	linguam	Ligurian	Occitan	malign (bootstrap)	1.0000	1.0000	1.0000	1.0000	ok
BDPA Romance	linguam	Ligurian	Venetian	malign (bootstrap)	1.0000	1.0000	1.0000	1.0000	ok
BDPA Romance	linguam	Lombard(East)	Lombard(West)	malign (bootstrap)	1.0000	1.0000	1.0000	1.0000	ok
BDPA Romance	linguam	Lombard(East)	Occitan	malign (bootstrap)	1.0000	1.0000	1.0000	1.0000	ok
BDPA Romance	linguam	Lombard(East)	Venetian	malign (bootstrap)	1.0000	1.0000	1.0000	1.0000	ok
BDPA Romance	linguam	Lombard(West)	Occitan	malign (bootstrap)	1.0000	1.0000	1.0000	1.0000	ok
BDPA Romance	linguam	Lombard(West)	Venetian	malign (bootstrap)	1.0000	1.0000	1.0000	1.0000	ok
BDPA Romance	linguam	Occitan	Venetian	malign (bootstrap)	0.6667	0.6667	0.6667	0.6667	ok
BDPA Romance	lunam	French	Italian	malign (bootstrap)	1.0000	1.0000	1.0000	1.0000	ok
BDPA Romance	lunam	French	Ladino	malign (bootstrap)	1.0000	1.0000	1.0000	1.0000	ok
BDPA Romance	lunam	French	Ligurian	malign (bootstrap)					skipped
BDPA Romance	lunam	French	Lombard(East)	malign (bootstrap)	1.0000	1.0000	1.0000	1.0000	ok
BDPA Romance	lunam	French	Lombard(West)	malign (bootstrap)	1.0000	1.0000	1.0000	1.0000	ok
BDPA Romance	lunam	French	Occitan	malign (bootstrap)					skipped
BDPA Romance	lunam	French	Venetian	malign (bootstrap)	1.0000	1.0000	1.0000	1.0000	ok
BDPA Romance	lunam	Italian	Ladino	malign (bootstrap)	1.0000	1.0000	1.0000	1.0000	ok
BDPA Romance	lunam	Italian	Ligurian	malign (bootstrap)	1.0000	1.0000	1.0000	1.0000	ok
BDPA Romance	lunam	Italian	Lombard(East)	malign (bootstrap)	1.0000	1.0000	1.0000	1.0000	ok
BDPA Romance	lunam	Italian	Lombard(West)	malign (bootstrap)	1.0000	1.0000	1.0000	1.0000	ok
BDPA Romance	lunam	Italian	Occitan	malign (bootstrap)	0.5000	0.5000	0.5000	0.5000	ok
BDPA Romance	lunam	Italian	Venetian	malign (bootstrap)	1.0000	1.0000	1.0000	1.0000	ok
BDPA Romance	lunam	Ladino	Ligurian	malign (bootstrap)	1.0000	1.0000	1.0000	1.0000	ok
BDPA Romance	lunam	Ladino	Lombard(East)	malign (bootstrap)	1.0000	1.0000	1.0000	1.0000	ok
BDPA Romance	lunam	Ladino	Lombard(West)	malign (bootstrap)	1.0000	1.0000	1.0000	1.0000	ok
BDPA Romance	lunam	Ladino	Occitan	malign (bootstrap)	1.0000	1.0000	1.0000	1.0000	ok
BDPA Romance	lunam	Ladino	Venetian	malign (bootstrap)	1.0000	1.0000	1.0000	1.0000	ok
BDPA Romance	lunam	Ligurian	Lombard(East)	malign (bootstrap)	1.0000	1.0000	1.0000	1.0000	ok
BDPA Romance	lunam	Ligurian	Lombard(West)	malign (bootstrap)	1.0000	1.0000	1.0000	1.0000	ok
BDPA Romance	lunam	Ligurian	Occitan	malign (bootstrap)	1.0000	1.0000	1.0000	1.0000	ok
BDPA Romance	lunam	Ligurian	Venetian	malign (bootstrap)	1.0000	1.0000	1.0000	1.0000	ok
BDPA Romance	lunam	Lombard(East)	Lombard(West)	malign (bootstrap)	1.0000	1.0000	1.0000	1.0000	ok
BDPA Romance	lunam	Lombard(East)	Occitan	malign (bootstrap)	1.0000	1.0000	1.0000	1.0000	ok
BDPA Romance	lunam	Lombard(East)	Venetian	malign (bootstrap)	1.0000	1.0000	1.0000	1.0000	ok
BDPA Romance	lunam	Lombard(West)	Occitan	malign (bootstrap)	1.0000	1.0000	1.0000	1.0000	ok
BDPA Romance	lunam	Lombard(West)	Venetian	malign (bootstrap)	1.0000	1.0000	1.0000	1.0000	ok
BDPA Romance	lunam	Occitan	Venetian	malign (bootstrap)	1.0000	1.0000	1.0000	1.0000	ok
BDPA Romance	manum	French	Italian	malign (bootstrap)	1.0000	1.0000	1.0000	1.0000	ok
BDPA Romance	manum	French	Ladino	malign (bootstrap)	1.0000	1.0000	1.0000	1.0000	ok
BDPA Romance	manum	French	Ligurian	malign (bootstrap)	1.0000	1.0000	1.0000	1.0000	ok
BDPA Romance	manum	French	Lombard(East)	malign (bootstrap)	1.0000	1.0000	1.0000	1.0000	ok
BDPA Romance	manum	French	Lombard(West)	malign (bootstrap)	1.0000	1.0000	1.0000	1.0000	ok
BDPA Romance	manum	French	Occitan	malign (bootstrap)	1.0000	1.0000	1.0000	1.0000	ok
BDPA Romance	manum	French	Venetian	malign (bootstrap)	1.0000	1.0000	1.0000	1.0000	ok
BDPA Romance	manum	Italian	Ladino	malign (bootstrap)	1.0000	1.0000	1.0000	1.0000	ok
BDPA Romance	manum	Italian	Ligurian	malign (bootstrap)	1.0000	1.0000	1.0000	1.0000	ok
BDPA Romance	manum	Italian	Lombard(East)	malign (bootstrap)	1.0000	1.0000	1.0000	1.0000	ok
BDPA Romance	manum	Italian	Lombard(West)	malign (bootstrap)	1.0000	1.0000	1.0000	1.0000	ok
BDPA Romance	manum	Italian	Occitan	malign (bootstrap)	1.0000	1.0000	1.0000	1.0000	ok
BDPA Romance	manum	Italian	Venetian	malign (bootstrap)	1.0000	1.0000	1.0000	1.0000	ok
BDPA Romance	manum	Ladino	Ligurian	malign (bootstrap)	1.0000	1.0000	1.0000	1.0000	ok
BDPA Romance	manum	Ladino	Lombard(East)	malign (bootstrap)	1.0000	1.0000	1.0000	1.0000	ok
BDPA Romance	manum	Ladino	Lombard(West)	malign (bootstrap)	1.0000	1.0000	1.0000	1.0000	ok
BDPA Romance	manum	Ladino	Occitan	malign (bootstrap)	1.0000	1.0000	1.0000	1.0000	ok
BDPA Romance	manum	Ladino	Venetian	malign (bootstrap)	1.0000	1.0000	1.0000	1.0000	ok
BDPA Romance	manum	Ligurian	Lombard(East)	malign (bootstrap)	1.0000	1.0000	1.0000	1.0000	ok
BDPA Romance	manum	Ligurian	Lombard(West)	malign (bootstrap)	1.0000	1.0000	1.0000	1.0000	ok
BDPA Romance	manum	Ligurian	Occitan	malign (bootstrap)	1.0000	1.0000	1.0000	1.0000	ok
BDPA Romance	manum	Ligurian	Venetian	malign (bootstrap)	1.0000	1.0000	1.0000	1.0000	ok
BDPA Romance	manum	Lombard(East)	Lombard(West)	malign (bootstrap)	1.0000	1.0000	1.0000	1.0000	ok
BDPA Romance	manum	Lombard(East)	Occitan	malign (bootstrap)	1.0000	1.0000	1.0000	1.0000	ok
BDPA Romance	manum	Lombard(East)	Venetian	malign (bootstrap)	1.0000	1.0000	1.0000	1.0000	ok
BDPA Romance	manum	Lombard(West)	Occitan	malign (bootstrap)	1.0000	1.0000	1.0000	1.0000	ok
BDPA Romance	manum	Lombard(West)	Venetian	malign (bootstrap)	1.0000	1.0000	1.0000	1.0000	ok
BDPA Romance	manum	Occitan	Venetian	malign (bootstrap)	1.0000	1.0000	1.0000	1.0000	ok
BDPA Romance	mare	French	Italian	malign (bootstrap)	1.0000	1.0000	1.0000	1.0000	ok
BDPA Romance	mare	French	Ladino	malign (bootstrap)	1.0000	1.0000	1.0000	1.0000	ok
BDPA Romance	mare	French	Ligurian	malign (bootstrap)	1.0000	1.0000	1.0000	1.0000	ok
BDPA Romance	mare	French	Lombard(East)	malign (bootstrap)	1.0000	1.0000	1.0000	1.0000	ok
BDPA Romance	mare	French	Lombard(West)	malign (bootstrap)	1.0000	1.0000	1.0000	1.0000	ok
BDPA Romance	mare	French	Occitan	malign (bootstrap)	1.0000	1.0000	1.0000	1.0000	ok
BDPA Romance	mare	French	Venetian	malign (bootstrap)	1.0000	1.0000	1.0000	1.0000	ok
BDPA Romance	mare	Italian	Ladino	malign (bootstrap)	1.0000	1.0000	1.0000	1.0000	ok
BDPA Romance	mare	Italian	Ligurian	malign (bootstrap)	1.0000	1.0000	1.0000	1.0000	ok
BDPA Romance	mare	Italian	Lombard(East)	malign (bootstrap)	1.0000	1.0000	1.0000	1.0000	ok
BDPA Romance	mare	Italian	Lombard(West)	malign (bootstrap)	1.0000	1.0000	1.0000	1.0000	ok
BDPA Romance	mare	Italian	Occitan	malign (bootstrap)	1.0000	1.0000	1.0000	1.0000	ok
BDPA Romance	mare	Italian	Venetian	malign (bootstrap)	1.0000	1.0000	1.0000	1.0000	ok
BDPA Romance	mare	Ladino	Ligurian	malign (bootstrap)	1.0000	1.0000	1.0000	1.0000	ok
BDPA Romance	mare	Ladino	Lombard(East)	malign (bootstrap)	1.0000	1.0000	1.0000	1.0000	ok
BDPA Romance	mare	Ladino	Lombard(West)	malign (bootstrap)	1.0000	1.0000	1.0000	1.0000	ok
BDPA Romance	mare	Ladino	Occitan	malign (bootstrap)	1.0000	1.0000	1.0000	1.0000	ok
BDPA Romance	mare	Ladino	Venetian	malign (bootstrap)	1.0000	1.0000	1.0000	1.0000	ok
BDPA Romance	mare	Ligurian	Lombard(East)	malign (bootstrap)	1.0000	1.0000	1.0000	1.0000	ok
BDPA Romance	mare	Ligurian	Lombard(West)	malign (bootstrap)	1.0000	1.0000	1.0000	1.0000	ok
BDPA Romance	mare	Ligurian	Occitan	malign (bootstrap)	1.0000	1.0000	1.0000	1.0000	ok
BDPA Romance	mare	Ligurian	Venetian	malign (bootstrap)	1.0000	1.0000	1.0000	1.0000	ok
BDPA Romance	mare	Lombard(East)	Lombard(West)	malign (bootstrap)	1.0000	1.0000	1.0000	1.0000	ok
BDPA Romance	mare	Lombard(East)	Occitan	malign (bootstrap)	1.0000	1.0000	1.0000	1.0000	ok
BDPA Romance	mare	Lombard(East)	Venetian	malign (bootstrap)	1.0000	1.0000	1.0000	1.0000	ok
BDPA Romance	mare	Lombard(West)	Occitan	malign (bootstrap)	1.0000	1.0000	1.0000	1.0000	ok
BDPA Romance	mare	Lombard(West)	Venetian	malign (bootstrap)	1.0000	1.0000	1.0000	1.0000	ok
BDPA Romance	mare	Occitan	Venetian	malign (bootstrap)	1.0000	1.0000	1.0000	1.0000	ok
BDPA Romance	novem	French	Italian	malign (bootstrap)	1.0000	1.0000	1.0000	1.0000	ok
BDPA Romance	novem	French	Ladino	malign (bootstrap)	1.0000	1.0000	1.0000	1.0000	ok
BDPA Romance	novem	French	Ligurian	malign (bootstrap)	1.0000	1.0000	1.0000	1.0000	ok
BDPA Romance	novem	French	Lombard(East)	malign (bootstrap)	1.0000	1.0000	1.0000	1.0000	ok
BDPA Romance	novem	French	Lombard(West)	malign (bootstrap)	1.0000	1.0000	1.0000	1.0000	ok
BDPA Romance	novem	French	Occitan	malign (bootstrap)	1.0000	1.0000	1.0000	1.0000	ok
BDPA Romance	novem	French	Venetian	malign (bootstrap)	1.0000	1.0000	1.0000	1.0000	ok
BDPA Romance	novem	Italian	Ladino	malign (bootstrap)	1.0000	1.0000	1.0000	1.0000	ok
BDPA Romance	novem	Italian	Ligurian	malign (bootstrap)	1.0000	1.0000	1.0000	1.0000	ok
BDPA Romance	novem	Italian	Lombard(East)	malign (bootstrap)	1.0000	1.0000	1.0000	1.0000	ok
BDPA Romance	novem	Italian	Lombard(West)	malign (bootstrap)	1.0000	1.0000	1.0000	1.0000	ok
BDPA Romance	novem	Italian	Occitan	malign (bootstrap)	1.0000	1.0000	1.0000	1.0000	ok
BDPA Romance	novem	Italian	Venetian	malign (bootstrap)	1.0000	1.0000	1.0000	1.0000	ok
BDPA Romance	novem	Ladino	Ligurian	malign (bootstrap)	1.0000	1.0000	1.0000	1.0000	ok
BDPA Romance	novem	Ladino	Lombard(East)	malign (bootstrap)	1.0000	1.0000	1.0000	1.0000	ok
BDPA Romance	novem	Ladino	Lombard(West)	malign (bootstrap)	1.0000	1.0000	1.0000	1.0000	ok
BDPA Romance	novem	Ladino	Occitan	malign (bootstrap)	1.0000	1.0000	1.0000	1.0000	ok
BDPA Romance	novem	Ladino	Venetian	malign (bootstrap)	1.0000	1.0000	1.0000	1.0000	ok
BDPA Romance	novem	Ligurian	Lombard(East)	malign (bootstrap)	1.0000	1.0000	1.0000	1.0000	ok
BDPA Romance	novem	Ligurian	Lombard(West)	malign (bootstrap)	1.0000	1.0000	1.0000	1.0000	ok
BDPA Romance	novem	Ligurian	Occitan	malign (bootstrap)	1.0000	1.0000	1.0000	1.0000	ok
BDPA Romance	novem	Ligurian	Venetian	malign (bootstrap)	1.0000	1.0000	1.0000	1.0000	ok
BDPA Romance	novem	Lombard(East)	Lombard(West)	malign (bootstrap)	1.0000	1.0000	1.0000	1.0000	ok
BDPA Romance	novem	Lombard(East)	Occitan	malign (bootstrap)	1.0000	1.0000	1.0000	1.0000	ok
BDPA Romance	novem	Lombard(East)	Venetian	malign (bootstrap)	1.0000	1.0000	1.0000	1.0000	ok
BDPA Romance	novem	Lombard(West)	Occitan	malign (bootstrap)	1.0000	1.0000	1.0000	1.0000	ok
BDPA Romance	novem	Lombard(West)	Venetian	malign (bootstrap)	1.0000	1.0000	1.0000	1.0000	ok
BDPA Romance	novem	Occitan	Venetian	malign (bootstrap)	1.0000	1.0000	1.0000	1.0000	ok
BDPA Romance	octo	French	Italian	malign (bootstrap)					skipped
BDPA Romance	octo	French	Ladino	malign (bootstrap)	1.0000	1.0000	1.0000	1.0000	ok
BDPA Romance	octo	French	Ligurian	malign (bootstrap)	0.5000	0.5000	0.5000	0.5000	ok
BDPA Romance	octo	French	Lombard(East)	malign (bootstrap)	0.3333	0.3333	0.3333	0.3333	ok
BDPA Romance	octo	French	Lombard(West)	malign (bootstrap)	1.0000	1.0000	1.0000	1.0000	ok
BDPA Romance	octo	French	Occitan	malign (bootstrap)	0.3333	0.3333	0.3333	0.3333	ok
BDPA Romance	octo	French	Venetian	malign (bootstrap)	0.5000	0.5000	0.5000	0.5000	ok
BDPA Romance	octo	Italian	Ladino	malign (bootstrap)	1.0000	1.0000	1.0000	1.0000	ok
BDPA Romance	octo	Italian	Ligurian	malign (bootstrap)	1.0000	1.0000	1.0000	1.0000	ok
BDPA Romance	octo	Italian	Lombard(East)	malign (bootstrap)	1.0000	1.0000	1.0000	1.0000	ok
BDPA Romance	octo	Italian	Lombard(West)	malign (bootstrap)	1.0000	1.0000	1.0000	1.0000	ok
BDPA Romance	octo	Italian	Occitan	malign (bootstrap)	1.0000	1.0000	1.0000	1.0000	ok
BDPA Romance	octo	Italian	Venetian	malign (bootstrap)	1.0000	1.0000	1.0000	1.0000	ok
BDPA Romance	octo	Ladino	Ligurian	malign (bootstrap)	0.5000	0.5000	0.5000	0.5000	ok
BDPA Romance	octo	Ladino	Lombard(East)	malign (bootstrap)	0.3333	0.3333	0.3333	0.3333	ok
BDPA Romance	octo	Ladino	Lombard(West)	malign (bootstrap)	1.0000	1.0000	1.0000	1.0000	ok
BDPA Romance	octo	Ladino	Occitan	malign (bootstrap)	0.3333	0.3333	0.3333	0.3333	ok
BDPA Romance	octo	Ladino	Venetian	malign (bootstrap)	0.5000	0.5000	0.5000	0.5000	ok
BDPA Romance	octo	Ligurian	Lombard(East)	malign (bootstrap)	1.0000	1.0000	1.0000	1.0000	ok
BDPA Romance	octo	Ligurian	Lombard(West)	malign (bootstrap)	0.5000	0.5000	0.5000	0.5000	ok
BDPA Romance	octo	Ligurian	Occitan	malign (bootstrap)	1.0000	1.0000	1.0000	1.0000	ok
BDPA Romance	octo	Ligurian	Venetian	malign (bootstrap)	1.0000	1.0000	1.0000	1.0000	ok
BDPA Romance	octo	Lombard(East)	Lombard(West)	malign (bootstrap)	0.3333	0.3333	0.3333	0.3333	ok
BDPA Romance	octo	Lombard(East)	Occitan	malign (bootstrap)	1.0000	1.0000	1.0000	1.0000	ok
BDPA Romance	octo	Lombard(East)	Venetian	malign (bootstrap)	1.0000	1.0000	1.0000	1.0000	ok
BDPA Romance	octo	Lombard(West)	Occitan	malign (bootstrap)	0.3333	0.3333	0.3333	0.3333	ok
BDPA Romance	octo	Lombard(West)	Venetian	malign (bootstrap)	0.5000	0.5000	0.5000	0.5000	ok
BDPA Romance	octo	Occitan	Venetian	malign (bootstrap)	1.0000	1.0000	1.0000	1.0000	ok
BDPA Romance	oculum	French	Italian	malign (bootstrap)	0.5000	0.5000	0.5000	0.5000	ok
BDPA Romance	oculum	French	Ladino	malign (bootstrap)	0.5000	0.5000	0.5000	0.5000	ok
BDPA Romance	oculum	French	Ligurian	malign (bootstrap)					skipped
BDPA Romance	oculum	French	Lombard(East)	malign (bootstrap)					skipped
BDPA Romance	oculum	French	Lombard(West)	malign (bootstrap)					skipped
BDPA Romance	oculum	French	Occitan	malign (bootstrap)	1.0000	1.0000	1.0000	1.0000	ok
BDPA Romance	oculum	French	Venetian	malign (bootstrap)					skipped
BDPA Romance	oculum	Italian	Ladino	malign (bootstrap)					skipped
BDPA Romance	oculum	Italian	Ligurian	malign (bootstrap)	1.0000	1.0000	1.0000	1.0000	ok
BDPA Romance	oculum	Italian	Lombard(East)	malign (bootstrap)	1.0000	1.0000	1.0000	1.0000	ok
BDPA Romance	oculum	Italian	Lombard(West)	malign (bootstrap)	1.0000	1.0000	1.0000	1.0000	ok
BDPA Romance	oculum	Italian	Occitan	malign (bootstrap)	1.0000	1.0000	1.0000	1.0000	ok
BDPA Romance	oculum	Italian	Venetian	malign (bootstrap)	1.0000	1.0000	1.0000	1.0000	ok
BDPA Romance	oculum	Ladino	Ligurian	malign (bootstrap)					skipped
BDPA Romance	oculum	Ladino	Lombard(East)	malign (bootstrap)	0.0000	0.0000	0.0000	0.0000	ok
BDPA Romance	oculum	Ladino	Lombard(West)	malign (bootstrap)	0.0000	0.0000	0.0000	0.0000	ok
BDPA Romance	oculum	Ladino	Occitan	malign (bootstrap)	0.5000	0.5000	0.5000	0.5000	ok
BDPA Romance	oculum	Ladino	Venetian	malign (bootstrap)					skipped
BDPA Romance	oculum	Ligurian	Lombard(East)	malign (bootstrap)	1.0000	1.0000	1.0000	1.0000	ok
BDPA Romance	oculum	Ligurian	Lombard(West)	malign (bootstrap)	1.0000	1.0000	1.0000	1.0000	ok
BDPA Romance	oculum	Ligurian	Occitan	malign (bootstrap)					skipped
BDPA Romance	oculum	Ligurian	Venetian	malign (bootstrap)	1.0000	1.0000	1.0000	1.0000	ok
BDPA Romance	oculum	Lombard(East)	Lombard(West)	malign (bootstrap)	1.0000	1.0000	1.0000	1.0000	ok
BDPA Romance	oculum	Lombard(East)	Occitan	malign (bootstrap)					skipped
BDPA Romance	oculum	Lombard(East)	Venetian	malign (bootstrap)	1.0000	1.0000	1.0000	1.0000	ok
BDPA Romance	oculum	Lombard(West)	Occitan	malign (bootstrap)					skipped
BDPA Romance	oculum	Lombard(West)	Venetian	malign (bootstrap)	1.0000	1.0000	1.0000	1.0000	ok
BDPA Romance	oculum	Occitan	Venetian	malign (bootstrap)					skipped
BDPA Romance	ovum	French	Italian	malign (bootstrap)	1.0000	1.0000	1.0000	1.0000	ok
BDPA Romance	ovum	French	Ladino	malign (bootstrap)	1.0000	1.0000	1.0000	1.0000	ok
BDPA Romance	ovum	French	Ligurian	malign (bootstrap)	1.0000	1.0000	1.0000	1.0000	ok
BDPA Romance	ovum	French	Lombard(East)	malign (bootstrap)	1.0000	1.0000	1.0000	1.0000	ok
BDPA Romance	ovum	French	Lombard(West)	malign (bootstrap)	1.0000	1.0000	1.0000	1.0000	ok
BDPA Romance	ovum	French	Occitan	malign (bootstrap)					skipped
BDPA Romance	ovum	French	Venetian	malign (bootstrap)	1.0000	1.0000	1.0000	1.0000	ok
BDPA Romance	ovum	Italian	Ladino	malign (bootstrap)	1.0000	1.0000	1.0000	1.0000	ok
BDPA Romance	ovum	Italian	Ligurian	malign (bootstrap)	1.0000	1.0000	1.0000	1.0000	ok
BDPA Romance	ovum	Italian	Lombard(East)	malign (bootstrap)	1.0000	1.0000	1.0000	1.0000	ok
BDPA Romance	ovum	Italian	Lombard(West)	malign (bootstrap)	1.0000	1.0000	1.0000	1.0000	ok
BDPA Romance	ovum	Italian	Occitan	malign (bootstrap)	0.5000	0.5000	0.5000	0.5000	ok
BDPA Romance	ovum	Italian	Venetian	malign (bootstrap)	1.0000	1.0000	1.0000	1.0000	ok
BDPA Romance	ovum	Ladino	Ligurian	malign (bootstrap)	1.0000	1.0000	1.0000	1.0000	ok
BDPA Romance	ovum	Ladino	Lombard(East)	malign (bootstrap)	1.0000	1.0000	1.0000	1.0000	ok
BDPA Romance	ovum	Ladino	Lombard(West)	malign (bootstrap)	1.0000	1.0000	1.0000	1.0000	ok
BDPA Romance	ovum	Ladino	Occitan	malign (bootstrap)					skipped
BDPA Romance	ovum	Ladino	Venetian	malign (bootstrap)	1.0000	1.0000	1.0000	1.0000	ok
BDPA Romance	ovum	Ligurian	Lombard(East)	malign (bootstrap)	1.0000	1.0000	1.0000	1.0000	ok
BDPA Romance	ovum	Ligurian	Lombard(West)	malign (bootstrap)	1.0000	1.0000	1.0000	1.0000	ok
BDPA Romance	ovum	Ligurian	Occitan	malign (bootstrap)	0.3333	0.3333	0.3333	0.3333	ok
BDPA Romance	ovum	Ligurian	Venetian	malign (bootstrap)	1.0000	1.0000	1.0000	1.0000	ok
BDPA Romance	ovum	Lombard(East)	Lombard(West)	malign (bootstrap)	1.0000	1.0000	1.0000	1.0000	ok
BDPA Romance	ovum	Lombard(East)	Occitan	malign (bootstrap)					skipped
BDPA Romance	ovum	Lombard(East)	Venetian	malign (bootstrap)	1.0000	1.0000	1.0000	1.0000	ok
BDPA Romance	ovum	Lombard(West)	Occitan	malign (bootstrap)					skipped
BDPA Romance	ovum	Lombard(West)	Venetian	malign (bootstrap)	1.0000	1.0000	1.0000	1.0000	ok
BDPA Romance	ovum	Occitan	Venetian	malign (bootstrap)	0.2500	0.2500	0.2500	0.2500	ok
BDPA Romance	pedem	French	Italian	malign (bootstrap)	0.6000	0.6000	0.6000	0.6000	ok
BDPA Romance	pedem	French	Ladino	malign (bootstrap)	1.0000	1.0000	1.0000	1.0000	ok
BDPA Romance	pedem	French	Ligurian	malign (bootstrap)	1.0000	1.0000	1.0000	1.0000	ok
BDPA Romance	pedem	French	Lombard(East)	malign (bootstrap)	1.0000	1.0000	1.0000	1.0000	ok
BDPA Romance	pedem	French	Lombard(West)	malign (bootstrap)	1.0000	1.0000	1.0000	1.0000	ok
BDPA Romance	pedem	French	Occitan	malign (bootstrap)	1.0000	1.0000	1.0000	1.0000	ok
BDPA Romance	pedem	French	Venetian	malign (bootstrap)	1.0000	1.0000	1.0000	1.0000	ok
BDPA Romance	pedem	Italian	Ladino	malign (bootstrap)	0.6000	0.6000	0.6000	0.6000	ok
BDPA Romance	pedem	Italian	Ligurian	malign (bootstrap)	0.6000	0.6000	0.6000	0.6000	ok
BDPA Romance	pedem	Italian	Lombard(East)	malign (bootstrap)	0.6000	0.6000	0.6000	0.6000	ok
BDPA Romance	pedem	Italian	Lombard(West)	malign (bootstrap)	0.6000	0.6000	0.6000	0.6000	ok
BDPA Romance	pedem	Italian	Occitan	malign (bootstrap)	0.6000	0.6000	0.6000	0.6000	ok
BDPA Romance	pedem	Italian	Venetian	malign (bootstrap)	0.4000	0.4000	0.4000	0.4000	ok
BDPA Romance	pedem	Ladino	Ligurian	malign (bootstrap)	1.0000	1.0000	1.0000	1.0000	ok
BDPA Romance	pedem	Ladino	Lombard(East)	malign (bootstrap)	1.0000	1.0000	1.0000	1.0000	ok
BDPA Romance	pedem	Ladino	Lombard(West)	malign (bootstrap)	1.0000	1.0000	1.0000	1.0000	ok
BDPA Romance	pedem	Ladino	Occitan	malign (bootstrap)	1.0000	1.0000	1.0000	1.0000	ok
BDPA Romance	pedem	Ladino	Venetian	malign (bootstrap)	1.0000	1.0000	1.0000	1.0000	ok
BDPA Romance	pedem	Ligurian	Lombard(East)	malign (bootstrap)	1.0000	1.0000	1.0000	1.0000	ok
BDPA Romance	pedem	Ligurian	Lombard(West)	malign (bootstrap)	1.0000	1.0000	1.0000	1.0000	ok
BDPA Romance	pedem	Ligurian	Occitan	malign (bootstrap)	1.0000	1.0000	1.0000	1.0000	ok
BDPA Romance	pedem	Ligurian	Venetian	malign (bootstrap)	1.0000	1.0000	1.0000	1.0000	ok
BDPA Romance	pedem	Lombard(East)	Lombard(West)	malign (bootstrap)	1.0000	1.0000	1.0000	1.0000	ok
BDPA Romance	pedem	Lombard(East)	Occitan	malign (bootstrap)	1.0000	1.0000	1.0000	1.0000	ok
BDPA Romance	pedem	Lombard(East)	Venetian	malign (bootstrap)	1.0000	1.0000	1.0000	1.0000	ok
BDPA Romance	pedem	Lombard(West)	Occitan	malign (bootstrap)	1.0000	1.0000	1.0000	1.0000	ok
BDPA Romance	pedem	Lombard(West)	Venetian	malign (bootstrap)	1.0000	1.0000	1.0000	1.0000	ok
BDPA Romance	pedem	Occitan	Venetian	malign (bootstrap)	1.0000	1.0000	1.0000	1.0000	ok
BDPA Romance	quattuor	French	Italian	malign (bootstrap)	1.0000	1.0000	1.0000	1.0000	ok
BDPA Romance	quattuor	French	Ladino	malign (bootstrap)	1.0000	1.0000	1.0000	1.0000	ok
BDPA Romance	quattuor	French	Ligurian	malign (bootstrap)	1.0000	1.0000	1.0000	1.0000	ok
BDPA Romance	quattuor	French	Lombard(East)	malign (bootstrap)	1.0000	1.0000	1.0000	1.0000	ok
BDPA Romance	quattuor	French	Lombard(West)	malign (bootstrap)	0.6667	0.6667	0.6667	0.6667	ok
BDPA Romance	quattuor	French	Occitan	malign (bootstrap)	0.6000	0.6000	0.6000	0.6000	ok
BDPA Romance	quattuor	French	Venetian	malign (bootstrap)	1.0000	1.0000	1.0000	1.0000	ok
BDPA Romance	quattuor	Italian	Ladino	malign (bootstrap)	1.0000	1.0000	1.0000	1.0000	ok
BDPA Romance	quattuor	Italian	Ligurian	malign (bootstrap)	1.0000	1.0000	1.0000	1.0000	ok
BDPA Romance	quattuor	Italian	Lombard(East)	malign (bootstrap)	1.0000	1.0000	1.0000	1.0000	ok
BDPA Romance	quattuor	Italian	Lombard(West)	malign (bootstrap)	1.0000	1.0000	1.0000	1.0000	ok
BDPA Romance	quattuor	Italian	Occitan	malign (bootstrap)	1.0000	1.0000	1.0000	1.0000	ok
BDPA Romance	quattuor	Italian	Venetian	malign (bootstrap)	1.0000	1.0000	1.0000	1.0000	ok
BDPA Romance	quattuor	Ladino	Ligurian	malign (bootstrap)	1.0000	1.0000	1.0000	1.0000	ok
BDPA Romance	quattuor	Ladino	Lombard(East)	malign (bootstrap)	1.0000	1.0000	1.0000	1.0000	ok
BDPA Romance	quattuor	Ladino	Lombard(West)	malign (bootstrap)	1.0000	1.0000	1.0000	1.0000	ok
BDPA Romance	quattuor	Ladino	Occitan	malign (bootstrap)	1.0000	1.0000	1.0000	1.0000	ok
BDPA Romance	quattuor	Ladino	Venetian	malign (bootstrap)	1.0000	1.0000	1.0000	1.0000	ok
BDPA Romance	quattuor	Ligurian	Lombard(East)	malign (bootstrap)	1.0000	1.0000	1.0000	1.0000	ok
BDPA Romance	quattuor	Ligurian	Lombard(West)	malign (bootstrap)	1.0000	1.0000	1.0000	1.0000	ok
BDPA Romance	quattuor	Ligurian	Occitan	malign (bootstrap)	1.0000	1.0000	1.0000	1.0000	ok
BDPA Romance	quattuor	Ligurian	Venetian	malign (bootstrap)	1.0000	1.0000	1.0000	1.0000	ok
BDPA Romance	quattuor	Lombard(East)	Lombard(West)	malign (bootstrap)	1.0000	1.0000	1.0000	1.0000	ok
BDPA Romance	quattuor	Lombard(East)	Occitan	malign (bootstrap)	1.0000	1.0000	1.0000	1.0000	ok
BDPA Romance	quattuor	Lombard(East)	Venetian	malign (bootstrap)	1.0000	1.0000	1.0000	1.0000	ok
BDPA Romance	quattuor	Lombard(West)	Occitan	malign (bootstrap)	0.5714	0.5714	0.5714	0.5714	ok
BDPA Romance	quattuor	Lombard(West)	Venetian	malign (bootstrap)	1.0000	1.0000	1.0000	1.0000	ok
BDPA Romance	quattuor	Occitan	Venetian	malign (bootstrap)	1.0000	1.0000	1.0000	1.0000	ok
BDPA Romance	quinque	French	Italian	malign (bootstrap)	1.0000	1.0000	1.0000	1.0000	ok
BDPA Romance	quinque	French	Ladino	malign (bootstrap)	1.0000	1.0000	1.0000	1.0000	ok
BDPA Romance	quinque	French	Ligurian	malign (bootstrap)	1.0000	1.0000	1.0000	1.0000	ok
BDPA Romance	quinque	French	Lombard(East)	malign (bootstrap)	1.0000	1.0000	1.0000	1.0000	ok
BDPA Romance	quinque	French	Lombard(West)	malign (bootstrap)	1.0000	1.0000	1.0000	1.0000	ok
BDPA Romance	quinque	French	Occitan	malign (bootstrap)	1.0000	1.0000	1.0000	1.0000	ok
BDPA Romance	quinque	French	Venetian	malign (bootstrap)	1.0000	1.0000	1.0000	1.0000	ok
BDPA Romance	quinque	Italian	Ladino	malign (bootstrap)	1.0000	1.0000	1.0000	1.0000	ok
BDPA Romance	quinque	Italian	Ligurian	malign (bootstrap)	1.0000	1.0000	1.0000	1.0000	ok
BDPA Romance	quinque	Italian	Lombard(East)	malign (bootstrap)	1.0000	1.0000	1.0000	1.0000	ok
BDPA Romance	quinque	Italian	Lombard(West)	malign (bootstrap)	1.0000	1.0000	1.0000	1.0000	ok
BDPA Romance	quinque	Italian	Occitan	malign (bootstrap)	1.0000	1.0000	1.0000	1.0000	ok
BDPA Romance	quinque	Italian	Venetian	malign (bootstrap)	1.0000	1.0000	1.0000	1.0000	ok
BDPA Romance	quinque	Ladino	Ligurian	malign (bootstrap)	1.0000	1.0000	1.0000	1.0000	ok
BDPA Romance	quinque	Ladino	Lombard(East)	malign (bootstrap)	1.0000	1.0000	1.0000	1.0000	ok
BDPA Romance	quinque	Ladino	Lombard(West)	malign (bootstrap)	1.0000	1.0000	1.0000	1.0000	ok
BDPA Romance	quinque	Ladino	Occitan	malign (bootstrap)	1.0000	1.0000	1.0000	1.0000	ok
BDPA Romance	quinque	Ladino	Venetian	malign (bootstrap)	1.0000	1.0000	1.0000	1.0000	ok
BDPA Romance	quinque	Ligurian	Lombard(East)	malign (bootstrap)	1.0000	1.0000	1.0000	1.0000	ok
BDPA Romance	quinque	Ligurian	Lombard(West)	malign (bootstrap)	1.0000	1.0000	1.0000	1.0000	ok
BDPA Romance	quinque	Ligurian	Occitan	malign (bootstrap)	1.0000	1.0000	1.0000	1.0000	ok
BDPA Romance	quinque	Ligurian	Venetian	malign (bootstrap)	1.0000	1.0000	1.0000	1.0000	ok
BDPA Romance	quinque	Lombard(East)	Lombard(West)	malign (bootstrap)	1.0000	1.0000	1.0000	1.0000	ok
BDPA Romance	quinque	Lombard(East)	Occitan	malign (bootstrap)	1.0000	1.0000	1.0000	1.0000	ok
BDPA Romance	quinque	Lombard(East)	Venetian	malign (bootstrap)	1.0000	1.0000	1.0000	1.0000	ok
BDPA Romance	quinque	Lombard(West)	Occitan	malign (bootstrap)	1.0000	1.0000	1.0000	1.0000	ok
BDPA Romance	quinque	Lombard(West)	Venetian	malign (bootstrap)	1.0000	1.0000	1.0000	1.0000	ok
BDPA Romance	quinque	Occitan	Venetian	malign (bootstrap)	1.0000	1.0000	1.0000	1.0000	ok
BDPA Romance	septem	French	Italian	malign (bootstrap)	1.0000	1.0000	1.0000	1.0000	ok
BDPA Romance	septem	French	Ladino	malign (bootstrap)	1.0000	1.0000	1.0000	1.0000	ok
BDPA Romance	septem	French	Ligurian	malign (bootstrap)	1.0000	1.0000	1.0000	1.0000	ok
BDPA Romance	septem	French	Lombard(East)	malign (bootstrap)	1.0000	1.0000	1.0000	1.0000	ok
BDPA Romance	septem	French	Lombard(West)	malign (bootstrap)	1.0000	1.0000	1.0000	1.0000	ok
BDPA Romance	septem	French	Occitan	malign (bootstrap)	1.0000	1.0000	1.0000	1.0000	ok
BDPA Romance	septem	French	Venetian	malign (bootstrap)	1.0000	1.0000	1.0000	1.0000	ok
BDPA Romance	septem	Italian	Ladino	malign (bootstrap)	1.0000	1.0000	1.0000	1.0000	ok
BDPA Romance	septem	Italian	Ligurian	malign (bootstrap)	1.0000	1.0000	1.0000	1.0000	ok
BDPA Romance	septem	Italian	Lombard(East)	malign (bootstrap)	1.0000	1.0000	1.0000	1.0000	ok
BDPA Romance	septem	Italian	Lombard(West)	malign (bootstrap)	1.0000	1.0000	1.0000	1.0000	ok
BDPA Romance	septem	Italian	Occitan	malign (bootstrap)	1.0000	1.0000	1.0000	1.0000	ok
BDPA Romance	septem	Italian	Venetian	malign (bootstrap)	1.0000	1.0000	1.0000	1.0000	ok
BDPA Romance	septem	Ladino	Ligurian	malign (bootstrap)	1.0000	1.0000	1.0000	1.0000	ok
BDPA Romance	septem	Ladino	Lombard(East)	malign (bootstrap)	1.0000	1.0000	1.0000	1.0000	ok
BDPA Romance	septem	Ladino	Lombard(West)	malign (bootstrap)	1.0000	1.0000	1.0000	1.0000	ok
BDPA Romance	septem	Ladino	Occitan	malign (bootstrap)	1.0000	1.0000	1.0000	1.0000	ok
BDPA Romance	septem	Ladino	Venetian	malign (bootstrap)	1.0000	1.0000	1.0000	1.0000	ok
BDPA Romance	septem	Ligurian	Lombard(East)	malign (bootstrap)	1.0000	1.0000	1.0000	1.0000	ok
BDPA Romance	septem	Ligurian	Lombard(West)	malign (bootstrap)	1.0000	1.0000	1.0000	1.0000	ok
BDPA Romance	septem	Ligurian	Occitan	malign (bootstrap)	1.0000	1.0000	1.0000	1.0000	ok
BDPA Romance	septem	Ligurian	Venetian	malign (bootstrap)	1.0000	1.0000	1.0000	1.0000	ok
BDPA Romance	septem	Lombard(East)	Lombard(West)	malign (bootstrap)	1.0000	1.0000	1.0000	1.0000	ok
BDPA Romance	septem	Lombard(East)	Occitan	malign (bootstrap)	1.0000	1.0000	1.0000	1.0000	ok
BDPA Romance	septem	Lombard(East)	Venetian	malign (bootstrap)	1.0000	1.0000	1.0000	1.0000	ok
BDPA Romance	septem	Lombard(West)	Occitan	malign (bootstrap)	1.0000	1.0000	1.0000	1.0000	ok
BDPA Romance	septem	Lombard(West)	Venetian	malign (bootstrap)	1.0000	1.0000	1.0000	1.0000	ok
BDPA Romance	septem	Occitan	Venetian	malign (bootstrap)	1.0000	1.0000	1.0000	1.0000	ok
BDPA Romance	sex	French	Italian	malign (bootstrap)	1.0000	1.0000	1.0000	1.0000	ok
BDPA Romance	sex	French	Ladino	malign (bootstrap)	1.0000	1.0000	1.0000	1.0000	ok
BDPA Romance	sex	French	Ligurian	malign (bootstrap)	1.0000	1.0000	1.0000	1.0000	ok
BDPA Romance	sex	French	Lombard(East)	malign (bootstrap)	1.0000	1.0000	1.0000	1.0000	ok
BDPA Romance	sex	French	Lombard(West)	malign (bootstrap)	1.0000	1.0000	1.0000	1.0000	ok
BDPA Romance	sex	French	Occitan	malign (bootstrap)	1.0000	1.0000	1.0000	1.0000	ok
BDPA Romance	sex	French	Venetian	malign (bootstrap)					skipped
BDPA Romance	sex	Italian	Ladino	malign (bootstrap)	1.0000	1.0000	1.0000	1.0000	ok
BDPA Romance	sex	Italian	Ligurian	malign (bootstrap)	1.0000	1.0000	1.0000	1.0000	ok
BDPA Romance	sex	Italian	Lombard(East)	malign (bootstrap)	1.0000	1.0000	1.0000	1.0000	ok
BDPA Romance	sex	Italian	Lombard(West)	malign (bootstrap)	1.0000	1.0000	1.0000	1.0000	ok
BDPA Romance	sex	Italian	Occitan	malign (bootstrap)	1.0000	1.0000	1.0000	1.0000	ok
BDPA Romance	sex	Italian	Venetian	malign (bootstrap)	1.0000	1.0000	1.0000	1.0000	ok
BDPA Romance	sex	Ladino	Ligurian	malign (bootstrap)	1.0000	1.0000	1.0000	1.0000	ok
BDPA Romance	sex	Ladino	Lombard(East)	malign (bootstrap)	1.0000	1.0000	1.0000	1.0000	ok
BDPA Romance	sex	Ladino	Lombard(West)	malign (bootstrap)	1.0000	1.0000	1.0000	1.0000	ok
BDPA Romance	sex	Ladino	Occitan	malign (bootstrap)	1.0000	1.0000	1.0000	1.0000	ok
BDPA Romance	sex	Ladino	Venetian	malign (bootstrap)	1.0000	1.0000	1.0000	1.0000	ok
BDPA Romance	sex	Ligurian	Lombard(East)	malign (bootstrap)	1.0000	1.0000	1.0000	1.0000	ok
BDPA Romance	sex	Ligurian	Lombard(West)	malign (bootstrap)	1.0000	1.0000	1.0000	1.0000	ok
BDPA Romance	sex	Ligurian	Occitan	malign (bootstrap)	1.0000	1.0000	1.0000	1.0000	ok
BDPA Romance	sex	Ligurian	Venetian	malign (bootstrap)	1.0000	1.0000	1.0000	1.0000	ok
BDPA Romance	sex	Lombard(East)	Lombard(West)	malign (bootstrap)	1.0000	1.0000	1.0000	1.0000	ok
BDPA Romance	sex	Lombard(East)	Occitan	malign (bootstrap)	0.3333	0.3333	0.3333	0.3333	ok
BDPA Romance	sex	Lombard(East)	Venetian	malign (bootstrap)	0.5000	0.5000	0.5000	0.5000	ok
BDPA Romance	sex	Lombard(West)	Occitan	malign (bootstrap)	1.0000	1.0000	1.0000	1.0000	ok
BDPA Romance	sex	Lombard(West)	Venetian	malign (bootstrap)					skipped
BDPA Romance	sex	Occitan	Venetian	malign (bootstrap)	1.0000	1.0000	1.0000	1.0000	ok
BDPA Romance	terram	French	Italian	malign (bootstrap)	1.0000	1.0000	1.0000	1.0000	ok
BDPA Romance	terram	French	Ladino	malign (bootstrap)	0.6000	0.6000	0.6000	0.6000	ok
BDPA Romance	terram	French	Ligurian	malign (bootstrap)	1.0000	1.0000	1.0000	1.0000	ok
BDPA Romance	terram	French	Lombard(East)	malign (bootstrap)	1.0000	1.0000	1.0000	1.0000	ok
BDPA Romance	terram	French	Lombard(West)	malign (bootstrap)	1.0000	1.0000	1.0000	1.0000	ok
BDPA Romance	terram	French	Occitan	malign (bootstrap)	1.0000	1.0000	1.0000	1.0000	ok
BDPA Romance	terram	French	Venetian	malign (bootstrap)	1.0000	1.0000	1.0000	1.0000	ok
BDPA Romance	terram	Italian	Ladino	malign (bootstrap)	0.4000	0.4000	0.4000	0.4000	ok
BDPA Romance	terram	Italian	Ligurian	malign (bootstrap)	1.0000	1.0000	1.0000	1.0000	ok
BDPA Romance	terram	Italian	Lombard(East)	malign (bootstrap)	1.0000	1.0000	1.0000	1.0000	ok
BDPA Romance	terram	Italian	Lombard(West)	malign (bootstrap)	1.0000	1.0000	1.0000	1.0000	ok
BDPA Romance	terram	Italian	Occitan	malign (bootstrap)	1.0000	1.0000	1.0000	1.0000	ok
BDPA Romance	terram	Italian	Venetian	malign (bootstrap)	1.0000	1.0000	1.0000	1.0000	ok
BDPA Romance	terram	Ladino	Ligurian	malign (bootstrap)	0.6000	0.6000	0.6000	0.6000	ok
BDPA Romance	terram	Ladino	Lombard(East)	malign (bootstrap)	0.4000	0.4000	0.4000	0.4000	ok
BDPA Romance	terram	Ladino	Lombard(West)	malign (bootstrap)	1.0000	1.0000	1.0000	1.0000	ok
BDPA Romance	terram	Ladino	Occitan	malign (bootstrap)	1.0000	1.0000	1.0000	1.0000	ok
BDPA Romance	terram	Ladino	Venetian	malign (bootstrap)	0.6000	0.6000	0.6000	0.6000	ok
BDPA Romance	terram	Ligurian	Lombard(East)	malign (bootstrap)	1.0000	1.0000	1.0000	1.0000	ok
BDPA Romance	terram	Ligurian	Lombard(West)	malign (bootstrap)	1.0000	1.0000	1.0000	1.0000	ok
BDPA Romance	terram	Ligurian	Occitan	malign (bootstrap)	1.0000	1.0000	1.0000	1.0000	ok
BDPA Romance	terram	Ligurian	Venetian	malign (bootstrap)	1.0000	1.0000	1.0000	1.0000	ok
BDPA Romance	terram	Lombard(East)	Lombard(West)	malign (bootstrap)	1.0000	1.0000	1.0000	1.0000	ok
BDPA Romance	terram	Lombard(East)	Occitan	malign (bootstrap)	0.5000	0.5000	0.5000	0.5000	ok
BDPA Romance	terram	Lombard(East)	Venetian	malign (bootstrap)	1.0000	1.0000	1.0000	1.0000	ok
BDPA Romance	terram	Lombard(West)	Occitan	malign (bootstrap)	1.0000	1.0000	1.0000	1.0000	ok
BDPA Romance	terram	Lombard(West)	Venetian	malign (bootstrap)	1.0000	1.0000	1.0000	1.0000	ok
BDPA Romance	terram	Occitan	Venetian	malign (bootstrap)	1.0000	1.0000	1.0000	1.0000	ok
BDPA Romance	tres	French	Italian	malign (bootstrap)	0.5000	0.5000	0.5000	0.5000	ok
BDPA Romance	tres	French	Ladino	malign (bootstrap)	0.5000	0.5000	0.5000	0.5000	ok
BDPA Romance	tres	French	Ligurian	malign (bootstrap)	0.5000	0.5000	0.5000	0.5000	ok
BDPA Romance	tres	French	Lombard(East)	malign (bootstrap)	0.5000	0.5000	0.5000	0.5000	ok
BDPA Romance	tres	French	Lombard(West)	malign (bootstrap)	0.5000	0.5000	0.5000	0.5000	ok
BDPA Romance	tres	French	Occitan	malign (bootstrap)	0.5000	0.5000	0.5000	0.5000	ok
BDPA Romance	tres	French	Venetian	malign (bootstrap)	0.5000	0.5000	0.5000	0.5000	ok
BDPA Romance	tres	Italian	Ladino	malign (bootstrap)	1.0000	1.0000	1.0000	1.0000	ok
BDPA Romance	tres	Italian	Ligurian	malign (bootstrap)	1.0000	1.0000	1.0000	1.0000	ok
BDPA Romance	tres	Italian	Lombard(East)	malign (bootstrap)	1.0000	1.0000	1.0000	1.0000	ok
BDPA Romance	tres	Italian	Lombard(West)	malign (bootstrap)	1.0000	1.0000	1.0000	1.0000	ok
BDPA Romance	tres	Italian	Occitan	malign (bootstrap)	1.0000	1.0000	1.0000	1.0000	ok
BDPA Romance	tres	Italian	Venetian	malign (bootstrap)	1.0000	1.0000	1.0000	1.0000	ok
BDPA Romance	tres	Ladino	Ligurian	malign (bootstrap)	1.0000	1.0000	1.0000	1.0000	ok
BDPA Romance	tres	Ladino	Lombard(East)	malign (bootstrap)	1.0000	1.0000	1.0000	1.0000	ok
BDPA Romance	tres	Ladino	Lombard(West)	malign (bootstrap)	1.0000	1.0000	1.0000	1.0000	ok
BDPA Romance	tres	Ladino	Occitan	malign (bootstrap)	1.0000	1.0000	1.0000	1.0000	ok
BDPA Romance	tres	Ladino	Venetian	malign (bootstrap)	1.0000	1.0000	1.0000	1.0000	ok
BDPA Romance	tres	Ligurian	Lombard(East)	malign (bootstrap)	1.0000	1.0000	1.0000	1.0000	ok
BDPA Romance	tres	Ligurian	Lombard(West)	malign (bootstrap)	1.0000	1.0000	1.0000	1.0000	ok
BDPA Romance	tres	Ligurian	Occitan	malign (bootstrap)	1.0000	1.0000	1.0000	1.0000	ok
BDPA Romance	tres	Ligurian	Venetian	malign (bootstrap)	1.0000	1.0000	1.0000	1.0000	ok
BDPA Romance	tres	Lombard(East)	Lombard(West)	malign (bootstrap)	1.0000	1.0000	1.0000	1.0000	ok
BDPA Romance	tres	Lombard(East)	Occitan	malign (bootstrap)	1.0000	1.0000	1.0000	1.0000	ok
BDPA Romance	tres	Lombard(East)	Venetian	malign (bootstrap)	1.0000	1.0000	1.0000	1.0000	ok
BDPA Romance	tres	Lombard(West)	Occitan	malign (bootstrap)	1.0000	1.0000	1.0000	1.0000	ok
BDPA Romance	tres	Lombard(West)	Venetian	malign (bootstrap)	1.0000	1.0000	1.0000	1.0000	ok
BDPA Romance	tres	Occitan	Venetian	malign (bootstrap)	1.0000	1.0000	1.0000	1.0000	ok
BDPA Romance	ungulam	French	Italian	malign (bootstrap)	1.0000	1.0000	1.0000	1.0000	ok
BDPA Romance	ungulam	French	Ladino	malign (bootstrap)	0.5000	0.5000	0.5000	0.5000	ok
BDPA Romance	ungulam	French	Ligurian	malign (bootstrap)					skipped
BDPA Romance	ungulam	French	Lombard(East)	malign (bootstrap)					skipped
BDPA Romance	ungulam	French	Lombard(West)	malign (bootstrap)					skipped
BDPA Romance	ungulam	French	Occitan	malign (bootstrap)	1.0000	1.0000	1.0000	1.0000	ok
BDPA Romance	ungulam	French	Venetian	malign (bootstrap)					skipped
BDPA Romance	ungulam	Italian	Ladino	malign (bootstrap)	0.1667	0.1667	0.1667	0.1667	ok
BDPA Romance	ungulam	Italian	Ligurian	malign (bootstrap)	1.0000	1.0000	1.0000	1.0000	ok
BDPA Romance	ungulam	Italian	Lombard(East)	malign (bootstrap)	1.0000	1.0000	1.0000	1.0000	ok
BDPA Romance	ungulam	Italian	Lombard(West)	malign (bootstrap)	1.0000	1.0000	1.0000	1.0000	ok
BDPA Romance	ungulam	Italian	Occitan	malign (bootstrap)	1.0000	1.0000	1.0000	1.0000	ok
BDPA Romance	ungulam	Italian	Venetian	malign (bootstrap)	1.0000	1.0000	1.0000	1.0000	ok
BDPA Romance	ungulam	Ladino	Ligurian	malign (bootstrap)	0.6667	0.6667	0.6667	0.6667	ok
BDPA Romance	ungulam	Ladino	Lombard(East)	malign (bootstrap)	0.6667	0.6667	0.6667	0.6667	ok
BDPA Romance	ungulam	Ladino	Lombard(West)	malign (bootstrap)	0.6667	0.6667	0.6667	0.6667	ok
BDPA Romance	ungulam	Ladino	Occitan	malign (bootstrap)	0.3333	0.3333	0.3333	0.3333	ok
BDPA Romance	ungulam	Ladino	Venetian	malign (bootstrap)	1.0000	1.0000	1.0000	1.0000	ok
BDPA Romance	ungulam	Ligurian	Lombard(East)	malign (bootstrap)	1.0000	1.0000	1.0000	1.0000	ok
BDPA Romance	ungulam	Ligurian	Lombard(West)	malign (bootstrap)	1.0000	1.0000	1.0000	1.0000	ok
BDPA Romance	ungulam	Ligurian	Occitan	malign (bootstrap)	1.0000	1.0000	1.0000	1.0000	ok
BDPA Romance	ungulam	Ligurian	Venetian	malign (bootstrap)	1.0000	1.0000	1.0000	1.0000	ok
BDPA Romance	ungulam	Lombard(East)	Lombard(West)	malign (bootstrap)	1.0000	1.0000	1.0000	1.0000	ok
BDPA Romance	ungulam	Lombard(East)	Occitan	malign (bootstrap)	1.0000	1.0000	1.0000	1.0000	ok
BDPA Romance	ungulam	Lombard(East)	Venetian	malign (bootstrap)	1.0000	1.0000	1.0000	1.0000	ok
BDPA Romance	ungulam	Lombard(West)	Occitan	malign (bootstrap)	1.0000	1.0000	1.0000	1.0000	ok
BDPA Romance	ungulam	Lombard(West)	Venetian	malign (bootstrap)	1.0000	1.0000	1.0000	1.0000	ok
BDPA Romance	ungulam	Occitan	Venetian	malign (bootstrap)	1.0000	1.0000	1.0000	1.0000	ok
BDPA Romance	unum	French	Italian	malign (bootstrap)	1.0000	1.0000	1.0000	1.0000	ok
BDPA Romance	unum	French	Ladino	malign (bootstrap)	0.3333	0.3333	0.3333	0.3333	ok
BDPA Romance	unum	French	Ligurian	malign (bootstrap)	1.0000	1.0000	1.0000	1.0000	ok
BDPA Romance	unum	French	Lombard(East)	malign (bootstrap)	1.0000	1.0000	1.0000	1.0000	ok
BDPA Romance	unum	French	Lombard(West)	malign (bootstrap)	1.0000	1.0000	1.0000	1.0000	ok
BDPA Romance	unum	French	Occitan	malign (bootstrap)	1.0000	1.0000	1.0000	1.0000	ok
BDPA Romance	unum	French	Venetian	malign (bootstrap)	1.0000	1.0000	1.0000	1.0000	ok
BDPA Romance	unum	Italian	Ladino	malign (bootstrap)	0.5000	0.5000	0.5000	0.5000	ok
BDPA Romance	unum	Italian	Ligurian	malign (bootstrap)	1.0000	1.0000	1.0000	1.0000	ok
BDPA Romance	unum	Italian	Lombard(East)	malign (bootstrap)					skipped
BDPA Romance	unum	Italian	Lombard(West)	malign (bootstrap)					skipped
BDPA Romance	unum	Italian	Occitan	malign (bootstrap)	1.0000	1.0000	1.0000	1.0000	ok
BDPA Romance	unum	Italian	Venetian	malign (bootstrap)	1.0000	1.0000	1.0000	1.0000	ok
BDPA Romance	unum	Ladino	Ligurian	malign (bootstrap)	0.3333	0.3333	0.3333	0.3333	ok
BDPA Romance	unum	Ladino	Lombard(East)	malign (bootstrap)	1.0000	1.0000	1.0000	1.0000	ok
BDPA Romance	unum	Ladino	Lombard(West)	malign (bootstrap)	1.0000	1.0000	1.0000	1.0000	ok
BDPA Romance	unum	Ladino	Occitan	malign (bootstrap)	0.3333	0.3333	0.3333	0.3333	ok
BDPA Romance	unum	Ladino	Venetian	malign (bootstrap)	1.0000	1.0000	1.0000	1.0000	ok
BDPA Romance	unum	Ligurian	Lombard(East)	malign (bootstrap)					skipped
BDPA Romance	unum	Ligurian	Lombard(West)	malign (bootstrap)					skipped
BDPA Romance	unum	Ligurian	Occitan	malign (bootstrap)	1.0000	1.0000	1.0000	1.0000	ok
BDPA Romance	unum	Ligurian	Venetian	malign (bootstrap)	1.0000	1.0000	1.0000	1.0000	ok
BDPA Romance	unum	Lombard(East)	Lombard(West)	malign (bootstrap)	1.0000	1.0000	1.0000	1.0000	ok
BDPA Romance	unum	Lombard(East)	Occitan	malign (bootstrap)					skipped
BDPA Romance	unum	Lombard(East)	Venetian	malign (bootstrap)					skipped
BDPA Romance	unum	Lombard(West)	Occitan	malign (bootstrap)					skipped
BDPA Romance	unum	Lombard(West)	Venetian	malign (bootstrap)					skipped
BDPA Romance	unum	Occitan	Venetian	malign (bootstrap)	1.0000	1.0000	1.0000	1.0000	ok
BDPA Romance	aquam	French	Italian	malign (SCA matrix)	1.0000	1.0000	1.0000	1.0000	ok
BDPA Romance	aquam	French	Ladino	malign (SCA matrix)	1.0000	1.0000	1.0000	1.0000	ok
BDPA Romance	aquam	French	Ligurian	malign (SCA matrix)	1.0000	1.0000	1.0000	1.0000	ok
BDPA Romance	aquam	French	Lombard(East)	malign (SCA matrix)	1.0000	1.0000	1.0000	1.0000	ok
BDPA Romance	aquam	French	Lombard(West)	malign (SCA matrix)	1.0000	1.0000	1.0000	1.0000	ok
BDPA Romance	aquam	French	Occitan	malign (SCA matrix)	1.0000	1.0000	1.0000	1.0000	ok
BDPA Romance	aquam	French	Venetian	malign (SCA matrix)	1.0000	1.0000	1.0000	1.0000	ok
BDPA Romance	aquam	Italian	Ladino	malign (SCA matrix)	1.0000	1.0000	1.0000	1.0000	ok
BDPA Romance	aquam	Italian	Ligurian	malign (SCA matrix)	1.0000	1.0000	1.0000	1.0000	ok
BDPA Romance	aquam	Italian	Lombard(East)	malign (SCA matrix)	1.0000	1.0000	1.0000	1.0000	ok
BDPA Romance	aquam	Italian	Lombard(West)	malign (SCA matrix)	1.0000	1.0000	1.0000	1.0000	ok
BDPA Romance	aquam	Italian	Occitan	malign (SCA matrix)	1.0000	1.0000	1.0000	1.0000	ok
BDPA Romance	aquam	Italian	Venetian	malign (SCA matrix)	1.0000	1.0000	1.0000	1.0000	ok
BDPA Romance	aquam	Ladino	Ligurian	malign (SCA matrix)	1.0000	1.0000	1.0000	1.0000	ok
BDPA Romance	aquam	Ladino	Lombard(East)	malign (SCA matrix)	1.0000	1.0000	1.0000	1.0000	ok
BDPA Romance	aquam	Ladino	Lombard(West)	malign (SCA matrix)	1.0000	1.0000	1.0000	1.0000	ok
BDPA Romance	aquam	Ladino	Occitan	malign (SCA matrix)	1.0000	1.0000	1.0000	1.0000	ok
BDPA Romance	aquam	Ladino	Venetian	malign (SCA matrix)	1.0000	1.0000	1.0000	1.0000	ok
BDPA Romance	aquam	Ligurian	Lombard(East)	malign (SCA matrix)	1.0000	1.0000	1.0000	1.0000	ok
BDPA Romance	aquam	Ligurian	Lombard(West)	malign (SCA matrix)	1.0000	1.0000	1.0000	1.0000	ok
BDPA Romance	aquam	Ligurian	Occitan	malign (SCA matrix)	1.0000	1.0000	1.0000	1.0000	ok
BDPA Romance	aquam	Ligurian	Venetian	malign (SCA matrix)	1.0000	1.0000	1.0000	1.0000	ok
BDPA Romance	aquam	Lombard(East)	Lombard(West)	malign (SCA matrix)	1.0000	1.0000	1.0000	1.0000	ok
BDPA Romance	aquam	Lombard(East)	Occitan	malign (SCA matrix)	1.0000	1.0000	1.0000	1.0000	ok
BDPA Romance	aquam	Lombard(East)	Venetian	malign (SCA matrix)	1.0000	1.0000	1.0000	1.0000	ok
BDPA Romance	aquam	Lombard(West)	Occitan	malign (SCA matrix)	1.0000	1.0000	1.0000	1.0000	ok
BDPA Romance	aquam	Lombard(West)	Venetian	malign (SCA matrix)	1.0000	1.0000	1.0000	1.0000	ok
BDPA Romance	aquam	Occitan	Venetian	malign (SCA matrix)	1.0000	1.0000	1.0000	1.0000	ok
BDPA Romance	auriculam	French	Italian	malign (SCA matrix)	1.0000	1.0000	1.0000	1.0000	ok
BDPA Romance	auriculam	French	Ladino	malign (SCA matrix)	1.0000	1.0000	1.0000	1.0000	ok
BDPA Romance	auriculam	French	Ligurian	malign (SCA matrix)					skipped
BDPA Romance	auriculam	French	Lombard(East)	malign (SCA matrix)	1.0000	1.0000	1.0000	1.0000	ok
BDPA Romance	auriculam	French	Lombard(West)	malign (SCA matrix)	1.0000	1.0000	1.0000	1.0000	ok
BDPA Romance	auriculam	French	Occitan	malign (SCA matrix)	1.0000	1.0000	1.0000	1.0000	ok
BDPA Romance	auriculam	French	Venetian	malign (SCA matrix)	1.0000	1.0000	1.0000	1.0000	ok
BDPA Romance	auriculam	Italian	Ladino	malign (SCA matrix)	1.0000	1.0000	1.0000	1.0000	ok
BDPA Romance	auriculam	Italian	Ligurian	malign (SCA matrix)	1.0000	1.0000	1.0000	1.0000	ok
BDPA Romance	auriculam	Italian	Lombard(East)	malign (SCA matrix)	1.0000	1.0000	1.0000	1.0000	ok
BDPA Romance	auriculam	Italian	Lombard(West)	malign (SCA matrix)	1.0000	1.0000	1.0000	1.0000	ok
BDPA Romance	auriculam	Italian	Occitan	malign (SCA matrix)	0.6667	0.6667	0.6667	0.6667	ok
BDPA Romance	auriculam	Italian	Venetian	malign (SCA matrix)	1.0000	1.0000	1.0000	1.0000	ok
BDPA Romance	auriculam	Ladino	Ligurian	malign (SCA matrix)	0.7143	0.7143	0.7143	0.7143	ok
BDPA Romance	auriculam	Ladino	Lombard(East)	malign (SCA matrix)	1.0000	1.0000	1.0000	1.0000	ok
BDPA Romance	auriculam	Ladino	Lombard(West)	malign (SCA matrix)	1.0000	1.0000	1.0000	1.0000	ok
BDPA Romance	auriculam	Ladino	Occitan	malign (SCA matrix)	1.0000	1.0000	1.0000	1.0000	ok
BDPA Romance	auriculam	Ladino	Venetian	malign (SCA matrix)	1.0000	1.0000	1.0000	1.0000	ok
BDPA Romance	auriculam	Ligurian	Lombard(East)	malign (SCA matrix)	1.0000	1.0000	1.0000	1.0000	ok
BDPA Romance	auriculam	Ligurian	Lombard(West)	malign (SCA matrix)	1.0000	1.0000	1.0000	1.0000	ok
BDPA Romance	auriculam	Ligurian	Occitan	malign (SCA matrix)					skipped
BDPA Romance	auriculam	Ligurian	Venetian	malign (SCA matrix)	1.0000	1.0000	1.0000	1.0000	ok
BDPA Romance	auriculam	Lombard(East)	Lombard(West)	malign (SCA matrix)	1.0000	1.0000	1.0000	1.0000	ok
BDPA Romance	auriculam	Lombard(East)	Occitan	malign (SCA matrix)					skipped
BDPA Romance	auriculam	Lombard(East)	Venetian	malign (SCA matrix)	1.0000	1.0000	1.0000	1.0000	ok
BDPA Romance	auriculam	Lombard(West)	Occitan	malign (SCA matrix)					skipped
BDPA Romance	auriculam	Lombard(West)	Venetian	malign (SCA matrix)	1.0000	1.0000	1.0000	1.0000	ok
BDPA Romance	auriculam	Occitan	Venetian	malign (SCA matrix)					skipped
BDPA Romance	bestiam	French	Italian	malign (SCA matrix)	1.0000	1.0000	1.0000	1.0000	ok
BDPA Romance	bestiam	French	Ladino	malign (SCA matrix)					skipped
BDPA Romance	bestiam	French	Ligurian	malign (SCA matrix)	1.0000	1.0000	1.0000	1.0000	ok
BDPA Romance	bestiam	French	Lombard(East)	malign (SCA matrix)	1.0000	1.0000	1.0000	1.0000	ok
BDPA Romance	bestiam	French	Lombard(West)	malign (SCA matrix)	1.0000	1.0000	1.0000	1.0000	ok
BDPA Romance	bestiam	French	Occitan	malign (SCA matrix)	1.0000	1.0000	1.0000	1.0000	ok
BDPA Romance	bestiam	French	Venetian	malign (SCA matrix)	1.0000	1.0000	1.0000	1.0000	ok
BDPA Romance	bestiam	Italian	Ladino	malign (SCA matrix)	1.0000	1.0000	1.0000	1.0000	ok
BDPA Romance	bestiam	Italian	Ligurian	malign (SCA matrix)	1.0000	1.0000	1.0000	1.0000	ok
BDPA Romance	bestiam	Italian	Lombard(East)	malign (SCA matrix)	1.0000	1.0000	1.0000	1.0000	ok
BDPA Romance	bestiam	Italian	Lombard(West)	malign (SCA matrix)	1.0000	1.0000	1.0000	1.0000	ok
BDPA Romance	bestiam	Italian	Occitan	malign (SCA matrix)	1.0000	1.0000	1.0000	1.0000	ok
BDPA Romance	bestiam	Italian	Venetian	malign (SCA matrix)	1.0000	1.0000	1.0000	1.0000	ok
BDPA Romance	bestiam	Ladino	Ligurian	malign (SCA matrix)	1.0000	1.0000	1.0000	1.0000	ok
BDPA Romance	bestiam	Ladino	Lombard(East)	malign (SCA matrix)	1.0000	1.0000	1.0000	1.0000	ok
BDPA Romance	bestiam	Ladino	Lombard(West)	malign (SCA matrix)	1.0000	1.0000	1.0000	1.0000	ok
BDPA Romance	bestiam	Ladino	Occitan	malign (SCA matrix)	1.0000	1.0000	1.0000	1.0000	ok
BDPA Romance	bestiam	Ladino	Venetian	malign (SCA matrix)	1.0000	1.0000	1.0000	1.0000	ok
BDPA Romance	bestiam	Ligurian	Lombard(East)	malign (SCA matrix)	1.0000	1.0000	1.0000	1.0000	ok
BDPA Romance	bestiam	Ligurian	Lombard(West)	malign (SCA matrix)	1.0000	1.0000	1.0000	1.0000	ok
BDPA Romance	bestiam	Ligurian	Occitan	malign (SCA matrix)	1.0000	1.0000	1.0000	1.0000	ok
BDPA Romance	bestiam	Ligurian	Venetian	malign (SCA matrix)	1.0000	1.0000	1.0000	1.0000	ok
BDPA Romance	bestiam	Lombard(East)	Lombard(West)	malign (SCA matrix)	1.0000	1.0000	1.0000	1.0000	ok
BDPA Romance	bestiam	Lombard(East)	Occitan	malign (SCA matrix)	1.0000	1.0000	1.0000	1.0000	ok
BDPA Romance	bestiam	Lombard(East)	Venetian	malign (SCA matrix)	1.0000	1.0000	1.0000	1.0000	ok
BDPA Romance	bestiam	Lombard(West)	Occitan	malign (SCA matrix)	1.0000	1.0000	1.0000	1.0000	ok
BDPA Romance	bestiam	Lombard(West)	Venetian	malign (SCA matrix)	1.0000	1.0000	1.0000	1.0000	ok
BDPA Romance	bestiam	Occitan	Venetian	malign (SCA matrix)	1.0000	1.0000	1.0000	1.0000	ok
BDPA Romance	bracchium	French	Italian	malign (SCA matrix)	1.0000	1.0000	1.0000	1.0000	ok
BDPA Romance	bracchium	French	Ladino	malign (SCA matrix)	1.0000	1.0000	1.0000	1.0000	ok
BDPA Romance	bracchium	French	Ligurian	malign (SCA matrix)	1.0000	1.0000	1.0000	1.0000	ok
BDPA Romance	bracchium	French	Lombard(East)	malign (SCA matrix)	1.0000	1.0000	1.0000	1.0000	ok
BDPA Romance	bracchium	French	Lombard(West)	malign (SCA matrix)	1.0000	1.0000	1.0000	1.0000	ok
BDPA Romance	bracchium	French	Occitan	malign (SCA matrix)	1.0000	1.0000	1.0000	1.0000	ok
BDPA Romance	bracchium	French	Venetian	malign (SCA matrix)	1.0000	1.0000	1.0000	1.0000	ok
BDPA Romance	bracchium	Italian	Ladino	malign (SCA matrix)	1.0000	1.0000	1.0000	1.0000	ok
BDPA Romance	bracchium	Italian	Ligurian	malign (SCA matrix)	1.0000	1.0000	1.0000	1.0000	ok
BDPA Romance	bracchium	Italian	Lombard(East)	malign (SCA matrix)	1.0000	1.0000	1.0000	1.0000	ok
BDPA Romance	bracchium	Italian	Lombard(West)	malign (SCA matrix)	1.0000	1.0000	1.0000	1.0000	ok
BDPA Romance	bracchium	Italian	Occitan	malign (SCA matrix)	1.0000	1.0000	1.0000	1.0000	ok
BDPA Romance	bracchium	Italian	Venetian	malign (SCA matrix)	1.0000	1.0000	1.0000	1.0000	ok
BDPA Romance	bracchium	Ladino	Ligurian	malign (SCA matrix)	1.0000	1.0000	1.0000	1.0000	ok
BDPA Romance	bracchium	Ladino	Lombard(East)	malign (SCA matrix)	1.0000	1.0000	1.0000	1.0000	ok
BDPA Romance	bracchium	Ladino	Lombard(West)	malign (SCA matrix)	1.0000	1.0000	1.0000	1.0000	ok
BDPA Romance	bracchium	Ladino	Occitan	malign (SCA matrix)	1.0000	1.0000	1.0000	1.0000	ok
BDPA Romance	bracchium	Ladino	Venetian	malign (SCA matrix)	1.0000	1.0000	1.0000	1.0000	ok
BDPA Romance	bracchium	Ligurian	Lombard(East)	malign (SCA matrix)	1.0000	1.0000	1.0000	1.0000	ok
BDPA Romance	bracchium	Ligurian	Lombard(West)	malign (SCA matrix)	1.0000	1.0000	1.0000	1.0000	ok
BDPA Romance	bracchium	Ligurian	Occitan	malign (SCA matrix)	1.0000	1.0000	1.0000	1.0000	ok
BDPA Romance	bracchium	Ligurian	Venetian	malign (SCA matrix)	1.0000	1.0000	1.0000	1.0000	ok
BDPA Romance	bracchium	Lombard(East)	Lombard(West)	malign (SCA matrix)	1.0000	1.0000	1.0000	1.0000	ok
BDPA Romance	bracchium	Lombard(East)	Occitan	malign (SCA matrix)	1.0000	1.0000	1.0000	1.0000	ok
BDPA Romance	bracchium	Lombard(East)	Venetian	malign (SCA matrix)	1.0000	1.0000	1.0000	1.0000	ok
BDPA Romance	bracchium	Lombard(West)	Occitan	malign (SCA matrix)	1.0000	1.0000	1.0000	1.0000	ok
BDPA Romance	bracchium	Lombard(West)	Venetian	malign (SCA matrix)	1.0000	1.0000	1.0000	1.0000	ok
BDPA Romance	bracchium	Occitan	Venetian	malign (SCA matrix)	1.0000	1.0000	1.0000	1.0000	ok
BDPA Romance	caelum	French	Italian	malign (SCA matrix)	1.0000	1.0000	1.0000	1.0000	ok
BDPA Romance	caelum	French	Ladino	malign (SCA matrix)	1.0000	1.0000	1.0000	1.0000	ok
BDPA Romance	caelum	French	Ligurian	malign (SCA matrix)	1.0000	1.0000	1.0000	1.0000	ok
BDPA Romance	caelum	French	Lombard(East)	malign (SCA matrix)	1.0000	1.0000	1.0000	1.0000	ok
BDPA Romance	caelum	French	Lombard(West)	malign (SCA matrix)	1.0000	1.0000	1.0000	1.0000	ok
BDPA Romance	caelum	French	Occitan	malign (SCA matrix)	1.0000	1.0000	1.0000	1.0000	ok
BDPA Romance	caelum	French	Venetian	malign (SCA matrix)					skipped
BDPA Romance	caelum	Italian	Ladino	malign (SCA matrix)	1.0000	1.0000	1.0000	1.0000	ok
BDPA Romance	caelum	Italian	Ligurian	malign (SCA matrix)	1.0000	1.0000	1.0000	1.0000	ok
BDPA Romance	caelum	Italian	Lombard(East)	malign (SCA matrix)	1.0000	1.0000	1.0000	1.0000	ok
BDPA Romance	caelum	Italian	Lombard(West)	malign (SCA matrix)	1.0000	1.0000	1.0000	1.0000	ok
BDPA Romance	caelum	Italian	Occitan	malign (SCA matrix)	1.0000	1.0000	1.0000	1.0000	ok
BDPA Romance	caelum	Italian	Venetian	malign (SCA matrix)	1.0000	1.0000	1.0000	1.0000	ok
BDPA Romance	caelum	Ladino	Ligurian	malign (SCA matrix)	1.0000	1.0000	1.0000	1.0000	ok
BDPA Romance	caelum	Ladino	Lombard(East)	malign (SCA matrix)	1.0000	1.0000	1.0000	1.0000	ok
BDPA Romance	caelum	Ladino	Lombard(West)	malign (SCA matrix)	1.0000	1.0000	1.0000	1.0000	ok
BDPA Romance	caelum	Ladino	Occitan	malign (SCA matrix)	1.0000	1.0000	1.0000	1.0000	ok
BDPA Romance	caelum	Ladino	Venetian	malign (SCA matrix)	1.0000	1.0000	1.0000	1.0000	ok
BDPA Romance	caelum	Ligurian	Lombard(East)	malign (SCA matrix)	1.0000	1.0000	1.0000	1.0000	ok
BDPA Romance	caelum	Ligurian	Lombard(West)	malign (SCA matrix)	1.0000	1.0000	1.0000	1.0000	ok
BDPA Romance	caelum	Ligurian	Occitan	malign (SCA matrix)	1.0000	1.0000	1.0000	1.0000	ok
BDPA Romance	caelum	Ligurian	Venetian	malign (SCA matrix)	1.0000	1.0000	1.0000	1.0000	ok
BDPA Romance	caelum	Lombard(East)	Lombard(West)	malign (SCA matrix)	1.0000	1.0000	1.0000	1.0000	ok
BDPA Romance	caelum	Lombard(East)	Occitan	malign (SCA matrix)	1.0000	1.0000	1.0000	1.0000	ok
BDPA Romance	caelum	Lombard(East)	Venetian	malign (SCA matrix)	1.0000	1.0000	1.0000	1.0000	ok
BDPA Romance	caelum	Lombard(West)	Occitan	malign (SCA matrix)	1.0000	1.0000	1.0000	1.0000	ok
BDPA Romance	caelum	Lombard(West)	Venetian	malign (SCA matrix)	1.0000	1.0000	1.0000	1.0000	ok
BDPA Romance	caelum	Occitan	Venetian	malign (SCA matrix)	1.0000	1.0000	1.0000	1.0000	ok
BDPA Romance	capram	French	Italian	malign (SCA matrix)	1.0000	1.0000	1.0000	1.0000	ok
BDPA Romance	capram	French	Ladino	malign (SCA matrix)	1.0000	1.0000	1.0000	1.0000	ok
BDPA Romance	capram	French	Ligurian	malign (SCA matrix)	1.0000	1.0000	1.0000	1.0000	ok
BDPA Romance	capram	French	Lombard(East)	malign (SCA matrix)	1.0000	1.0000	1.0000	1.0000	ok
BDPA Romance	capram	French	Lombard(West)	malign (SCA matrix)	0.6667	0.6667	0.6667	0.6667	ok
BDPA Romance	capram	French	Occitan	malign (SCA matrix)	1.0000	1.0000	1.0000	1.0000	ok
BDPA Romance	capram	French	Venetian	malign (SCA matrix)	1.0000	1.0000	1.0000	1.0000	ok
BDPA Romance	capram	Italian	Ladino	malign (SCA matrix)	1.0000	1.0000	1.0000	1.0000	ok
BDPA Romance	capram	Italian	Ligurian	malign (SCA matrix)	1.0000	1.0000	1.0000	1.0000	ok
BDPA Romance	capram	Italian	Lombard(East)	malign (SCA matrix)	1.0000	1.0000	1.0000	1.0000	ok
BDPA Romance	capram	Italian	Lombard(West)	malign (SCA matrix)	1.0000	1.0000	1.0000	1.0000	ok
BDPA Romance	capram	Italian	Occitan	malign (SCA matrix)	1.0000	1.0000	1.0000	1.0000	ok
BDPA Romance	capram	Italian	Venetian	malign (SCA matrix)	1.0000	1.0000	1.0000	1.0000	ok
BDPA Romance	capram	Ladino	Ligurian	malign (SCA matrix)					skipped
BDPA Romance	capram	Ladino	Lombard(East)	malign (SCA matrix)	1.0000	1.0000	1.0000	1.0000	ok
BDPA Romance	capram	Ladino	Lombard(West)	malign (SCA matrix)	1.0000	1.0000	1.0000	1.0000	ok
BDPA Romance	capram	Ladino	Occitan	malign (SCA matrix)	1.0000	1.0000	1.0000	1.0000	ok
BDPA Romance	capram	Ladino	Venetian	malign (SCA matrix)	1.0000	1.0000	1.0000	1.0000	ok
BDPA Romance	capram	Ligurian	Lombard(East)	malign (SCA matrix)	1.0000	1.0000	1.0000	1.0000	ok
BDPA Romance	capram	Ligurian	Lombard(West)	malign (SCA matrix)	1.0000	1.0000	1.0000	1.0000	ok
BDPA Romance	capram	Ligurian	Occitan	malign (SCA matrix)	1.0000	1.0000	1.0000	1.0000	ok
BDPA Romance	capram	Ligurian	Venetian	malign (SCA matrix)	1.0000	1.0000	1.0000	1.0000	ok
BDPA Romance	capram	Lombard(East)	Lombard(West)	malign (SCA matrix)	1.0000	1.0000	1.0000	1.0000	ok
BDPA Romance	capram	Lombard(East)	Occitan	malign (SCA matrix)	1.0000	1.0000	1.0000	1.0000	ok
BDPA Romance	capram	Lombard(East)	Venetian	malign (SCA matrix)	1.0000	1.0000	1.0000	1.0000	ok
BDPA Romance	capram	Lombard(West)	Occitan	malign (SCA matrix)	1.0000	1.0000	1.0000	1.0000	ok
BDPA Romance	capram	Lombard(West)	Venetian	malign (SCA matrix)	1.0000	1.0000	1.0000	1.0000	ok
BDPA Romance	capram	Occitan	Venetian	malign (SCA matrix)	1.0000	1.0000	1.0000	1.0000	ok
BDPA Romance	cornu	French	Italian	malign (SCA matrix)	1.0000	1.0000	1.0000	1.0000	ok
BDPA Romance	cornu	French	Ladino	malign (SCA matrix)	1.0000	1.0000	1.0000	1.0000	ok
BDPA Romance	cornu	French	Ligurian	malign (SCA matrix)	1.0000	1.0000	1.0000	1.0000	ok
BDPA Romance	cornu	French	Lombard(East)	malign (SCA matrix)	1.0000	1.0000	1.0000	1.0000	ok
BDPA Romance	cornu	French	Lombard(West)	malign (SCA matrix)	1.0000	1.0000	1.0000	1.0000	ok
BDPA Romance	cornu	French	Occitan	malign (SCA matrix)	1.0000	1.0000	1.0000	1.0000	ok
BDPA Romance	cornu	French	Venetian	malign (SCA matrix)	1.0000	1.0000	1.0000	1.0000	ok
BDPA Romance	cornu	Italian	Ladino	malign (SCA matrix)	1.0000	1.0000	1.0000	1.0000	ok
BDPA Romance	cornu	Italian	Ligurian	malign (SCA matrix)	1.0000	1.0000	1.0000	1.0000	ok
BDPA Romance	cornu	Italian	Lombard(East)	malign (SCA matrix)	1.0000	1.0000	1.0000	1.0000	ok
BDPA Romance	cornu	Italian	Lombard(West)	malign (SCA matrix)	1.0000	1.0000	1.0000	1.0000	ok
BDPA Romance	cornu	Italian	Occitan	malign (SCA matrix)	1.0000	1.0000	1.0000	1.0000	ok
BDPA Romance	cornu	Italian	Venetian	malign (SCA matrix)	1.0000	1.0000	1.0000	1.0000	ok
BDPA Romance	cornu	Ladino	Ligurian	malign (SCA matrix)	1.0000	1.0000	1.0000	1.0000	ok
BDPA Romance	cornu	Ladino	Lombard(East)	malign (SCA matrix)	1.0000	1.0000	1.0000	1.0000	ok
BDPA Romance	cornu	Ladino	Lombard(West)	malign (SCA matrix)	1.0000	1.0000	1.0000	1.0000	ok
BDPA Romance	cornu	Ladino	Occitan	malign (SCA matrix)	1.0000	1.0000	1.0000	1.0000	ok
BDPA Romance	cornu	Ladino	Venetian	malign (SCA matrix)	1.0000	1.0000	1.0000	1.0000	ok
BDPA Romance	cornu	Ligurian	Lombard(East)	malign (SCA matrix)	1.0000	1.0000	1.0000	1.0000	ok
BDPA Romance	cornu	Ligurian	Lombard(West)	malign (SCA matrix)	1.0000	1.0000	1.0000	1.0000	ok
BDPA Romance	cornu	Ligurian	Occitan	malign (SCA matrix)	1.0000	1.0000	1.0000	1.0000	ok
BDPA Romance	cornu	Ligurian	Venetian	malign (SCA matrix)	1.0000	1.0000	1.0000	1.0000	ok
BDPA Romance	cornu	Lombard(East)	Lombard(West)	malign (SCA matrix)	1.0000	1.0000	1.0000	1.0000	ok
BDPA Romance	cornu	Lombard(East)	Occitan	malign (SCA matrix)	1.0000	1.0000	1.0000	1.0000	ok
BDPA Romance	cornu	Lombard(East)	Venetian	malign (SCA matrix)	1.0000	1.0000	1.0000	1.0000	ok
BDPA Romance	cornu	Lombard(West)	Occitan	malign (SCA matrix)	1.0000	1.0000	1.0000	1.0000	ok
BDPA Romance	cornu	Lombard(West)	Venetian	malign (SCA matrix)	1.0000	1.0000	1.0000	1.0000	ok
BDPA Romance	cornu	Occitan	Venetian	malign (SCA matrix)	1.0000	1.0000	1.0000	1.0000	ok
BDPA Romance	decem	French	Italian	malign (SCA matrix)	1.0000	1.0000	1.0000	1.0000	ok
BDPA Romance	decem	French	Ladino	malign (SCA matrix)	1.0000	1.0000	1.0000	1.0000	ok
BDPA Romance	decem	French	Ligurian	malign (SCA matrix)	1.0000	1.0000	1.0000	1.0000	ok
BDPA Romance	decem	French	Lombard(East)	malign (SCA matrix)	1.0000	1.0000	1.0000	1.0000	ok
BDPA Romance	decem	French	Lombard(West)	malign (SCA matrix)	1.0000	1.0000	1.0000	1.0000	ok
BDPA Romance	decem	French	Occitan	malign (SCA matrix)	1.0000	1.0000	1.0000	1.0000	ok
BDPA Romance	decem	French	Venetian	malign (SCA matrix)	1.0000	1.0000	1.0000	1.0000	ok
BDPA Romance	decem	Italian	Ladino	malign (SCA matrix)	1.0000	1.0000	1.0000	1.0000	ok
BDPA Romance	decem	Italian	Ligurian	malign (SCA matrix)	1.0000	1.0000	1.0000	1.0000	ok
BDPA Romance	decem	Italian	Lombard(East)	malign (SCA matrix)	1.0000	1.0000	1.0000	1.0000	ok
BDPA Romance	decem	Italian	Lombard(West)	malign (SCA matrix)	1.0000	1.0000	1.0000	1.0000	ok
BDPA Romance	decem	Italian	Occitan	malign (SCA matrix)	1.0000	1.0000	1.0000	1.0000	ok
BDPA Romance	decem	Italian	Venetian	malign (SCA matrix)	1.0000	1.0000	1.0000	1.0000	ok
BDPA Romance	decem	Ladino	Ligurian	malign (SCA matrix)	1.0000	1.0000	1.0000	1.0000	ok
BDPA Romance	decem	Ladino	Lombard(East)	malign (SCA matrix)	1.0000	1.0000	1.0000	1.0000	ok
BDPA Romance	decem	Ladino	Lombard(West)	malign (SCA matrix)	1.0000	1.0000	1.0000	1.0000	ok
BDPA Romance	decem	Ladino	Occitan	malign (SCA matrix)	1.0000	1.0000	1.0000	1.0000	ok
BDPA Romance	decem	Ladino	Venetian	malign (SCA matrix)	1.0000	1.0000	1.0000	1.0000	ok
BDPA Romance	decem	Ligurian	Lombard(East)	malign (SCA matrix)	1.0000	1.0000	1.0000	1.0000	ok
BDPA Romance	decem	Ligurian	Lombard(West)	malign (SCA matrix)	1.0000	1.0000	1.0000	1.0000	ok
BDPA Romance	decem	Ligurian	Occitan	malign (SCA matrix)	1.0000	1.0000	1.0000	1.0000	ok
BDPA Romance	decem	Ligurian	Venetian	malign (SCA matrix)	1.0000	1.0000	1.0000	1.0000	ok
BDPA Romance	decem	Lombard(East)	Lombard(West)	malign (SCA matrix)	1.0000	1.0000	1.0000	1.0000	ok
BDPA Romance	decem	Lombard(East)	Occitan	malign (SCA matrix)	1.0000	1.0000	1.0000	1.0000	ok
BDPA Romance	decem	Lombard(East)	Venetian	malign (SCA matrix)	1.0000	1.0000	1.0000	1.0000	ok
BDPA Romance	decem	Lombard(West)	Occitan	malign (SCA matrix)	1.0000	1.0000	1.0000	1.0000	ok
BDPA Romance	decem	Lombard(West)	Venetian	malign (SCA matrix)	1.0000	1.0000	1.0000	1.0000	ok
BDPA Romance	decem	Occitan	Venetian	malign (SCA matrix)	1.0000	1.0000	1.0000	1.0000	ok
BDPA Romance	dentem	French	Italian	malign (SCA matrix)	1.0000	1.0000	1.0000	1.0000	ok
BDPA Romance	dentem	French	Ladino	malign (SCA matrix)	1.0000	1.0000	1.0000	1.0000	ok
BDPA Romance	dentem	French	Ligurian	malign (SCA matrix)	1.0000	1.0000	1.0000	1.0000	ok
BDPA Romance	dentem	French	Lombard(East)	malign (SCA matrix)	1.0000	1.0000	1.0000	1.0000	ok
BDPA Romance	dentem	French	Lombard(West)	malign (SCA matrix)	1.0000	1.0000	1.0000	1.0000	ok
BDPA Romance	dentem	French	Occitan	malign (SCA matrix)	1.0000	1.0000	1.0000	1.0000	ok
BDPA Romance	dentem	French	Venetian	malign (SCA matrix)	1.0000	1.0000	1.0000	1.0000	ok
BDPA Romance	dentem	Italian	Ladino	malign (SCA matrix)	1.0000	1.0000	1.0000	1.0000	ok
BDPA Romance	dentem	Italian	Ligurian	malign (SCA matrix)	1.0000	1.0000	1.0000	1.0000	ok
BDPA Romance	dentem	Italian	Lombard(East)	malign (SCA matrix)	1.0000	1.0000	1.0000	1.0000	ok
BDPA Romance	dentem	Italian	Lombard(West)	malign (SCA matrix)	1.0000	1.0000	1.0000	1.0000	ok
BDPA Romance	dentem	Italian	Occitan	malign (SCA matrix)	1.0000	1.0000	1.0000	1.0000	ok
BDPA Romance	dentem	Italian	Venetian	malign (SCA matrix)	1.0000	1.0000	1.0000	1.0000	ok
BDPA Romance	dentem	Ladino	Ligurian	malign (SCA matrix)	1.0000	1.0000	1.0000	1.0000	ok
BDPA Romance	dentem	Ladino	Lombard(East)	malign (SCA matrix)	1.0000	1.0000	1.0000	1.0000	ok
BDPA Romance	dentem	Ladino	Lombard(West)	malign (SCA matrix)	1.0000	1.0000	1.0000	1.0000	ok
BDPA Romance	dentem	Ladino	Occitan	malign (SCA matrix)	1.0000	1.0000	1.0000	1.0000	ok
BDPA Romance	dentem	Ladino	Venetian	malign (SCA matrix)	1.0000	1.0000	1.0000	1.0000	ok
BDPA Romance	dentem	Ligurian	Lombard(East)	malign (SCA matrix)	1.0000	1.0000	1.0000	1.0000	ok
BDPA Romance	dentem	Ligurian	Lombard(West)	malign (SCA matrix)	1.0000	1.0000	1.0000	1.0000	ok
BDPA Romance	dentem	Ligurian	Occitan	malign (SCA matrix)	1.0000	1.0000	1.0000	1.0000	ok
BDPA Romance	dentem	Ligurian	Venetian	malign (SCA matrix)	1.0000	1.0000	1.0000	1.0000	ok
BDPA Romance	dentem	Lombard(East)	Lombard(West)	malign (SCA matrix)	1.0000	1.0000	1.0000	1.0000	ok
BDPA Romance	dentem	Lombard(East)	Occitan	malign (SCA matrix)	1.0000	1.0000	1.0000	1.0000	ok
BDPA Romance	dentem	Lombard(East)	Venetian	malign (SCA matrix)	1.0000	1.0000	1.0000	1.0000	ok
BDPA Romance	dentem	Lombard(West)	Occitan	malign (SCA matrix)	1.0000	1.0000	1.0000	1.0000	ok
BDPA Romance	dentem	Lombard(West)	Venetian	malign (SCA matrix)	1.0000	1.0000	1.0000	1.0000	ok
BDPA Romance	dentem	Occitan	Venetian	malign (SCA matrix)	1.0000	1.0000	1.0000	1.0000	ok
BDPA Romance	digitum	French	Italian	malign (SCA matrix)					skipped
BDPA Romance	digitum	French	Ladino	malign (SCA matrix)	1.0000	1.0000	1.0000	1.0000	ok
BDPA Romance	digitum	French	Ligurian	malign (SCA matrix)					skipped
BDPA Romance	digitum	French	Lombard(East)	malign (SCA matrix)	1.0000	1.0000	1.0000	1.0000	ok
BDPA Romance	digitum	French	Lombard(West)	malign (SCA matrix)	1.0000	1.0000	1.0000	1.0000	ok
BDPA Romance	digitum	French	Occitan	malign (SCA matrix)	1.0000	1.0000	1.0000	1.0000	ok
BDPA Romance	digitum	French	Venetian	malign (SCA matrix)					skipped
BDPA Romance	digitum	Italian	Ladino	malign (SCA matrix)	1.0000	1.0000	1.0000	1.0000	ok
BDPA Romance	digitum	Italian	Ligurian	malign (SCA matrix)	1.0000	1.0000	1.0000	1.0000	ok
BDPA Romance	digitum	Italian	Lombard(East)	malign (SCA matrix)	1.0000	1.0000	1.0000	1.0000	ok
BDPA Romance	digitum	Italian	Lombard(West)	malign (SCA matrix)	1.0000	1.0000	1.0000	1.0000	ok
BDPA Romance	digitum	Italian	Occitan	malign (SCA matrix)	1.0000	1.0000	1.0000	1.0000	ok
BDPA Romance	digitum	Italian	Venetian	malign (SCA matrix)	1.0000	1.0000	1.0000	1.0000	ok
BDPA Romance	digitum	Ladino	Ligurian	malign (SCA matrix)	1.0000	1.0000	1.0000	1.0000	ok
BDPA Romance	digitum	Ladino	Lombard(East)	malign (SCA matrix)	1.0000	1.0000	1.0000	1.0000	ok
BDPA Romance	digitum	Ladino	Lombard(West)	malign (SCA matrix)	1.0000	1.0000	1.0000	1.0000	ok
BDPA Romance	digitum	Ladino	Occitan	malign (SCA matrix)	1.0000	1.0000	1.0000	1.0000	ok
BDPA Romance	digitum	Ladino	Venetian	malign (SCA matrix)	1.0000	1.0000	1.0000	1.0000	ok
BDPA Romance	digitum	Ligurian	Lombard(East)	malign (SCA matrix)	0.5000	0.5000	0.5000	0.5000	ok
BDPA Romance	digitum	Ligurian	Lombard(West)	malign (SCA matrix)	0.5000	0.5000	0.5000	0.5000	ok
BDPA Romance	digitum	Ligurian	Occitan	malign (SCA matrix)	1.0000	1.0000	1.0000	1.0000	ok
BDPA Romance	digitum	Ligurian	Venetian	malign (SCA matrix)	1.0000	1.0000	1.0000	1.0000	ok
BDPA Romance	digitum	Lombard(East)	Lombard(West)	malign (SCA matrix)	1.0000	1.0000	1.0000	1.0000	ok
BDPA Romance	digitum	Lombard(East)	Occitan	malign (SCA matrix)	1.0000	1.0000	1.0000	1.0000	ok
BDPA Romance	digitum	Lombard(East)	Venetian	malign (SCA matrix)	1.0000	1.0000	1.0000	1.0000	ok
BDPA Romance	digitum	Lombard(West)	Occitan	malign (SCA matrix)	1.0000	1.0000	1.0000	1.0000	ok
BDPA Romance	digitum	Lombard(West)	Venetian	malign (SCA matrix)	1.0000	1.0000	1.0000	1.0000	ok
BDPA Romance	digitum	Occitan	Venetian	malign (SCA matrix)	1.0000	1.0000	1.0000	1.0000	ok
BDPA Romance	duo	French	Italian	malign (SCA matrix)	1.0000	1.0000	1.0000	1.0000	ok
BDPA Romance	duo	French	Ladino	malign (SCA matrix)	1.0000	1.0000	1.0000	1.0000	ok
BDPA Romance	duo	French	Ligurian	malign (SCA matrix)	1.0000	1.0000	1.0000	1.0000	ok
BDPA Romance	duo	French	Lombard(East)	malign (SCA matrix)	1.0000	1.0000	1.0000	1.0000	ok
BDPA Romance	duo	French	Lombard(West)	malign (SCA matrix)	1.0000	1.0000	1.0000	1.0000	ok
BDPA Romance	duo	French	Occitan	malign (SCA matrix)	1.0000	1.0000	1.0000	1.0000	ok
BDPA Romance	duo	French	Venetian	malign (SCA matrix)	1.0000	1.0000	1.0000	1.0000	ok
BDPA Romance	duo	Italian	Ladino	malign (SCA matrix)	1.0000	1.0000	1.0000	1.0000	ok
BDPA Romance	duo	Italian	Ligurian	malign (SCA matrix)	1.0000	1.0000	1.0000	1.0000	ok
BDPA Romance	duo	Italian	Lombard(East)	malign (SCA matrix)	1.0000	1.0000	1.0000	1.0000	ok
BDPA Romance	duo	Italian	Lombard(West)	malign (SCA matrix)	1.0000	1.0000	1.0000	1.0000	ok
BDPA Romance	duo	Italian	Occitan	malign (SCA matrix)	1.0000	1.0000	1.0000	1.0000	ok
BDPA Romance	duo	Italian	Venetian	malign (SCA matrix)	1.0000	1.0000	1.0000	1.0000	ok
BDPA Romance	duo	Ladino	Ligurian	malign (SCA matrix)	1.0000	1.0000	1.0000	1.0000	ok
BDPA Romance	duo	Ladino	Lombard(East)	malign (SCA matrix)	1.0000	1.0000	1.0000	1.0000	ok
BDPA Romance	duo	Ladino	Lombard(West)	malign (SCA matrix)	1.0000	1.0000	1.0000	1.0000	ok
BDPA Romance	duo	Ladino	Occitan	malign (SCA matrix)	1.0000	1.0000	1.0000	1.0000	ok
BDPA Romance	duo	Ladino	Venetian	malign (SCA matrix)	1.0000	1.0000	1.0000	1.0000	ok
BDPA Romance	duo	Ligurian	Lombard(East)	malign (SCA matrix)	1.0000	1.0000	1.0000	1.0000	ok
BDPA Romance	duo	Ligurian	Lombard(West)	malign (SCA matrix)	1.0000	1.0000	1.0000	1.0000	ok
BDPA Romance	duo	Ligurian	Occitan	malign (SCA matrix)	1.0000	1.0000	1.0000	1.0000	ok
BDPA Romance	duo	Ligurian	Venetian	malign (SCA matrix)	1.0000	1.0000	1.0000	1.0000	ok
BDPA Romance	duo	Lombard(East)	Lombard(West)	malign (SCA matrix)	1.0000	1.0000	1.0000	1.0000	ok
BDPA Romance	duo	Lombard(East)	Occitan	malign (SCA matrix)	1.0000	1.0000	1.0000	1.0000	ok
BDPA Romance	duo	Lombard(East)	Venetian	malign (SCA matrix)	1.0000	1.0000	1.0000	1.0000	ok
BDPA Romance	duo	Lombard(West)	Occitan	malign (SCA matrix)	1.0000	1.0000	1.0000	1.0000	ok
BDPA Romance	duo	Lombard(West)	Venetian	malign (SCA matrix)	1.0000	1.0000	1.0000	1.0000	ok
BDPA Romance	duo	Occitan	Venetian	malign (SCA matrix)	1.0000	1.0000	1.0000	1.0000	ok
BDPA Romance	lacrimam	French	Italian	malign (SCA matrix)	1.0000	1.0000	1.0000	1.0000	ok
BDPA Romance	lacrimam	French	Ladino	malign (SCA matrix)	1.0000	1.0000	1.0000	1.0000	ok
BDPA Romance	lacrimam	French	Ligurian	malign (SCA matrix)	1.0000	1.0000	1.0000	1.0000	ok
BDPA Romance	lacrimam	French	Lombard(East)	malign (SCA matrix)	1.0000	1.0000	1.0000	1.0000	ok
BDPA Romance	lacrimam	French	Lombard(West)	malign (SCA matrix)	1.0000	1.0000	1.0000	1.0000	ok
BDPA Romance	lacrimam	French	Occitan	malign (SCA matrix)					skipped
BDPA Romance	lacrimam	French	Venetian	malign (SCA matrix)	1.0000	1.0000	1.0000	1.0000	ok
BDPA Romance	lacrimam	Italian	Ladino	malign (SCA matrix)	1.0000	1.0000	1.0000	1.0000	ok
BDPA Romance	lacrimam	Italian	Ligurian	malign (SCA matrix)	1.0000	1.0000	1.0000	1.0000	ok
BDPA Romance	lacrimam	Italian	Lombard(East)	malign (SCA matrix)	1.0000	1.0000	1.0000	1.0000	ok
BDPA Romance	lacrimam	Italian	Lombard(West)	malign (SCA matrix)	1.0000	1.0000	1.0000	1.0000	ok
BDPA Romance	lacrimam	Italian	Occitan	malign (SCA matrix)	1.0000	1.0000	1.0000	1.0000	ok
BDPA Romance	lacrimam	Italian	Venetian	malign (SCA matrix)	1.0000	1.0000	1.0000	1.0000	ok
BDPA Romance	lacrimam	Ladino	Ligurian	malign (SCA matrix)	1.0000	1.0000	1.0000	1.0000	ok
BDPA Romance	lacrimam	Ladino	Lombard(East)	malign (SCA matrix)	1.0000	1.0000	1.0000	1.0000	ok
BDPA Romance	lacrimam	Ladino	Lombard(West)	malign (SCA matrix)	1.0000	1.0000	1.0000	1.0000	ok
BDPA Romance	lacrimam	Ladino	Occitan	malign (SCA matrix)	1.0000	1.0000	1.0000	1.0000	ok
BDPA Romance	lacrimam	Ladino	Venetian	malign (SCA matrix)	1.0000	1.0000	1.0000	1.0000	ok
BDPA Romance	lacrimam	Ligurian	Lombard(East)	malign (SCA matrix)	1.0000	1.0000	1.0000	1.0000	ok
BDPA Romance	lacrimam	Ligurian	Lombard(West)	malign (SCA matrix)	1.0000	1.0000	1.0000	1.0000	ok
BDPA Romance	lacrimam	Ligurian	Occitan	malign (SCA matrix)	1.0000	1.0000	1.0000	1.0000	ok
BDPA Romance	lacrimam	Ligurian	Venetian	malign (SCA matrix)	1.0000	1.0000	1.0000	1.0000	ok
BDPA Romance	lacrimam	Lombard(East)	Lombard(West)	malign (SCA matrix)	1.0000	1.0000	1.0000	1.0000	ok
BDPA Romance	lacrimam	Lombard(East)	Occitan	malign (SCA matrix)	1.0000	1.0000	1.0000	1.0000	ok
BDPA Romance	lacrimam	Lombard(East)	Venetian	malign (SCA matrix)	1.0000	1.0000	1.0000	1.0000	ok
BDPA Romance	lacrimam	Lombard(West)	Occitan	malign (SCA matrix)	1.0000	1.0000	1.0000	1.0000	ok
BDPA Romance	lacrimam	Lombard(West)	Venetian	malign (SCA matrix)	1.0000	1.0000	1.0000	1.0000	ok
BDPA Romance	lacrimam	Occitan	Venetian	malign (SCA matrix)	1.0000	1.0000	1.0000	1.0000	ok
BDPA Romance	lanam	French	Italian	malign (SCA matrix)	1.0000	1.0000	1.0000	1.0000	ok
BDPA Romance	lanam	French	Ladino	malign (SCA matrix)	1.0000	1.0000	1.0000	1.0000	ok
BDPA Romance	lanam	French	Ligurian	malign (SCA matrix)	1.0000	1.0000	1.0000	1.0000	ok
BDPA Romance	lanam	French	Lombard(East)	malign (SCA matrix)	1.0000	1.0000	1.0000	1.0000	ok
BDPA Romance	lanam	French	Lombard(West)	malign (SCA matrix)	1.0000	1.0000	1.0000	1.0000	ok
BDPA Romance	lanam	French	Occitan	malign (SCA matrix)	0.2500	0.2500	0.2500	0.2500	ok
BDPA Romance	lanam	French	Venetian	malign (SCA matrix)	1.0000	1.0000	1.0000	1.0000	ok
BDPA Romance	lanam	Italian	Ladino	malign (SCA matrix)	1.0000	1.0000	1.0000	1.0000	ok
BDPA Romance	lanam	Italian	Ligurian	malign (SCA matrix)	1.0000	1.0000	1.0000	1.0000	ok
BDPA Romance	lanam	Italian	Lombard(East)	malign (SCA matrix)	1.0000	1.0000	1.0000	1.0000	ok
BDPA Romance	lanam	Italian	Lombard(West)	malign (SCA matrix)	1.0000	1.0000	1.0000	1.0000	ok
BDPA Romance	lanam	Italian	Occitan	malign (SCA matrix)	1.0000	1.0000	1.0000	1.0000	ok
BDPA Romance	lanam	Italian	Venetian	malign (SCA matrix)	1.0000	1.0000	1.0000	1.0000	ok
BDPA Romance	lanam	Ladino	Ligurian	malign (SCA matrix)	1.0000	1.0000	1.0000	1.0000	ok
BDPA Romance	lanam	Ladino	Lombard(East)	malign (SCA matrix)	1.0000	1.0000	1.0000	1.0000	ok
BDPA Romance	lanam	Ladino	Lombard(West)	malign (SCA matrix)	1.0000	1.0000	1.0000	1.0000	ok
BDPA Romance	lanam	Ladino	Occitan	malign (SCA matrix)	1.0000	1.0000	1.0000	1.0000	ok
BDPA Romance	lanam	Ladino	Venetian	malign (SCA matrix)	1.0000	1.0000	1.0000	1.0000	ok
BDPA Romance	lanam	Ligurian	Lombard(East)	malign (SCA matrix)	1.0000	1.0000	1.0000	1.0000	ok
BDPA Romance	lanam	Ligurian	Lombard(West)	malign (SCA matrix)	1.0000	1.0000	1.0000	1.0000	ok
BDPA Romance	lanam	Ligurian	Occitan	malign (SCA matrix)	1.0000	1.0000	1.0000	1.0000	ok
BDPA Romance	lanam	Ligurian	Venetian	malign (SCA matrix)	1.0000	1.0000	1.0000	1.0000	ok
BDPA Romance	lanam	Lombard(East)	Lombard(West)	malign (SCA matrix)	1.0000	1.0000	1.0000	1.0000	ok
BDPA Romance	lanam	Lombard(East)	Occitan	malign (SCA matrix)	1.0000	1.0000	1.0000	1.0000	ok
BDPA Romance	lanam	Lombard(East)	Venetian	malign (SCA matrix)	1.0000	1.0000	1.0000	1.0000	ok
BDPA Romance	lanam	Lombard(West)	Occitan	malign (SCA matrix)	1.0000	1.0000	1.0000	1.0000	ok
BDPA Romance	lanam	Lombard(West)	Venetian	malign (SCA matrix)	1.0000	1.0000	1.0000	1.0000	ok
BDPA Romance	lanam	Occitan	Venetian	malign (SCA matrix)	1.0000	1.0000	1.0000	1.0000	ok
BDPA Romance	linguam	French	Italian	malign (SCA matrix)	1.0000	1.0000	1.0000	1.0000	ok
BDPA Romance	linguam	French	Ladino	malign (SCA matrix)	1.0000	1.0000	1.0000	1.0000	ok
BDPA Romance	linguam	French	Ligurian	malign (SCA matrix)	1.0000	1.0000	1.0000	1.0000	ok
BDPA Romance	linguam	French	Lombard(East)	malign (SCA matrix)	1.0000	1.0000	1.0000	1.0000	ok
BDPA Romance	linguam	French	Lombard(West)	malign (SCA matrix)	1.0000	1.0000	1.0000	1.0000	ok
BDPA Romance	linguam	French	Occitan	malign (SCA matrix)	1.0000	1.0000	1.0000	1.0000	ok
BDPA Romance	linguam	French	Venetian	malign (SCA matrix)	1.0000	1.0000	1.0000	1.0000	ok
BDPA Romance	linguam	Italian	Ladino	malign (SCA matrix)	1.0000	1.0000	1.0000	1.0000	ok
BDPA Romance	linguam	Italian	Ligurian	malign (SCA matrix)	1.0000	1.0000	1.0000	1.0000	ok
BDPA Romance	linguam	Italian	Lombard(East)	malign (SCA matrix)	1.0000	1.0000	1.0000	1.0000	ok
BDPA Romance	linguam	Italian	Lombard(West)	malign (SCA matrix)	1.0000	1.0000	1.0000	1.0000	ok
BDPA Romance	linguam	Italian	Occitan	malign (SCA matrix)	1.0000	1.0000	1.0000	1.0000	ok
BDPA Romance	linguam	Italian	Venetian	malign (SCA matrix)	1.0000	1.0000	1.0000	1.0000	ok
BDPA Romance	linguam	Ladino	Ligurian	malign (SCA matrix)	1.0000	1.0000	1.0000	1.0000	ok
BDPA Romance	linguam	Ladino	Lombard(East)	malign (SCA matrix)	1.0000	1.0000	1.0000	1.0000	ok
BDPA Romance	linguam	Ladino	Lombard(West)	malign (SCA matrix)	1.0000	1.0000	1.0000	1.0000	ok
BDPA Romance	linguam	Ladino	Occitan	malign (SCA matrix)	1.0000	1.0000	1.0000	1.0000	ok
BDPA Romance	linguam	Ladino	Venetian	malign (SCA matrix)	1.0000	1.0000	1.0000	1.0000	ok
BDPA Romance	linguam	Ligurian	Lombard(East)	malign (SCA matrix)	1.0000	1.0000	1.0000	1.0000	ok
BDPA Romance	linguam	Ligurian	Lombard(West)	malign (SCA matrix)	1.0000	1.0000	1.0000	1.0000	ok
BDPA Romance	linguam	Ligurian	Occitan	malign (SCA matrix)	1.0000	1.0000	1.0000	1.0000	ok
BDPA Romance	linguam	Ligurian	Venetian	malign (SCA matrix)	1.0000	1.0000	1.0000	1.0000	ok
BDPA Romance	linguam	Lombard(East)	Lombard(West)	malign (SCA matrix)	1.0000	1.0000	1.0000	1.0000	ok
BDPA Romance	linguam	Lombard(East)	Occitan	malign (SCA matrix)	1.0000	1.0000	1.0000	1.0000	ok
BDPA Romance	linguam	Lombard(East)	Venetian	malign (SCA matrix)	1.0000	1.0000	1.0000	1.0000	ok
BDPA Romance	linguam	Lombard(West)	Occitan	malign (SCA matrix)	1.0000	1.0000	1.0000	1.0000	ok
BDPA Romance	linguam	Lombard(West)	Venetian	malign (SCA matrix)	1.0000	1.0000	1.0000	1.0000	ok
BDPA Romance	linguam	Occitan	Venetian	malign (SCA matrix)	1.0000	1.0000	1.0000	1.0000	ok
BDPA Romance	lunam	French	Italian	malign (SCA matrix)	1.0000	1.0000	1.0000	1.0000	ok
BDPA Romance	lunam	French	Ladino	malign (SCA matrix)	1.0000	1.0000	1.0000	1.0000	ok
BDPA Romance	lunam	French	Ligurian	malign (SCA matrix)	1.0000	1.0000	1.0000	1.0000	ok
BDPA Romance	lunam	French	Lombard(East)	malign (SCA matrix)	1.0000	1.0000	1.0000	1.0000	ok
BDPA Romance	lunam	French	Lombard(West)	malign (SCA matrix)	1.0000	1.0000	1.0000	1.0000	ok
BDPA Romance	lunam	French	Occitan	malign (SCA matrix)	1.0000	1.0000	1.0000	1.0000	ok
BDPA Romance	lunam	French	Venetian	malign (SCA matrix)	1.0000	1.0000	1.0000	1.0000	ok
BDPA Romance	lunam	Italian	Ladino	malign (SCA matrix)	1.0000	1.0000	1.0000	1.0000	ok
BDPA Romance	lunam	Italian	Ligurian	malign (SCA matrix)	1.0000	1.0000	1.0000	1.0000	ok
BDPA Romance	lunam	Italian	Lombard(East)	malign (SCA matrix)	1.0000	1.0000	1.0000	1.0000	ok
BDPA Romance	lunam	Italian	Lombard(West)	malign (SCA matrix)	1.0000	1.0000	1.0000	1.0000	ok
BDPA Romance	lunam	Italian	Occitan	malign (SCA matrix)	1.0000	1.0000	1.0000	1.0000	ok
BDPA Romance	lunam	Italian	Venetian	malign (SCA matrix)	1.0000	1.0000	1.0000	1.0000	ok
BDPA Romance	lunam	Ladino	Ligurian	malign (SCA matrix)	1.0000	1.0000	1.0000	1.0000	ok
BDPA Romance	lunam	Ladino	Lombard(East)	malign (SCA matrix)	1.0000	1.0000	1.0000	1.0000	ok
BDPA Romance	lunam	Ladino	Lombard(West)	malign (SCA matrix)	1.0000	1.0000	1.0000	1.0000	ok
BDPA Romance	lunam	Ladino	Occitan	malign (SCA matrix)	1.0000	1.0000	1.0000	1.0000	ok
BDPA Romance	lunam	Ladino	Venetian	malign (SCA matrix)	1.0000	1.0000	1.0000	1.0000	ok
BDPA Romance	lunam	Ligurian	Lombard(East)	malign (SCA matrix)	1.0000	1.0000	1.0000	1.0000	ok
BDPA Romance	lunam	Ligurian	Lombard(West)	malign (SCA matrix)	1.0000	1.0000	1.0000	1.0000	ok
BDPA Romance	lunam	Ligurian	Occitan	malign (SCA matrix)	1.0000	1.0000	1.0000	1.0000	ok
BDPA Romance	lunam	Ligurian	Venetian	malign (SCA matrix)	1.0000	1.0000	1.0000	1.0000	ok
BDPA Romance	lunam	Lombard(East)	Lombard(West)	malign (SCA matrix)	1.0000	1.0000	1.0000	1.0000	ok
BDPA Romance	lunam	Lombard(East)	Occitan	malign (SCA matrix)	1.0000	1.0000	1.0000	1.0000	ok
BDPA Romance	lunam	Lombard(East)	Venetian	malign (SCA matrix)	1.0000	1.0000	1.0000	1.0000	ok
BDPA Romance	lunam	Lombard(West)	Occitan	malign (SCA matrix)	1.0000	1.0000	1.0000	1.0000	ok
BDPA Romance	lunam	Lombard(West)	Venetian	malign (SCA matrix)	1.0000	1.0000	1.0000	1.0000	ok
BDPA Romance	lunam	Occitan	Venetian	malign (SCA matrix)	1.0000	1.0000	1.0000	1.0000	ok
BDPA Romance	manum	French	Italian	malign (SCA matrix)	1.0000	1.0000	1.0000	1.0000	ok
BDPA Romance	manum	French	Ladino	malign (SCA matrix)	1.0000	1.0000	1.0000	1.0000	ok
BDPA Romance	manum	French	Ligurian	malign (SCA matrix)	1.0000	1.0000	1.0000	1.0000	ok
BDPA Romance	manum	French	Lombard(East)	malign (SCA matrix)	1.0000	1.0000	1.0000	1.0000	ok
BDPA Romance	manum	French	Lombard(West)	malign (SCA matrix)	1.0000	1.0000	1.0000	1.0000	ok
BDPA Romance	manum	French	Occitan	malign (SCA matrix)	1.0000	1.0000	1.0000	1.0000	ok
BDPA Romance	manum	French	Venetian	malign (SCA matrix)	1.0000	1.0000	1.0000	1.0000	ok
BDPA Romance	manum	Italian	Ladino	malign (SCA matrix)	1.0000	1.0000	1.0000	1.0000	ok
BDPA Romance	manum	Italian	Ligurian	malign (SCA matrix)	1.0000	1.0000	1.0000	1.0000	ok
BDPA Romance	manum	Italian	Lombard(East)	malign (SCA matrix)	1.0000	1.0000	1.0000	1.0000	ok
BDPA Romance	manum	Italian	Lombard(West)	malign (SCA matrix)	1.0000	1.0000	1.0000	1.0000	ok
BDPA Romance	manum	Italian	Occitan	malign (SCA matrix)	1.0000	1.0000	1.0000	1.0000	ok
BDPA Romance	manum	Italian	Venetian	malign (SCA matrix)	1.0000	1.0000	1.0000	1.0000	ok
BDPA Romance	manum	Ladino	Ligurian	malign (SCA matrix)	1.0000	1.0000	1.0000	1.0000	ok
BDPA Romance	manum	Ladino	Lombard(East)	malign (SCA matrix)	1.0000	1.0000	1.0000	1.0000	ok
BDPA Romance	manum	Ladino	Lombard(West)	malign (SCA matrix)	1.0000	1.0000	1.0000	1.0000	ok
BDPA Romance	manum	Ladino	Occitan	malign (SCA matrix)	1.0000	1.0000	1.0000	1.0000	ok
BDPA Romance	manum	Ladino	Venetian	malign (SCA matrix)	1.0000	1.0000	1.0000	1.0000	ok
BDPA Romance	manum	Ligurian	Lombard(East)	malign (SCA matrix)	1.0000	1.0000	1.0000	1.0000	ok
BDPA Romance	manum	Ligurian	Lombard(West)	malign (SCA matrix)	1.0000	1.0000	1.0000	1.0000	ok
BDPA Romance	manum	Ligurian	Occitan	malign (SCA matrix)	1.0000	1.0000	1.0000	1.0000	ok
BDPA Romance	manum	Ligurian	Venetian	malign (SCA matrix)	1.0000	1.0000	1.0000	1.0000	ok
BDPA Romance	manum	Lombard(East)	Lombard(West)	malign (SCA matrix)	1.0000	1.0000	1.0000	1.0000	ok
BDPA Romance	manum	Lombard(East)	Occitan	malign (SCA matrix)	1.0000	1.0000	1.0000	1.0000	ok
BDPA Romance	manum	Lombard(East)	Venetian	malign (SCA matrix)	1.0000	1.0000	1.0000	1.0000	ok
BDPA Romance	manum	Lombard(West)	Occitan	malign (SCA matrix)	1.0000	1.0000	1.0000	1.0000	ok
BDPA Romance	manum	Lombard(West)	Venetian	malign (SCA matrix)	1.0000	1.0000	1.0000	1.0000	ok
BDPA Romance	manum	Occitan	Venetian	malign (SCA matrix)	1.0000	1.0000	1.0000	1.0000	ok
BDPA Romance	mare	French	Italian	malign (SCA matrix)	1.0000	1.0000	1.0000	1.0000	ok
BDPA Romance	mare	French	Ladino	malign (SCA matrix)	1.0000	1.0000	1.0000	1.0000	ok
BDPA Romance	mare	French	Ligurian	malign (SCA matrix)	1.0000	1.0000	1.0000	1.0000	ok
BDPA Romance	mare	French	Lombard(East)	malign (SCA matrix)	1.0000	1.0000	1.0000	1.0000	ok
BDPA Romance	mare	French	Lombard(West)	malign (SCA matrix)	1.0000	1.0000	1.0000	1.0000	ok
BDPA Romance	mare	French	Occitan	malign (SCA matrix)	1.0000	1.0000	1.0000	1.0000	ok
BDPA Romance	mare	French	Venetian	malign (SCA matrix)	1.0000	1.0000	1.0000	1.0000	ok
BDPA Romance	mare	Italian	Ladino	malign (SCA matrix)	1.0000	1.0000	1.0000	1.0000	ok
BDPA Romance	mare	Italian	Ligurian	malign (SCA matrix)	1.0000	1.0000	1.0000	1.0000	ok
BDPA Romance	mare	Italian	Lombard(East)	malign (SCA matrix)	1.0000	1.0000	1.0000	1.0000	ok
BDPA Romance	mare	Italian	Lombard(West)	malign (SCA matrix)	1.0000	1.0000	1.0000	1.0000	ok
BDPA Romance	mare	Italian	Occitan	malign (SCA matrix)	1.0000	1.0000	1.0000	1.0000	ok
BDPA Romance	mare	Italian	Venetian	malign (SCA matrix)	1.0000	1.0000	1.0000	1.0000	ok
BDPA Romance	mare	Ladino	Ligurian	malign (SCA matrix)	1.0000	1.0000	1.0000	1.0000	ok
BDPA Romance	mare	Ladino	Lombard(East)	malign (SCA matrix)	1.0000	1.0000	1.0000	1.0000	ok
BDPA Romance	mare	Ladino	Lombard(West)	malign (SCA matrix)	1.0000	1.0000	1.0000	1.0000	ok
BDPA Romance	mare	Ladino	Occitan	malign (SCA matrix)	1.0000	1.0000	1.0000	1.0000	ok
BDPA Romance	mare	Ladino	Venetian	malign (SCA matrix)	1.0000	1.0000	1.0000	1.0000	ok
BDPA Romance	mare	Ligurian	Lombard(East)	malign (SCA matrix)	1.0000	1.0000	1.0000	1.0000	ok
BDPA Romance	mare	Ligurian	Lombard(West)	malign (SCA matrix)	1.0000	1.0000	1.0000	1.0000	ok
BDPA Romance	mare	Ligurian	Occitan	malign (SCA matrix)	1.0000	1.0000	1.0000	1.0000	ok
BDPA Romance	mare	Ligurian	Venetian	malign (SCA matrix)	1.0000	1.0000	1.0000	1.0000	ok
BDPA Romance	mare	Lombard(East)	Lombard(West)	malign (SCA matrix)	1.0000	1.0000	1.0000	1.0000	ok
BDPA Romance	mare	Lombard(East)	Occitan	malign (SCA matrix)	1.0000	1.0000	1.0000	1.0000	ok
BDPA Romance	mare	Lombard(East)	Venetian	malign (SCA matrix)	1.0000	1.0000	1.0000	1.0000	ok
BDPA Romance	mare	Lombard(West)	Occitan	malign (SCA matrix)	1.0000	1.0000	1.0000	1.0000	ok
BDPA Romance	mare	Lombard(West)	Venetian	malign (SCA matrix)	1.0000	1.0000	1.0000	1.0000	ok
BDPA Romance	mare	Occitan	Venetian	malign (SCA matrix)	1.0000	1.0000	1.0000	1.0000	ok
BDPA Romance	novem	French	Italian	malign (SCA matrix)	1.0000	1.0000	1.0000	1.0000	ok
BDPA Romance	novem	French	Ladino	malign (SCA matrix)	1.0000	1.0000	1.0000	1.0000	ok
BDPA Romance	novem	French	Ligurian	malign (SCA matrix)	1.0000	1.0000	1.0000	1.0000	ok
BDPA Romance	novem	French	Lombard(East)	malign (SCA matrix)	1.0000	1.0000	1.0000	1.0000	ok
BDPA Romance	novem	French	Lombard(West)	malign (SCA matrix)	1.0000	1.0000	1.0000	1.0000	ok
BDPA Romance	novem	French	Occitan	malign (SCA matrix)	1.0000	1.0000	1.0000	1.0000	ok
BDPA Romance	novem	French	Venetian	malign (SCA matrix)	1.0000	1.0000	1.0000	1.0000	ok
BDPA Romance	novem	Italian	Ladino	malign (SCA matrix)	1.0000	1.0000	1.0000	1.0000	ok
BDPA Romance	novem	Italian	Ligurian	malign (SCA matrix)	1.0000	1.0000	1.0000	1.0000	ok
BDPA Romance	novem	Italian	Lombard(East)	malign (SCA matrix)	1.0000	1.0000	1.0000	1.0000	ok
BDPA Romance	novem	Italian	Lombard(West)	malign (SCA matrix)	1.0000	1.0000	1.0000	1.0000	ok
BDPA Romance	novem	Italian	Occitan	malign (SCA matrix)	1.0000	1.0000	1.0000	1.0000	ok
BDPA Romance	novem	Italian	Venetian	malign (SCA matrix)	1.0000	1.0000	1.0000	1.0000	ok
BDPA Romance	novem	Ladino	Ligurian	malign (SCA matrix)	1.0000	1.0000	1.0000	1.0000	ok
BDPA Romance	novem	Ladino	Lombard(East)	malign (SCA matrix)	1.0000	1.0000	1.0000	1.0000	ok
BDPA Romance	novem	Ladino	Lombard(West)	malign (SCA matrix)	1.0000	1.0000	1.0000	1.0000	ok
BDPA Romance	novem	Ladino	Occitan	malign (SCA matrix)	1.0000	1.0000	1.0000	1.0000	ok
BDPA Romance	novem	Ladino	Venetian	malign (SCA matrix)	1.0000	1.0000	1.0000	1.0000	ok
BDPA Romance	novem	Ligurian	Lombard(East)	malign (SCA matrix)	1.0000	1.0000	1.0000	1.0000	ok
BDPA Romance	novem	Ligurian	Lombard(West)	malign (SCA matrix)	1.0000	1.0000	1.0000	1.0000	ok
BDPA Romance	novem	Ligurian	Occitan	malign (SCA matrix)	1.0000	1.0000	1.0000	1.0000	ok
BDPA Romance	novem	Ligurian	Venetian	malign (SCA matrix)	1.0000	1.0000	1.0000	1.0000	ok
BDPA Romance	novem	Lombard(East)	Lombard(West)	malign (SCA matrix)	1.0000	1.0000	1.0000	1.0000	ok
BDPA Romance	novem	Lombard(East)	Occitan	malign (SCA matrix)	1.0000	1.0000	1.0000	1.0000	ok
BDPA Romance	novem	Lombard(East)	Venetian	malign (SCA matrix)	1.0000	1.0000	1.0000	1.0000	ok
BDPA Romance	novem	Lombard(West)	Occitan	malign (SCA matrix)	1.0000	1.0000	1.0000	1.0000	ok
BDPA Romance	novem	Lombard(West)	Venetian	malign (SCA matrix)	1.0000	1.0000	1.0000	1.0000	ok
BDPA Romance	novem	Occitan	Venetian	malign (SCA matrix)	1.0000	1.0000	1.0000	1.0000	ok
BDPA Romance	octo	French	Italian	malign (SCA matrix)	1.0000	1.0000	1.0000	1.0000	ok
BDPA Romance	octo	French	Ladino	malign (SCA matrix)	1.0000	1.0000	1.0000	1.0000	ok
BDPA Romance	octo	French	Ligurian	malign (SCA matrix)	1.0000	1.0000	1.0000	1.0000	ok
BDPA Romance	octo	French	Lombard(East)	malign (SCA matrix)	1.0000	1.0000	1.0000	1.0000	ok
BDPA Romance	octo	French	Lombard(West)	malign (SCA matrix)	1.0000	1.0000	1.0000	1.0000	ok
BDPA Romance	octo	French	Occitan	malign (SCA matrix)	1.0000	1.0000	1.0000	1.0000	ok
BDPA Romance	octo	French	Venetian	malign (SCA matrix)	1.0000	1.0000	1.0000	1.0000	ok
BDPA Romance	octo	Italian	Ladino	malign (SCA matrix)	1.0000	1.0000	1.0000	1.0000	ok
BDPA Romance	octo	Italian	Ligurian	malign (SCA matrix)	1.0000	1.0000	1.0000	1.0000	ok
BDPA Romance	octo	Italian	Lombard(East)	malign (SCA matrix)	1.0000	1.0000	1.0000	1.0000	ok
BDPA Romance	octo	Italian	Lombard(West)	malign (SCA matrix)	1.0000	1.0000	1.0000	1.0000	ok
BDPA Romance	octo	Italian	Occitan	malign (SCA matrix)	1.0000	1.0000	1.0000	1.0000	ok
BDPA Romance	octo	Italian	Venetian	malign (SCA matrix)	1.0000	1.0000	1.0000	1.0000	ok
BDPA Romance	octo	Ladino	Ligurian	malign (SCA matrix)	1.0000	1.0000	1.0000	1.0000	ok
BDPA Romance	octo	Ladino	Lombard(East)	malign (SCA matrix)	1.0000	1.0000	1.0000	1.0000	ok
BDPA Romance	octo	Ladino	Lombard(West)	malign (SCA matrix)	1.0000	1.0000	1.0000	1.0000	ok
BDPA Romance	octo	Ladino	Occitan	malign (SCA matrix)	1.0000	1.0000	1.0000	1.0000	ok
BDPA Romance	octo	Ladino	Venetian	malign (SCA matrix)	1.0000	1.0000	1.0000	1.0000	ok
BDPA Romance	octo	Ligurian	Lombard(East)	malign (SCA matrix)	1.0000	1.0000	1.0000	1.0000	ok
BDPA Romance	octo	Ligurian	Lombard(West)	malign (SCA matrix)	1.0000	1.0000	1.0000	1.0000	ok
BDPA Romance	octo	Ligurian	Occitan	malign (SCA matrix)	1.0000	1.0000	1.0000	1.0000	ok
BDPA Romance	octo	Ligurian	Venetian	malign (SCA matrix)	1.0000	1.0000	1.0000	1.0000	ok
BDPA Romance	octo	Lombard(East)	Lombard(West)	malign (SCA matrix)	1.0000	1.0000	1.0000	1.0000	ok
BDPA Romance	octo	Lombard(East)	Occitan	malign (SCA matrix)	1.0000	1.0000	1.0000	1.0000	ok
BDPA Romance	octo	Lombard(East)	Venetian	malign (SCA matrix)	1.0000	1.0000	1.0000	1.0000	ok
BDPA Romance	octo	Lombard(West)	Occitan	malign (SCA matrix)	1.0000	1.0000	1.0000	1.0000	ok
BDPA Romance	octo	Lombard(West)	Venetian	malign (SCA matrix)	1.0000	1.0000	1.0000	1.0000	ok
BDPA Romance	octo	Occitan	Venetian	malign (SCA matrix)	1.0000	1.0000	1.0000	1.0000	ok
BDPA Romance	oculum	French	Italian	malign (SCA matrix)	1.0000	1.0000	1.0000	1.0000	ok
BDPA Romance	oculum	French	Ladino	malign (SCA matrix)	0.5000	0.5000	0.5000	0.5000	ok
BDPA Romance	oculum	French	Ligurian	malign (SCA matrix)					skipped
BDPA Romance	oculum	French	Lombard(East)	malign (SCA matrix)					skipped
BDPA Romance	oculum	French	Lombard(West)	malign (SCA matrix)					skipped
BDPA Romance	oculum	French	Occitan	malign (SCA matrix)	1.0000	1.0000	1.0000	1.0000	ok
BDPA Romance	oculum	French	Venetian	malign (SCA matrix)					skipped
BDPA Romance	oculum	Italian	Ladino	malign (SCA matrix)	1.0000	1.0000	1.0000	1.0000	ok
BDPA Romance	oculum	Italian	Ligurian	malign (SCA matrix)	1.0000	1.0000	1.0000	1.0000	ok
BDPA Romance	oculum	Italian	Lombard(East)	malign (SCA matrix)	1.0000	1.0000	1.0000	1.0000	ok
BDPA Romance	oculum	Italian	Lombard(West)	malign (SCA matrix)	1.0000	1.0000	1.0000	1.0000	ok
BDPA Romance	oculum	Italian	Occitan	malign (SCA matrix)	1.0000	1.0000	1.0000	1.0000	ok
BDPA Romance	oculum	Italian	Venetian	malign (SCA matrix)	1.0000	1.0000	1.0000	1.0000	ok
BDPA Romance	oculum	Ladino	Ligurian	malign (SCA matrix)	1.0000	1.0000	1.0000	1.0000	ok
BDPA Romance	oculum	Ladino	Lombard(East)	malign (SCA matrix)	1.0000	1.0000	1.0000	1.0000	ok
BDPA Romance	oculum	Ladino	Lombard(West)	malign (SCA matrix)	1.0000	1.0000	1.0000	1.0000	ok
BDPA Romance	oculum	Ladino	Occitan	malign (SCA matrix)	0.5000	0.5000	0.5000	0.5000	ok
BDPA Romance	oculum	Ladino	Venetian	malign (SCA matrix)	1.0000	1.0000	1.0000	1.0000	ok
BDPA Romance	oculum	Ligurian	Lombard(East)	malign (SCA matrix)	1.0000	1.0000	1.0000	1.0000	ok
BDPA Romance	oculum	Ligurian	Lombard(West)	malign (SCA matrix)	1.0000	1.0000	1.0000	1.0000	ok
BDPA Romance	oculum	Ligurian	Occitan	malign (SCA matrix)					skipped
BDPA Romance	oculum	Ligurian	Venetian	malign (SCA matrix)	1.0000	1.0000	1.0000	1.0000	ok
BDPA Romance	oculum	Lombard(East)	Lombard(West)	malign (SCA matrix)	1.0000	1.0000	1.0000	1.0000	ok
BDPA Romance	oculum	Lombard(East)	Occitan	malign (SCA matrix)					skipped
BDPA Romance	oculum	Lombard(East)	Venetian	malign (SCA matrix)	1.0000	1.0000	1.0000	1.0000	ok
BDPA Romance	oculum	Lombard(West)	Occitan	malign (SCA matrix)					skipped
BDPA Romance	oculum	Lombard(West)	Venetian	malign (SCA matrix)	1.0000	1.0000	1.0000	1.0000	ok
BDPA Romance	oculum	Occitan	Venetian	malign (SCA matrix)					skipped
BDPA Romance	ovum	French	Italian	malign (SCA matrix)	1.0000	1.0000	1.0000	1.0000	ok
BDPA Romance	ovum	French	Ladino	malign (SCA matrix)	1.0000	1.0000	1.0000	1.0000	ok
BDPA Romance	ovum	French	Ligurian	malign (SCA matrix)	1.0000	1.0000	1.0000	1.0000	ok
BDPA Romance	ovum	French	Lombard(East)	malign (SCA matrix)	1.0000	1.0000	1.0000	1.0000	ok
BDPA Romance	ovum	French	Lombard(West)	malign (SCA matrix)	1.0000	1.0000	1.0000	1.0000	ok
BDPA Romance	ovum	French	Occitan	malign (SCA matrix)	1.0000	1.0000	1.0000	1.0000	ok
BDPA Romance	ovum	French	Venetian	malign (SCA matrix)	1.0000	1.0000	1.0000	1.0000	ok
BDPA Romance	ovum	Italian	Ladino	malign (SCA matrix)	1.0000	1.0000	1.0000	1.0000	ok
BDPA Romance	ovum	Italian	Ligurian	malign (SCA matrix)	1.0000	1.0000	1.0000	1.0000	ok
BDPA Romance	ovum	Italian	Lombard(East)	malign (SCA matrix)	1.0000	1.0000	1.0000	1.0000	ok
BDPA Romance	ovum	Italian	Lombard(West)	malign (SCA matrix)	1.0000	1.0000	1.0000	1.0000	ok
BDPA Romance	ovum	Italian	Occitan	malign (SCA matrix)	1.0000	1.0000	1.0000	1.0000	ok
BDPA Romance	ovum	Italian	Venetian	malign (SCA matrix)	1.0000	1.0000	1.0000	1.0000	ok
BDPA Romance	ovum	Ladino	Ligurian	malign (SCA matrix)	1.0000	1.0000	1.0000	1.0000	ok
BDPA Romance	ovum	Ladino	Lombard(East)	malign (SCA matrix)	1.0000	1.0000	1.0000	1.0000	ok
BDPA Romance	ovum	Ladino	Lombard(West)	malign (SCA matrix)	1.0000	1.0000	1.0000	1.0000	ok
BDPA Romance	ovum	Ladino	Occitan	malign (SCA matrix)					skipped
BDPA Romance	ovum	Ladino	Venetian	malign (SCA matrix)	1.0000	1.0000	1.0000	1.0000	ok
BDPA Romance	ovum	Ligurian	Lombard(East)	malign (SCA matrix)	1.0000	1.0000	1.0000	1.0000	ok
BDPA Romance	ovum	Ligurian	Lombard(West)	malign (SCA matrix)	1.0000	1.0000	1.0000	1.0000	ok
BDPA Romance	ovum	Ligurian	Occitan	malign (SCA matrix)	1.0000	1.0000	1.0000	1.0000	ok
BDPA Romance	ovum	Ligurian	Venetian	malign (SCA matrix)	1.0000	1.0000	1.0000	1.0000	ok
BDPA Romance	ovum	Lombard(East)	Lombard(West)	malign (SCA matrix)	1.0000	1.0000	1.0000	1.0000	ok
BDPA Romance	ovum	Lombard(East)	Occitan	malign (SCA matrix)	1.0000	1.0000	1.0000	1.0000	ok
BDPA Romance	ovum	Lombard(East)	Venetian	malign (SCA matrix)	1.0000	1.0000	1.0000	1.0000	ok
BDPA Romance	ovum	Lombard(West)	Occitan	malign (SCA matrix)	1.0000	1.0000	1.0000	1.0000	ok
BDPA Romance	ovum	Lombard(West)	Venetian	malign (SCA matrix)	1.0000	1.0000	1.0000	1.0000	ok
BDPA Romance	ovum	Occitan	Venetian	malign (SCA matrix)	1.0000	1.0000	1.0000	1.0000	ok
BDPA Romance	pedem	French	Italian	malign (SCA matrix)	1.0000	1.0000	1.0000	1.0000	ok
BDPA Romance	pedem	French	Ladino	malign (SCA matrix)	1.0000	1.0000	1.0000	1.0000	ok
BDPA Romance	pedem	French	Ligurian	malign (SCA matrix)	1.0000	1.0000	1.0000	1.0000	ok
BDPA Romance	pedem	French	Lombard(East)	malign (SCA matrix)	1.0000	1.0000	1.0000	1.0000	ok
BDPA Romance	pedem	French	Lombard(West)	malign (SCA matrix)	1.0000	1.0000	1.0000	1.0000	ok
BDPA Romance	pedem	French	Occitan	malign (SCA matrix)	1.0000	1.0000	1.0000	1.0000	ok
BDPA Romance	pedem	French	Venetian	malign (SCA matrix)	1.0000	1.0000	1.0000	1.0000	ok
BDPA Romance	pedem	Italian	Ladino	malign (SCA matrix)	1.0000	1.0000	1.0000	1.0000	ok
BDPA Romance	pedem	Italian	Ligurian	malign (SCA matrix)	1.0000	1.0000	1.0000	1.0000	ok
BDPA Romance	pedem	Italian	Lombard(East)	malign (SCA matrix)	1.0000	1.0000	1.0000	1.0000	ok
BDPA Romance	pedem	Italian	Lombard(West)	malign (SCA matrix)	1.0000	1.0000	1.0000	1.0000	ok
BDPA Romance	pedem	Italian	Occitan	malign (SCA matrix)	1.0000	1.0000	1.0000	1.0000	ok
BDPA Romance	pedem	Italian	Venetian	malign (SCA matrix)	0.4000	0.4000	0.4000	0.4000	ok
BDPA Romance	pedem	Ladino	Ligurian	malign (SCA matrix)	1.0000	1.0000	1.0000	1.0000	ok
BDPA Romance	pedem	Ladino	Lombard(East)	malign (SCA matrix)	1.0000	1.0000	1.0000	1.0000	ok
BDPA Romance	pedem	Ladino	Lombard(West)	malign (SCA matrix)	1.0000	1.0000	1.0000	1.0000	ok
BDPA Romance	pedem	Ladino	Occitan	malign (SCA matrix)	1.0000	1.0000	1.0000	1.0000	ok
BDPA Romance	pedem	Ladino	Venetian	malign (SCA matrix)	1.0000	1.0000	1.0000	1.0000	ok
BDPA Romance	pedem	Ligurian	Lombard(East)	malign (SCA matrix)	1.0000	1.0000	1.0000	1.0000	ok
BDPA Romance	pedem	Ligurian	Lombard(West)	malign (SCA matrix)	1.0000	1.0000	1.0000	1.0000	ok
BDPA Romance	pedem	Ligurian	Occitan	malign (SCA matrix)	1.0000	1.0000	1.0000	1.0000	ok
BDPA Romance	pedem	Ligurian	Venetian	malign (SCA matrix)	1.0000	1.0000	1.0000	1.0000	ok
BDPA Romance	pedem	Lombard(East)	Lombard(West)	malign (SCA matrix)	1.0000	1.0000	1.0000	1.0000	ok
BDPA Romance	pedem	Lombard(East)	Occitan	malign (SCA matrix)	1.0000	1.0000	1.0000	1.0000	ok
BDPA Romance	pedem	Lombard(East)	Venetian	malign (SCA matrix)	1.0000	1.0000	1.0000	1.0000	ok
BDPA Romance	pedem	Lombard(West)	Occitan	malign (SCA matrix)	1.0000	1.0000	1.0000	1.0000	ok
BDPA Romance	pedem	Lombard(West)	Venetian	malign (SCA matrix)	1.0000	1.0000	1.0000	1.0000	ok
BDPA Romance	pedem	Occitan	Venetian	malign (SCA matrix)	1.0000	1.0000	1.0000	1.0000	ok
BDPA Romance	quattuor	French	Italian	malign (SCA matrix)	1.0000	1.0000	1.0000	1.0000	ok
BDPA Romance	quattuor	French	Ladino	malign (SCA matrix)	1.0000	1.0000	1.0000	1.0000	ok
BDPA Romance	quattuor	French	Ligurian	malign (SCA matrix)	1.0000	1.0000	1.0000	1.0000	ok
BDPA Romance	quattuor	French	Lombard(East)	malign (SCA matrix)	1.0000	1.0000	1.0000	1.0000	ok
BDPA Romance	quattuor	French	Lombard(West)	malign (SCA matrix)	1.0000	1.0000	1.0000	1.0000	ok
BDPA Romance	quattuor	French	Occitan	malign (SCA matrix)	1.0000	1.0000	1.0000	1.0000	ok
BDPA Romance	quattuor	French	Venetian	malign (SCA matrix)	1.0000	1.0000	1.0000	1.0000	ok
BDPA Romance	quattuor	Italian	Ladino	malign (SCA matrix)	1.0000	1.0000	1.0000	1.0000	ok
BDPA Romance	quattuor	Italian	Ligurian	malign (SCA matrix)	1.0000	1.0000	1.0000	1.0000	ok
BDPA Romance	quattuor	Italian	Lombard(East)	malign (SCA matrix)	1.0000	1.0000	1.0000	1.0000	ok
BDPA Romance	quattuor	Italian	Lombard(West)	malign (SCA matrix)	1.0000	1.0000	1.0000	1.0000	ok
BDPA Romance	quattuor	Italian	Occitan	malign (SCA matrix)	1.0000	1.0000	1.0000	1.0000	ok
BDPA Romance	quattuor	Italian	Venetian	malign (SCA matrix)	1.0000	1.0000	1.0000	1.0000	ok
BDPA Romance	quattuor	Ladino	Ligurian	malign (SCA matrix)	1.0000	1.0000	1.0000	1.0000	ok
BDPA Romance	quattuor	Ladino	Lombard(East)	malign (SCA matrix)	1.0000	1.0000	1.0000	1.0000	ok
BDPA Romance	quattuor	Ladino	Lombard(West)	malign (SCA matrix)	1.0000	1.0000	1.0000	1.0000	ok
BDPA Romance	quattuor	Ladino	Occitan	malign (SCA matrix)	1.0000	1.0000	1.0000	1.0000	ok
BDPA Romance	quattuor	Ladino	Venetian	malign (SCA matrix)	1.0000	1.0000	1.0000	1.0000	ok
BDPA Romance	quattuor	Ligurian	Lombard(East)	malign (SCA matrix)	1.0000	1.0000	1.0000	1.0000	ok
BDPA Romance	quattuor	Ligurian	Lombard(West)	malign (SCA matrix)	1.0000	1.0000	1.0000	1.0000	ok
BDPA Romance	quattuor	Ligurian	Occitan	malign (SCA matrix)	1.0000	1.0000	1.0000	1.0000	ok
BDPA Romance	quattuor	Ligurian	Venetian	malign (SCA matrix)	1.0000	1.0000	1.0000	1.0000	ok
BDPA Romance	quattuor	Lombard(East)	Lombard(West)	malign (SCA matrix)	1.0000	1.0000	1.0000	1.0000	ok
BDPA Romance	quattuor	Lombard(East)	Occitan	malign (SCA matrix)	1.0000	1.0000	1.0000	1.0000	ok
BDPA Romance	quattuor	Lombard(East)	Venetian	malign (SCA matrix)	1.0000	1.0000	1.0000	1.0000	ok
BDPA Romance	quattuor	Lombard(West)	Occitan	malign (SCA matrix)	1.0000	1.0000	1.0000	1.0000	ok
BDPA Romance	quattuor	Lombard(West)	Venetian	malign (SCA matrix)	1.0000	1.0000	1.0000	1.0000	ok
BDPA Romance	quattuor	Occitan	Venetian	malign (SCA matrix)	1.0000	1.0000	1.0000	1.0000	ok
BDPA Romance	quinque	French	Italian	malign (SCA matrix)	1.0000	1.0000	1.0000	1.0000	ok
BDPA Romance	quinque	French	Ladino	malign (SCA matrix)	1.0000	1.0000	1.0000	1.0000	ok
BDPA Romance	quinque	French	Ligurian	malign (SCA matrix)	1.0000	1.0000	1.0000	1.0000	ok
BDPA Romance	quinque	French	Lombard(East)	malign (SCA matrix)	1.0000	1.0000	1.0000	1.0000	ok
BDPA Romance	quinque	French	Lombard(West)	malign (SCA matrix)	1.0000	1.0000	1.0000	1.0000	ok
BDPA Romance	quinque	French	Occitan	malign (SCA matrix)	1.0000	1.0000	1.0000	1.0000	ok
BDPA Romance	quinque	French	Venetian	malign (SCA matrix)	1.0000	1.0000	1.0000	1.0000	ok
BDPA Romance	quinque	Italian	Ladino	malign (SCA matrix)	1.0000	1.0000	1.0000	1.0000	ok
BDPA Romance	quinque	Italian	Ligurian	malign (SCA matrix)	1.0000	1.0000	1.0000	1.0000	ok
BDPA Romance	quinque	Italian	Lombard(East)	malign (SCA matrix)	1.0000	1.0000	1.0000	1.0000	ok
BDPA Romance	quinque	Italian	Lombard(West)	malign (SCA matrix)	1.0000	1.0000	1.0000	1.0000	ok
BDPA Romance	quinque	Italian	Occitan	malign (SCA matrix)	1.0000	1.0000	1.0000	1.0000	ok
BDPA Romance	quinque	Italian	Venetian	malign (SCA matrix)	1.0000	1.0000	1.0000	1.0000	ok
BDPA Romance	quinque	Ladino	Ligurian	malign (SCA matrix)	1.0000	1.0000	1.0000	1.0000	ok
BDPA Romance	quinque	Ladino	Lombard(East)	malign (SCA matrix)	1.0000	1.0000	1.0000	1.0000	ok
BDPA Romance	quinque	Ladino	Lombard(West)	malign (SCA matrix)	1.0000	1.0000	1.0000	1.0000	ok
BDPA Romance	quinque	Ladino	Occitan	malign (SCA matrix)	1.0000	1.0000	1.0000	1.0000	ok
BDPA Romance	quinque	Ladino	Venetian	malign (SCA matrix)	1.0000	1.0000	1.0000	1.0000	ok
BDPA Romance	quinque	Ligurian	Lombard(East)	malign (SCA matrix)	1.0000	1.0000	1.0000	1.0000	ok
BDPA Romance	quinque	Ligurian	Lombard(West)	malign (SCA matrix)	1.0000	1.0000	1.0000	1.0000	ok
BDPA Romance	quinque	Ligurian	Occitan	malign (SCA matrix)	1.0000	1.0000	1.0000	1.0000	ok
BDPA Romance	quinque	Ligurian	Venetian	malign (SCA matrix)	1.0000	1.0000	1.0000	1.0000	ok
BDPA Romance	quinque	Lombard(East)	Lombard(West)	malign (SCA matrix)	1.0000	1.0000	1.0000	1.0000	ok
BDPA Romance	quinque	Lombard(East)	Occitan	malign (SCA matrix)	1.0000	1.0000	1.0000	1.0000	ok
BDPA Romance	quinque	Lombard(East)	Venetian	malign (SCA matrix)	1.0000	1.0000	1.0000	1.0000	ok
BDPA Romance	quinque	Lombard(West)	Occitan	malign (SCA matrix)	1.0000	1.0000	1.0000	1.0000	ok
BDPA Romance	quinque	Lombard(West)	Venetian	malign (SCA matrix)	1.0000	1.0000	1.0000	1.0000	ok
BDPA Romance	quinque	Occitan	Venetian	malign (SCA matrix)	1.0000	1.0000	1.0000	1.0000	ok
BDPA Romance	septem	French	Italian	malign (SCA matrix)	1.0000	1.0000	1.0000	1.0000	ok
BDPA Romance	septem	French	Ladino	malign (SCA matrix)	1.0000	1.0000	1.0000	1.0000	ok
BDPA Romance	septem	French	Ligurian	malign (SCA matrix)	1.0000	1.0000	1.0000	1.0000	ok
BDPA Romance	septem	French	Lombard(East)	malign (SCA matrix)	1.0000	1.0000	1.0000	1.0000	ok
BDPA Romance	septem	French	Lombard(West)	malign (SCA matrix)	1.0000	1.0000	1.0000	1.0000	ok
BDPA Romance	septem	French	Occitan	malign (SCA matrix)	1.0000	1.0000	1.0000	1.0000	ok
BDPA Romance	septem	French	Venetian	malign (SCA matrix)	1.0000	1.0000	1.0000	1.0000	ok
BDPA Romance	septem	Italian	Ladino	malign (SCA matrix)	1.0000	1.0000	1.0000	1.0000	ok
BDPA Romance	septem	Italian	Ligurian	malign (SCA matrix)	1.0000	1.0000	1.0000	1.0000	ok
BDPA Romance	septem	Italian	Lombard(East)	malign (SCA matrix)	1.0000	1.0000	1.0000	1.0000	ok
BDPA Romance	septem	Italian	Lombard(West)	malign (SCA matrix)	1.0000	1.0000	1.0000	1.0000	ok
BDPA Romance	septem	Italian	Occitan	malign (SCA matrix)	1.0000	1.0000	1.0000	1.0000	ok
BDPA Romance	septem	Italian	Venetian	malign (SCA matrix)	1.0000	1.0000	1.0000	1.0000	ok
BDPA Romance	septem	Ladino	Ligurian	malign (SCA matrix)	1.0000	1.0000	1.0000	1.0000	ok
BDPA Romance	septem	Ladino	Lombard(East)	malign (SCA matrix)	1.0000	1.0000	1.0000	1.0000	ok
BDPA Romance	septem	Ladino	Lombard(West)	malign (SCA matrix)	1.0000	1.0000	1.0000	1.0000	ok
BDPA Romance	septem	Ladino	Occitan	malign (SCA matrix)	1.0000	1.0000	1.0000	1.0000	ok
BDPA Romance	septem	Ladino	Venetian	malign (SCA matrix)	1.0000	1.0000	1.0000	1.0000	ok
BDPA Romance	septem	Ligurian	Lombard(East)	malign (SCA matrix)	1.0000	1.0000	1.0000	1.0000	ok
BDPA Romance	septem	Ligurian	Lombard(West)	malign (SCA matrix)	1.0000	1.0000	1.0000	1.0000	ok
BDPA Romance	septem	Ligurian	Occitan	malign (SCA matrix)	1.0000	1.0000	1.0000	1.0000	ok
BDPA Romance	septem	Ligurian	Venetian	malign (SCA matrix)	1.0000	1.0000	1.0000	1.0000	ok
BDPA Romance	septem	Lombard(East)	Lombard(West)	malign (SCA matrix)	1.0000	1.0000	1.0000	1.0000	ok
BDPA Romance	septem	Lombard(East)	Occitan	malign (SCA matrix)	1.0000	1.0000	1.0000	1.0000	ok
BDPA Romance	septem	Lombard(East)	Venetian	malign (SCA matrix)	1.0000	1.0000	1.0000	1.0000	ok
BDPA Romance	septem	Lombard(West)	Occitan	malign (SCA matrix)	1.0000	1.0000	1.0000	1.0000	ok
BDPA Romance	septem	Lombard(West)	Venetian	malign (SCA matrix)	1.0000	1.0000	1.0000	1.0000	ok
BDPA Romance	septem	Occitan	Venetian	malign (SCA matrix)	1.0000	1.0000	1.0000	1.0000	ok
BDPA Romance	sex	French	Italian	malign (SCA matrix)	1.0000	1.0000	1.0000	1.0000	ok
BDPA Romance	sex	French	Ladino	malign (SCA matrix)	1.0000	1.0000	1.0000	1.0000	ok
BDPA Romance	sex	French	Ligurian	malign (SCA matrix)	1.0000	1.0000	1.0000	1.0000	ok
BDPA Romance	sex	French	Lombard(East)	malign (SCA matrix)	1.0000	1.0000	1.0000	1.0000	ok
BDPA Romance	sex	French	Lombard(West)	malign (SCA matrix)	1.0000	1.0000	1.0000	1.0000	ok
BDPA Romance	sex	French	Occitan	malign (SCA matrix)	1.0000	1.0000	1.0000	1.0000	ok
BDPA Romance	sex	French	Venetian	malign (SCA matrix)	0.5000	0.5000	0.5000	0.5000	ok
BDPA Romance	sex	Italian	Ladino	malign (SCA matrix)	0.5000	0.5000	0.5000	0.5000	ok
BDPA Romance	sex	Italian	Ligurian	malign (SCA matrix)	1.0000	1.0000	1.0000	1.0000	ok
BDPA Romance	sex	Italian	Lombard(East)	malign (SCA matrix)	1.0000	1.0000	1.0000	1.0000	ok
BDPA Romance	sex	Italian	Lombard(West)	malign (SCA matrix)	1.0000	1.0000	1.0000	1.0000	ok
BDPA Romance	sex	Italian	Occitan	malign (SCA matrix)	1.0000	1.0000	1.0000	1.0000	ok
BDPA Romance	sex	Italian	Venetian	malign (SCA matrix)	0.3333	0.3333	0.3333	0.3333	ok
BDPA Romance	sex	Ladino	Ligurian	malign (SCA matrix)	0.5000	0.5000	0.5000	0.5000	ok
BDPA Romance	sex	Ladino	Lombard(East)	malign (SCA matrix)	0.5000	0.5000	0.5000	0.5000	ok
BDPA Romance	sex	Ladino	Lombard(West)	malign (SCA matrix)	0.5000	0.5000	0.5000	0.5000	ok
BDPA Romance	sex	Ladino	Occitan	malign (SCA matrix)	0.5000	0.5000	0.5000	0.5000	ok
BDPA Romance	sex	Ladino	Venetian	malign (SCA matrix)	1.0000	1.0000	1.0000	1.0000	ok
BDPA Romance	sex	Ligurian	Lombard(East)	malign (SCA matrix)	1.0000	1.0000	1.0000	1.0000	ok
BDPA Romance	sex	Ligurian	Lombard(West)	malign (SCA matrix)	1.0000	1.0000	1.0000	1.0000	ok
BDPA Romance	sex	Ligurian	Occitan	malign (SCA matrix)	1.0000	1.0000	1.0000	1.0000	ok
BDPA Romance	sex	Ligurian	Venetian	malign (SCA matrix)	0.3333	0.3333	0.3333	0.3333	ok
BDPA Romance	sex	Lombard(East)	Lombard(West)	malign (SCA matrix)	1.0000	1.0000	1.0000	1.0000	ok
BDPA Romance	sex	Lombard(East)	Occitan	malign (SCA matrix)	1.0000	1.0000	1.0000	1.0000	ok
BDPA Romance	sex	Lombard(East)	Venetian	malign (SCA matrix)	0.5000	0.5000	0.5000	0.5000	ok
BDPA Romance	sex	Lombard(West)	Occitan	malign (SCA matrix)	1.0000	1.0000	1.0000	1.0000	ok
BDPA Romance	sex	Lombard(West)	Venetian	malign (SCA matrix)	0.5000	0.5000	0.5000	0.5000	ok
BDPA Romance	sex	Occitan	Venetian	malign (SCA matrix)	0.3333	0.3333	0.3333	0.3333	ok
BDPA Romance	terram	French	Italian	malign (SCA matrix)	1.0000	1.0000	1.0000	1.0000	ok
BDPA Romance	terram	French	Ladino	malign (SCA matrix)	1.0000	1.0000	1.0000	1.0000	ok
BDPA Romance	terram	French	Ligurian	malign (SCA matrix)	1.0000	1.0000	1.0000	1.0000	ok
BDPA Romance	terram	French	Lombard(East)	malign (SCA matrix)	1.0000	1.0000	1.0000	1.0000	ok
BDPA Romance	terram	French	Lombard(West)	malign (SCA matrix)	1.0000	1.0000	1.0000	1.0000	ok
BDPA Romance	terram	French	Occitan	malign (SCA matrix)	1.0000	1.0000	1.0000	1.0000	ok
BDPA Romance	terram	French	Venetian	malign (SCA matrix)	1.0000	1.0000	1.0000	1.0000	ok
BDPA Romance	terram	Italian	Ladino	malign (SCA matrix)	1.0000	1.0000	1.0000	1.0000	ok
BDPA Romance	terram	Italian	Ligurian	malign (SCA matrix)	1.0000	1.0000	1.0000	1.0000	ok
BDPA Romance	terram	Italian	Lombard(East)	malign (SCA matrix)	1.0000	1.0000	1.0000	1.0000	ok
BDPA Romance	terram	Italian	Lombard(West)	malign (SCA matrix)	1.0000	1.0000	1.0000	1.0000	ok
BDPA Romance	terram	Italian	Occitan	malign (SCA matrix)	1.0000	1.0000	1.0000	1.0000	ok
BDPA Romance	terram	Italian	Venetian	malign (SCA matrix)	1.0000	1.0000	1.0000	1.0000	ok
BDPA Romance	terram	Ladino	Ligurian	malign (SCA matrix)	1.0000	1.0000	1.0000	1.0000	ok
BDPA Romance	terram	Ladino	Lombard(East)	malign (SCA matrix)	1.0000	1.0000	1.0000	1.0000	ok
BDPA Romance	terram	Ladino	Lombard(West)	malign (SCA matrix)	1.0000	1.0000	1.0000	1.0000	ok
BDPA Romance	terram	Ladino	Occitan	malign (SCA matrix)	1.0000	1.0000	1.0000	1.0000	ok
BDPA Romance	terram	Ladino	Venetian	malign (SCA matrix)	1.0000	1.0000	1.0000	1.0000	ok
BDPA Romance	terram	Ligurian	Lombard(East)	malign (SCA matrix)	1.0000	1.0000	1.0000	1.0000	ok
BDPA Romance	terram	Ligurian	Lombard(West)	malign (SCA matrix)	1.0000	1.0000	1.0000	1.0000	ok
BDPA Romance	terram	Ligurian	Occitan	malign (SCA matrix)	1.0000	1.0000	1.0000	1.0000	ok
BDPA Romance	terram	Ligurian	Venetian	malign (SCA matrix)	1.0000	1.0000	1.0000	1.0000	ok
BDPA Romance	terram	Lombard(East)	Lombard(West)	malign (SCA matrix)	1.0000	1.0000	1.0000	1.0000	ok
BDPA Romance	terram	Lombard(East)	Occitan	malign (SCA matrix)	1.0000	1.0000	1.0000	1.0000	ok
BDPA Romance	terram	Lombard(East)	Venetian	malign (SCA matrix)	1.0000	1.0000	1.0000	1.0000	ok
BDPA Romance	terram	Lombard(West)	Occitan	malign (SCA matrix)	1.0000	1.0000	1.0000	1.0000	ok
BDPA Romance	terram	Lombard(West)	Venetian	malign (SCA matrix)	1.0000	1.0000	1.0000	1.0000	ok
BDPA Romance	terram	Occitan	Venetian	malign (SCA matrix)	1.0000	1.0000	1.0000	1.0000	ok
BDPA Romance	tres	French	Italian	malign (SCA matrix)	1.0000	1.0000	1.0000	1.0000	ok
BDPA Romance	tres	French	Ladino	malign (SCA matrix)	1.0000	1.0000	1.0000	1.0000	ok
BDPA Romance	tres	French	Ligurian	malign (SCA matrix)	1.0000	1.0000	1.0000	1.0000	ok
BDPA Romance	tres	French	Lombard(East)	malign (SCA matrix)	1.0000	1.0000	1.0000	1.0000	ok
BDPA Romance	tres	French	Lombard(West)	malign (SCA matrix)	1.0000	1.0000	1.0000	1.0000	ok
BDPA Romance	tres	French	Occitan	malign (SCA matrix)	1.0000	1.0000	1.0000	1.0000	ok
BDPA Romance	tres	French	Venetian	malign (SCA matrix)	1.0000	1.0000	1.0000	1.0000	ok
BDPA Romance	tres	Italian	Ladino	malign (SCA matrix)	1.0000	1.0000	1.0000	1.0000	ok
BDPA Romance	tres	Italian	Ligurian	malign (SCA matrix)	1.0000	1.0000	1.0000	1.0000	ok
BDPA Romance	tres	Italian	Lombard(East)	malign (SCA matrix)	1.0000	1.0000	1.0000	1.0000	ok
BDPA Romance	tres	Italian	Lombard(West)	malign (SCA matrix)	1.0000	1.0000	1.0000	1.0000	ok
BDPA Romance	tres	Italian	Occitan	malign (SCA matrix)	1.0000	1.0000	1.0000	1.0000	ok
BDPA Romance	tres	Italian	Venetian	malign (SCA matrix)	1.0000	1.0000	1.0000	1.0000	ok
BDPA Romance	tres	Ladino	Ligurian	malign (SCA matrix)	1.0000	1.0000	1.0000	1.0000	ok
BDPA Romance	tres	Ladino	Lombard(East)	malign (SCA matrix)	1.0000	1.0000	1.0000	1.0000	ok
BDPA Romance	tres	Ladino	Lombard(West)	malign (SCA matrix)	1.0000	1.0000	1.0000	1.0000	ok
BDPA Romance	tres	Ladino	Occitan	malign (SCA matrix)	1.0000	1.0000	1.0000	1.0000	ok
BDPA Romance	tres	Ladino	Venetian	malign (SCA matrix)	1.0000	1.0000	1.0000	1.0000	ok
BDPA Romance	tres	Ligurian	Lombard(East)	malign (SCA matrix)	1.0000	1.0000	1.0000	1.0000	ok
BDPA Romance	tres	Ligurian	Lombard(West)	malign (SCA matrix)	1.0000	1.0000	1.0000	1.0000	ok
BDPA Romance	tres	Ligurian	Occitan	malign (SCA matrix)	1.0000	1.0000	1.0000	1.0000	ok
BDPA Romance	tres	Ligurian	Venetian	malign (SCA matrix)	1.0000	1.0000	1.0000	1.0000	ok
BDPA Romance	tres	Lombard(East)	Lombard(West)	malign (SCA matrix)	1.0000	1.0000	1.0000	1.0000	ok
BDPA Romance	tres	Lombard(East)	Occitan	malign (SCA matrix)	1.0000	1.0000	1.0000	1.0000	ok
BDPA Romance	tres	Lombard(East)	Venetian	malign (SCA matrix)	1.0000	1.0000	1.0000	1.0000	ok
BDPA Romance	tres	Lombard(West)	Occitan	malign (SCA matrix)	1.0000	1.0000	1.0000	1.0000	ok
BDPA Romance	tres	Lombard(West)	Venetian	malign (SCA matrix)	1.0000	1.0000	1.0000	1.0000	ok
BDPA Romance	tres	Occitan	Venetian	malign (SCA matrix)	1.0000	1.0000	1.0000	1.0000	ok
BDPA Romance	ungulam	French	Italian	malign (SCA matrix)	1.0000	1.0000	1.0000	1.0000	ok
BDPA Romance	ungulam	French	Ladino	malign (SCA matrix)	0.6667	0.6667	0.6667	0.6667	ok
BDPA Romance	ungulam	French	Ligurian	malign (SCA matrix)					skipped
BDPA Romance	ungulam	French	Lombard(East)	malign (SCA matrix)					skipped
BDPA Romance	ungulam	French	Lombard(West)	malign (SCA matrix)					skipped
BDPA Romance	ungulam	French	Occitan	malign (SCA matrix)	1.0000	1.0000	1.0000	1.0000	ok
BDPA Romance	ungulam	French	Venetian	malign (SCA matrix)					skipped
BDPA Romance	ungulam	Italian	Ladino	malign (SCA matrix)	1.0000	1.0000	1.0000	1.0000	ok
BDPA Romance	ungulam	Italian	Ligurian	malign (SCA matrix)	1.0000	1.0000	1.0000	1.0000	ok
BDPA Romance	ungulam	Italian	Lombard(East)	malign (SCA matrix)	1.0000	1.0000	1.0000	1.0000	ok
BDPA Romance	ungulam	Italian	Lombard(West)	malign (SCA matrix)	1.0000	1.0000	1.0000	1.0000	ok
BDPA Romance	ungulam	Italian	Occitan	malign (SCA matrix)	1.0000	1.0000	1.0000	1.0000	ok
BDPA Romance	ungulam	Italian	Venetian	malign (SCA matrix)	1.0000	1.0000	1.0000	1.0000	ok
BDPA Romance	ungulam	Ladino	Ligurian	malign (SCA matrix)	1.0000	1.0000	1.0000	1.0000	ok
BDPA Romance	ungulam	Ladino	Lombard(East)	malign (SCA matrix)	1.0000	1.0000	1.0000	1.0000	ok
BDPA Romance	ungulam	Ladino	Lombard(West)	malign (SCA matrix)	1.0000	1.0000	1.0000	1.0000	ok
BDPA Romance	ungulam	Ladino	Occitan	malign (SCA matrix)	1.0000	1.0000	1.0000	1.0000	ok
BDPA Romance	ungulam	Ladino	Venetian	malign (SCA matrix)	1.0000	1.0000	1.0000	1.0000	ok
BDPA Romance	ungulam	Ligurian	Lombard(East)	malign (SCA matrix)	1.0000	1.0000	1.0000	1.0000	ok
BDPA Romance	ungulam	Ligurian	Lombard(West)	malign (SCA matrix)	1.0000	1.0000	1.0000	1.0000	ok
BDPA Romance	ungulam	Ligurian	Occitan	malign (SCA matrix)	1.0000	1.0000	1.0000	1.0000	ok
BDPA Romance	ungulam	Ligurian	Venetian	malign (SCA matrix)	1.0000	1.0000	1.0000	1.0000	ok
BDPA Romance	ungulam	Lombard(East)	Lombard(West)	malign (SCA matrix)	1.0000	1.0000	1.0000	1.0000	ok
BDPA Romance	ungulam	Lombard(East)	Occitan	malign (SCA matrix)	1.0000	1.0000	1.0000	1.0000	ok
BDPA Romance	ungulam	Lombard(East)	Venetian	malign (SCA matrix)	1.0000	1.0000	1.0000	1.0000	ok
BDPA Romance	ungulam	Lombard(West)	Occitan	malign (SCA matrix)	1.0000	1.0000	1.0000	1.0000	ok
BDPA Romance	ungulam	Lombard(West)	Venetian	malign (SCA matrix)	1.0000	1.0000	1.0000	1.0000	ok
BDPA Romance	ungulam	Occitan	Venetian	malign (SCA matrix)	1.0000	1.0000	1.0000	1.0000	ok
BDPA Romance	unum	French	Italian	malign (SCA matrix)	0.3333	0.3333	0.3333	0.3333	ok
BDPA Romance	unum	French	Ladino	malign (SCA matrix)	1.0000	1.0000	1.0000	1.0000	ok
BDPA Romance	unum	French	Ligurian	malign (SCA matrix)	1.0000	1.0000	1.0000	1.0000	ok
BDPA Romance	unum	French	Lombard(East)	malign (SCA matrix)	1.0000	1.0000	1.0000	1.0000	ok
BDPA Romance	unum	French	Lombard(West)	malign (SCA matrix)	1.0000	1.0000	1.0000	1.0000	ok
BDPA Romance	unum	French	Occitan	malign (SCA matrix)	1.0000	1.0000	1.0000	1.0000	ok
BDPA Romance	unum	French	Venetian	malign (SCA matrix)	0.3333	0.3333	0.3333	0.3333	ok
BDPA Romance	unum	Italian	Ladino	malign (SCA matrix)	1.0000	1.0000	1.0000	1.0000	ok
BDPA Romance	unum	Italian	Ligurian	malign (SCA matrix)	1.0000	1.0000	1.0000	1.0000	ok
BDPA Romance	unum	Italian	Lombard(East)	malign (SCA matrix)					skipped
BDPA Romance	unum	Italian	Lombard(West)	malign (SCA matrix)					skipped
BDPA Romance	unum	Italian	Occitan	malign (SCA matrix)	1.0000	1.0000	1.0000	1.0000	ok
BDPA Romance	unum	Italian	Venetian	malign (SCA matrix)	1.0000	1.0000	1.0000	1.0000	ok
BDPA Romance	unum	Ladino	Ligurian	malign (SCA matrix)	1.0000	1.0000	1.0000	1.0000	ok
BDPA Romance	unum	Ladino	Lombard(East)	malign (SCA matrix)	1.0000	1.0000	1.0000	1.0000	ok
BDPA Romance	unum	Ladino	Lombard(West)	malign (SCA matrix)	1.0000	1.0000	1.0000	1.0000	ok
BDPA Romance	unum	Ladino	Occitan	malign (SCA matrix)	1.0000	1.0000	1.0000	1.0000	ok
BDPA Romance	unum	Ladino	Venetian	malign (SCA matrix)	1.0000	1.0000	1.0000	1.0000	ok
BDPA Romance	unum	Ligurian	Lombard(East)	malign (SCA matrix)	1.0000	1.0000	1.0000	1.0000	ok
BDPA Romance	unum	Ligurian	Lombard(West)	malign (SCA matrix)	1.0000	1.0000	1.0000	1.0000	ok
BDPA Romance	unum	Ligurian	Occitan	malign (SCA matrix)	1.0000	1.0000	1.0000	1.0000	ok
BDPA Romance	unum	Ligurian	Venetian	malign (SCA matrix)	1.0000	1.0000	1.0000	1.0000	ok
BDPA Romance	unum	Lombard(East)	Lombard(West)	malign (SCA matrix)	1.0000	1.0000	1.0000	1.0000	ok
BDPA Romance	unum	Lombard(East)	Occitan	malign (SCA matrix)	1.0000	1.0000	1.0000	1.0000	ok
BDPA Romance	unum	Lombard(East)	Venetian	malign (SCA matrix)					skipped
BDPA Romance	unum	Lombard(West)	Occitan	malign (SCA matrix)	1.0000	1.0000	1.0000	1.0000	ok
BDPA Romance	unum	Lombard(West)	Venetian	malign (SCA matrix)					skipped
BDPA Romance	unum	Occitan	Venetian	malign (SCA matrix)	1.0000	1.0000	1.0000	1.0000	ok
BDPA Romance	aquam	French	Italian	malign (SCA+boot)	0.5000	0.5000	0.5000	0.5000	ok
BDPA Romance	aquam	French	Ladino	malign (SCA+boot)	0.5000	0.5000	0.5000	0.5000	ok
BDPA Romance	aquam	French	Ligurian	malign (SCA+boot)	0.5000	0.5000	0.5000	0.5000	ok
BDPA Romance	aquam	French	Lombard(East)	malign (SCA+boot)	0.5000	0.5000	0.5000	0.5000	ok
BDPA Romance	aquam	French	Lombard(West)	malign (SCA+boot)	0.5000	0.5000	0.5000	0.5000	ok
BDPA Romance	aquam	French	Occitan	malign (SCA+boot)	1.0000	1.0000	1.0000	1.0000	ok
BDPA Romance	aquam	French	Venetian	malign (SCA+boot)	1.0000	1.0000	1.0000	1.0000	ok
BDPA Romance	aquam	Italian	Ladino	malign (SCA+boot)	1.0000	1.0000	1.0000	1.0000	ok
BDPA Romance	aquam	Italian	Ligurian	malign (SCA+boot)	1.0000	1.0000	1.0000	1.0000	ok
BDPA Romance	aquam	Italian	Lombard(East)	malign (SCA+boot)	1.0000	1.0000	1.0000	1.0000	ok
BDPA Romance	aquam	Italian	Lombard(West)	malign (SCA+boot)	1.0000	1.0000	1.0000	1.0000	ok
BDPA Romance	aquam	Italian	Occitan	malign (SCA+boot)	1.0000	1.0000	1.0000	1.0000	ok
BDPA Romance	aquam	Italian	Venetian	malign (SCA+boot)	1.0000	1.0000	1.0000	1.0000	ok
BDPA Romance	aquam	Ladino	Ligurian	malign (SCA+boot)	1.0000	1.0000	1.0000	1.0000	ok
BDPA Romance	aquam	Ladino	Lombard(East)	malign (SCA+boot)	1.0000	1.0000	1.0000	1.0000	ok
BDPA Romance	aquam	Ladino	Lombard(West)	malign (SCA+boot)	1.0000	1.0000	1.0000	1.0000	ok
BDPA Romance	aquam	Ladino	Occitan	malign (SCA+boot)	1.0000	1.0000	1.0000	1.0000	ok
BDPA Romance	aquam	Ladino	Venetian	malign (SCA+boot)	1.0000	1.0000	1.0000	1.0000	ok
BDPA Romance	aquam	Ligurian	Lombard(East)	malign (SCA+boot)	1.0000	1.0000	1.0000	1.0000	ok
BDPA Romance	aquam	Ligurian	Lombard(West)	malign (SCA+boot)	1.0000	1.0000	1.0000	1.0000	ok
BDPA Romance	aquam	Ligurian	Occitan	malign (SCA+boot)	1.0000	1.0000	1.0000	1.0000	ok
BDPA Romance	aquam	Ligurian	Venetian	malign (SCA+boot)	1.0000	1.0000	1.0000	1.0000	ok
BDPA Romance	aquam	Lombard(East)	Lombard(West)	malign (SCA+boot)	1.0000	1.0000	1.0000	1.0000	ok
BDPA Romance	aquam	Lombard(East)	Occitan	malign (SCA+boot)	1.0000	1.0000	1.0000	1.0000	ok
BDPA Romance	aquam	Lombard(East)	Venetian	malign (SCA+boot)	1.0000	1.0000	1.0000	1.0000	ok
BDPA Romance	aquam	Lombard(West)	Occitan	malign (SCA+boot)	1.0000	1.0000	1.0000	1.0000	ok
BDPA Romance	aquam	Lombard(West)	Venetian	malign (SCA+boot)	1.0000	1.0000	1.0000	1.0000	ok
BDPA Romance	aquam	Occitan	Venetian	malign (SCA+boot)	1.0000	1.0000	1.0000	1.0000	ok
BDPA Romance	auriculam	French	Italian	malign (SCA+boot)	1.0000	1.0000	1.0000	1.0000	ok
BDPA Romance	auriculam	French	Ladino	malign (SCA+boot)	1.0000	1.0000	1.0000	1.0000	ok
BDPA Romance	auriculam	French	Ligurian	malign (SCA+boot)					skipped
BDPA Romance	auriculam	French	Lombard(East)	malign (SCA+boot)	1.0000	1.0000	1.0000	1.0000	ok
BDPA Romance	auriculam	French	Lombard(West)	malign (SCA+boot)	1.0000	1.0000	1.0000	1.0000	ok
BDPA Romance	auriculam	French	Occitan	malign (SCA+boot)	1.0000	1.0000	1.0000	1.0000	ok
BDPA Romance	auriculam	French	Venetian	malign (SCA+boot)	1.0000	1.0000	1.0000	1.0000	ok
BDPA Romance	auriculam	Italian	Ladino	malign (SCA+boot)	1.0000	1.0000	1.0000	1.0000	ok
BDPA Romance	auriculam	Italian	Ligurian	malign (SCA+boot)	1.0000	1.0000	1.0000	1.0000	ok
BDPA Romance	auriculam	Italian	Lombard(East)	malign (SCA+boot)	1.0000	1.0000	1.0000	1.0000	ok
BDPA Romance	auriculam	Italian	Lombard(West)	malign (SCA+boot)	1.0000	1.0000	1.0000	1.0000	ok
BDPA Romance	auriculam	Italian	Occitan	malign (SCA+boot)	0.6667	0.6667	0.6667	0.6667	ok
BDPA Romance	auriculam	Italian	Venetian	malign (SCA+boot)	1.0000	1.0000	1.0000	1.0000	ok
BDPA Romance	auriculam	Ladino	Ligurian	malign (SCA+boot)	0.7143	0.7143	0.7143	0.7143	ok
BDPA Romance	auriculam	Ladino	Lombard(East)	malign (SCA+boot)	1.0000	1.0000	1.0000	1.0000	ok
BDPA Romance	auriculam	Ladino	Lombard(West)	malign (SCA+boot)	1.0000	1.0000	1.0000	1.0000	ok
BDPA Romance	auriculam	Ladino	Occitan	malign (SCA+boot)	1.0000	1.0000	1.0000	1.0000	ok
BDPA Romance	auriculam	Ladino	Venetian	malign (SCA+boot)	1.0000	1.0000	1.0000	1.0000	ok
BDPA Romance	auriculam	Ligurian	Lombard(East)	malign (SCA+boot)	1.0000	1.0000	1.0000	1.0000	ok
BDPA Romance	auriculam	Ligurian	Lombard(West)	malign (SCA+boot)	1.0000	1.0000	1.0000	1.0000	ok
BDPA Romance	auriculam	Ligurian	Occitan	malign (SCA+boot)					skipped
BDPA Romance	auriculam	Ligurian	Venetian	malign (SCA+boot)	1.0000	1.0000	1.0000	1.0000	ok
BDPA Romance	auriculam	Lombard(East)	Lombard(West)	malign (SCA+boot)	1.0000	1.0000	1.0000	1.0000	ok
BDPA Romance	auriculam	Lombard(East)	Occitan	malign (SCA+boot)					skipped
BDPA Romance	auriculam	Lombard(East)	Venetian	malign (SCA+boot)	1.0000	1.0000	1.0000	1.0000	ok
BDPA Romance	auriculam	Lombard(West)	Occitan	malign (SCA+boot)					skipped
BDPA Romance	auriculam	Lombard(West)	Venetian	malign (SCA+boot)	1.0000	1.0000	1.0000	1.0000	ok
BDPA Romance	auriculam	Occitan	Venetian	malign (SCA+boot)					skipped
BDPA Romance	bestiam	French	Italian	malign (SCA+boot)	1.0000	1.0000	1.0000	1.0000	ok
BDPA Romance	bestiam	French	Ladino	malign (SCA+boot)					skipped
BDPA Romance	bestiam	French	Ligurian	malign (SCA+boot)	1.0000	1.0000	1.0000	1.0000	ok
BDPA Romance	bestiam	French	Lombard(East)	malign (SCA+boot)	1.0000	1.0000	1.0000	1.0000	ok
BDPA Romance	bestiam	French	Lombard(West)	malign (SCA+boot)	1.0000	1.0000	1.0000	1.0000	ok
BDPA Romance	bestiam	French	Occitan	malign (SCA+boot)	1.0000	1.0000	1.0000	1.0000	ok
BDPA Romance	bestiam	French	Venetian	malign (SCA+boot)	1.0000	1.0000	1.0000	1.0000	ok
BDPA Romance	bestiam	Italian	Ladino	malign (SCA+boot)	1.0000	1.0000	1.0000	1.0000	ok
BDPA Romance	bestiam	Italian	Ligurian	malign (SCA+boot)	1.0000	1.0000	1.0000	1.0000	ok
BDPA Romance	bestiam	Italian	Lombard(East)	malign (SCA+boot)	1.0000	1.0000	1.0000	1.0000	ok
BDPA Romance	bestiam	Italian	Lombard(West)	malign (SCA+boot)	1.0000	1.0000	1.0000	1.0000	ok
BDPA Romance	bestiam	Italian	Occitan	malign (SCA+boot)	1.0000	1.0000	1.0000	1.0000	ok
BDPA Romance	bestiam	Italian	Venetian	malign (SCA+boot)	1.0000	1.0000	1.0000	1.0000	ok
BDPA Romance	bestiam	Ladino	Ligurian	malign (SCA+boot)	1.0000	1.0000	1.0000	1.0000	ok
BDPA Romance	bestiam	Ladino	Lombard(East)	malign (SCA+boot)	1.0000	1.0000	1.0000	1.0000	ok
BDPA Romance	bestiam	Ladino	Lombard(West)	malign (SCA+boot)	1.0000	1.0000	1.0000	1.0000	ok
BDPA Romance	bestiam	Ladino	Occitan	malign (SCA+boot)	1.0000	1.0000	1.0000	1.0000	ok
BDPA Romance	bestiam	Ladino	Venetian	malign (SCA+boot)	1.0000	1.0000	1.0000	1.0000	ok
BDPA Romance	bestiam	Ligurian	Lombard(East)	malign (SCA+boot)	1.0000	1.0000	1.0000	1.0000	ok
BDPA Romance	bestiam	Ligurian	Lombard(West)	malign (SCA+boot)	1.0000	1.0000	1.0000	1.0000	ok
BDPA Romance	bestiam	Ligurian	Occitan	malign (SCA+boot)	1.0000	1.0000	1.0000	1.0000	ok
BDPA Romance	bestiam	Ligurian	Venetian	malign (SCA+boot)	1.0000	1.0000	1.0000	1.0000	ok
BDPA Romance	bestiam	Lombard(East)	Lombard(West)	malign (SCA+boot)	1.0000	1.0000	1.0000	1.0000	ok
BDPA Romance	bestiam	Lombard(East)	Occitan	malign (SCA+boot)	1.0000	1.0000	1.0000	1.0000	ok
BDPA Romance	bestiam	Lombard(East)	Venetian	malign (SCA+boot)	1.0000	1.0000	1.0000	1.0000	ok
BDPA Romance	bestiam	Lombard(West)	Occitan	malign (SCA+boot)	1.0000	1.0000	1.0000	1.0000	ok
BDPA Romance	bestiam	Lombard(West)	Venetian	malign (SCA+boot)	1.0000	1.0000	1.0000	1.0000	ok
BDPA Romance	bestiam	Occitan	Venetian	malign (SCA+boot)	1.0000	1.0000	1.0000	1.0000	ok
BDPA Romance	bracchium	French	Italian	malign (SCA+boot)	1.0000	1.0000	1.0000	1.0000	ok
BDPA Romance	bracchium	French	Ladino	malign (SCA+boot)	1.0000	1.0000	1.0000	1.0000	ok
BDPA Romance	bracchium	French	Ligurian	malign (SCA+boot)	1.0000	1.0000	1.0000	1.0000	ok
BDPA Romance	bracchium	French	Lombard(East)	malign (SCA+boot)	1.0000	1.0000	1.0000	1.0000	ok
BDPA Romance	bracchium	French	Lombard(West)	malign (SCA+boot)	1.0000	1.0000	1.0000	1.0000	ok
BDPA Romance	bracchium	French	Occitan	malign (SCA+boot)	1.0000	1.0000	1.0000	1.0000	ok
BDPA Romance	bracchium	French	Venetian	malign (SCA+boot)	1.0000	1.0000	1.0000	1.0000	ok
BDPA Romance	bracchium	Italian	Ladino	malign (SCA+boot)	1.0000	1.0000	1.0000	1.0000	ok
BDPA Romance	bracchium	Italian	Ligurian	malign (SCA+boot)	1.0000	1.0000	1.0000	1.0000	ok
BDPA Romance	bracchium	Italian	Lombard(East)	malign (SCA+boot)	1.0000	1.0000	1.0000	1.0000	ok
BDPA Romance	bracchium	Italian	Lombard(West)	malign (SCA+boot)	1.0000	1.0000	1.0000	1.0000	ok
BDPA Romance	bracchium	Italian	Occitan	malign (SCA+boot)	1.0000	1.0000	1.0000	1.0000	ok
BDPA Romance	bracchium	Italian	Venetian	malign (SCA+boot)	1.0000	1.0000	1.0000	1.0000	ok
BDPA Romance	bracchium	Ladino	Ligurian	malign (SCA+boot)	1.0000	1.0000	1.0000	1.0000	ok
BDPA Romance	bracchium	Ladino	Lombard(East)	malign (SCA+boot)	1.0000	1.0000	1.0000	1.0000	ok
BDPA Romance	bracchium	Ladino	Lombard(West)	malign (SCA+boot)	1.0000	1.0000	1.0000	1.0000	ok
BDPA Romance	bracchium	Ladino	Occitan	malign (SCA+boot)	1.0000	1.0000	1.0000	1.0000	ok
BDPA Romance	bracchium	Ladino	Venetian	malign (SCA+boot)	1.0000	1.0000	1.0000	1.0000	ok
BDPA Romance	bracchium	Ligurian	Lombard(East)	malign (SCA+boot)	1.0000	1.0000	1.0000	1.0000	ok
BDPA Romance	bracchium	Ligurian	Lombard(West)	malign (SCA+boot)	1.0000	1.0000	1.0000	1.0000	ok
BDPA Romance	bracchium	Ligurian	Occitan	malign (SCA+boot)	1.0000	1.0000	1.0000	1.0000	ok
BDPA Romance	bracchium	Ligurian	Venetian	malign (SCA+boot)	1.0000	1.0000	1.0000	1.0000	ok
BDPA Romance	bracchium	Lombard(East)	Lombard(West)	malign (SCA+boot)	1.0000	1.0000	1.0000	1.0000	ok
BDPA Romance	bracchium	Lombard(East)	Occitan	malign (SCA+boot)	1.0000	1.0000	1.0000	1.0000	ok
BDPA Romance	bracchium	Lombard(East)	Venetian	malign (SCA+boot)	1.0000	1.0000	1.0000	1.0000	ok
BDPA Romance	bracchium	Lombard(West)	Occitan	malign (SCA+boot)	1.0000	1.0000	1.0000	1.0000	ok
BDPA Romance	bracchium	Lombard(West)	Venetian	malign (SCA+boot)	1.0000	1.0000	1.0000	1.0000	ok
BDPA Romance	bracchium	Occitan	Venetian	malign (SCA+boot)	1.0000	1.0000	1.0000	1.0000	ok
BDPA Romance	caelum	French	Italian	malign (SCA+boot)	1.0000	1.0000	1.0000	1.0000	ok
BDPA Romance	caelum	French	Ladino	malign (SCA+boot)	1.0000	1.0000	1.0000	1.0000	ok
BDPA Romance	caelum	French	Ligurian	malign (SCA+boot)	1.0000	1.0000	1.0000	1.0000	ok
BDPA Romance	caelum	French	Lombard(East)	malign (SCA+boot)	1.0000	1.0000	1.0000	1.0000	ok
BDPA Romance	caelum	French	Lombard(West)	malign (SCA+boot)	1.0000	1.0000	1.0000	1.0000	ok
BDPA Romance	caelum	French	Occitan	malign (SCA+boot)	1.0000	1.0000	1.0000	1.0000	ok
BDPA Romance	caelum	French	Venetian	malign (SCA+boot)					skipped
BDPA Romance	caelum	Italian	Ladino	malign (SCA+boot)	1.0000	1.0000	1.0000	1.0000	ok
BDPA Romance	caelum	Italian	Ligurian	malign (SCA+boot)	1.0000	1.0000	1.0000	1.0000	ok
BDPA Romance	caelum	Italian	Lombard(East)	malign (SCA+boot)	1.0000	1.0000	1.0000	1.0000	ok
BDPA Romance	caelum	Italian	Lombard(West)	malign (SCA+boot)	1.0000	1.0000	1.0000	1.0000	ok
BDPA Romance	caelum	Italian	Occitan	malign (SCA+boot)	1.0000	1.0000	1.0000	1.0000	ok
BDPA Romance	caelum	Italian	Venetian	malign (SCA+boot)	1.0000	1.0000	1.0000	1.0000	ok
BDPA Romance	caelum	Ladino	Ligurian	malign (SCA+boot)	1.0000	1.0000	1.0000	1.0000	ok
BDPA Romance	caelum	Ladino	Lombard(East)	malign (SCA+boot)	1.0000	1.0000	1.0000	1.0000	ok
BDPA Romance	caelum	Ladino	Lombard(West)	malign (SCA+boot)	1.0000	1.0000	1.0000	1.0000	ok
BDPA Romance	caelum	Ladino	Occitan	malign (SCA+boot)	1.0000	1.0000	1.0000	1.0000	ok
BDPA Romance	caelum	Ladino	Venetian	malign (SCA+boot)					skipped
BDPA Romance	caelum	Ligurian	Lombard(East)	malign (SCA+boot)	1.0000	1.0000	1.0000	1.0000	ok
BDPA Romance	caelum	Ligurian	Lombard(West)	malign (SCA+boot)	1.0000	1.0000	1.0000	1.0000	ok
BDPA Romance	caelum	Ligurian	Occitan	malign (SCA+boot)	1.0000	1.0000	1.0000	1.0000	ok
BDPA Romance	caelum	Ligurian	Venetian	malign (SCA+boot)	1.0000	1.0000	1.0000	1.0000	ok
BDPA Romance	caelum	Lombard(East)	Lombard(West)	malign (SCA+boot)	1.0000	1.0000	1.0000	1.0000	ok
BDPA Romance	caelum	Lombard(East)	Occitan	malign (SCA+boot)	1.0000	1.0000	1.0000	1.0000	ok
BDPA Romance	caelum	Lombard(East)	Venetian	malign (SCA+boot)					skipped
BDPA Romance	caelum	Lombard(West)	Occitan	malign (SCA+boot)	1.0000	1.0000	1.0000	1.0000	ok
BDPA Romance	caelum	Lombard(West)	Venetian	malign (SCA+boot)					skipped
BDPA Romance	caelum	Occitan	Venetian	malign (SCA+boot)					skipped
BDPA Romance	capram	French	Italian	malign (SCA+boot)	1.0000	1.0000	1.0000	1.0000	ok
BDPA Romance	capram	French	Ladino	malign (SCA+boot)	1.0000	1.0000	1.0000	1.0000	ok
BDPA Romance	capram	French	Ligurian	malign (SCA+boot)					skipped
BDPA Romance	capram	French	Lombard(East)	malign (SCA+boot)	1.0000	1.0000	1.0000	1.0000	ok
BDPA Romance	capram	French	Lombard(West)	malign (SCA+boot)	0.6667	0.6667	0.6667	0.6667	ok
BDPA Romance	capram	French	Occitan	malign (SCA+boot)	1.0000	1.0000	1.0000	1.0000	ok
BDPA Romance	capram	French	Venetian	malign (SCA+boot)	1.0000	1.0000	1.0000	1.0000	ok
BDPA Romance	capram	Italian	Ladino	malign (SCA+boot)	1.0000	1.0000	1.0000	1.0000	ok
BDPA Romance	capram	Italian	Ligurian	malign (SCA+boot)	1.0000	1.0000	1.0000	1.0000	ok
BDPA Romance	capram	Italian	Lombard(East)	malign (SCA+boot)	1.0000	1.0000	1.0000	1.0000	ok
BDPA Romance	capram	Italian	Lombard(West)	malign (SCA+boot)	1.0000	1.0000	1.0000	1.0000	ok
BDPA Romance	capram	Italian	Occitan	malign (SCA+boot)	1.0000	1.0000	1.0000	1.0000	ok
BDPA Romance	capram	Italian	Venetian	malign (SCA+boot)	1.0000	1.0000	1.0000	1.0000	ok
BDPA Romance	capram	Ladino	Ligurian	malign (SCA+boot)					skipped
BDPA Romance	capram	Ladino	Lombard(East)	malign (SCA+boot)	1.0000	1.0000	1.0000	1.0000	ok
BDPA Romance	capram	Ladino	Lombard(West)	malign (SCA+boot)	1.0000	1.0000	1.0000	1.0000	ok
BDPA Romance	capram	Ladino	Occitan	malign (SCA+boot)	1.0000	1.0000	1.0000	1.0000	ok
BDPA Romance	capram	Ladino	Venetian	malign (SCA+boot)	1.0000	1.0000	1.0000	1.0000	ok
BDPA Romance	capram	Ligurian	Lombard(East)	malign (SCA+boot)	1.0000	1.0000	1.0000	1.0000	ok
BDPA Romance	capram	Ligurian	Lombard(West)	malign (SCA+boot)	1.0000	1.0000	1.0000	1.0000	ok
BDPA Romance	capram	Ligurian	Occitan	malign (SCA+boot)	1.0000	1.0000	1.0000	1.0000	ok
BDPA Romance	capram	Ligurian	Venetian	malign (SCA+boot)	1.0000	1.0000	1.0000	1.0000	ok
BDPA Romance	capram	Lombard(East)	Lombard(West)	malign (SCA+boot)	1.0000	1.0000	1.0000	1.0000	ok
BDPA Romance	capram	Lombard(East)	Occitan	malign (SCA+boot)	1.0000	1.0000	1.0000	1.0000	ok
BDPA Romance	capram	Lombard(East)	Venetian	malign (SCA+boot)	1.0000	1.0000	1.0000	1.0000	ok
BDPA Romance	capram	Lombard(West)	Occitan	malign (SCA+boot)	1.0000	1.0000	1.0000	1.0000	ok
BDPA Romance	capram	Lombard(West)	Venetian	malign (SCA+boot)	1.0000	1.0000	1.0000	1.0000	ok
BDPA Romance	capram	Occitan	Venetian	malign (SCA+boot)	1.0000	1.0000	1.0000	1.0000	ok
BDPA Romance	cornu	French	Italian	malign (SCA+boot)	1.0000	1.0000	1.0000	1.0000	ok
BDPA Romance	cornu	French	Ladino	malign (SCA+boot)	1.0000	1.0000	1.0000	1.0000	ok
BDPA Romance	cornu	French	Ligurian	malign (SCA+boot)	1.0000	1.0000	1.0000	1.0000	ok
BDPA Romance	cornu	French	Lombard(East)	malign (SCA+boot)	1.0000	1.0000	1.0000	1.0000	ok
BDPA Romance	cornu	French	Lombard(West)	malign (SCA+boot)	1.0000	1.0000	1.0000	1.0000	ok
BDPA Romance	cornu	French	Occitan	malign (SCA+boot)	1.0000	1.0000	1.0000	1.0000	ok
BDPA Romance	cornu	French	Venetian	malign (SCA+boot)	1.0000	1.0000	1.0000	1.0000	ok
BDPA Romance	cornu	Italian	Ladino	malign (SCA+boot)	1.0000	1.0000	1.0000	1.0000	ok
BDPA Romance	cornu	Italian	Ligurian	malign (SCA+boot)	1.0000	1.0000	1.0000	1.0000	ok
BDPA Romance	cornu	Italian	Lombard(East)	malign (SCA+boot)	1.0000	1.0000	1.0000	1.0000	ok
BDPA Romance	cornu	Italian	Lombard(West)	malign (SCA+boot)	1.0000	1.0000	1.0000	1.0000	ok
BDPA Romance	cornu	Italian	Occitan	malign (SCA+boot)	1.0000	1.0000	1.0000	1.0000	ok
BDPA Romance	cornu	Italian	Venetian	malign (SCA+boot)	1.0000	1.0000	1.0000	1.0000	ok
BDPA Romance	cornu	Ladino	Ligurian	malign (SCA+boot)	1.0000	1.0000	1.0000	1.0000	ok
BDPA Romance	cornu	Ladino	Lombard(East)	malign (SCA+boot)	1.0000	1.0000	1.0000	1.0000	ok
BDPA Romance	cornu	Ladino	Lombard(West)	malign (SCA+boot)	1.0000	1.0000	1.0000	1.0000	ok
BDPA Romance	cornu	Ladino	Occitan	malign (SCA+boot)	1.0000	1.0000	1.0000	1.0000	ok
BDPA Romance	cornu	Ladino	Venetian	malign (SCA+boot)	1.0000	1.0000	1.0000	1.0000	ok
BDPA Romance	cornu	Ligurian	Lombard(East)	malign (SCA+boot)	1.0000	1.0000	1.0000	1.0000	ok
BDPA Romance	cornu	Ligurian	Lombard(West)	malign (SCA+boot)	1.0000	1.0000	1.0000	1.0000	ok
BDPA Romance	cornu	Ligurian	Occitan	malign (SCA+boot)	1.0000	1.0000	1.0000	1.0000	ok
BDPA Romance	cornu	Ligurian	Venetian	malign (SCA+boot)	1.0000	1.0000	1.0000	1.0000	ok
BDPA Romance	cornu	Lombard(East)	Lombard(West)	malign (SCA+boot)	1.0000	1.0000	1.0000	1.0000	ok
BDPA Romance	cornu	Lombard(East)	Occitan	malign (SCA+boot)	1.0000	1.0000	1.0000	1.0000	ok
BDPA Romance	cornu	Lombard(East)	Venetian	malign (SCA+boot)	1.0000	1.0000	1.0000	1.0000	ok
BDPA Romance	cornu	Lombard(West)	Occitan	malign (SCA+boot)	1.0000	1.0000	1.0000	1.0000	ok
BDPA Romance	cornu	Lombard(West)	Venetian	malign (SCA+boot)	1.0000	1.0000	1.0000	1.0000	ok
BDPA Romance	cornu	Occitan	Venetian	malign (SCA+boot)	1.0000	1.0000	1.0000	1.0000	ok
BDPA Romance	decem	French	Italian	malign (SCA+boot)	1.0000	1.0000	1.0000	1.0000	ok
BDPA Romance	decem	French	Ladino	malign (SCA+boot)	1.0000	1.0000	1.0000	1.0000	ok
BDPA Romance	decem	French	Ligurian	malign (SCA+boot)	1.0000	1.0000	1.0000	1.0000	ok
BDPA Romance	decem	French	Lombard(East)	malign (SCA+boot)	1.0000	1.0000	1.0000	1.0000	ok
BDPA Romance	decem	French	Lombard(West)	malign (SCA+boot)	1.0000	1.0000	1.0000	1.0000	ok
BDPA Romance	decem	French	Occitan	malign (SCA+boot)	1.0000	1.0000	1.0000	1.0000	ok
BDPA Romance	decem	French	Venetian	malign (SCA+boot)	1.0000	1.0000	1.0000	1.0000	ok
BDPA Romance	decem	Italian	Ladino	malign (SCA+boot)	1.0000	1.0000	1.0000	1.0000	ok
BDPA Romance	decem	Italian	Ligurian	malign (SCA+boot)	1.0000	1.0000	1.0000	1.0000	ok
BDPA Romance	decem	Italian	Lombard(East)	malign (SCA+boot)	1.0000	1.0000	1.0000	1.0000	ok
BDPA Romance	decem	Italian	Lombard(West)	malign (SCA+boot)	1.0000	1.0000	1.0000	1.0000	ok
BDPA Romance	decem	Italian	Occitan	malign (SCA+boot)	1.0000	1.0000	1.0000	1.0000	ok
BDPA Romance	decem	Italian	Venetian	malign (SCA+boot)	1.0000	1.0000	1.0000	1.0000	ok
BDPA Romance	decem	Ladino	Ligurian	malign (SCA+boot)	1.0000	1.0000	1.0000	1.0000	ok
BDPA Romance	decem	Ladino	Lombard(East)	malign (SCA+boot)	1.0000	1.0000	1.0000	1.0000	ok
BDPA Romance	decem	Ladino	Lombard(West)	malign (SCA+boot)	1.0000	1.0000	1.0000	1.0000	ok
BDPA Romance	decem	Ladino	Occitan	malign (SCA+boot)	1.0000	1.0000	1.0000	1.0000	ok
BDPA Romance	decem	Ladino	Venetian	malign (SCA+boot)	1.0000	1.0000	1.0000	1.0000	ok
BDPA Romance	decem	Ligurian	Lombard(East)	malign (SCA+boot)	1.0000	1.0000	1.0000	1.0000	ok
BDPA Romance	decem	Ligurian	Lombard(West)	malign (SCA+boot)	1.0000	1.0000	1.0000	1.0000	ok
BDPA Romance	decem	Ligurian	Occitan	malign (SCA+boot)	1.0000	1.0000	1.0000	1.0000	ok
BDPA Romance	decem	Ligurian	Venetian	malign (SCA+boot)	1.0000	1.0000	1.0000	1.0000	ok
BDPA Romance	decem	Lombard(East)	Lombard(West)	malign (SCA+boot)	1.0000	1.0000	1.0000	1.0000	ok
BDPA Romance	decem	Lombard(East)	Occitan	malign (SCA+boot)	1.0000	1.0000	1.0000	1.0000	ok
BDPA Romance	decem	Lombard(East)	Venetian	malign (SCA+boot)	1.0000	1.0000	1.0000	1.0000	ok
BDPA Romance	decem	Lombard(West)	Occitan	malign (SCA+boot)	1.0000	1.0000	1.0000	1.0000	ok
BDPA Romance	decem	Lombard(West)	Venetian	malign (SCA+boot)	1.0000	1.0000	1.0000	1.0000	ok
BDPA Romance	decem	Occitan	Venetian	malign (SCA+boot)	1.0000	1.0000	1.0000	1.0000	ok
BDPA Romance	dentem	French	Italian	malign (SCA+boot)	1.0000	1.0000	1.0000	1.0000	ok
BDPA Romance	dentem	French	Ladino	malign (SCA+boot)	1.0000	1.0000	1.0000	1.0000	ok
BDPA Romance	dentem	French	Ligurian	malign (SCA+boot)	1.0000	1.0000	1.0000	1.0000	ok
BDPA Romance	dentem	French	Lombard(East)	malign (SCA+boot)	1.0000	1.0000	1.0000	1.0000	ok
BDPA Romance	dentem	French	Lombard(West)	malign (SCA+boot)	1.0000	1.0000	1.0000	1.0000	ok
BDPA Romance	dentem	French	Occitan	malign (SCA+boot)	1.0000	1.0000	1.0000	1.0000	ok
BDPA Romance	dentem	French	Venetian	malign (SCA+boot)	1.0000	1.0000	1.0000	1.0000	ok
BDPA Romance	dentem	Italian	Ladino	malign (SCA+boot)	1.0000	1.0000	1.0000	1.0000	ok
BDPA Romance	dentem	Italian	Ligurian	malign (SCA+boot)	1.0000	1.0000	1.0000	1.0000	ok
BDPA Romance	dentem	Italian	Lombard(East)	malign (SCA+boot)	1.0000	1.0000	1.0000	1.0000	ok
BDPA Romance	dentem	Italian	Lombard(West)	malign (SCA+boot)	1.0000	1.0000	1.0000	1.0000	ok
BDPA Romance	dentem	Italian	Occitan	malign (SCA+boot)	1.0000	1.0000	1.0000	1.0000	ok
BDPA Romance	dentem	Italian	Venetian	malign (SCA+boot)	1.0000	1.0000	1.0000	1.0000	ok
BDPA Romance	dentem	Ladino	Ligurian	malign (SCA+boot)	1.0000	1.0000	1.0000	1.0000	ok
BDPA Romance	dentem	Ladino	Lombard(East)	malign (SCA+boot)	1.0000	1.0000	1.0000	1.0000	ok
BDPA Romance	dentem	Ladino	Lombard(West)	malign (SCA+boot)	1.0000	1.0000	1.0000	1.0000	ok
BDPA Romance	dentem	Ladino	Occitan	malign (SCA+boot)	1.0000	1.0000	1.0000	1.0000	ok
BDPA Romance	dentem	Ladino	Venetian	malign (SCA+boot)	1.0000	1.0000	1.0000	1.0000	ok
BDPA Romance	dentem	Ligurian	Lombard(East)	malign (SCA+boot)	1.0000	1.0000	1.0000	1.0000	ok
BDPA Romance	dentem	Ligurian	Lombard(West)	malign (SCA+boot)	1.0000	1.0000	1.0000	1.0000	ok
BDPA Romance	dentem	Ligurian	Occitan	malign (SCA+boot)	1.0000	1.0000	1.0000	1.0000	ok
BDPA Romance	dentem	Ligurian	Venetian	malign (SCA+boot)	1.0000	1.0000	1.0000	1.0000	ok
BDPA Romance	dentem	Lombard(East)	Lombard(West)	malign (SCA+boot)	1.0000	1.0000	1.0000	1.0000	ok
BDPA Romance	dentem	Lombard(East)	Occitan	malign (SCA+boot)	1.0000	1.0000	1.0000	1.0000	ok
BDPA Romance	dentem	Lombard(East)	Venetian	malign (SCA+boot)	1.0000	1.0000	1.0000	1.0000	ok
BDPA Romance	dentem	Lombard(West)	Occitan	malign (SCA+boot)	1.0000	1.0000	1.0000	1.0000	ok
BDPA Romance	dentem	Lombard(West)	Venetian	malign (SCA+boot)	1.0000	1.0000	1.0000	1.0000	ok
BDPA Romance	dentem	Occitan	Venetian	malign (SCA+boot)	1.0000	1.0000	1.0000	1.0000	ok
BDPA Romance	digitum	French	Italian	malign (SCA+boot)					skipped
BDPA Romance	digitum	French	Ladino	malign (SCA+boot)	1.0000	1.0000	1.0000	1.0000	ok
BDPA Romance	digitum	French	Ligurian	malign (SCA+boot)					skipped
BDPA Romance	digitum	French	Lombard(East)	malign (SCA+boot)	1.0000	1.0000	1.0000	1.0000	ok
BDPA Romance	digitum	French	Lombard(West)	malign (SCA+boot)	1.0000	1.0000	1.0000	1.0000	ok
BDPA Romance	digitum	French	Occitan	malign (SCA+boot)	1.0000	1.0000	1.0000	1.0000	ok
BDPA Romance	digitum	French	Venetian	malign (SCA+boot)					skipped
BDPA Romance	digitum	Italian	Ladino	malign (SCA+boot)	1.0000	1.0000	1.0000	1.0000	ok
BDPA Romance	digitum	Italian	Ligurian	malign (SCA+boot)	1.0000	1.0000	1.0000	1.0000	ok
BDPA Romance	digitum	Italian	Lombard(East)	malign (SCA+boot)	1.0000	1.0000	1.0000	1.0000	ok
BDPA Romance	digitum	Italian	Lombard(West)	malign (SCA+boot)	1.0000	1.0000	1.0000	1.0000	ok
BDPA Romance	digitum	Italian	Occitan	malign (SCA+boot)	1.0000	1.0000	1.0000	1.0000	ok
BDPA Romance	digitum	Italian	Venetian	malign (SCA+boot)	1.0000	1.0000	1.0000	1.0000	ok
BDPA Romance	digitum	Ladino	Ligurian	malign (SCA+boot)					skipped
BDPA Romance	digitum	Ladino	Lombard(East)	malign (SCA+boot)	1.0000	1.0000	1.0000	1.0000	ok
BDPA Romance	digitum	Ladino	Lombard(West)	malign (SCA+boot)	1.0000	1.0000	1.0000	1.0000	ok
BDPA Romance	digitum	Ladino	Occitan	malign (SCA+boot)	1.0000	1.0000	1.0000	1.0000	ok
BDPA Romance	digitum	Ladino	Venetian	malign (SCA+boot)					skipped
BDPA Romance	digitum	Ligurian	Lombard(East)	malign (SCA+boot)					skipped
BDPA Romance	digitum	Ligurian	Lombard(West)	malign (SCA+boot)					skipped
BDPA Romance	digitum	Ligurian	Occitan	malign (SCA+boot)	1.0000	1.0000	1.0000	1.0000	ok
BDPA Romance	digitum	Ligurian	Venetian	malign (SCA+boot)	1.0000	1.0000	1.0000	1.0000	ok
BDPA Romance	digitum	Lombard(East)	Lombard(West)	malign (SCA+boot)	1.0000	1.0000	1.0000	1.0000	ok
BDPA Romance	digitum	Lombard(East)	Occitan	malign (SCA+boot)	1.0000	1.0000	1.0000	1.0000	ok
BDPA Romance	digitum	Lombard(East)	Venetian	malign (SCA+boot)					skipped
BDPA Romance	digitum	Lombard(West)	Occitan	malign (SCA+boot)	1.0000	1.0000	1.0000	1.0000	ok
BDPA Romance	digitum	Lombard(West)	Venetian	malign (SCA+boot)					skipped
BDPA Romance	digitum	Occitan	Venetian	malign (SCA+boot)	1.0000	1.0000	1.0000	1.0000	ok
BDPA Romance	duo	French	Italian	malign (SCA+boot)	1.0000	1.0000	1.0000	1.0000	ok
BDPA Romance	duo	French	Ladino	malign (SCA+boot)	1.0000	1.0000	1.0000	1.0000	ok
BDPA Romance	duo	French	Ligurian	malign (SCA+boot)	1.0000	1.0000	1.0000	1.0000	ok
BDPA Romance	duo	French	Lombard(East)	malign (SCA+boot)	1.0000	1.0000	1.0000	1.0000	ok
BDPA Romance	duo	French	Lombard(West)	malign (SCA+boot)	1.0000	1.0000	1.0000	1.0000	ok
BDPA Romance	duo	French	Occitan	malign (SCA+boot)	1.0000	1.0000	1.0000	1.0000	ok
BDPA Romance	duo	French	Venetian	malign (SCA+boot)	1.0000	1.0000	1.0000	1.0000	ok
BDPA Romance	duo	Italian	Ladino	malign (SCA+boot)	1.0000	1.0000	1.0000	1.0000	ok
BDPA Romance	duo	Italian	Ligurian	malign (SCA+boot)	1.0000	1.0000	1.0000	1.0000	ok
BDPA Romance	duo	Italian	Lombard(East)	malign (SCA+boot)	1.0000	1.0000	1.0000	1.0000	ok
BDPA Romance	duo	Italian	Lombard(West)	malign (SCA+boot)	1.0000	1.0000	1.0000	1.0000	ok
BDPA Romance	duo	Italian	Occitan	malign (SCA+boot)	1.0000	1.0000	1.0000	1.0000	ok
BDPA Romance	duo	Italian	Venetian	malign (SCA+boot)	1.0000	1.0000	1.0000	1.0000	ok
BDPA Romance	duo	Ladino	Ligurian	malign (SCA+boot)	1.0000	1.0000	1.0000	1.0000	ok
BDPA Romance	duo	Ladino	Lombard(East)	malign (SCA+boot)	1.0000	1.0000	1.0000	1.0000	ok
BDPA Romance	duo	Ladino	Lombard(West)	malign (SCA+boot)	1.0000	1.0000	1.0000	1.0000	ok
BDPA Romance	duo	Ladino	Occitan	malign (SCA+boot)	1.0000	1.0000	1.0000	1.0000	ok
BDPA Romance	duo	Ladino	Venetian	malign (SCA+boot)	1.0000	1.0000	1.0000	1.0000	ok
BDPA Romance	duo	Ligurian	Lombard(East)	malign (SCA+boot)	1.0000	1.0000	1.0000	1.0000	ok
BDPA Romance	duo	Ligurian	Lombard(West)	malign (SCA+boot)	1.0000	1.0000	1.0000	1.0000	ok
BDPA Romance	duo	Ligurian	Occitan	malign (SCA+boot)	1.0000	1.0000	1.0000	1.0000	ok
BDPA Romance	duo	Ligurian	Venetian	malign (SCA+boot)	1.0000	1.0000	1.0000	1.0000	ok
BDPA Romance	duo	Lombard(East)	Lombard(West)	malign (SCA+boot)	1.0000	1.0000	1.0000	1.0000	ok
BDPA Romance	duo	Lombard(East)	Occitan	malign (SCA+boot)	1.0000	1.0000	1.0000	1.0000	ok
BDPA Romance	duo	Lombard(East)	Venetian	malign (SCA+boot)	1.0000	1.0000	1.0000	1.0000	ok
BDPA Romance	duo	Lombard(West)	Occitan	malign (SCA+boot)	1.0000	1.0000	1.0000	1.0000	ok
BDPA Romance	duo	Lombard(West)	Venetian	malign (SCA+boot)	1.0000	1.0000	1.0000	1.0000	ok
BDPA Romance	duo	Occitan	Venetian	malign (SCA+boot)	1.0000	1.0000	1.0000	1.0000	ok
BDPA Romance	lacrimam	French	Italian	malign (SCA+boot)	1.0000	1.0000	1.0000	1.0000	ok
BDPA Romance	lacrimam	French	Ladino	malign (SCA+boot)	1.0000	1.0000	1.0000	1.0000	ok
BDPA Romance	lacrimam	French	Ligurian	malign (SCA+boot)	1.0000	1.0000	1.0000	1.0000	ok
BDPA Romance	lacrimam	French	Lombard(East)	malign (SCA+boot)	1.0000	1.0000	1.0000	1.0000	ok
BDPA Romance	lacrimam	French	Lombard(West)	malign (SCA+boot)	1.0000	1.0000	1.0000	1.0000	ok
BDPA Romance	lacrimam	French	Occitan	malign (SCA+boot)					skipped
BDPA Romance	lacrimam	French	Venetian	malign (SCA+boot)	1.0000	1.0000	1.0000	1.0000	ok
BDPA Romance	lacrimam	Italian	Ladino	malign (SCA+boot)	1.0000	1.0000	1.0000	1.0000	ok
BDPA Romance	lacrimam	Italian	Ligurian	malign (SCA+boot)	1.0000	1.0000	1.0000	1.0000	ok
BDPA Romance	lacrimam	Italian	Lombard(East)	malign (SCA+boot)	1.0000	1.0000	1.0000	1.0000	ok
BDPA Romance	lacrimam	Italian	Lombard(West)	malign (SCA+boot)	1.0000	1.0000	1.0000	1.0000	ok
BDPA Romance	lacrimam	Italian	Occitan	malign (SCA+boot)	1.0000	1.0000	1.0000	1.0000	ok
BDPA Romance	lacrimam	Italian	Venetian	malign (SCA+boot)	1.0000	1.0000	1.0000	1.0000	ok
BDPA Romance	lacrimam	Ladino	Ligurian	malign (SCA+boot)	1.0000	1.0000	1.0000	1.0000	ok
BDPA Romance	lacrimam	Ladino	Lombard(East)	malign (SCA+boot)	1.0000	1.0000	1.0000	1.0000	ok
BDPA Romance	lacrimam	Ladino	Lombard(West)	malign (SCA+boot)	1.0000	1.0000	1.0000	1.0000	ok
BDPA Romance	lacrimam	Ladino	Occitan	malign (SCA+boot)	1.0000	1.0000	1.0000	1.0000	ok
BDPA Romance	lacrimam	Ladino	Venetian	malign (SCA+boot)	1.0000	1.0000	1.0000	1.0000	ok
BDPA Romance	lacrimam	Ligurian	Lombard(East)	malign (SCA+boot)	1.0000	1.0000	1.0000	1.0000	ok
BDPA Romance	lacrimam	Ligurian	Lombard(West)	malign (SCA+boot)	1.0000	1.0000	1.0000	1.0000	ok
BDPA Romance	lacrimam	Ligurian	Occitan	malign (SCA+boot)	1.0000	1.0000	1.0000	1.0000	ok
BDPA Romance	lacrimam	Ligurian	Venetian	malign (SCA+boot)	1.0000	1.0000	1.0000	1.0000	ok
BDPA Romance	lacrimam	Lombard(East)	Lombard(West)	malign (SCA+boot)	1.0000	1.0000	1.0000	1.0000	ok
BDPA Romance	lacrimam	Lombard(East)	Occitan	malign (SCA+boot)	1.0000	1.0000	1.0000	1.0000	ok
BDPA Romance	lacrimam	Lombard(East)	Venetian	malign (SCA+boot)	1.0000	1.0000	1.0000	1.0000	ok
BDPA Romance	lacrimam	Lombard(West)	Occitan	malign (SCA+boot)	1.0000	1.0000	1.0000	1.0000	ok
BDPA Romance	lacrimam	Lombard(West)	Venetian	malign (SCA+boot)	1.0000	1.0000	1.0000	1.0000	ok
BDPA Romance	lacrimam	Occitan	Venetian	malign (SCA+boot)	1.0000	1.0000	1.0000	1.0000	ok
BDPA Romance	lanam	French	Italian	malign (SCA+boot)	1.0000	1.0000	1.0000	1.0000	ok
BDPA Romance	lanam	French	Ladino	malign (SCA+boot)	1.0000	1.0000	1.0000	1.0000	ok
BDPA Romance	lanam	French	Ligurian	malign (SCA+boot)	1.0000	1.0000	1.0000	1.0000	ok
BDPA Romance	lanam	French	Lombard(East)	malign (SCA+boot)	1.0000	1.0000	1.0000	1.0000	ok
BDPA Romance	lanam	French	Lombard(West)	malign (SCA+boot)	1.0000	1.0000	1.0000	1.0000	ok
BDPA Romance	lanam	French	Occitan	malign (SCA+boot)					skipped
BDPA Romance	lanam	French	Venetian	malign (SCA+boot)	1.0000	1.0000	1.0000	1.0000	ok
BDPA Romance	lanam	Italian	Ladino	malign (SCA+boot)	1.0000	1.0000	1.0000	1.0000	ok
BDPA Romance	lanam	Italian	Ligurian	malign (SCA+boot)	1.0000	1.0000	1.0000	1.0000	ok
BDPA Romance	lanam	Italian	Lombard(East)	malign (SCA+boot)	1.0000	1.0000	1.0000	1.0000	ok
BDPA Romance	lanam	Italian	Lombard(West)	malign (SCA+boot)	1.0000	1.0000	1.0000	1.0000	ok
BDPA Romance	lanam	Italian	Occitan	malign (SCA+boot)	1.0000	1.0000	1.0000	1.0000	ok
BDPA Romance	lanam	Italian	Venetian	malign (SCA+boot)	1.0000	1.0000	1.0000	1.0000	ok
BDPA Romance	lanam	Ladino	Ligurian	malign (SCA+boot)	1.0000	1.0000	1.0000	1.0000	ok
BDPA Romance	lanam	Ladino	Lombard(East)	malign (SCA+boot)	1.0000	1.0000	1.0000	1.0000	ok
BDPA Romance	lanam	Ladino	Lombard(West)	malign (SCA+boot)	1.0000	1.0000	1.0000	1.0000	ok
BDPA Romance	lanam	Ladino	Occitan	malign (SCA+boot)	1.0000	1.0000	1.0000	1.0000	ok
BDPA Romance	lanam	Ladino	Venetian	malign (SCA+boot)	1.0000	1.0000	1.0000	1.0000	ok
BDPA Romance	lanam	Ligurian	Lombard(East)	malign (SCA+boot)	1.0000	1.0000	1.0000	1.0000	ok
BDPA Romance	lanam	Ligurian	Lombard(West)	malign (SCA+boot)	1.0000	1.0000	1.0000	1.0000	ok
BDPA Romance	lanam	Ligurian	Occitan	malign (SCA+boot)					skipped
BDPA Romance	lanam	Ligurian	Venetian	malign (SCA+boot)	1.0000	1.0000	1.0000	1.0000	ok
BDPA Romance	lanam	Lombard(East)	Lombard(West)	malign (SCA+boot)	1.0000	1.0000	1.0000	1.0000	ok
BDPA Romance	lanam	Lombard(East)	Occitan	malign (SCA+boot)	1.0000	1.0000	1.0000	1.0000	ok
BDPA Romance	lanam	Lombard(East)	Venetian	malign (SCA+boot)	1.0000	1.0000	1.0000	1.0000	ok
BDPA Romance	lanam	Lombard(West)	Occitan	malign (SCA+boot)	1.0000	1.0000	1.0000	1.0000	ok
BDPA Romance	lanam	Lombard(West)	Venetian	malign (SCA+boot)	1.0000	1.0000	1.0000	1.0000	ok
BDPA Romance	lanam	Occitan	Venetian	malign (SCA+boot)	1.0000	1.0000	1.0000	1.0000	ok
BDPA Romance	linguam	French	Italian	malign (SCA+boot)	1.0000	1.0000	1.0000	1.0000	ok
BDPA Romance	linguam	French	Ladino	malign (SCA+boot)	1.0000	1.0000	1.0000	1.0000	ok
BDPA Romance	linguam	French	Ligurian	malign (SCA+boot)	1.0000	1.0000	1.0000	1.0000	ok
BDPA Romance	linguam	French	Lombard(East)	malign (SCA+boot)	1.0000	1.0000	1.0000	1.0000	ok
BDPA Romance	linguam	French	Lombard(West)	malign (SCA+boot)	1.0000	1.0000	1.0000	1.0000	ok
BDPA Romance	linguam	French	Occitan	malign (SCA+boot)	1.0000	1.0000	1.0000	1.0000	ok
BDPA Romance	linguam	French	Venetian	malign (SCA+boot)	1.0000	1.0000	1.0000	1.0000	ok
BDPA Romance	linguam	Italian	Ladino	malign (SCA+boot)	1.0000	1.0000	1.0000	1.0000	ok
BDPA Romance	linguam	Italian	Ligurian	malign (SCA+boot)	1.0000	1.0000	1.0000	1.0000	ok
BDPA Romance	linguam	Italian	Lombard(East)	malign (SCA+boot)	1.0000	1.0000	1.0000	1.0000	ok
BDPA Romance	linguam	Italian	Lombard(West)	malign (SCA+boot)	1.0000	1.0000	1.0000	1.0000	ok
BDPA Romance	linguam	Italian	Occitan	malign (SCA+boot)	1.0000	1.0000	1.0000	1.0000	ok
BDPA Romance	linguam	Italian	Venetian	malign (SCA+boot)	1.0000	1.0000	1.0000	1.0000	ok
BDPA Romance	linguam	Ladino	Ligurian	malign (SCA+boot)	1.0000	1.0000	1.0000	1.0000	ok
BDPA Romance	linguam	Ladino	Lombard(East)	malign (SCA+boot)	1.0000	1.0000	1.0000	1.0000	ok
BDPA Romance	linguam	Ladino	Lombard(West)	malign (SCA+boot)	1.0000	1.0000	1.0000	1.0000	ok
BDPA Romance	linguam	Ladino	Occitan	malign (SCA+boot)	1.0000	1.0000	1.0000	1.0000	ok
BDPA Romance	linguam	Ladino	Venetian	malign (SCA+boot)	1.0000	1.0000	1.0000	1.0000	ok
BDPA Romance	linguam	Ligurian	Lombard(East)	malign (SCA+boot)	1.0000	1.0000	1.0000	1.0000	ok
BDPA Romance	linguam	Ligurian	Lombard(West)	malign (SCA+boot)	1.0000	1.0000	1.0000	1.0000	ok
BDPA Romance	linguam	Ligurian	Occitan	malign (SCA+boot)	1.0000	1.0000	1.0000	1.0000	ok
BDPA Romance	linguam	Ligurian	Venetian	malign (SCA+boot)	1.0000	1.0000	1.0000	1.0000	ok
BDPA Romance	linguam	Lombard(East)	Lombard(West)	malign (SCA+boot)	1.0000	1.0000	1.0000	1.0000	ok
BDPA Romance	linguam	Lombard(East)	Occitan	malign (SCA+boot)	1.0000	1.0000	1.0000	1.0000	ok
BDPA Romance	linguam	Lombard(East)	Venetian	malign (SCA+boot)	1.0000	1.0000	1.0000	1.0000	ok
BDPA Romance	linguam	Lombard(West)	Occitan	malign (SCA+boot)	1.0000	1.0000	1.0000	1.0000	ok
BDPA Romance	linguam	Lombard(West)	Venetian	malign (SCA+boot)	1.0000	1.0000	1.0000	1.0000	ok
BDPA Romance	linguam	Occitan	Venetian	malign (SCA+boot)	1.0000	1.0000	1.0000	1.0000	ok
BDPA Romance	lunam	French	Italian	malign (SCA+boot)	1.0000	1.0000	1.0000	1.0000	ok
BDPA Romance	lunam	French	Ladino	malign (SCA+boot)	1.0000	1.0000	1.0000	1.0000	ok
BDPA Romance	lunam	French	Ligurian	malign (SCA+boot)	1.0000	1.0000	1.0000	1.0000	ok
BDPA Romance	lunam	French	Lombard(East)	malign (SCA+boot)	1.0000	1.0000	1.0000	1.0000	ok
BDPA Romance	lunam	French	Lombard(West)	malign (SCA+boot)	1.0000	1.0000	1.0000	1.0000	ok
BDPA Romance	lunam	French	Occitan	malign (SCA+boot)					skipped
BDPA Romance	lunam	French	Venetian	malign (SCA+boot)	1.0000	1.0000	1.0000	1.0000	ok
BDPA Romance	lunam	Italian	Ladino	malign (SCA+boot)	1.0000	1.0000	1.0000	1.0000	ok
BDPA Romance	lunam	Italian	Ligurian	malign (SCA+boot)	1.0000	1.0000	1.0000	1.0000	ok
BDPA Romance	lunam	Italian	Lombard(East)	malign (SCA+boot)	1.0000	1.0000	1.0000	1.0000	ok
BDPA Romance	lunam	Italian	Lombard(West)	malign (SCA+boot)	1.0000	1.0000	1.0000	1.0000	ok
BDPA Romance	lunam	Italian	Occitan	malign (SCA+boot)	1.0000	1.0000	1.0000	1.0000	ok
BDPA Romance	lunam	Italian	Venetian	malign (SCA+boot)	1.0000	1.0000	1.0000	1.0000	ok
BDPA Romance	lunam	Ladino	Ligurian	malign (SCA+boot)	1.0000	1.0000	1.0000	1.0000	ok
BDPA Romance	lunam	Ladino	Lombard(East)	malign (SCA+boot)	1.0000	1.0000	1.0000	1.0000	ok
BDPA Romance	lunam	Ladino	Lombard(West)	malign (SCA+boot)	1.0000	1.0000	1.0000	1.0000	ok
BDPA Romance	lunam	Ladino	Occitan	malign (SCA+boot)	1.0000	1.0000	1.0000	1.0000	ok
BDPA Romance	lunam	Ladino	Venetian	malign (SCA+boot)	1.0000	1.0000	1.0000	1.0000	ok
BDPA Romance	lunam	Ligurian	Lombard(East)	malign (SCA+boot)	1.0000	1.0000	1.0000	1.0000	ok
BDPA Romance	lunam	Ligurian	Lombard(West)	malign (SCA+boot)	1.0000	1.0000	1.0000	1.0000	ok
BDPA Romance	lunam	Ligurian	Occitan	malign (SCA+boot)	1.0000	1.0000	1.0000	1.0000	ok
BDPA Romance	lunam	Ligurian	Venetian	malign (SCA+boot)	1.0000	1.0000	1.0000	1.0000	ok
BDPA Romance	lunam	Lombard(East)	Lombard(West)	malign (SCA+boot)	1.0000	1.0000	1.0000	1.0000	ok
BDPA Romance	lunam	Lombard(East)	Occitan	malign (SCA+boot)	1.0000	1.0000	1.0000	1.0000	ok
BDPA Romance	lunam	Lombard(East)	Venetian	malign (SCA+boot)	1.0000	1.0000	1.0000	1.0000	ok
BDPA Romance	lunam	Lombard(West)	Occitan	malign (SCA+boot)	1.0000	1.0000	1.0000	1.0000	ok
BDPA Romance	lunam	Lombard(West)	Venetian	malign (SCA+boot)	1.0000	1.0000	1.0000	1.0000	ok
BDPA Romance	lunam	Occitan	Venetian	malign (SCA+boot)	1.0000	1.0000	1.0000	1.0000	ok
BDPA Romance	manum	French	Italian	malign (SCA+boot)	1.0000	1.0000	1.0000	1.0000	ok
BDPA Romance	manum	French	Ladino	malign (SCA+boot)	1.0000	1.0000	1.0000	1.0000	ok
BDPA Romance	manum	French	Ligurian	malign (SCA+boot)	1.0000	1.0000	1.0000	1.0000	ok
BDPA Romance	manum	French	Lombard(East)	malign (SCA+boot)	1.0000	1.0000	1.0000	1.0000	ok
BDPA Romance	manum	French	Lombard(West)	malign (SCA+boot)	1.0000	1.0000	1.0000	1.0000	ok
BDPA Romance	manum	French	Occitan	malign (SCA+boot)	1.0000	1.0000	1.0000	1.0000	ok
BDPA Romance	manum	French	Venetian	malign (SCA+boot)	1.0000	1.0000	1.0000	1.0000	ok
BDPA Romance	manum	Italian	Ladino	malign (SCA+boot)	1.0000	1.0000	1.0000	1.0000	ok
BDPA Romance	manum	Italian	Ligurian	malign (SCA+boot)	1.0000	1.0000	1.0000	1.0000	ok
BDPA Romance	manum	Italian	Lombard(East)	malign (SCA+boot)	1.0000	1.0000	1.0000	1.0000	ok
BDPA Romance	manum	Italian	Lombard(West)	malign (SCA+boot)	1.0000	1.0000	1.0000	1.0000	ok
BDPA Romance	manum	Italian	Occitan	malign (SCA+boot)	1.0000	1.0000	1.0000	1.0000	ok
BDPA Romance	manum	Italian	Venetian	malign (SCA+boot)	1.0000	1.0000	1.0000	1.0000	ok
BDPA Romance	manum	Ladino	Ligurian	malign (SCA+boot)	1.0000	1.0000	1.0000	1.0000	ok
BDPA Romance	manum	Ladino	Lombard(East)	malign (SCA+boot)	1.0000	1.0000	1.0000	1.0000	ok
BDPA Romance	manum	Ladino	Lombard(West)	malign (SCA+boot)	1.0000	1.0000	1.0000	1.0000	ok
BDPA Romance	manum	Ladino	Occitan	malign (SCA+boot)	1.0000	1.0000	1.0000	1.0000	ok
BDPA Romance	manum	Ladino	Venetian	malign (SCA+boot)	1.0000	1.0000	1.0000	1.0000	ok
BDPA Romance	manum	Ligurian	Lombard(East)	malign (SCA+boot)	1.0000	1.0000	1.0000	1.0000	ok
BDPA Romance	manum	Ligurian	Lombard(West)	malign (SCA+boot)	1.0000	1.0000	1.0000	1.0000	ok
BDPA Romance	manum	Ligurian	Occitan	malign (SCA+boot)	1.0000	1.0000	1.0000	1.0000	ok
BDPA Romance	manum	Ligurian	Venetian	malign (SCA+boot)	1.0000	1.0000	1.0000	1.0000	ok
BDPA Romance	manum	Lombard(East)	Lombard(West)	malign (SCA+boot)	1.0000	1.0000	1.0000	1.0000	ok
BDPA Romance	manum	Lombard(East)	Occitan	malign (SCA+boot)	1.0000	1.0000	1.0000	1.0000	ok
BDPA Romance	manum	Lombard(East)	Venetian	malign (SCA+boot)	1.0000	1.0000	1.0000	1.0000	ok
BDPA Romance	manum	Lombard(West)	Occitan	malign (SCA+boot)	1.0000	1.0000	1.0000	1.0000	ok
BDPA Romance	manum	Lombard(West)	Venetian	malign (SCA+boot)	1.0000	1.0000	1.0000	1.0000	ok
BDPA Romance	manum	Occitan	Venetian	malign (SCA+boot)	1.0000	1.0000	1.0000	1.0000	ok
BDPA Romance	mare	French	Italian	malign (SCA+boot)	1.0000	1.0000	1.0000	1.0000	ok
BDPA Romance	mare	French	Ladino	malign (SCA+boot)	1.0000	1.0000	1.0000	1.0000	ok
BDPA Romance	mare	French	Ligurian	malign (SCA+boot)	1.0000	1.0000	1.0000	1.0000	ok
BDPA Romance	mare	French	Lombard(East)	malign (SCA+boot)	1.0000	1.0000	1.0000	1.0000	ok
BDPA Romance	mare	French	Lombard(West)	malign (SCA+boot)	1.0000	1.0000	1.0000	1.0000	ok
BDPA Romance	mare	French	Occitan	malign (SCA+boot)	1.0000	1.0000	1.0000	1.0000	ok
BDPA Romance	mare	French	Venetian	malign (SCA+boot)	1.0000	1.0000	1.0000	1.0000	ok
BDPA Romance	mare	Italian	Ladino	malign (SCA+boot)	1.0000	1.0000	1.0000	1.0000	ok
BDPA Romance	mare	Italian	Ligurian	malign (SCA+boot)	1.0000	1.0000	1.0000	1.0000	ok
BDPA Romance	mare	Italian	Lombard(East)	malign (SCA+boot)	1.0000	1.0000	1.0000	1.0000	ok
BDPA Romance	mare	Italian	Lombard(West)	malign (SCA+boot)	1.0000	1.0000	1.0000	1.0000	ok
BDPA Romance	mare	Italian	Occitan	malign (SCA+boot)	1.0000	1.0000	1.0000	1.0000	ok
BDPA Romance	mare	Italian	Venetian	malign (SCA+boot)	1.0000	1.0000	1.0000	1.0000	ok
BDPA Romance	mare	Ladino	Ligurian	malign (SCA+boot)	1.0000	1.0000	1.0000	1.0000	ok
BDPA Romance	mare	Ladino	Lombard(East)	malign (SCA+boot)	1.0000	1.0000	1.0000	1.0000	ok
BDPA Romance	mare	Ladino	Lombard(West)	malign (SCA+boot)	1.0000	1.0000	1.0000	1.0000	ok
BDPA Romance	mare	Ladino	Occitan	malign (SCA+boot)	1.0000	1.0000	1.0000	1.0000	ok
BDPA Romance	mare	Ladino	Venetian	malign (SCA+boot)	1.0000	1.0000	1.0000	1.0000	ok
BDPA Romance	mare	Ligurian	Lombard(East)	malign (SCA+boot)	1.0000	1.0000	1.0000	1.0000	ok
BDPA Romance	mare	Ligurian	Lombard(West)	malign (SCA+boot)	1.0000	1.0000	1.0000	1.0000	ok
BDPA Romance	mare	Ligurian	Occitan	malign (SCA+boot)	1.0000	1.0000	1.0000	1.0000	ok
BDPA Romance	mare	Ligurian	Venetian	malign (SCA+boot)	1.0000	1.0000	1.0000	1.0000	ok
BDPA Romance	mare	Lombard(East)	Lombard(West)	malign (SCA+boot)	1.0000	1.0000	1.0000	1.0000	ok
BDPA Romance	mare	Lombard(East)	Occitan	malign (SCA+boot)	1.0000	1.0000	1.0000	1.0000	ok
BDPA Romance	mare	Lombard(East)	Venetian	malign (SCA+boot)	1.0000	1.0000	1.0000	1.0000	ok
BDPA Romance	mare	Lombard(West)	Occitan	malign (SCA+boot)	1.0000	1.0000	1.0000	1.0000	ok
BDPA Romance	mare	Lombard(West)	Venetian	malign (SCA+boot)	1.0000	1.0000	1.0000	1.0000	ok
BDPA Romance	mare	Occitan	Venetian	malign (SCA+boot)	1.0000	1.0000	1.0000	1.0000	ok
BDPA Romance	novem	French	Italian	malign (SCA+boot)	1.0000	1.0000	1.0000	1.0000	ok
BDPA Romance	novem	French	Ladino	malign (SCA+boot)	1.0000	1.0000	1.0000	1.0000	ok
BDPA Romance	novem	French	Ligurian	malign (SCA+boot)	1.0000	1.0000	1.0000	1.0000	ok
BDPA Romance	novem	French	Lombard(East)	malign (SCA+boot)	1.0000	1.0000	1.0000	1.0000	ok
BDPA Romance	novem	French	Lombard(West)	malign (SCA+boot)	1.0000	1.0000	1.0000	1.0000	ok
BDPA Romance	novem	French	Occitan	malign (SCA+boot)	1.0000	1.0000	1.0000	1.0000	ok
BDPA Romance	novem	French	Venetian	malign (SCA+boot)	1.0000	1.0000	1.0000	1.0000	ok
BDPA Romance	novem	Italian	Ladino	malign (SCA+boot)	1.0000	1.0000	1.0000	1.0000	ok
BDPA Romance	novem	Italian	Ligurian	malign (SCA+boot)	1.0000	1.0000	1.0000	1.0000	ok
BDPA Romance	novem	Italian	Lombard(East)	malign (SCA+boot)	1.0000	1.0000	1.0000	1.0000	ok
BDPA Romance	novem	Italian	Lombard(West)	malign (SCA+boot)	1.0000	1.0000	1.0000	1.0000	ok
BDPA Romance	novem	Italian	Occitan	malign (SCA+boot)	1.0000	1.0000	1.0000	1.0000	ok
BDPA Romance	novem	Italian	Venetian	malign (SCA+boot)	1.0000	1.0000	1.0000	1.0000	ok
BDPA Romance	novem	Ladino	Ligurian	malign (SCA+boot)	1.0000	1.0000	1.0000	1.0000	ok
BDPA Romance	novem	Ladino	Lombard(East)	malign (SCA+boot)	1.0000	1.0000	1.0000	1.0000	ok
BDPA Romance	novem	Ladino	Lombard(West)	malign (SCA+boot)	1.0000	1.0000	1.0000	1.0000	ok
BDPA Romance	novem	Ladino	Occitan	malign (SCA+boot)	1.0000	1.0000	1.0000	1.0000	ok
BDPA Romance	novem	Ladino	Venetian	malign (SCA+boot)	1.0000	1.0000	1.0000	1.0000	ok
BDPA Romance	novem	Ligurian	Lombard(East)	malign (SCA+boot)	1.0000	1.0000	1.0000	1.0000	ok
BDPA Romance	novem	Ligurian	Lombard(West)	malign (SCA+boot)	1.0000	1.0000	1.0000	1.0000	ok
BDPA Romance	novem	Ligurian	Occitan	malign (SCA+boot)	1.0000	1.0000	1.0000	1.0000	ok
BDPA Romance	novem	Ligurian	Venetian	malign (SCA+boot)	1.0000	1.0000	1.0000	1.0000	ok
BDPA Romance	novem	Lombard(East)	Lombard(West)	malign (SCA+boot)	1.0000	1.0000	1.0000	1.0000	ok
BDPA Romance	novem	Lombard(East)	Occitan	malign (SCA+boot)	1.0000	1.0000	1.0000	1.0000	ok
BDPA Romance	novem	Lombard(East)	Venetian	malign (SCA+boot)	1.0000	1.0000	1.0000	1.0000	ok
BDPA Romance	novem	Lombard(West)	Occitan	malign (SCA+boot)	1.0000	1.0000	1.0000	1.0000	ok
BDPA Romance	novem	Lombard(West)	Venetian	malign (SCA+boot)	1.0000	1.0000	1.0000	1.0000	ok
BDPA Romance	novem	Occitan	Venetian	malign (SCA+boot)	1.0000	1.0000	1.0000	1.0000	ok
BDPA Romance	octo	French	Italian	malign (SCA+boot)	1.0000	1.0000	1.0000	1.0000	ok
BDPA Romance	octo	French	Ladino	malign (SCA+boot)	1.0000	1.0000	1.0000	1.0000	ok
BDPA Romance	octo	French	Ligurian	malign (SCA+boot)	1.0000	1.0000	1.0000	1.0000	ok
BDPA Romance	octo	French	Lombard(East)	malign (SCA+boot)	1.0000	1.0000	1.0000	1.0000	ok
BDPA Romance	octo	French	Lombard(West)	malign (SCA+boot)	1.0000	1.0000	1.0000	1.0000	ok
BDPA Romance	octo	French	Occitan	malign (SCA+boot)	1.0000	1.0000	1.0000	1.0000	ok
BDPA Romance	octo	French	Venetian	malign (SCA+boot)	1.0000	1.0000	1.0000	1.0000	ok
BDPA Romance	octo	Italian	Ladino	malign (SCA+boot)	1.0000	1.0000	1.0000	1.0000	ok
BDPA Romance	octo	Italian	Ligurian	malign (SCA+boot)	1.0000	1.0000	1.0000	1.0000	ok
BDPA Romance	octo	Italian	Lombard(East)	malign (SCA+boot)	1.0000	1.0000	1.0000	1.0000	ok
BDPA Romance	octo	Italian	Lombard(West)	malign (SCA+boot)	1.0000	1.0000	1.0000	1.0000	ok
BDPA Romance	octo	Italian	Occitan	malign (SCA+boot)	1.0000	1.0000	1.0000	1.0000	ok
BDPA Romance	octo	Italian	Venetian	malign (SCA+boot)	1.0000	1.0000	1.0000	1.0000	ok
BDPA Romance	octo	Ladino	Ligurian	malign (SCA+boot)	1.0000	1.0000	1.0000	1.0000	ok
BDPA Romance	octo	Ladino	Lombard(East)	malign (SCA+boot)	1.0000	1.0000	1.0000	1.0000	ok
BDPA Romance	octo	Ladino	Lombard(West)	malign (SCA+boot)	1.0000	1.0000	1.0000	1.0000	ok
BDPA Romance	octo	Ladino	Occitan	malign (SCA+boot)	1.0000	1.0000	1.0000	1.0000	ok
BDPA Romance	octo	Ladino	Venetian	malign (SCA+boot)	1.0000	1.0000	1.0000	1.0000	ok
BDPA Romance	octo	Ligurian	Lombard(East)	malign (SCA+boot)	1.0000	1.0000	1.0000	1.0000	ok
BDPA Romance	octo	Ligurian	Lombard(West)	malign (SCA+boot)	1.0000	1.0000	1.0000	1.0000	ok
BDPA Romance	octo	Ligurian	Occitan	malign (SCA+boot)	1.0000	1.0000	1.0000	1.0000	ok
BDPA Romance	octo	Ligurian	Venetian	malign (SCA+boot)	1.0000	1.0000	1.0000	1.0000	ok
BDPA Romance	octo	Lombard(East)	Lombard(West)	malign (SCA+boot)	1.0000	1.0000	1.0000	1.0000	ok
BDPA Romance	octo	Lombard(East)	Occitan	malign (SCA+boot)	1.0000	1.0000	1.0000	1.0000	ok
BDPA Romance	octo	Lombard(East)	Venetian	malign (SCA+boot)	1.0000	1.0000	1.0000	1.0000	ok
BDPA Romance	octo	Lombard(West)	Occitan	malign (SCA+boot)	1.0000	1.0000	1.0000	1.0000	ok
BDPA Romance	octo	Lombard(West)	Venetian	malign (SCA+boot)	1.0000	1.0000	1.0000	1.0000	ok
BDPA Romance	octo	Occitan	Venetian	malign (SCA+boot)	1.0000	1.0000	1.0000	1.0000	ok
BDPA Romance	oculum	French	Italian	malign (SCA+boot)	1.0000	1.0000	1.0000	1.0000	ok
BDPA Romance	oculum	French	Ladino	malign (SCA+boot)	1.0000	1.0000	1.0000	1.0000	ok
BDPA Romance	oculum	French	Ligurian	malign (SCA+boot)					skipped
BDPA Romance	oculum	French	Lombard(East)	malign (SCA+boot)					skipped
BDPA Romance	oculum	French	Lombard(West)	malign (SCA+boot)					skipped
BDPA Romance	oculum	French	Occitan	malign (SCA+boot)	1.0000	1.0000	1.0000	1.0000	ok
BDPA Romance	oculum	French	Venetian	malign (SCA+boot)					skipped
BDPA Romance	oculum	Italian	Ladino	malign (SCA+boot)	1.0000	1.0000	1.0000	1.0000	ok
BDPA Romance	oculum	Italian	Ligurian	malign (SCA+boot)	1.0000	1.0000	1.0000	1.0000	ok
BDPA Romance	oculum	Italian	Lombard(East)	malign (SCA+boot)	1.0000	1.0000	1.0000	1.0000	ok
BDPA Romance	oculum	Italian	Lombard(West)	malign (SCA+boot)	1.0000	1.0000	1.0000	1.0000	ok
BDPA Romance	oculum	Italian	Occitan	malign (SCA+boot)	1.0000	1.0000	1.0000	1.0000	ok
BDPA Romance	oculum	Italian	Venetian	malign (SCA+boot)	1.0000	1.0000	1.0000	1.0000	ok
BDPA Romance	oculum	Ladino	Ligurian	malign (SCA+boot)					skipped
BDPA Romance	oculum	Ladino	Lombard(East)	malign (SCA+boot)	0.5000	0.5000	0.5000	0.5000	ok
BDPA Romance	oculum	Ladino	Lombard(West)	malign (SCA+boot)	0.5000	0.5000	0.5000	0.5000	ok
BDPA Romance	oculum	Ladino	Occitan	malign (SCA+boot)	1.0000	1.0000	1.0000	1.0000	ok
BDPA Romance	oculum	Ladino	Venetian	malign (SCA+boot)					skipped
BDPA Romance	oculum	Ligurian	Lombard(East)	malign (SCA+boot)	1.0000	1.0000	1.0000	1.0000	ok
BDPA Romance	oculum	Ligurian	Lombard(West)	malign (SCA+boot)	1.0000	1.0000	1.0000	1.0000	ok
BDPA Romance	oculum	Ligurian	Occitan	malign (SCA+boot)					skipped
BDPA Romance	oculum	Ligurian	Venetian	malign (SCA+boot)	1.0000	1.0000	1.0000	1.0000	ok
BDPA Romance	oculum	Lombard(East)	Lombard(West)	malign (SCA+boot)	1.0000	1.0000	1.0000	1.0000	ok
BDPA Romance	oculum	Lombard(East)	Occitan	malign (SCA+boot)					skipped
BDPA Romance	oculum	Lombard(East)	Venetian	malign (SCA+boot)	1.0000	1.0000	1.0000	1.0000	ok
BDPA Romance	oculum	Lombard(West)	Occitan	malign (SCA+boot)					skipped
BDPA Romance	oculum	Lombard(West)	Venetian	malign (SCA+boot)	1.0000	1.0000	1.0000	1.0000	ok
BDPA Romance	oculum	Occitan	Venetian	malign (SCA+boot)					skipped
BDPA Romance	ovum	French	Italian	malign (SCA+boot)	1.0000	1.0000	1.0000	1.0000	ok
BDPA Romance	ovum	French	Ladino	malign (SCA+boot)	1.0000	1.0000	1.0000	1.0000	ok
BDPA Romance	ovum	French	Ligurian	malign (SCA+boot)	1.0000	1.0000	1.0000	1.0000	ok
BDPA Romance	ovum	French	Lombard(East)	malign (SCA+boot)	1.0000	1.0000	1.0000	1.0000	ok
BDPA Romance	ovum	French	Lombard(West)	malign (SCA+boot)	1.0000	1.0000	1.0000	1.0000	ok
BDPA Romance	ovum	French	Occitan	malign (SCA+boot)					skipped
BDPA Romance	ovum	French	Venetian	malign (SCA+boot)	1.0000	1.0000	1.0000	1.0000	ok
BDPA Romance	ovum	Italian	Ladino	malign (SCA+boot)	1.0000	1.0000	1.0000	1.0000	ok
BDPA Romance	ovum	Italian	Ligurian	malign (SCA+boot)	1.0000	1.0000	1.0000	1.0000	ok
BDPA Romance	ovum	Italian	Lombard(East)	malign (SCA+boot)	1.0000	1.0000	1.0000	1.0000	ok
BDPA Romance	ovum	Italian	Lombard(West)	malign (SCA+boot)	1.0000	1.0000	1.0000	1.0000	ok
BDPA Romance	ovum	Italian	Occitan	malign (SCA+boot)	1.0000	1.0000	1.0000	1.0000	ok
BDPA Romance	ovum	Italian	Venetian	malign (SCA+boot)	1.0000	1.0000	1.0000	1.0000	ok
BDPA Romance	ovum	Ladino	Ligurian	malign (SCA+boot)	1.0000	1.0000	1.0000	1.0000	ok
BDPA Romance	ovum	Ladino	Lombard(East)	malign (SCA+boot)	1.0000	1.0000	1.0000	1.0000	ok
BDPA Romance	ovum	Ladino	Lombard(West)	malign (SCA+boot)	1.0000	1.0000	1.0000	1.0000	ok
BDPA Romance	ovum	Ladino	Occitan	malign (SCA+boot)					skipped
BDPA Romance	ovum	Ladino	Venetian	malign (SCA+boot)	1.0000	1.0000	1.0000	1.0000	ok
BDPA Romance	ovum	Ligurian	Lombard(East)	malign (SCA+boot)	1.0000	1.0000	1.0000	1.0000	ok
BDPA Romance	ovum	Ligurian	Lombard(West)	malign (SCA+boot)	1.0000	1.0000	1.0000	1.0000	ok
BDPA Romance	ovum	Ligurian	Occitan	malign (SCA+boot)	1.0000	1.0000	1.0000	1.0000	ok
BDPA Romance	ovum	Ligurian	Venetian	malign (SCA+boot)	1.0000	1.0000	1.0000	1.0000	ok
BDPA Romance	ovum	Lombard(East)	Lombard(West)	malign (SCA+boot)	1.0000	1.0000	1.0000	1.0000	ok
BDPA Romance	ovum	Lombard(East)	Occitan	malign (SCA+boot)					skipped
BDPA Romance	ovum	Lombard(East)	Venetian	malign (SCA+boot)	1.0000	1.0000	1.0000	1.0000	ok
BDPA Romance	ovum	Lombard(West)	Occitan	malign (SCA+boot)					skipped
BDPA Romance	ovum	Lombard(West)	Venetian	malign (SCA+boot)	1.0000	1.0000	1.0000	1.0000	ok
BDPA Romance	ovum	Occitan	Venetian	malign (SCA+boot)	1.0000	1.0000	1.0000	1.0000	ok
BDPA Romance	pedem	French	Italian	malign (SCA+boot)	1.0000	1.0000	1.0000	1.0000	ok
BDPA Romance	pedem	French	Ladino	malign (SCA+boot)	1.0000	1.0000	1.0000	1.0000	ok
BDPA Romance	pedem	French	Ligurian	malign (SCA+boot)	1.0000	1.0000	1.0000	1.0000	ok
BDPA Romance	pedem	French	Lombard(East)	malign (SCA+boot)	1.0000	1.0000	1.0000	1.0000	ok
BDPA Romance	pedem	French	Lombard(West)	malign (SCA+boot)	1.0000	1.0000	1.0000	1.0000	ok
BDPA Romance	pedem	French	Occitan	malign (SCA+boot)	1.0000	1.0000	1.0000	1.0000	ok
BDPA Romance	pedem	French	Venetian	malign (SCA+boot)	1.0000	1.0000	1.0000	1.0000	ok
BDPA Romance	pedem	Italian	Ladino	malign (SCA+boot)	1.0000	1.0000	1.0000	1.0000	ok
BDPA Romance	pedem	Italian	Ligurian	malign (SCA+boot)	1.0000	1.0000	1.0000	1.0000	ok
BDPA Romance	pedem	Italian	Lombard(East)	malign (SCA+boot)	1.0000	1.0000	1.0000	1.0000	ok
BDPA Romance	pedem	Italian	Lombard(West)	malign (SCA+boot)	1.0000	1.0000	1.0000	1.0000	ok
BDPA Romance	pedem	Italian	Occitan	malign (SCA+boot)	1.0000	1.0000	1.0000	1.0000	ok
BDPA Romance	pedem	Italian	Venetian	malign (SCA+boot)	0.4000	0.4000	0.4000	0.4000	ok
BDPA Romance	pedem	Ladino	Ligurian	malign (SCA+boot)	1.0000	1.0000	1.0000	1.0000	ok
BDPA Romance	pedem	Ladino	Lombard(East)	malign (SCA+boot)	1.0000	1.0000	1.0000	1.0000	ok
BDPA Romance	pedem	Ladino	Lombard(West)	malign (SCA+boot)	1.0000	1.0000	1.0000	1.0000	ok
BDPA Romance	pedem	Ladino	Occitan	malign (SCA+boot)	1.0000	1.0000	1.0000	1.0000	ok
BDPA Romance	pedem	Ladino	Venetian	malign (SCA+boot)	1.0000	1.0000	1.0000	1.0000	ok
BDPA Romance	pedem	Ligurian	Lombard(East)	malign (SCA+boot)	1.0000	1.0000	1.0000	1.0000	ok
BDPA Romance	pedem	Ligurian	Lombard(West)	malign (SCA+boot)	1.0000	1.0000	1.0000	1.0000	ok
BDPA Romance	pedem	Ligurian	Occitan	malign (SCA+boot)	1.0000	1.0000	1.0000	1.0000	ok
BDPA Romance	pedem	Ligurian	Venetian	malign (SCA+boot)	1.0000	1.0000	1.0000	1.0000	ok
BDPA Romance	pedem	Lombard(East)	Lombard(West)	malign (SCA+boot)	1.0000	1.0000	1.0000	1.0000	ok
BDPA Romance	pedem	Lombard(East)	Occitan	malign (SCA+boot)	1.0000	1.0000	1.0000	1.0000	ok
BDPA Romance	pedem	Lombard(East)	Venetian	malign (SCA+boot)	1.0000	1.0000	1.0000	1.0000	ok
BDPA Romance	pedem	Lombard(West)	Occitan	malign (SCA+boot)	1.0000	1.0000	1.0000	1.0000	ok
BDPA Romance	pedem	Lombard(West)	Venetian	malign (SCA+boot)	1.0000	1.0000	1.0000	1.0000	ok
BDPA Romance	pedem	Occitan	Venetian	malign (SCA+boot)	1.0000	1.0000	1.0000	1.0000	ok
BDPA Romance	quattuor	French	Italian	malign (SCA+boot)	1.0000	1.0000	1.0000	1.0000	ok
BDPA Romance	quattuor	French	Ladino	malign (SCA+boot)	1.0000	1.0000	1.0000	1.0000	ok
BDPA Romance	quattuor	French	Ligurian	malign (SCA+boot)	1.0000	1.0000	1.0000	1.0000	ok
BDPA Romance	quattuor	French	Lombard(East)	malign (SCA+boot)	1.0000	1.0000	1.0000	1.0000	ok
BDPA Romance	quattuor	French	Lombard(West)	malign (SCA+boot)	1.0000	1.0000	1.0000	1.0000	ok
BDPA Romance	quattuor	French	Occitan	malign (SCA+boot)	1.0000	1.0000	1.0000	1.0000	ok
BDPA Romance	quattuor	French	Venetian	malign (SCA+boot)	1.0000	1.0000	1.0000	1.0000	ok
BDPA Romance	quattuor	Italian	Ladino	malign (SCA+boot)	1.0000	1.0000	1.0000	1.0000	ok
BDPA Romance	quattuor	Italian	Ligurian	malign (SCA+boot)	1.0000	1.0000	1.0000	1.0000	ok
BDPA Romance	quattuor	Italian	Lombard(East)	malign (SCA+boot)	1.0000	1.0000	1.0000	1.0000	ok
BDPA Romance	quattuor	Italian	Lombard(West)	malign (SCA+boot)	1.0000	1.0000	1.0000	1.0000	ok
BDPA Romance	quattuor	Italian	Occitan	malign (SCA+boot)	1.0000	1.0000	1.0000	1.0000	ok
BDPA Romance	quattuor	Italian	Venetian	malign (SCA+boot)	1.0000	1.0000	1.0000	1.0000	ok
BDPA Romance	quattuor	Ladino	Ligurian	malign (SCA+boot)	1.0000	1.0000	1.0000	1.0000	ok
BDPA Romance	quattuor	Ladino	Lombard(East)	malign (SCA+boot)	1.0000	1.0000	1.0000	1.0000	ok
BDPA Romance	quattuor	Ladino	Lombard(West)	malign (SCA+boot)	1.0000	1.0000	1.0000	1.0000	ok
BDPA Romance	quattuor	Ladino	Occitan	malign (SCA+boot)	1.0000	1.0000	1.0000	1.0000	ok
BDPA Romance	quattuor	Ladino	Venetian	malign (SCA+boot)	1.0000	1.0000	1.0000	1.0000	ok
BDPA Romance	quattuor	Ligurian	Lombard(East)	malign (SCA+boot)	1.0000	1.0000	1.0000	1.0000	ok
BDPA Romance	quattuor	Ligurian	Lombard(West)	malign (SCA+boot)	1.0000	1.0000	1.0000	1.0000	ok
BDPA Romance	quattuor	Ligurian	Occitan	malign (SCA+boot)	1.0000	1.0000	1.0000	1.0000	ok
BDPA Romance	quattuor	Ligurian	Venetian	malign (SCA+boot)	1.0000	1.0000	1.0000	1.0000	ok
BDPA Romance	quattuor	Lombard(East)	Lombard(West)	malign (SCA+boot)	1.0000	1.0000	1.0000	1.0000	ok
BDPA Romance	quattuor	Lombard(East)	Occitan	malign (SCA+boot)	1.0000	1.0000	1.0000	1.0000	ok
BDPA Romance	quattuor	Lombard(East)	Venetian	malign (SCA+boot)	1.0000	1.0000	1.0000	1.0000	ok
BDPA Romance	quattuor	Lombard(West)	Occitan	malign (SCA+boot)	1.0000	1.0000	1.0000	1.0000	ok
BDPA Romance	quattuor	Lombard(West)	Venetian	malign (SCA+boot)	1.0000	1.0000	1.0000	1.0000	ok
BDPA Romance	quattuor	Occitan	Venetian	malign (SCA+boot)	1.0000	1.0000	1.0000	1.0000	ok
BDPA Romance	quinque	French	Italian	malign (SCA+boot)	1.0000	1.0000	1.0000	1.0000	ok
BDPA Romance	quinque	French	Ladino	malign (SCA+boot)	1.0000	1.0000	1.0000	1.0000	ok
BDPA Romance	quinque	French	Ligurian	malign (SCA+boot)	1.0000	1.0000	1.0000	1.0000	ok
BDPA Romance	quinque	French	Lombard(East)	malign (SCA+boot)	1.0000	1.0000	1.0000	1.0000	ok
BDPA Romance	quinque	French	Lombard(West)	malign (SCA+boot)	1.0000	1.0000	1.0000	1.0000	ok
BDPA Romance	quinque	French	Occitan	malign (SCA+boot)	1.0000	1.0000	1.0000	1.0000	ok
BDPA Romance	quinque	French	Venetian	malign (SCA+boot)	1.0000	1.0000	1.0000	1.0000	ok
BDPA Romance	quinque	Italian	Ladino	malign (SCA+boot)	1.0000	1.0000	1.0000	1.0000	ok
BDPA Romance	quinque	Italian	Ligurian	malign (SCA+boot)	1.0000	1.0000	1.0000	1.0000	ok
BDPA Romance	quinque	Italian	Lombard(East)	malign (SCA+boot)	1.0000	1.0000	1.0000	1.0000	ok
BDPA Romance	quinque	Italian	Lombard(West)	malign (SCA+boot)	1.0000	1.0000	1.0000	1.0000	ok
BDPA Romance	quinque	Italian	Occitan	malign (SCA+boot)	1.0000	1.0000	1.0000	1.0000	ok
BDPA Romance	quinque	Italian	Venetian	malign (SCA+boot)	1.0000	1.0000	1.0000	1.0000	ok
BDPA Romance	quinque	Ladino	Ligurian	malign (SCA+boot)	1.0000	1.0000	1.0000	1.0000	ok
BDPA Romance	quinque	Ladino	Lombard(East)	malign (SCA+boot)	1.0000	1.0000	1.0000	1.0000	ok
BDPA Romance	quinque	Ladino	Lombard(West)	malign (SCA+boot)	1.0000	1.0000	1.0000	1.0000	ok
BDPA Romance	quinque	Ladino	Occitan	malign (SCA+boot)	1.0000	1.0000	1.0000	1.0000	ok
BDPA Romance	quinque	Ladino	Venetian	malign (SCA+boot)	1.0000	1.0000	1.0000	1.0000	ok
BDPA Romance	quinque	Ligurian	Lombard(East)	malign (SCA+boot)	1.0000	1.0000	1.0000	1.0000	ok
BDPA Romance	quinque	Ligurian	Lombard(West)	malign (SCA+boot)	1.0000	1.0000	1.0000	1.0000	ok
BDPA Romance	quinque	Ligurian	Occitan	malign (SCA+boot)	1.0000	1.0000	1.0000	1.0000	ok
BDPA Romance	quinque	Ligurian	Venetian	malign (SCA+boot)	1.0000	1.0000	1.0000	1.0000	ok
BDPA Romance	quinque	Lombard(East)	Lombard(West)	malign (SCA+boot)	1.0000	1.0000	1.0000	1.0000	ok
BDPA Romance	quinque	Lombard(East)	Occitan	malign (SCA+boot)	1.0000	1.0000	1.0000	1.0000	ok
BDPA Romance	quinque	Lombard(East)	Venetian	malign (SCA+boot)	1.0000	1.0000	1.0000	1.0000	ok
BDPA Romance	quinque	Lombard(West)	Occitan	malign (SCA+boot)	1.0000	1.0000	1.0000	1.0000	ok
BDPA Romance	quinque	Lombard(West)	Venetian	malign (SCA+boot)	1.0000	1.0000	1.0000	1.0000	ok
BDPA Romance	quinque	Occitan	Venetian	malign (SCA+boot)	1.0000	1.0000	1.0000	1.0000	ok
BDPA Romance	septem	French	Italian	malign (SCA+boot)	1.0000	1.0000	1.0000	1.0000	ok
BDPA Romance	septem	French	Ladino	malign (SCA+boot)	1.0000	1.0000	1.0000	1.0000	ok
BDPA Romance	septem	French	Ligurian	malign (SCA+boot)	1.0000	1.0000	1.0000	1.0000	ok
BDPA Romance	septem	French	Lombard(East)	malign (SCA+boot)	1.0000	1.0000	1.0000	1.0000	ok
BDPA Romance	septem	French	Lombard(West)	malign (SCA+boot)	1.0000	1.0000	1.0000	1.0000	ok
BDPA Romance	septem	French	Occitan	malign (SCA+boot)	1.0000	1.0000	1.0000	1.0000	ok
BDPA Romance	septem	French	Venetian	malign (SCA+boot)	1.0000	1.0000	1.0000	1.0000	ok
BDPA Romance	septem	Italian	Ladino	malign (SCA+boot)	1.0000	1.0000	1.0000	1.0000	ok
BDPA Romance	septem	Italian	Ligurian	malign (SCA+boot)	1.0000	1.0000	1.0000	1.0000	ok
BDPA Romance	septem	Italian	Lombard(East)	malign (SCA+boot)	1.0000	1.0000	1.0000	1.0000	ok
BDPA Romance	septem	Italian	Lombard(West)	malign (SCA+boot)	1.0000	1.0000	1.0000	1.0000	ok
BDPA Romance	septem	Italian	Occitan	malign (SCA+boot)	1.0000	1.0000	1.0000	1.0000	ok
BDPA Romance	septem	Italian	Venetian	malign (SCA+boot)	1.0000	1.0000	1.0000	1.0000	ok
BDPA Romance	septem	Ladino	Ligurian	malign (SCA+boot)	1.0000	1.0000	1.0000	1.0000	ok
BDPA Romance	septem	Ladino	Lombard(East)	malign (SCA+boot)	1.0000	1.0000	1.0000	1.0000	ok
BDPA Romance	septem	Ladino	Lombard(West)	malign (SCA+boot)	1.0000	1.0000	1.0000	1.0000	ok
BDPA Romance	septem	Ladino	Occitan	malign (SCA+boot)	1.0000	1.0000	1.0000	1.0000	ok
BDPA Romance	septem	Ladino	Venetian	malign (SCA+boot)	1.0000	1.0000	1.0000	1.0000	ok
BDPA Romance	septem	Ligurian	Lombard(East)	malign (SCA+boot)	1.0000	1.0000	1.0000	1.0000	ok
BDPA Romance	septem	Ligurian	Lombard(West)	malign (SCA+boot)	1.0000	1.0000	1.0000	1.0000	ok
BDPA Romance	septem	Ligurian	Occitan	malign (SCA+boot)	1.0000	1.0000	1.0000	1.0000	ok
BDPA Romance	septem	Ligurian	Venetian	malign (SCA+boot)	1.0000	1.0000	1.0000	1.0000	ok
BDPA Romance	septem	Lombard(East)	Lombard(West)	malign (SCA+boot)	1.0000	1.0000	1.0000	1.0000	ok
BDPA Romance	septem	Lombard(East)	Occitan	malign (SCA+boot)	1.0000	1.0000	1.0000	1.0000	ok
BDPA Romance	septem	Lombard(East)	Venetian	malign (SCA+boot)	1.0000	1.0000	1.0000	1.0000	ok
BDPA Romance	septem	Lombard(West)	Occitan	malign (SCA+boot)	1.0000	1.0000	1.0000	1.0000	ok
BDPA Romance	septem	Lombard(West)	Venetian	malign (SCA+boot)	1.0000	1.0000	1.0000	1.0000	ok
BDPA Romance	septem	Occitan	Venetian	malign (SCA+boot)	1.0000	1.0000	1.0000	1.0000	ok
BDPA Romance	sex	French	Italian	malign (SCA+boot)	1.0000	1.0000	1.0000	1.0000	ok
BDPA Romance	sex	French	Ladino	malign (SCA+boot)	1.0000	1.0000	1.0000	1.0000	ok
BDPA Romance	sex	French	Ligurian	malign (SCA+boot)	1.0000	1.0000	1.0000	1.0000	ok
BDPA Romance	sex	French	Lombard(East)	malign (SCA+boot)	1.0000	1.0000	1.0000	1.0000	ok
BDPA Romance	sex	French	Lombard(West)	malign (SCA+boot)	1.0000	1.0000	1.0000	1.0000	ok
BDPA Romance	sex	French	Occitan	malign (SCA+boot)	1.0000	1.0000	1.0000	1.0000	ok
BDPA Romance	sex	French	Venetian	malign (SCA+boot)	0.5000	0.5000	0.5000	0.5000	ok
BDPA Romance	sex	Italian	Ladino	malign (SCA+boot)	1.0000	1.0000	1.0000	1.0000	ok
BDPA Romance	sex	Italian	Ligurian	malign (SCA+boot)	1.0000	1.0000	1.0000	1.0000	ok
BDPA Romance	sex	Italian	Lombard(East)	malign (SCA+boot)	1.0000	1.0000	1.0000	1.0000	ok
BDPA Romance	sex	Italian	Lombard(West)	malign (SCA+boot)	1.0000	1.0000	1.0000	1.0000	ok
BDPA Romance	sex	Italian	Occitan	malign (SCA+boot)	1.0000	1.0000	1.0000	1.0000	ok
BDPA Romance	sex	Italian	Venetian	malign (SCA+boot)	1.0000	1.0000	1.0000	1.0000	ok
BDPA Romance	sex	Ladino	Ligurian	malign (SCA+boot)	0.5000	0.5000	0.5000	0.5000	ok
BDPA Romance	sex	Ladino	Lombard(East)	malign (SCA+boot)	0.5000	0.5000	0.5000	0.5000	ok
BDPA Romance	sex	Ladino	Lombard(West)	malign (SCA+boot)	0.5000	0.5000	0.5000	0.5000	ok
BDPA Romance	sex	Ladino	Occitan	malign (SCA+boot)	0.5000	0.5000	0.5000	0.5000	ok
BDPA Romance	sex	Ladino	Venetian	malign (SCA+boot)	1.0000	1.0000	1.0000	1.0000	ok
BDPA Romance	sex	Ligurian	Lombard(East)	malign (SCA+boot)	1.0000	1.0000	1.0000	1.0000	ok
BDPA Romance	sex	Ligurian	Lombard(West)	malign (SCA+boot)	1.0000	1.0000	1.0000	1.0000	ok
BDPA Romance	sex	Ligurian	Occitan	malign (SCA+boot)	1.0000	1.0000	1.0000	1.0000	ok
BDPA Romance	sex	Ligurian	Venetian	malign (SCA+boot)	1.0000	1.0000	1.0000	1.0000	ok
BDPA Romance	sex	Lombard(East)	Lombard(West)	malign (SCA+boot)	1.0000	1.0000	1.0000	1.0000	ok
BDPA Romance	sex	Lombard(East)	Occitan	malign (SCA+boot)	1.0000	1.0000	1.0000	1.0000	ok
BDPA Romance	sex	Lombard(East)	Venetian	malign (SCA+boot)	0.5000	0.5000	0.5000	0.5000	ok
BDPA Romance	sex	Lombard(West)	Occitan	malign (SCA+boot)	1.0000	1.0000	1.0000	1.0000	ok
BDPA Romance	sex	Lombard(West)	Venetian	malign (SCA+boot)	0.5000	0.5000	0.5000	0.5000	ok
BDPA Romance	sex	Occitan	Venetian	malign (SCA+boot)	1.0000	1.0000	1.0000	1.0000	ok
BDPA Romance	terram	French	Italian	malign (SCA+boot)	1.0000	1.0000	1.0000	1.0000	ok
BDPA Romance	terram	French	Ladino	malign (SCA+boot)	1.0000	1.0000	1.0000	1.0000	ok
BDPA Romance	terram	French	Ligurian	malign (SCA+boot)	1.0000	1.0000	1.0000	1.0000	ok
BDPA Romance	terram	French	Lombard(East)	malign (SCA+boot)	1.0000	1.0000	1.0000	1.0000	ok
BDPA Romance	terram	French	Lombard(West)	malign (SCA+boot)	1.0000	1.0000	1.0000	1.0000	ok
BDPA Romance	terram	French	Occitan	malign (SCA+boot)	1.0000	1.0000	1.0000	1.0000	ok
BDPA Romance	terram	French	Venetian	malign (SCA+boot)	1.0000	1.0000	1.0000	1.0000	ok
BDPA Romance	terram	Italian	Ladino	malign (SCA+boot)	1.0000	1.0000	1.0000	1.0000	ok
BDPA Romance	terram	Italian	Ligurian	malign (SCA+boot)	1.0000	1.0000	1.0000	1.0000	ok
BDPA Romance	terram	Italian	Lombard(East)	malign (SCA+boot)	1.0000	1.0000	1.0000	1.0000	ok
BDPA Romance	terram	Italian	Lombard(West)	malign (SCA+boot)	1.0000	1.0000	1.0000	1.0000	ok
BDPA Romance	terram	Italian	Occitan	malign (SCA+boot)	1.0000	1.0000	1.0000	1.0000	ok
BDPA Romance	terram	Italian	Venetian	malign (SCA+boot)	1.0000	1.0000	1.0000	1.0000	ok
BDPA Romance	terram	Ladino	Ligurian	malign (SCA+boot)	1.0000	1.0000	1.0000	1.0000	ok
BDPA Romance	terram	Ladino	Lombard(East)	malign (SCA+boot)	1.0000	1.0000	1.0000	1.0000	ok
BDPA Romance	terram	Ladino	Lombard(West)	malign (SCA+boot)	1.0000	1.0000	1.0000	1.0000	ok
BDPA Romance	terram	Ladino	Occitan	malign (SCA+boot)	1.0000	1.0000	1.0000	1.0000	ok
BDPA Romance	terram	Ladino	Venetian	malign (SCA+boot)	1.0000	1.0000	1.0000	1.0000	ok
BDPA Romance	terram	Ligurian	Lombard(East)	malign (SCA+boot)	1.0000	1.0000	1.0000	1.0000	ok
BDPA Romance	terram	Ligurian	Lombard(West)	malign (SCA+boot)	1.0000	1.0000	1.0000	1.0000	ok
BDPA Romance	terram	Ligurian	Occitan	malign (SCA+boot)	1.0000	1.0000	1.0000	1.0000	ok
BDPA Romance	terram	Ligurian	Venetian	malign (SCA+boot)	1.0000	1.0000	1.0000	1.0000	ok
BDPA Romance	terram	Lombard(East)	Lombard(West)	malign (SCA+boot)	1.0000	1.0000	1.0000	1.0000	ok
BDPA Romance	terram	Lombard(East)	Occitan	malign (SCA+boot)	1.0000	1.0000	1.0000	1.0000	ok
BDPA Romance	terram	Lombard(East)	Venetian	malign (SCA+boot)	1.0000	1.0000	1.0000	1.0000	ok
BDPA Romance	terram	Lombard(West)	Occitan	malign (SCA+boot)	1.0000	1.0000	1.0000	1.0000	ok
BDPA Romance	terram	Lombard(West)	Venetian	malign (SCA+boot)	1.0000	1.0000	1.0000	1.0000	ok
BDPA Romance	terram	Occitan	Venetian	malign (SCA+boot)	1.0000	1.0000	1.0000	1.0000	ok
BDPA Romance	tres	French	Italian	malign (SCA+boot)	1.0000	1.0000	1.0000	1.0000	ok
BDPA Romance	tres	French	Ladino	malign (SCA+boot)	1.0000	1.0000	1.0000	1.0000	ok
BDPA Romance	tres	French	Ligurian	malign (SCA+boot)	1.0000	1.0000	1.0000	1.0000	ok
BDPA Romance	tres	French	Lombard(East)	malign (SCA+boot)	1.0000	1.0000	1.0000	1.0000	ok
BDPA Romance	tres	French	Lombard(West)	malign (SCA+boot)	1.0000	1.0000	1.0000	1.0000	ok
BDPA Romance	tres	French	Occitan	malign (SCA+boot)	1.0000	1.0000	1.0000	1.0000	ok
BDPA Romance	tres	French	Venetian	malign (SCA+boot)	1.0000	1.0000	1.0000	1.0000	ok
BDPA Romance	tres	Italian	Ladino	malign (SCA+boot)	1.0000	1.0000	1.0000	1.0000	ok
BDPA Romance	tres	Italian	Ligurian	malign (SCA+boot)	1.0000	1.0000	1.0000	1.0000	ok
BDPA Romance	tres	Italian	Lombard(East)	malign (SCA+boot)	1.0000	1.0000	1.0000	1.0000	ok
BDPA Romance	tres	Italian	Lombard(West)	malign (SCA+boot)	1.0000	1.0000	1.0000	1.0000	ok
BDPA Romance	tres	Italian	Occitan	malign (SCA+boot)	1.0000	1.0000	1.0000	1.0000	ok
BDPA Romance	tres	Italian	Venetian	malign (SCA+boot)	1.0000	1.0000	1.0000	1.0000	ok
BDPA Romance	tres	Ladino	Ligurian	malign (SCA+boot)	1.0000	1.0000	1.0000	1.0000	ok
BDPA Romance	tres	Ladino	Lombard(East)	malign (SCA+boot)	1.0000	1.0000	1.0000	1.0000	ok
BDPA Romance	tres	Ladino	Lombard(West)	malign (SCA+boot)	1.0000	1.0000	1.0000	1.0000	ok
BDPA Romance	tres	Ladino	Occitan	malign (SCA+boot)	1.0000	1.0000	1.0000	1.0000	ok
BDPA Romance	tres	Ladino	Venetian	malign (SCA+boot)	1.0000	1.0000	1.0000	1.0000	ok
BDPA Romance	tres	Ligurian	Lombard(East)	malign (SCA+boot)	1.0000	1.0000	1.0000	1.0000	ok
BDPA Romance	tres	Ligurian	Lombard(West)	malign (SCA+boot)	1.0000	1.0000	1.0000	1.0000	ok
BDPA Romance	tres	Ligurian	Occitan	malign (SCA+boot)	1.0000	1.0000	1.0000	1.0000	ok
BDPA Romance	tres	Ligurian	Venetian	malign (SCA+boot)	1.0000	1.0000	1.0000	1.0000	ok
BDPA Romance	tres	Lombard(East)	Lombard(West)	malign (SCA+boot)	1.0000	1.0000	1.0000	1.0000	ok
BDPA Romance	tres	Lombard(East)	Occitan	malign (SCA+boot)	1.0000	1.0000	1.0000	1.0000	ok
BDPA Romance	tres	Lombard(East)	Venetian	malign (SCA+boot)	1.0000	1.0000	1.0000	1.0000	ok
BDPA Romance	tres	Lombard(West)	Occitan	malign (SCA+boot)	1.0000	1.0000	1.0000	1.0000	ok
BDPA Romance	tres	Lombard(West)	Venetian	malign (SCA+boot)	1.0000	1.0000	1.0000	1.0000	ok
BDPA Romance	tres	Occitan	Venetian	malign (SCA+boot)	1.0000	1.0000	1.0000	1.0000	ok
BDPA Romance	ungulam	French	Italian	malign (SCA+boot)	1.0000	1.0000	1.0000	1.0000	ok
BDPA Romance	ungulam	French	Ladino	malign (SCA+boot)	0.6667	0.6667	0.6667	0.6667	ok
BDPA Romance	ungulam	French	Ligurian	malign (SCA+boot)					skipped
BDPA Romance	ungulam	French	Lombard(East)	malign (SCA+boot)					skipped
BDPA Romance	ungulam	French	Lombard(West)	malign (SCA+boot)					skipped
BDPA Romance	ungulam	French	Occitan	malign (SCA+boot)	1.0000	1.0000	1.0000	1.0000	ok
BDPA Romance	ungulam	French	Venetian	malign (SCA+boot)					skipped
BDPA Romance	ungulam	Italian	Ladino	malign (SCA+boot)	1.0000	1.0000	1.0000	1.0000	ok
BDPA Romance	ungulam	Italian	Ligurian	malign (SCA+boot)	1.0000	1.0000	1.0000	1.0000	ok
BDPA Romance	ungulam	Italian	Lombard(East)	malign (SCA+boot)	1.0000	1.0000	1.0000	1.0000	ok
BDPA Romance	ungulam	Italian	Lombard(West)	malign (SCA+boot)	1.0000	1.0000	1.0000	1.0000	ok
BDPA Romance	ungulam	Italian	Occitan	malign (SCA+boot)	1.0000	1.0000	1.0000	1.0000	ok
BDPA Romance	ungulam	Italian	Venetian	malign (SCA+boot)	1.0000	1.0000	1.0000	1.0000	ok
BDPA Romance	ungulam	Ladino	Ligurian	malign (SCA+boot)	1.0000	1.0000	1.0000	1.0000	ok
BDPA Romance	ungulam	Ladino	Lombard(East)	malign (SCA+boot)	1.0000	1.0000	1.0000	1.0000	ok
BDPA Romance	ungulam	Ladino	Lombard(West)	malign (SCA+boot)	1.0000	1.0000	1.0000	1.0000	ok
BDPA Romance	ungulam	Ladino	Occitan	malign (SCA+boot)	1.0000	1.0000	1.0000	1.0000	ok
BDPA Romance	ungulam	Ladino	Venetian	malign (SCA+boot)	1.0000	1.0000	1.0000	1.0000	ok
BDPA Romance	ungulam	Ligurian	Lombard(East)	malign (SCA+boot)	1.0000	1.0000	1.0000	1.0000	ok
BDPA Romance	ungulam	Ligurian	Lombard(West)	malign (SCA+boot)	1.0000	1.0000	1.0000	1.0000	ok
BDPA Romance	ungulam	Ligurian	Occitan	malign (SCA+boot)	1.0000	1.0000	1.0000	1.0000	ok
BDPA Romance	ungulam	Ligurian	Venetian	malign (SCA+boot)	1.0000	1.0000	1.0000	1.0000	ok
BDPA Romance	ungulam	Lombard(East)	Lombard(West)	malign (SCA+boot)	1.0000	1.0000	1.0000	1.0000	ok
BDPA Romance	ungulam	Lombard(East)	Occitan	malign (SCA+boot)	1.0000	1.0000	1.0000	1.0000	ok
BDPA Romance	ungulam	Lombard(East)	Venetian	malign (SCA+boot)	1.0000	1.0000	1.0000	1.0000	ok
BDPA Romance	ungulam	Lombard(West)	Occitan	malign (SCA+boot)	1.0000	1.0000	1.0000	1.0000	ok
BDPA Romance	ungulam	Lombard(West)	Venetian	malign (SCA+boot)	1.0000	1.0000	1.0000	1.0000	ok
BDPA Romance	ungulam	Occitan	Venetian	malign (SCA+boot)	1.0000	1.0000	1.0000	1.0000	ok
BDPA Romance	unum	French	Italian	malign (SCA+boot)	0.3333	0.3333	0.3333	0.3333	ok
BDPA Romance	unum	French	Ladino	malign (SCA+boot)	1.0000	1.0000	1.0000	1.0000	ok
BDPA Romance	unum	French	Ligurian	malign (SCA+boot)	1.0000	1.0000	1.0000	1.0000	ok
BDPA Romance	unum	French	Lombard(East)	malign (SCA+boot)	1.0000	1.0000	1.0000	1.0000	ok
BDPA Romance	unum	French	Lombard(West)	malign (SCA+boot)	1.0000	1.0000	1.0000	1.0000	ok
BDPA Romance	unum	French	Occitan	malign (SCA+boot)	1.0000	1.0000	1.0000	1.0000	ok
BDPA Romance	unum	French	Venetian	malign (SCA+boot)	0.3333	0.3333	0.3333	0.3333	ok
BDPA Romance	unum	Italian	Ladino	malign (SCA+boot)	1.0000	1.0000	1.0000	1.0000	ok
BDPA Romance	unum	Italian	Ligurian	malign (SCA+boot)	1.0000	1.0000	1.0000	1.0000	ok
BDPA Romance	unum	Italian	Lombard(East)	malign (SCA+boot)					skipped
BDPA Romance	unum	Italian	Lombard(West)	malign (SCA+boot)					skipped
BDPA Romance	unum	Italian	Occitan	malign (SCA+boot)	1.0000	1.0000	1.0000	1.0000	ok
BDPA Romance	unum	Italian	Venetian	malign (SCA+boot)	1.0000	1.0000	1.0000	1.0000	ok
BDPA Romance	unum	Ladino	Ligurian	malign (SCA+boot)	1.0000	1.0000	1.0000	1.0000	ok
BDPA Romance	unum	Ladino	Lombard(East)	malign (SCA+boot)	1.0000	1.0000	1.0000	1.0000	ok
BDPA Romance	unum	Ladino	Lombard(West)	malign (SCA+boot)	1.0000	1.0000	1.0000	1.0000	ok
BDPA Romance	unum	Ladino	Occitan	malign (SCA+boot)	1.0000	1.0000	1.0000	1.0000	ok
BDPA Romance	unum	Ladino	Venetian	malign (SCA+boot)	1.0000	1.0000	1.0000	1.0000	ok
BDPA Romance	unum	Ligurian	Lombard(East)	malign (SCA+boot)	1.0000	1.0000	1.0000	1.0000	ok
BDPA Romance	unum	Ligurian	Lombard(West)	malign (SCA+boot)	1.0000	1.0000	1.0000	1.0000	ok
BDPA Romance	unum	Ligurian	Occitan	malign (SCA+boot)	1.0000	1.0000	1.0000	1.0000	ok
BDPA Romance	unum	Ligurian	Venetian	malign (SCA+boot)	1.0000	1.0000	1.0000	1.0000	ok
BDPA Romance	unum	Lombard(East)	Lombard(West)	malign (SCA+boot)	1.0000	1.0000	1.0000	1.0000	ok
BDPA Romance	unum	Lombard(East)	Occitan	malign (SCA+boot)	1.0000	1.0000	1.0000	1.0000	ok
BDPA Romance	unum	Lombard(East)	Venetian	malign (SCA+boot)					skipped
BDPA Romance	unum	Lombard(West)	Occitan	malign (SCA+boot)	1.0000	1.0000	1.0000	1.0000	ok
BDPA Romance	unum	Lombard(West)	Venetian	malign (SCA+boot)					skipped
BDPA Romance	unum	Occitan	Venetian	malign (SCA+boot)	1.0000	1.0000	1.0000	1.0000	ok
BDPA Romance	aquam	French	Italian	malign (distfeat)	0.5000	0.5000	0.5000	0.5000	ok
BDPA Romance	aquam	French	Ladino	malign (distfeat)	0.5000	0.5000	0.5000	0.5000	ok
BDPA Romance	aquam	French	Ligurian	malign (distfeat)	0.5000	0.5000	0.5000	0.5000	ok
BDPA Romance	aquam	French	Lombard(East)	malign (distfeat)	0.5000	0.5000	0.5000	0.5000	ok
BDPA Romance	aquam	French	Lombard(West)	malign (distfeat)	0.5000	0.5000	0.5000	0.5000	ok
BDPA Romance	aquam	French	Occitan	malign (distfeat)	0.3333	0.3333	0.3333	0.3333	ok
BDPA Romance	aquam	French	Venetian	malign (distfeat)	0.5000	0.5000	0.5000	0.5000	ok
BDPA Romance	aquam	Italian	Ladino	malign (distfeat)					skipped
BDPA Romance	aquam	Italian	Ligurian	malign (distfeat)	1.0000	1.0000	1.0000	1.0000	ok
BDPA Romance	aquam	Italian	Lombard(East)	malign (distfeat)	1.0000	1.0000	1.0000	1.0000	ok
BDPA Romance	aquam	Italian	Lombard(West)	malign (distfeat)	1.0000	1.0000	1.0000	1.0000	ok
BDPA Romance	aquam	Italian	Occitan	malign (distfeat)	0.5000	0.5000	0.5000	0.5000	ok
BDPA Romance	aquam	Italian	Venetian	malign (distfeat)	1.0000	1.0000	1.0000	1.0000	ok
BDPA Romance	aquam	Ladino	Ligurian	malign (distfeat)					skipped
BDPA Romance	aquam	Ladino	Lombard(East)	malign (distfeat)					skipped
BDPA Romance	aquam	Ladino	Lombard(West)	malign (distfeat)					skipped
BDPA Romance	aquam	Ladino	Occitan	malign (distfeat)	0.5000	0.5000	0.5000	0.5000	ok
BDPA Romance	aquam	Ladino	Venetian	malign (distfeat)					skipped
BDPA Romance	aquam	Ligurian	Lombard(East)	malign (distfeat)	1.0000	1.0000	1.0000	1.0000	ok
BDPA Romance	aquam	Ligurian	Lombard(West)	malign (distfeat)	1.0000	1.0000	1.0000	1.0000	ok
BDPA Romance	aquam	Ligurian	Occitan	malign (distfeat)	1.0000	1.0000	1.0000	1.0000	ok
BDPA Romance	aquam	Ligurian	Venetian	malign (distfeat)	1.0000	1.0000	1.0000	1.0000	ok
BDPA Romance	aquam	Lombard(East)	Lombard(West)	malign (distfeat)	1.0000	1.0000	1.0000	1.0000	ok
BDPA Romance	aquam	Lombard(East)	Occitan	malign (distfeat)	0.5000	0.5000	0.5000	0.5000	ok
BDPA Romance	aquam	Lombard(East)	Venetian	malign (distfeat)	1.0000	1.0000	1.0000	1.0000	ok
BDPA Romance	aquam	Lombard(West)	Occitan	malign (distfeat)	0.5000	0.5000	0.5000	0.5000	ok
BDPA Romance	aquam	Lombard(West)	Venetian	malign (distfeat)	1.0000	1.0000	1.0000	1.0000	ok
BDPA Romance	aquam	Occitan	Venetian	malign (distfeat)	0.5000	0.5000	0.5000	0.5000	ok
BDPA Romance	auriculam	French	Italian	malign (distfeat)	1.0000	1.0000	1.0000	1.0000	ok
BDPA Romance	auriculam	French	Ladino	malign (distfeat)	1.0000	1.0000	1.0000	1.0000	ok
BDPA Romance	auriculam	French	Ligurian	malign (distfeat)					skipped
BDPA Romance	auriculam	French	Lombard(East)	malign (distfeat)	1.0000	1.0000	1.0000	1.0000	ok
BDPA Romance	auriculam	French	Lombard(West)	malign (distfeat)	1.0000	1.0000	1.0000	1.0000	ok
BDPA Romance	auriculam	French	Occitan	malign (distfeat)	1.0000	1.0000	1.0000	1.0000	ok
BDPA Romance	auriculam	French	Venetian	malign (distfeat)	0.2000	0.2000	0.2000	0.2000	ok
BDPA Romance	auriculam	Italian	Ladino	malign (distfeat)	1.0000	1.0000	1.0000	1.0000	ok
BDPA Romance	auriculam	Italian	Ligurian	malign (distfeat)	0.6667	0.6667	0.6667	0.6667	ok
BDPA Romance	auriculam	Italian	Lombard(East)	malign (distfeat)	1.0000	1.0000	1.0000	1.0000	ok
BDPA Romance	auriculam	Italian	Lombard(West)	malign (distfeat)	0.6667	0.6667	0.6667	0.6667	ok
BDPA Romance	auriculam	Italian	Occitan	malign (distfeat)	0.6667	0.6667	0.6667	0.6667	ok
BDPA Romance	auriculam	Italian	Venetian	malign (distfeat)	0.6667	0.6667	0.6667	0.6667	ok
BDPA Romance	auriculam	Ladino	Ligurian	malign (distfeat)	1.0000	1.0000	1.0000	1.0000	ok
BDPA Romance	auriculam	Ladino	Lombard(East)	malign (distfeat)	0.2857	0.2857	0.2857	0.2857	ok
BDPA Romance	auriculam	Ladino	Lombard(West)	malign (distfeat)	1.0000	1.0000	1.0000	1.0000	ok
BDPA Romance	auriculam	Ladino	Occitan	malign (distfeat)	0.7143	0.7143	0.7143	0.7143	ok
BDPA Romance	auriculam	Ladino	Venetian	malign (distfeat)	0.7143	0.7143	0.7143	0.7143	ok
BDPA Romance	auriculam	Ligurian	Lombard(East)	malign (distfeat)					skipped
BDPA Romance	auriculam	Ligurian	Lombard(West)	malign (distfeat)	1.0000	1.0000	1.0000	1.0000	ok
BDPA Romance	auriculam	Ligurian	Occitan	malign (distfeat)					skipped
BDPA Romance	auriculam	Ligurian	Venetian	malign (distfeat)	1.0000	1.0000	1.0000	1.0000	ok
BDPA Romance	auriculam	Lombard(East)	Lombard(West)	malign (distfeat)	1.0000	1.0000	1.0000	1.0000	ok
BDPA Romance	auriculam	Lombard(East)	Occitan	malign (distfeat)					skipped
BDPA Romance	auriculam	Lombard(East)	Venetian	malign (distfeat)	1.0000	1.0000	1.0000	1.0000	ok
BDPA Romance	auriculam	Lombard(West)	Occitan	malign (distfeat)					skipped
BDPA Romance	auriculam	Lombard(West)	Venetian	malign (distfeat)	1.0000	1.0000	1.0000	1.0000	ok
BDPA Romance	auriculam	Occitan	Venetian	malign (distfeat)					skipped
BDPA Romance	bestiam	French	Italian	malign (distfeat)	1.0000	1.0000	1.0000	1.0000	ok
BDPA Romance	bestiam	French	Ladino	malign (distfeat)					skipped
BDPA Romance	bestiam	French	Ligurian	malign (distfeat)	1.0000	1.0000	1.0000	1.0000	ok
BDPA Romance	bestiam	French	Lombard(East)	malign (distfeat)	1.0000	1.0000	1.0000	1.0000	ok
BDPA Romance	bestiam	French	Lombard(West)	malign (distfeat)	1.0000	1.0000	1.0000	1.0000	ok
BDPA Romance	bestiam	French	Occitan	malign (distfeat)	1.0000	1.0000	1.0000	1.0000	ok
BDPA Romance	bestiam	French	Venetian	malign (distfeat)	1.0000	1.0000	1.0000	1.0000	ok
BDPA Romance	bestiam	Italian	Ladino	malign (distfeat)					skipped
BDPA Romance	bestiam	Italian	Ligurian	malign (distfeat)	1.0000	1.0000	1.0000	1.0000	ok
BDPA Romance	bestiam	Italian	Lombard(East)	malign (distfeat)	1.0000	1.0000	1.0000	1.0000	ok
BDPA Romance	bestiam	Italian	Lombard(West)	malign (distfeat)	1.0000	1.0000	1.0000	1.0000	ok
BDPA Romance	bestiam	Italian	Occitan	malign (distfeat)	1.0000	1.0000	1.0000	1.0000	ok
BDPA Romance	bestiam	Italian	Venetian	malign (distfeat)	1.0000	1.0000	1.0000	1.0000	ok
BDPA Romance	bestiam	Ladino	Ligurian	malign (distfeat)					skipped
BDPA Romance	bestiam	Ladino	Lombard(East)	malign (distfeat)					skipped
BDPA Romance	bestiam	Ladino	Lombard(West)	malign (distfeat)					skipped
BDPA Romance	bestiam	Ladino	Occitan	malign (distfeat)					skipped
BDPA Romance	bestiam	Ladino	Venetian	malign (distfeat)					skipped
BDPA Romance	bestiam	Ligurian	Lombard(East)	malign (distfeat)	1.0000	1.0000	1.0000	1.0000	ok
BDPA Romance	bestiam	Ligurian	Lombard(West)	malign (distfeat)	1.0000	1.0000	1.0000	1.0000	ok
BDPA Romance	bestiam	Ligurian	Occitan	malign (distfeat)	1.0000	1.0000	1.0000	1.0000	ok
BDPA Romance	bestiam	Ligurian	Venetian	malign (distfeat)	1.0000	1.0000	1.0000	1.0000	ok
BDPA Romance	bestiam	Lombard(East)	Lombard(West)	malign (distfeat)	1.0000	1.0000	1.0000	1.0000	ok
BDPA Romance	bestiam	Lombard(East)	Occitan	malign (distfeat)	1.0000	1.0000	1.0000	1.0000	ok
BDPA Romance	bestiam	Lombard(East)	Venetian	malign (distfeat)	1.0000	1.0000	1.0000	1.0000	ok
BDPA Romance	bestiam	Lombard(West)	Occitan	malign (distfeat)	1.0000	1.0000	1.0000	1.0000	ok
BDPA Romance	bestiam	Lombard(West)	Venetian	malign (distfeat)	1.0000	1.0000	1.0000	1.0000	ok
BDPA Romance	bestiam	Occitan	Venetian	malign (distfeat)	1.0000	1.0000	1.0000	1.0000	ok
BDPA Romance	bracchium	French	Italian	malign (distfeat)	1.0000	1.0000	1.0000	1.0000	ok
BDPA Romance	bracchium	French	Ladino	malign (distfeat)	1.0000	1.0000	1.0000	1.0000	ok
BDPA Romance	bracchium	French	Ligurian	malign (distfeat)	1.0000	1.0000	1.0000	1.0000	ok
BDPA Romance	bracchium	French	Lombard(East)	malign (distfeat)	1.0000	1.0000	1.0000	1.0000	ok
BDPA Romance	bracchium	French	Lombard(West)	malign (distfeat)	1.0000	1.0000	1.0000	1.0000	ok
BDPA Romance	bracchium	French	Occitan	malign (distfeat)	1.0000	1.0000	1.0000	1.0000	ok
BDPA Romance	bracchium	French	Venetian	malign (distfeat)	1.0000	1.0000	1.0000	1.0000	ok
BDPA Romance	bracchium	Italian	Ladino	malign (distfeat)	1.0000	1.0000	1.0000	1.0000	ok
BDPA Romance	bracchium	Italian	Ligurian	malign (distfeat)	0.6667	0.6667	0.6667	0.6667	ok
BDPA Romance	bracchium	Italian	Lombard(East)	malign (distfeat)	0.6667	0.6667	0.6667	0.6667	ok
BDPA Romance	bracchium	Italian	Lombard(West)	malign (distfeat)	0.6667	0.6667	0.6667	0.6667	ok
BDPA Romance	bracchium	Italian	Occitan	malign (distfeat)	0.6667	0.6667	0.6667	0.6667	ok
BDPA Romance	bracchium	Italian	Venetian	malign (distfeat)	0.6667	0.6667	0.6667	0.6667	ok
BDPA Romance	bracchium	Ladino	Ligurian	malign (distfeat)	1.0000	1.0000	1.0000	1.0000	ok
BDPA Romance	bracchium	Ladino	Lombard(East)	malign (distfeat)	1.0000	1.0000	1.0000	1.0000	ok
BDPA Romance	bracchium	Ladino	Lombard(West)	malign (distfeat)	1.0000	1.0000	1.0000	1.0000	ok
BDPA Romance	bracchium	Ladino	Occitan	malign (distfeat)	1.0000	1.0000	1.0000	1.0000	ok
BDPA Romance	bracchium	Ladino	Venetian	malign (distfeat)	1.0000	1.0000	1.0000	1.0000	ok
BDPA Romance	bracchium	Ligurian	Lombard(East)	malign (distfeat)	1.0000	1.0000	1.0000	1.0000	ok
BDPA Romance	bracchium	Ligurian	Lombard(West)	malign (distfeat)	1.0000	1.0000	1.0000	1.0000	ok
BDPA Romance	bracchium	Ligurian	Occitan	malign (distfeat)	1.0000	1.0000	1.0000	1.0000	ok
BDPA Romance	bracchium	Ligurian	Venetian	malign (distfeat)	1.0000	1.0000	1.0000	1.0000	ok
BDPA Romance	bracchium	Lombard(East)	Lombard(West)	malign (distfeat)	1.0000	1.0000	1.0000	1.0000	ok
BDPA Romance	bracchium	Lombard(East)	Occitan	malign (distfeat)	1.0000	1.0000	1.0000	1.0000	ok
BDPA Romance	bracchium	Lombard(East)	Venetian	malign (distfeat)	1.0000	1.0000	1.0000	1.0000	ok
BDPA Romance	bracchium	Lombard(West)	Occitan	malign (distfeat)	1.0000	1.0000	1.0000	1.0000	ok
BDPA Romance	bracchium	Lombard(West)	Venetian	malign (distfeat)	1.0000	1.0000	1.0000	1.0000	ok
BDPA Romance	bracchium	Occitan	Venetian	malign (distfeat)	1.0000	1.0000	1.0000	1.0000	ok
BDPA Romance	caelum	French	Italian	malign (distfeat)					skipped
BDPA Romance	caelum	French	Ladino	malign (distfeat)	0.5000	0.5000	0.5000	0.5000	ok
BDPA Romance	caelum	French	Ligurian	malign (distfeat)	1.0000	1.0000	1.0000	1.0000	ok
BDPA Romance	caelum	French	Lombard(East)	malign (distfeat)	1.0000	1.0000	1.0000	1.0000	ok
BDPA Romance	caelum	French	Lombard(West)	malign (distfeat)	1.0000	1.0000	1.0000	1.0000	ok
BDPA Romance	caelum	French	Occitan	malign (distfeat)	1.0000	1.0000	1.0000	1.0000	ok
BDPA Romance	caelum	French	Venetian	malign (distfeat)					skipped
BDPA Romance	caelum	Italian	Ladino	malign (distfeat)	1.0000	1.0000	1.0000	1.0000	ok
BDPA Romance	caelum	Italian	Ligurian	malign (distfeat)	0.2500	0.2500	0.2500	0.2500	ok
BDPA Romance	caelum	Italian	Lombard(East)	malign (distfeat)	1.0000	1.0000	1.0000	1.0000	ok
BDPA Romance	caelum	Italian	Lombard(West)	malign (distfeat)	1.0000	1.0000	1.0000	1.0000	ok
BDPA Romance	caelum	Italian	Occitan	malign (distfeat)	0.0000	0.0000	0.0000	0.0000	ok
BDPA Romance	caelum	Italian	Venetian	malign (distfeat)	0.2500	0.2500	0.2500	0.2500	ok
BDPA Romance	caelum	Ladino	Ligurian	malign (distfeat)	0.3333	0.3333	0.3333	0.3333	ok
BDPA Romance	caelum	Ladino	Lombard(East)	malign (distfeat)	1.0000	1.0000	1.0000	1.0000	ok
BDPA Romance	caelum	Ladino	Lombard(West)	malign (distfeat)	1.0000	1.0000	1.0000	1.0000	ok
BDPA Romance	caelum	Ladino	Occitan	malign (distfeat)	1.0000	1.0000	1.0000	1.0000	ok
BDPA Romance	caelum	Ladino	Venetian	malign (distfeat)					skipped
BDPA Romance	caelum	Ligurian	Lombard(East)	malign (distfeat)	0.0000	0.0000	0.0000	0.0000	ok
BDPA Romance	caelum	Ligurian	Lombard(West)	malign (distfeat)	0.0000	0.0000	0.0000	0.0000	ok
BDPA Romance	caelum	Ligurian	Occitan	malign (distfeat)	1.0000	1.0000	1.0000	1.0000	ok
BDPA Romance	caelum	Ligurian	Venetian	malign (distfeat)	1.0000	1.0000	1.0000	1.0000	ok
BDPA Romance	caelum	Lombard(East)	Lombard(West)	malign (distfeat)	1.0000	1.0000	1.0000	1.0000	ok
BDPA Romance	caelum	Lombard(East)	Occitan	malign (distfeat)	1.0000	1.0000	1.0000	1.0000	ok
BDPA Romance	caelum	Lombard(East)	Venetian	malign (distfeat)					skipped
BDPA Romance	caelum	Lombard(West)	Occitan	malign (distfeat)	1.0000	1.0000	1.0000	1.0000	ok
BDPA Romance	caelum	Lombard(West)	Venetian	malign (distfeat)					skipped
BDPA Romance	caelum	Occitan	Venetian	malign (distfeat)					skipped
BDPA Romance	capram	French	Italian	malign (distfeat)	0.4000	0.4000	0.4000	0.4000	ok
BDPA Romance	capram	French	Ladino	malign (distfeat)					skipped
BDPA Romance	capram	French	Ligurian	malign (distfeat)					skipped
BDPA Romance	capram	French	Lombard(East)	malign (distfeat)	1.0000	1.0000	1.0000	1.0000	ok
BDPA Romance	capram	French	Lombard(West)	malign (distfeat)	0.5000	0.5000	0.5000	0.5000	ok
BDPA Romance	capram	French	Occitan	malign (distfeat)	0.0000	0.0000	0.0000	0.0000	ok
BDPA Romance	capram	French	Venetian	malign (distfeat)	0.4000	0.4000	0.4000	0.4000	ok
BDPA Romance	capram	Italian	Ladino	malign (distfeat)	1.0000	1.0000	1.0000	1.0000	ok
BDPA Romance	capram	Italian	Ligurian	malign (distfeat)					skipped
BDPA Romance	capram	Italian	Lombard(East)	malign (distfeat)	1.0000	1.0000	1.0000	1.0000	ok
BDPA Romance	capram	Italian	Lombard(West)	malign (distfeat)	1.0000	1.0000	1.0000	1.0000	ok
BDPA Romance	capram	Italian	Occitan	malign (distfeat)	1.0000	1.0000	1.0000	1.0000	ok
BDPA Romance	capram	Italian	Venetian	malign (distfeat)	1.0000	1.0000	1.0000	1.0000	ok
BDPA Romance	capram	Ladino	Ligurian	malign (distfeat)					skipped
BDPA Romance	capram	Ladino	Lombard(East)	malign (distfeat)	0.6000	0.6000	0.6000	0.6000	ok
BDPA Romance	capram	Ladino	Lombard(West)	malign (distfeat)	0.6667	0.6667	0.6667	0.6667	ok
BDPA Romance	capram	Ladino	Occitan	malign (distfeat)	1.0000	1.0000	1.0000	1.0000	ok
BDPA Romance	capram	Ladino	Venetian	malign (distfeat)	1.0000	1.0000	1.0000	1.0000	ok
BDPA Romance	capram	Ligurian	Lombard(East)	malign (distfeat)					skipped
BDPA Romance	capram	Ligurian	Lombard(West)	malign (distfeat)	0.6667	0.6667	0.6667	0.6667	ok
BDPA Romance	capram	Ligurian	Occitan	malign (distfeat)					skipped
BDPA Romance	capram	Ligurian	Venetian	malign (distfeat)					skipped
BDPA Romance	capram	Lombard(East)	Lombard(West)	malign (distfeat)	0.5000	0.5000	0.5000	0.5000	ok
BDPA Romance	capram	Lombard(East)	Occitan	malign (distfeat)	1.0000	1.0000	1.0000	1.0000	ok
BDPA Romance	capram	Lombard(East)	Venetian	malign (distfeat)	1.0000	1.0000	1.0000	1.0000	ok
BDPA Romance	capram	Lombard(West)	Occitan	malign (distfeat)	1.0000	1.0000	1.0000	1.0000	ok
BDPA Romance	capram	Lombard(West)	Venetian	malign (distfeat)	1.0000	1.0000	1.0000	1.0000	ok
BDPA Romance	capram	Occitan	Venetian	malign (distfeat)	1.0000	1.0000	1.0000	1.0000	ok
BDPA Romance	cornu	French	Italian	malign (distfeat)	1.0000	1.0000	1.0000	1.0000	ok
BDPA Romance	cornu	French	Ladino	malign (distfeat)	1.0000	1.0000	1.0000	1.0000	ok
BDPA Romance	cornu	French	Ligurian	malign (distfeat)	1.0000	1.0000	1.0000	1.0000	ok
BDPA Romance	cornu	French	Lombard(East)	malign (distfeat)	1.0000	1.0000	1.0000	1.0000	ok
BDPA Romance	cornu	French	Lombard(West)	malign (distfeat)	1.0000	1.0000	1.0000	1.0000	ok
BDPA Romance	cornu	French	Occitan	malign (distfeat)	1.0000	1.0000	1.0000	1.0000	ok
BDPA Romance	cornu	French	Venetian	malign (distfeat)	1.0000	1.0000	1.0000	1.0000	ok
BDPA Romance	cornu	Italian	Ladino	malign (distfeat)	1.0000	1.0000	1.0000	1.0000	ok
BDPA Romance	cornu	Italian	Ligurian	malign (distfeat)	1.0000	1.0000	1.0000	1.0000	ok
BDPA Romance	cornu	Italian	Lombard(East)	malign (distfeat)					skipped
BDPA Romance	cornu	Italian	Lombard(West)	malign (distfeat)	1.0000	1.0000	1.0000	1.0000	ok
BDPA Romance	cornu	Italian	Occitan	malign (distfeat)	1.0000	1.0000	1.0000	1.0000	ok
BDPA Romance	cornu	Italian	Venetian	malign (distfeat)	1.0000	1.0000	1.0000	1.0000	ok
BDPA Romance	cornu	Ladino	Ligurian	malign (distfeat)	1.0000	1.0000	1.0000	1.0000	ok
BDPA Romance	cornu	Ladino	Lombard(East)	malign (distfeat)	1.0000	1.0000	1.0000	1.0000	ok
BDPA Romance	cornu	Ladino	Lombard(West)	malign (distfeat)	1.0000	1.0000	1.0000	1.0000	ok
BDPA Romance	cornu	Ladino	Occitan	malign (distfeat)	1.0000	1.0000	1.0000	1.0000	ok
BDPA Romance	cornu	Ladino	Venetian	malign (distfeat)	1.0000	1.0000	1.0000	1.0000	ok
BDPA Romance	cornu	Ligurian	Lombard(East)	malign (distfeat)					skipped
BDPA Romance	cornu	Ligurian	Lombard(West)	malign (distfeat)	1.0000	1.0000	1.0000	1.0000	ok
BDPA Romance	cornu	Ligurian	Occitan	malign (distfeat)	1.0000	1.0000	1.0000	1.0000	ok
BDPA Romance	cornu	Ligurian	Venetian	malign (distfeat)	1.0000	1.0000	1.0000	1.0000	ok
BDPA Romance	cornu	Lombard(East)	Lombard(West)	malign (distfeat)					skipped
BDPA Romance	cornu	Lombard(East)	Occitan	malign (distfeat)	1.0000	1.0000	1.0000	1.0000	ok
BDPA Romance	cornu	Lombard(East)	Venetian	malign (distfeat)					skipped
BDPA Romance	cornu	Lombard(West)	Occitan	malign (distfeat)	1.0000	1.0000	1.0000	1.0000	ok
BDPA Romance	cornu	Lombard(West)	Venetian	malign (distfeat)	1.0000	1.0000	1.0000	1.0000	ok
BDPA Romance	cornu	Occitan	Venetian	malign (distfeat)	1.0000	1.0000	1.0000	1.0000	ok
BDPA Romance	decem	French	Italian	malign (distfeat)	0.6000	0.6000	0.6000	0.6000	ok
BDPA Romance	decem	French	Ladino	malign (distfeat)	1.0000	1.0000	1.0000	1.0000	ok
BDPA Romance	decem	French	Ligurian	malign (distfeat)	0.5000	0.5000	0.5000	0.5000	ok
BDPA Romance	decem	French	Lombard(East)	malign (distfeat)	1.0000	1.0000	1.0000	1.0000	ok
BDPA Romance	decem	French	Lombard(West)	malign (distfeat)	1.0000	1.0000	1.0000	1.0000	ok
BDPA Romance	decem	French	Occitan	malign (distfeat)	1.0000	1.0000	1.0000	1.0000	ok
BDPA Romance	decem	French	Venetian	malign (distfeat)	1.0000	1.0000	1.0000	1.0000	ok
BDPA Romance	decem	Italian	Ladino	malign (distfeat)	0.6000	0.6000	0.6000	0.6000	ok
BDPA Romance	decem	Italian	Ligurian	malign (distfeat)	0.4000	0.4000	0.4000	0.4000	ok
BDPA Romance	decem	Italian	Lombard(East)	malign (distfeat)	0.6000	0.6000	0.6000	0.6000	ok
BDPA Romance	decem	Italian	Lombard(West)	malign (distfeat)	0.6000	0.6000	0.6000	0.6000	ok
BDPA Romance	decem	Italian	Occitan	malign (distfeat)	1.0000	1.0000	1.0000	1.0000	ok
BDPA Romance	decem	Italian	Venetian	malign (distfeat)	0.4000	0.4000	0.4000	0.4000	ok
BDPA Romance	decem	Ladino	Ligurian	malign (distfeat)					skipped
BDPA Romance	decem	Ladino	Lombard(East)	malign (distfeat)	1.0000	1.0000	1.0000	1.0000	ok
BDPA Romance	decem	Ladino	Lombard(West)	malign (distfeat)	1.0000	1.0000	1.0000	1.0000	ok
BDPA Romance	decem	Ladino	Occitan	malign (distfeat)	1.0000	1.0000	1.0000	1.0000	ok
BDPA Romance	decem	Ladino	Venetian	malign (distfeat)					skipped
BDPA Romance	decem	Ligurian	Lombard(East)	malign (distfeat)	0.5000	0.5000	0.5000	0.5000	ok
BDPA Romance	decem	Ligurian	Lombard(West)	malign (distfeat)	0.5000	0.5000	0.5000	0.5000	ok
BDPA Romance	decem	Ligurian	Occitan	malign (distfeat)	0.5000	0.5000	0.5000	0.5000	ok
BDPA Romance	decem	Ligurian	Venetian	malign (distfeat)	1.0000	1.0000	1.0000	1.0000	ok
BDPA Romance	decem	Lombard(East)	Lombard(West)	malign (distfeat)	1.0000	1.0000	1.0000	1.0000	ok
BDPA Romance	decem	Lombard(East)	Occitan	malign (distfeat)	1.0000	1.0000	1.0000	1.0000	ok
BDPA Romance	decem	Lombard(East)	Venetian	malign (distfeat)	0.5000	0.5000	0.5000	0.5000	ok
BDPA Romance	decem	Lombard(West)	Occitan	malign (distfeat)	1.0000	1.0000	1.0000	1.0000	ok
BDPA Romance	decem	Lombard(West)	Venetian	malign (distfeat)	1.0000	1.0000	1.0000	1.0000	ok
BDPA Romance	decem	Occitan	Venetian	malign (distfeat)	0.5000	0.5000	0.5000	0.5000	ok
BDPA Romance	dentem	French	Italian	malign (distfeat)	1.0000	1.0000	1.0000	1.0000	ok
BDPA Romance	dentem	French	Ladino	malign (distfeat)	1.0000	1.0000	1.0000	1.0000	ok
BDPA Romance	dentem	French	Ligurian	malign (distfeat)	0.6000	0.6000	0.6000	0.6000	ok
BDPA Romance	dentem	French	Lombard(East)	malign (distfeat)	1.0000	1.0000	1.0000	1.0000	ok
BDPA Romance	dentem	French	Lombard(West)	malign (distfeat)	0.5000	0.5000	0.5000	0.5000	ok
BDPA Romance	dentem	French	Occitan	malign (distfeat)	1.0000	1.0000	1.0000	1.0000	ok
BDPA Romance	dentem	French	Venetian	malign (distfeat)	1.0000	1.0000	1.0000	1.0000	ok
BDPA Romance	dentem	Italian	Ladino	malign (distfeat)	1.0000	1.0000	1.0000	1.0000	ok
BDPA Romance	dentem	Italian	Ligurian	malign (distfeat)	1.0000	1.0000	1.0000	1.0000	ok
BDPA Romance	dentem	Italian	Lombard(East)	malign (distfeat)	1.0000	1.0000	1.0000	1.0000	ok
BDPA Romance	dentem	Italian	Lombard(West)	malign (distfeat)	1.0000	1.0000	1.0000	1.0000	ok
BDPA Romance	dentem	Italian	Occitan	malign (distfeat)	1.0000	1.0000	1.0000	1.0000	ok
BDPA Romance	dentem	Italian	Venetian	malign (distfeat)	1.0000	1.0000	1.0000	1.0000	ok
BDPA Romance	dentem	Ladino	Ligurian	malign (distfeat)	1.0000	1.0000	1.0000	1.0000	ok
BDPA Romance	dentem	Ladino	Lombard(East)	malign (distfeat)	1.0000	1.0000	1.0000	1.0000	ok
BDPA Romance	dentem	Ladino	Lombard(West)	malign (distfeat)	1.0000	1.0000	1.0000	1.0000	ok
BDPA Romance	dentem	Ladino	Occitan	malign (distfeat)	1.0000	1.0000	1.0000	1.0000	ok
BDPA Romance	dentem	Ladino	Venetian	malign (distfeat)	1.0000	1.0000	1.0000	1.0000	ok
BDPA Romance	dentem	Ligurian	Lombard(East)	malign (distfeat)	1.0000	1.0000	1.0000	1.0000	ok
BDPA Romance	dentem	Ligurian	Lombard(West)	malign (distfeat)	1.0000	1.0000	1.0000	1.0000	ok
BDPA Romance	dentem	Ligurian	Occitan	malign (distfeat)	1.0000	1.0000	1.0000	1.0000	ok
BDPA Romance	dentem	Ligurian	Venetian	malign (distfeat)	1.0000	1.0000	1.0000	1.0000	ok
BDPA Romance	dentem	Lombard(East)	Lombard(West)	malign (distfeat)	0.5000	0.5000	0.5000	0.5000	ok
BDPA Romance	dentem	Lombard(East)	Occitan	malign (distfeat)	1.0000	1.0000	1.0000	1.0000	ok
BDPA Romance	dentem	Lombard(East)	Venetian	malign (distfeat)	1.0000	1.0000	1.0000	1.0000	ok
BDPA Romance	dentem	Lombard(West)	Occitan	malign (distfeat)	1.0000	1.0000	1.0000	1.0000	ok
BDPA Romance	dentem	Lombard(West)	Venetian	malign (distfeat)	1.0000	1.0000	1.0000	1.0000	ok
BDPA Romance	dentem	Occitan	Venetian	malign (distfeat)	1.0000	1.0000	1.0000	1.0000	ok
BDPA Romance	digitum	French	Italian	malign (distfeat)					skipped
BDPA Romance	digitum	French	Ladino	malign (distfeat)					skipped
BDPA Romance	digitum	French	Ligurian	malign (distfeat)					skipped
BDPA Romance	digitum	French	Lombard(East)	malign (distfeat)					skipped
BDPA Romance	digitum	French	Lombard(West)	malign (distfeat)					skipped
BDPA Romance	digitum	French	Occitan	malign (distfeat)	1.0000	1.0000	1.0000	1.0000	ok
BDPA Romance	digitum	French	Venetian	malign (distfeat)					skipped
BDPA Romance	digitum	Italian	Ladino	malign (distfeat)	1.0000	1.0000	1.0000	1.0000	ok
BDPA Romance	digitum	Italian	Ligurian	malign (distfeat)	1.0000	1.0000	1.0000	1.0000	ok
BDPA Romance	digitum	Italian	Lombard(East)	malign (distfeat)	1.0000	1.0000	1.0000	1.0000	ok
BDPA Romance	digitum	Italian	Lombard(West)	malign (distfeat)	1.0000	1.0000	1.0000	1.0000	ok
BDPA Romance	digitum	Italian	Occitan	malign (distfeat)	1.0000	1.0000	1.0000	1.0000	ok
BDPA Romance	digitum	Italian	Venetian	malign (distfeat)	1.0000	1.0000	1.0000	1.0000	ok
BDPA Romance	digitum	Ladino	Ligurian	malign (distfeat)					skipped
BDPA Romance	digitum	Ladino	Lombard(East)	malign (distfeat)	1.0000	1.0000	1.0000	1.0000	ok
BDPA Romance	digitum	Ladino	Lombard(West)	malign (distfeat)	1.0000	1.0000	1.0000	1.0000	ok
BDPA Romance	digitum	Ladino	Occitan	malign (distfeat)	0.3333	0.3333	0.3333	0.3333	ok
BDPA Romance	digitum	Ladino	Venetian	malign (distfeat)					skipped
BDPA Romance	digitum	Ligurian	Lombard(East)	malign (distfeat)					skipped
BDPA Romance	digitum	Ligurian	Lombard(West)	malign (distfeat)					skipped
BDPA Romance	digitum	Ligurian	Occitan	malign (distfeat)	1.0000	1.0000	1.0000	1.0000	ok
BDPA Romance	digitum	Ligurian	Venetian	malign (distfeat)	1.0000	1.0000	1.0000	1.0000	ok
BDPA Romance	digitum	Lombard(East)	Lombard(West)	malign (distfeat)	1.0000	1.0000	1.0000	1.0000	ok
BDPA Romance	digitum	Lombard(East)	Occitan	malign (distfeat)	1.0000	1.0000	1.0000	1.0000	ok
BDPA Romance	digitum	Lombard(East)	Venetian	malign (distfeat)					skipped
BDPA Romance	digitum	Lombard(West)	Occitan	malign (distfeat)	1.0000	1.0000	1.0000	1.0000	ok
BDPA Romance	digitum	Lombard(West)	Venetian	malign (distfeat)					skipped
BDPA Romance	digitum	Occitan	Venetian	malign (distfeat)	1.0000	1.0000	1.0000	1.0000	ok
BDPA Romance	duo	French	Italian	malign (distfeat)	1.0000	1.0000	1.0000	1.0000	ok
BDPA Romance	duo	French	Ladino	malign (distfeat)	1.0000	1.0000	1.0000	1.0000	ok
BDPA Romance	duo	French	Ligurian	malign (distfeat)	1.0000	1.0000	1.0000	1.0000	ok
BDPA Romance	duo	French	Lombard(East)	malign (distfeat)	1.0000	1.0000	1.0000	1.0000	ok
BDPA Romance	duo	French	Lombard(West)	malign (distfeat)	1.0000	1.0000	1.0000	1.0000	ok
BDPA Romance	duo	French	Occitan	malign (distfeat)	1.0000	1.0000	1.0000	1.0000	ok
BDPA Romance	duo	French	Venetian	malign (distfeat)	1.0000	1.0000	1.0000	1.0000	ok
BDPA Romance	duo	Italian	Ladino	malign (distfeat)	1.0000	1.0000	1.0000	1.0000	ok
BDPA Romance	duo	Italian	Ligurian	malign (distfeat)	1.0000	1.0000	1.0000	1.0000	ok
BDPA Romance	duo	Italian	Lombard(East)	malign (distfeat)	1.0000	1.0000	1.0000	1.0000	ok
BDPA Romance	duo	Italian	Lombard(West)	malign (distfeat)	1.0000	1.0000	1.0000	1.0000	ok
BDPA Romance	duo	Italian	Occitan	malign (distfeat)	1.0000	1.0000	1.0000	1.0000	ok
BDPA Romance	duo	Italian	Venetian	malign (distfeat)	1.0000	1.0000	1.0000	1.0000	ok
BDPA Romance	duo	Ladino	Ligurian	malign (distfeat)	1.0000	1.0000	1.0000	1.0000	ok
BDPA Romance	duo	Ladino	Lombard(East)	malign (distfeat)	1.0000	1.0000	1.0000	1.0000	ok
BDPA Romance	duo	Ladino	Lombard(West)	malign (distfeat)	1.0000	1.0000	1.0000	1.0000	ok
BDPA Romance	duo	Ladino	Occitan	malign (distfeat)	1.0000	1.0000	1.0000	1.0000	ok
BDPA Romance	duo	Ladino	Venetian	malign (distfeat)	1.0000	1.0000	1.0000	1.0000	ok
BDPA Romance	duo	Ligurian	Lombard(East)	malign (distfeat)	1.0000	1.0000	1.0000	1.0000	ok
BDPA Romance	duo	Ligurian	Lombard(West)	malign (distfeat)	1.0000	1.0000	1.0000	1.0000	ok
BDPA Romance	duo	Ligurian	Occitan	malign (distfeat)	1.0000	1.0000	1.0000	1.0000	ok
BDPA Romance	duo	Ligurian	Venetian	malign (distfeat)	1.0000	1.0000	1.0000	1.0000	ok
BDPA Romance	duo	Lombard(East)	Lombard(West)	malign (distfeat)	1.0000	1.0000	1.0000	1.0000	ok
BDPA Romance	duo	Lombard(East)	Occitan	malign (distfeat)	1.0000	1.0000	1.0000	1.0000	ok
BDPA Romance	duo	Lombard(East)	Venetian	malign (distfeat)	1.0000	1.0000	1.0000	1.0000	ok
BDPA Romance	duo	Lombard(West)	Occitan	malign (distfeat)	1.0000	1.0000	1.0000	1.0000	ok
BDPA Romance	duo	Lombard(West)	Venetian	malign (distfeat)	1.0000	1.0000	1.0000	1.0000	ok
BDPA Romance	duo	Occitan	Venetian	malign (distfeat)	1.0000	1.0000	1.0000	1.0000	ok
BDPA Romance	lacrimam	French	Italian	malign (distfeat)	1.0000	1.0000	1.0000	1.0000	ok
BDPA Romance	lacrimam	French	Ladino	malign (distfeat)	1.0000	1.0000	1.0000	1.0000	ok
BDPA Romance	lacrimam	French	Ligurian	malign (distfeat)	1.0000	1.0000	1.0000	1.0000	ok
BDPA Romance	lacrimam	French	Lombard(East)	malign (distfeat)	1.0000	1.0000	1.0000	1.0000	ok
BDPA Romance	lacrimam	French	Lombard(West)	malign (distfeat)	1.0000	1.0000	1.0000	1.0000	ok
BDPA Romance	lacrimam	French	Occitan	malign (distfeat)					skipped
BDPA Romance	lacrimam	French	Venetian	malign (distfeat)	1.0000	1.0000	1.0000	1.0000	ok
BDPA Romance	lacrimam	Italian	Ladino	malign (distfeat)	1.0000	1.0000	1.0000	1.0000	ok
BDPA Romance	lacrimam	Italian	Ligurian	malign (distfeat)	1.0000	1.0000	1.0000	1.0000	ok
BDPA Romance	lacrimam	Italian	Lombard(East)	malign (distfeat)	1.0000	1.0000	1.0000	1.0000	ok
BDPA Romance	lacrimam	Italian	Lombard(West)	malign (distfeat)	1.0000	1.0000	1.0000	1.0000	ok
BDPA Romance	lacrimam	Italian	Occitan	malign (distfeat)	0.7143	0.7143	0.7143	0.7143	ok
BDPA Romance	lacrimam	Italian	Venetian	malign (distfeat)	1.0000	1.0000	1.0000	1.0000	ok
BDPA Romance	lacrimam	Ladino	Ligurian	malign (distfeat)	1.0000	1.0000	1.0000	1.0000	ok
BDPA Romance	lacrimam	Ladino	Lombard(East)	malign (distfeat)	1.0000	1.0000	1.0000	1.0000	ok
BDPA Romance	lacrimam	Ladino	Lombard(West)	malign (distfeat)	1.0000	1.0000	1.0000	1.0000	ok
BDPA Romance	lacrimam	Ladino	Occitan	malign (distfeat)	0.7143	0.7143	0.7143	0.7143	ok
BDPA Romance	lacrimam	Ladino	Venetian	malign (distfeat)	1.0000	1.0000	1.0000	1.0000	ok
BDPA Romance	lacrimam	Ligurian	Lombard(East)	malign (distfeat)	1.0000	1.0000	1.0000	1.0000	ok
BDPA Romance	lacrimam	Ligurian	Lombard(West)	malign (distfeat)	1.0000	1.0000	1.0000	1.0000	ok
BDPA Romance	lacrimam	Ligurian	Occitan	malign (distfeat)	1.0000	1.0000	1.0000	1.0000	ok
BDPA Romance	lacrimam	Ligurian	Venetian	malign (distfeat)	1.0000	1.0000	1.0000	1.0000	ok
BDPA Romance	lacrimam	Lombard(East)	Lombard(West)	malign (distfeat)	1.0000	1.0000	1.0000	1.0000	ok
BDPA Romance	lacrimam	Lombard(East)	Occitan	malign (distfeat)	0.7500	0.7500	0.7500	0.7500	ok
BDPA Romance	lacrimam	Lombard(East)	Venetian	malign (distfeat)	1.0000	1.0000	1.0000	1.0000	ok
BDPA Romance	lacrimam	Lombard(West)	Occitan	malign (distfeat)	0.7143	0.7143	0.7143	0.7143	ok
BDPA Romance	lacrimam	Lombard(West)	Venetian	malign (distfeat)	1.0000	1.0000	1.0000	1.0000	ok
BDPA Romance	lacrimam	Occitan	Venetian	malign (distfeat)	1.0000	1.0000	1.0000	1.0000	ok
BDPA Romance	lanam	French	Italian	malign (distfeat)	1.0000	1.0000	1.0000	1.0000	ok
BDPA Romance	lanam	French	Ladino	malign (distfeat)	1.0000	1.0000	1.0000	1.0000	ok
BDPA Romance	lanam	French	Ligurian	malign (distfeat)	1.0000	1.0000	1.0000	1.0000	ok
BDPA Romance	lanam	French	Lombard(East)	malign (distfeat)	1.0000	1.0000	1.0000	1.0000	ok
BDPA Romance	lanam	French	Lombard(West)	malign (distfeat)	1.0000	1.0000	1.0000	1.0000	ok
BDPA Romance	lanam	French	Occitan	malign (distfeat)					skipped
BDPA Romance	lanam	French	Venetian	malign (distfeat)	1.0000	1.0000	1.0000	1.0000	ok
BDPA Romance	lanam	Italian	Ladino	malign (distfeat)	1.0000	1.0000	1.0000	1.0000	ok
BDPA Romance	lanam	Italian	Ligurian	malign (distfeat)	1.0000	1.0000	1.0000	1.0000	ok
BDPA Romance	lanam	Italian	Lombard(East)	malign (distfeat)	1.0000	1.0000	1.0000	1.0000	ok
BDPA Romance	lanam	Italian	Lombard(West)	malign (distfeat)	1.0000	1.0000	1.0000	1.0000	ok
BDPA Romance	lanam	Italian	Occitan	malign (distfeat)	0.5000	0.5000	0.5000	0.5000	ok
BDPA Romance	lanam	Italian	Venetian	malign (distfeat)	1.0000	1.0000	1.0000	1.0000	ok
BDPA Romance	lanam	Ladino	Ligurian	malign (distfeat)	1.0000	1.0000	1.0000	1.0000	ok
BDPA Romance	lanam	Ladino	Lombard(East)	malign (distfeat)	1.0000	1.0000	1.0000	1.0000	ok
BDPA Romance	lanam	Ladino	Lombard(West)	malign (distfeat)	1.0000	1.0000	1.0000	1.0000	ok
BDPA Romance	lanam	Ladino	Occitan	malign (distfeat)	1.0000	1.0000	1.0000	1.0000	ok
BDPA Romance	lanam	Ladino	Venetian	malign (distfeat)	1.0000	1.0000	1.0000	1.0000	ok
BDPA Romance	lanam	Ligurian	Lombard(East)	malign (distfeat)	1.0000	1.0000	1.0000	1.0000	ok
BDPA Romance	lanam	Ligurian	Lombard(West)	malign (distfeat)	1.0000	1.0000	1.0000	1.0000	ok
BDPA Romance	lanam	Ligurian	Occitan	malign (distfeat)					skipped
BDPA Romance	lanam	Ligurian	Venetian	malign (distfeat)	1.0000	1.0000	1.0000	1.0000	ok
BDPA Romance	lanam	Lombard(East)	Lombard(West)	malign (distfeat)	1.0000	1.0000	1.0000	1.0000	ok
BDPA Romance	lanam	Lombard(East)	Occitan	malign (distfeat)	1.0000	1.0000	1.0000	1.0000	ok
BDPA Romance	lanam	Lombard(East)	Venetian	malign (distfeat)	1.0000	1.0000	1.0000	1.0000	ok
BDPA Romance	lanam	Lombard(West)	Occitan	malign (distfeat)	1.0000	1.0000	1.0000	1.0000	ok
BDPA Romance	lanam	Lombard(West)	Venetian	malign (distfeat)	1.0000	1.0000	1.0000	1.0000	ok
BDPA Romance	lanam	Occitan	Venetian	malign (distfeat)	0.5000	0.5000	0.5000	0.5000	ok
BDPA Romance	linguam	French	Italian	malign (distfeat)	1.0000	1.0000	1.0000	1.0000	ok
BDPA Romance	linguam	French	Ladino	malign (distfeat)	1.0000	1.0000	1.0000	1.0000	ok
BDPA Romance	linguam	French	Ligurian	malign (distfeat)	1.0000	1.0000	1.0000	1.0000	ok
BDPA Romance	linguam	French	Lombard(East)	malign (distfeat)	1.0000	1.0000	1.0000	1.0000	ok
BDPA Romance	linguam	French	Lombard(West)	malign (distfeat)	1.0000	1.0000	1.0000	1.0000	ok
BDPA Romance	linguam	French	Occitan	malign (distfeat)	1.0000	1.0000	1.0000	1.0000	ok
BDPA Romance	linguam	French	Venetian	malign (distfeat)	1.0000	1.0000	1.0000	1.0000	ok
BDPA Romance	linguam	Italian	Ladino	malign (distfeat)	1.0000	1.0000	1.0000	1.0000	ok
BDPA Romance	linguam	Italian	Ligurian	malign (distfeat)	1.0000	1.0000	1.0000	1.0000	ok
BDPA Romance	linguam	Italian	Lombard(East)	malign (distfeat)	1.0000	1.0000	1.0000	1.0000	ok
BDPA Romance	linguam	Italian	Lombard(West)	malign (distfeat)	1.0000	1.0000	1.0000	1.0000	ok
BDPA Romance	linguam	Italian	Occitan	malign (distfeat)	1.0000	1.0000	1.0000	1.0000	ok
BDPA Romance	linguam	Italian	Venetian	malign (distfeat)	1.0000	1.0000	1.0000	1.0000	ok
BDPA Romance	linguam	Ladino	Ligurian	malign (distfeat)	1.0000	1.0000	1.0000	1.0000	ok
BDPA Romance	linguam	Ladino	Lombard(East)	malign (distfeat)	1.0000	1.0000	1.0000	1.0000	ok
BDPA Romance	linguam	Ladino	Lombard(West)	malign (distfeat)	1.0000	1.0000	1.0000	1.0000	ok
BDPA Romance	linguam	Ladino	Occitan	malign (distfeat)	1.0000	1.0000	1.0000	1.0000	ok
BDPA Romance	linguam	Ladino	Venetian	malign (distfeat)	1.0000	1.0000	1.0000	1.0000	ok
BDPA Romance	linguam	Ligurian	Lombard(East)	malign (distfeat)	1.0000	1.0000	1.0000	1.0000	ok
BDPA Romance	linguam	Ligurian	Lombard(West)	malign (distfeat)	1.0000	1.0000	1.0000	1.0000	ok
BDPA Romance	linguam	Ligurian	Occitan	malign (distfeat)	1.0000	1.0000	1.0000	1.0000	ok
BDPA Romance	linguam	Ligurian	Venetian	malign (distfeat)	1.0000	1.0000	1.0000	1.0000	ok
BDPA Romance	linguam	Lombard(East)	Lombard(West)	malign (distfeat)	1.0000	1.0000	1.0000	1.0000	ok
BDPA Romance	linguam	Lombard(East)	Occitan	malign (distfeat)	1.0000	1.0000	1.0000	1.0000	ok
BDPA Romance	linguam	Lombard(East)	Venetian	malign (distfeat)	1.0000	1.0000	1.0000	1.0000	ok
BDPA Romance	linguam	Lombard(West)	Occitan	malign (distfeat)	1.0000	1.0000	1.0000	1.0000	ok
BDPA Romance	linguam	Lombard(West)	Venetian	malign (distfeat)	1.0000	1.0000	1.0000	1.0000	ok
BDPA Romance	linguam	Occitan	Venetian	malign (distfeat)	1.0000	1.0000	1.0000	1.0000	ok
BDPA Romance	lunam	French	Italian	malign (distfeat)	1.0000	1.0000	1.0000	1.0000	ok
BDPA Romance	lunam	French	Ladino	malign (distfeat)	1.0000	1.0000	1.0000	1.0000	ok
BDPA Romance	lunam	French	Ligurian	malign (distfeat)					skipped
BDPA Romance	lunam	French	Lombard(East)	malign (distfeat)	1.0000	1.0000	1.0000	1.0000	ok
BDPA Romance	lunam	French	Lombard(West)	malign (distfeat)	1.0000	1.0000	1.0000	1.0000	ok
BDPA Romance	lunam	French	Occitan	malign (distfeat)					skipped
BDPA Romance	lunam	French	Venetian	malign (distfeat)	1.0000	1.0000	1.0000	1.0000	ok
BDPA Romance	lunam	Italian	Ladino	malign (distfeat)	1.0000	1.0000	1.0000	1.0000	ok
BDPA Romance	lunam	Italian	Ligurian	malign (distfeat)	1.0000	1.0000	1.0000	1.0000	ok
BDPA Romance	lunam	Italian	Lombard(East)	malign (distfeat)	1.0000	1.0000	1.0000	1.0000	ok
BDPA Romance	lunam	Italian	Lombard(West)	malign (distfeat)	1.0000	1.0000	1.0000	1.0000	ok
BDPA Romance	lunam	Italian	Occitan	malign (distfeat)	0.5000	0.5000	0.5000	0.5000	ok
BDPA Romance	lunam	Italian	Venetian	malign (distfeat)	1.0000	1.0000	1.0000	1.0000	ok
BDPA Romance	lunam	Ladino	Ligurian	malign (distfeat)	1.0000	1.0000	1.0000	1.0000	ok
BDPA Romance	lunam	Ladino	Lombard(East)	malign (distfeat)	1.0000	1.0000	1.0000	1.0000	ok
BDPA Romance	lunam	Ladino	Lombard(West)	malign (distfeat)	1.0000	1.0000	1.0000	1.0000	ok
BDPA Romance	lunam	Ladino	Occitan	malign (distfeat)	1.0000	1.0000	1.0000	1.0000	ok
BDPA Romance	lunam	Ladino	Venetian	malign (distfeat)	1.0000	1.0000	1.0000	1.0000	ok
BDPA Romance	lunam	Ligurian	Lombard(East)	malign (distfeat)	1.0000	1.0000	1.0000	1.0000	ok
BDPA Romance	lunam	Ligurian	Lombard(West)	malign (distfeat)	1.0000	1.0000	1.0000	1.0000	ok
BDPA Romance	lunam	Ligurian	Occitan	malign (distfeat)	1.0000	1.0000	1.0000	1.0000	ok
BDPA Romance	lunam	Ligurian	Venetian	malign (distfeat)	1.0000	1.0000	1.0000	1.0000	ok
BDPA Romance	lunam	Lombard(East)	Lombard(West)	malign (distfeat)	1.0000	1.0000	1.0000	1.0000	ok
BDPA Romance	lunam	Lombard(East)	Occitan	malign (distfeat)	1.0000	1.0000	1.0000	1.0000	ok
BDPA Romance	lunam	Lombard(East)	Venetian	malign (distfeat)	1.0000	1.0000	1.0000	1.0000	ok
BDPA Romance	lunam	Lombard(West)	Occitan	malign (distfeat)	1.0000	1.0000	1.0000	1.0000	ok
BDPA Romance	lunam	Lombard(West)	Venetian	malign (distfeat)	1.0000	1.0000	1.0000	1.0000	ok
BDPA Romance	lunam	Occitan	Venetian	malign (distfeat)	0.5000	0.5000	0.5000	0.5000	ok
BDPA Romance	manum	French	Italian	malign (distfeat)	1.0000	1.0000	1.0000	1.0000	ok
BDPA Romance	manum	French	Ladino	malign (distfeat)	1.0000	1.0000	1.0000	1.0000	ok
BDPA Romance	manum	French	Ligurian	malign (distfeat)	1.0000	1.0000	1.0000	1.0000	ok
BDPA Romance	manum	French	Lombard(East)	malign (distfeat)	1.0000	1.0000	1.0000	1.0000	ok
BDPA Romance	manum	French	Lombard(West)	malign (distfeat)	1.0000	1.0000	1.0000	1.0000	ok
BDPA Romance	manum	French	Occitan	malign (distfeat)	1.0000	1.0000	1.0000	1.0000	ok
BDPA Romance	manum	French	Venetian	malign (distfeat)	1.0000	1.0000	1.0000	1.0000	ok
BDPA Romance	manum	Italian	Ladino	malign (distfeat)	1.0000	1.0000	1.0000	1.0000	ok
BDPA Romance	manum	Italian	Ligurian	malign (distfeat)	1.0000	1.0000	1.0000	1.0000	ok
BDPA Romance	manum	Italian	Lombard(East)	malign (distfeat)	1.0000	1.0000	1.0000	1.0000	ok
BDPA Romance	manum	Italian	Lombard(West)	malign (distfeat)	1.0000	1.0000	1.0000	1.0000	ok
BDPA Romance	manum	Italian	Occitan	malign (distfeat)	1.0000	1.0000	1.0000	1.0000	ok
BDPA Romance	manum	Italian	Venetian	malign (distfeat)	1.0000	1.0000	1.0000	1.0000	ok
BDPA Romance	manum	Ladino	Ligurian	malign (distfeat)	1.0000	1.0000	1.0000	1.0000	ok
BDPA Romance	manum	Ladino	Lombard(East)	malign (distfeat)	1.0000	1.0000	1.0000	1.0000	ok
BDPA Romance	manum	Ladino	Lombard(West)	malign (distfeat)	1.0000	1.0000	1.0000	1.0000	ok
BDPA Romance	manum	Ladino	Occitan	malign (distfeat)	1.0000	1.0000	1.0000	1.0000	ok
BDPA Romance	manum	Ladino	Venetian	malign (distfeat)	1.0000	1.0000	1.0000	1.0000	ok
BDPA Romance	manum	Ligurian	Lombard(East)	malign (distfeat)	1.0000	1.0000	1.0000	1.0000	ok
BDPA Romance	manum	Ligurian	Lombard(West)	malign (distfeat)	1.0000	1.0000	1.0000	1.0000	ok
BDPA Romance	manum	Ligurian	Occitan	malign (distfeat)	1.0000	1.0000	1.0000	1.0000	ok
BDPA Romance	manum	Ligurian	Venetian	malign (distfeat)	1.0000	1.0000	1.0000	1.0000	ok
BDPA Romance	manum	Lombard(East)	Lombard(West)	malign (distfeat)	1.0000	1.0000	1.0000	1.0000	ok
BDPA Romance	manum	Lombard(East)	Occitan	malign (distfeat)	1.0000	1.0000	1.0000	1.0000	ok
BDPA Romance	manum	Lombard(East)	Venetian	malign (distfeat)	1.0000	1.0000	1.0000	1.0000	ok
BDPA Romance	manum	Lombard(West)	Occitan	malign (distfeat)	1.0000	1.0000	1.0000	1.0000	ok
BDPA Romance	manum	Lombard(West)	Venetian	malign (distfeat)	1.0000	1.0000	1.0000	1.0000	ok
BDPA Romance	manum	Occitan	Venetian	malign (distfeat)	1.0000	1.0000	1.0000	1.0000	ok
BDPA Romance	mare	French	Italian	malign (distfeat)	1.0000	1.0000	1.0000	1.0000	ok
BDPA Romance	mare	French	Ladino	malign (distfeat)	1.0000	1.0000	1.0000	1.0000	ok
BDPA Romance	mare	French	Ligurian	malign (distfeat)	1.0000	1.0000	1.0000	1.0000	ok
BDPA Romance	mare	French	Lombard(East)	malign (distfeat)	1.0000	1.0000	1.0000	1.0000	ok
BDPA Romance	mare	French	Lombard(West)	malign (distfeat)	1.0000	1.0000	1.0000	1.0000	ok
BDPA Romance	mare	French	Occitan	malign (distfeat)	1.0000	1.0000	1.0000	1.0000	ok
BDPA Romance	mare	French	Venetian	malign (distfeat)	1.0000	1.0000	1.0000	1.0000	ok
BDPA Romance	mare	Italian	Ladino	malign (distfeat)	1.0000	1.0000	1.0000	1.0000	ok
BDPA Romance	mare	Italian	Ligurian	malign (distfeat)	1.0000	1.0000	1.0000	1.0000	ok
BDPA Romance	mare	Italian	Lombard(East)	malign (distfeat)	1.0000	1.0000	1.0000	1.0000	ok
BDPA Romance	mare	Italian	Lombard(West)	malign (distfeat)	1.0000	1.0000	1.0000	1.0000	ok
BDPA Romance	mare	Italian	Occitan	malign (distfeat)	1.0000	1.0000	1.0000	1.0000	ok
BDPA Romance	mare	Italian	Venetian	malign (distfeat)	1.0000	1.0000	1.0000	1.0000	ok
BDPA Romance	mare	Ladino	Ligurian	malign (distfeat)	1.0000	1.0000	1.0000	1.0000	ok
BDPA Romance	mare	Ladino	Lombard(East)	malign (distfeat)	1.0000	1.0000	1.0000	1.0000	ok
BDPA Romance	mare	Ladino	Lombard(West)	malign (distfeat)	1.0000	1.0000	1.0000	1.0000	ok
BDPA Romance	mare	Ladino	Occitan	malign (distfeat)	1.0000	1.0000	1.0000	1.0000	ok
BDPA Romance	mare	Ladino	Venetian	malign (distfeat)	1.0000	1.0000	1.0000	1.0000	ok
BDPA Romance	mare	Ligurian	Lombard(East)	malign (distfeat)	1.0000	1.0000	1.0000	1.0000	ok
BDPA Romance	mare	Ligurian	Lombard(West)	malign (distfeat)	1.0000	1.0000	1.0000	1.0000	ok
BDPA Romance	mare	Ligurian	Occitan	malign (distfeat)	1.0000	1.0000	1.0000	1.0000	ok
BDPA Romance	mare	Ligurian	Venetian	malign (distfeat)	1.0000	1.0000	1.0000	1.0000	ok
BDPA Romance	mare	Lombard(East)	Lombard(West)	malign (distfeat)	1.0000	1.0000	1.0000	1.0000	ok
BDPA Romance	mare	Lombard(East)	Occitan	malign (distfeat)	1.0000	1.0000	1.0000	1.0000	ok
BDPA Romance	mare	Lombard(East)	Venetian	malign (distfeat)	1.0000	1.0000	1.0000	1.0000	ok
BDPA Romance	mare	Lombard(West)	Occitan	malign (distfeat)	1.0000	1.0000	1.0000	1.0000	ok
BDPA Romance	mare	Lombard(West)	Venetian	malign (distfeat)	1.0000	1.0000	1.0000	1.0000	ok
BDPA Romance	mare	Occitan	Venetian	malign (distfeat)	1.0000	1.0000	1.0000	1.0000	ok
BDPA Romance	novem	French	Italian	malign (distfeat)	1.0000	1.0000	1.0000	1.0000	ok
BDPA Romance	novem	French	Ladino	malign (distfeat)	1.0000	1.0000	1.0000	1.0000	ok
BDPA Romance	novem	French	Ligurian	malign (distfeat)	1.0000	1.0000	1.0000	1.0000	ok
BDPA Romance	novem	French	Lombard(East)	malign (distfeat)	1.0000	1.0000	1.0000	1.0000	ok
BDPA Romance	novem	French	Lombard(West)	malign (distfeat)	1.0000	1.0000	1.0000	1.0000	ok
BDPA Romance	novem	French	Occitan	malign (distfeat)	1.0000	1.0000	1.0000	1.0000	ok
BDPA Romance	novem	French	Venetian	malign (distfeat)	1.0000	1.0000	1.0000	1.0000	ok
BDPA Romance	novem	Italian	Ladino	malign (distfeat)					skipped
BDPA Romance	novem	Italian	Ligurian	malign (distfeat)	1.0000	1.0000	1.0000	1.0000	ok
BDPA Romance	novem	Italian	Lombard(East)	malign (distfeat)	1.0000	1.0000	1.0000	1.0000	ok
BDPA Romance	novem	Italian	Lombard(West)	malign (distfeat)	1.0000	1.0000	1.0000	1.0000	ok
BDPA Romance	novem	Italian	Occitan	malign (distfeat)	1.0000	1.0000	1.0000	1.0000	ok
BDPA Romance	novem	Italian	Venetian	malign (distfeat)	1.0000	1.0000	1.0000	1.0000	ok
BDPA Romance	novem	Ladino	Ligurian	malign (distfeat)					skipped
BDPA Romance	novem	Ladino	Lombard(East)	malign (distfeat)	1.0000	1.0000	1.0000	1.0000	ok
BDPA Romance	novem	Ladino	Lombard(West)	malign (distfeat)	1.0000	1.0000	1.0000	1.0000	ok
BDPA Romance	novem	Ladino	Occitan	malign (distfeat)	0.5000	0.5000	0.5000	0.5000	ok
BDPA Romance	novem	Ladino	Venetian	malign (distfeat)					skipped
BDPA Romance	novem	Ligurian	Lombard(East)	malign (distfeat)	1.0000	1.0000	1.0000	1.0000	ok
BDPA Romance	novem	Ligurian	Lombard(West)	malign (distfeat)	1.0000	1.0000	1.0000	1.0000	ok
BDPA Romance	novem	Ligurian	Occitan	malign (distfeat)	1.0000	1.0000	1.0000	1.0000	ok
BDPA Romance	novem	Ligurian	Venetian	malign (distfeat)	1.0000	1.0000	1.0000	1.0000	ok
BDPA Romance	novem	Lombard(East)	Lombard(West)	malign (distfeat)	1.0000	1.0000	1.0000	1.0000	ok
BDPA Romance	novem	Lombard(East)	Occitan	malign (distfeat)	1.0000	1.0000	1.0000	1.0000	ok
BDPA Romance	novem	Lombard(East)	Venetian	malign (distfeat)	1.0000	1.0000	1.0000	1.0000	ok
BDPA Romance	novem	Lombard(West)	Occitan	malign (distfeat)	1.0000	1.0000	1.0000	1.0000	ok
BDPA Romance	novem	Lombard(West)	Venetian	malign (distfeat)	1.0000	1.0000	1.0000	1.0000	ok
BDPA Romance	novem	Occitan	Venetian	malign (distfeat)	1.0000	1.0000	1.0000	1.0000	ok
BDPA Romance	octo	French	Italian	malign (distfeat)					skipped
BDPA Romance	octo	French	Ladino	malign (distfeat)	1.0000	1.0000	1.0000	1.0000	ok
BDPA Romance	octo	French	Ligurian	malign (distfeat)					skipped
BDPA Romance	octo	French	Lombard(East)	malign (distfeat)	0.3333	0.3333	0.3333	0.3333	ok
BDPA Romance	octo	French	Lombard(West)	malign (distfeat)	1.0000	1.0000	1.0000	1.0000	ok
BDPA Romance	octo	French	Occitan	malign (distfeat)	0.3333	0.3333	0.3333	0.3333	ok
BDPA Romance	octo	French	Venetian	malign (distfeat)					skipped
BDPA Romance	octo	Italian	Ladino	malign (distfeat)					skipped
BDPA Romance	octo	Italian	Ligurian	malign (distfeat)	1.0000	1.0000	1.0000	1.0000	ok
BDPA Romance	octo	Italian	Lombard(East)	malign (distfeat)	1.0000	1.0000	1.0000	1.0000	ok
BDPA Romance	octo	Italian	Lombard(West)	malign (distfeat)					skipped
BDPA Romance	octo	Italian	Occitan	malign (distfeat)	1.0000	1.0000	1.0000	1.0000	ok
BDPA Romance	octo	Italian	Venetian	malign (distfeat)	1.0000	1.0000	1.0000	1.0000	ok
BDPA Romance	octo	Ladino	Ligurian	malign (distfeat)					skipped
BDPA Romance	octo	Ladino	Lombard(East)	malign (distfeat)	1.0000	1.0000	1.0000	1.0000	ok
BDPA Romance	octo	Ladino	Lombard(West)	malign (distfeat)	1.0000	1.0000	1.0000	1.0000	ok
BDPA Romance	octo	Ladino	Occitan	malign (distfeat)	0.3333	0.3333	0.3333	0.3333	ok
BDPA Romance	octo	Ladino	Venetian	malign (distfeat)					skipped
BDPA Romance	octo	Ligurian	Lombard(East)	malign (distfeat)	1.0000	1.0000	1.0000	1.0000	ok
BDPA Romance	octo	Ligurian	Lombard(West)	malign (distfeat)					skipped
BDPA Romance	octo	Ligurian	Occitan	malign (distfeat)	1.0000	1.0000	1.0000	1.0000	ok
BDPA Romance	octo	Ligurian	Venetian	malign (distfeat)	1.0000	1.0000	1.0000	1.0000	ok
BDPA Romance	octo	Lombard(East)	Lombard(West)	malign (distfeat)	1.0000	1.0000	1.0000	1.0000	ok
BDPA Romance	octo	Lombard(East)	Occitan	malign (distfeat)	1.0000	1.0000	1.0000	1.0000	ok
BDPA Romance	octo	Lombard(East)	Venetian	malign (distfeat)	0.0000	0.0000	0.0000	0.0000	ok
BDPA Romance	octo	Lombard(West)	Occitan	malign (distfeat)	0.3333	0.3333	0.3333	0.3333	ok
BDPA Romance	octo	Lombard(West)	Venetian	malign (distfeat)					skipped
BDPA Romance	octo	Occitan	Venetian	malign (distfeat)	1.0000	1.0000	1.0000	1.0000	ok
BDPA Romance	oculum	French	Italian	malign (distfeat)	1.0000	1.0000	1.0000	1.0000	ok
BDPA Romance	oculum	French	Ladino	malign (distfeat)	0.5000	0.5000	0.5000	0.5000	ok
BDPA Romance	oculum	French	Ligurian	malign (distfeat)					skipped
BDPA Romance	oculum	French	Lombard(East)	malign (distfeat)					skipped
BDPA Romance	oculum	French	Lombard(West)	malign (distfeat)					skipped
BDPA Romance	oculum	French	Occitan	malign (distfeat)	1.0000	1.0000	1.0000	1.0000	ok
BDPA Romance	oculum	French	Venetian	malign (distfeat)					skipped
BDPA Romance	oculum	Italian	Ladino	malign (distfeat)					skipped
BDPA Romance	oculum	Italian	Ligurian	malign (distfeat)	1.0000	1.0000	1.0000	1.0000	ok
BDPA Romance	oculum	Italian	Lombard(East)	malign (distfeat)	1.0000	1.0000	1.0000	1.0000	ok
BDPA Romance	oculum	Italian	Lombard(West)	malign (distfeat)	0.2500	0.2500	0.2500	0.2500	ok
BDPA Romance	oculum	Italian	Occitan	malign (distfeat)	1.0000	1.0000	1.0000	1.0000	ok
BDPA Romance	oculum	Italian	Venetian	malign (distfeat)	1.0000	1.0000	1.0000	1.0000	ok
BDPA Romance	oculum	Ladino	Ligurian	malign (distfeat)					skipped
BDPA Romance	oculum	Ladino	Lombard(East)	malign (distfeat)	0.2500	0.2500	0.2500	0.2500	ok
BDPA Romance	oculum	Ladino	Lombard(West)	malign (distfeat)	0.2500	0.2500	0.2500	0.2500	ok
BDPA Romance	oculum	Ladino	Occitan	malign (distfeat)	0.5000	0.5000	0.5000	0.5000	ok
BDPA Romance	oculum	Ladino	Venetian	malign (distfeat)					skipped
BDPA Romance	oculum	Ligurian	Lombard(East)	malign (distfeat)	1.0000	1.0000	1.0000	1.0000	ok
BDPA Romance	oculum	Ligurian	Lombard(West)	malign (distfeat)	1.0000	1.0000	1.0000	1.0000	ok
BDPA Romance	oculum	Ligurian	Occitan	malign (distfeat)					skipped
BDPA Romance	oculum	Ligurian	Venetian	malign (distfeat)	1.0000	1.0000	1.0000	1.0000	ok
BDPA Romance	oculum	Lombard(East)	Lombard(West)	malign (distfeat)	1.0000	1.0000	1.0000	1.0000	ok
BDPA Romance	oculum	Lombard(East)	Occitan	malign (distfeat)					skipped
BDPA Romance	oculum	Lombard(East)	Venetian	malign (distfeat)	1.0000	1.0000	1.0000	1.0000	ok
BDPA Romance	oculum	Lombard(West)	Occitan	malign (distfeat)					skipped
BDPA Romance	oculum	Lombard(West)	Venetian	malign (distfeat)	1.0000	1.0000	1.0000	1.0000	ok
BDPA Romance	oculum	Occitan	Venetian	malign (distfeat)					skipped
BDPA Romance	ovum	French	Italian	malign (distfeat)	1.0000	1.0000	1.0000	1.0000	ok
BDPA Romance	ovum	French	Ladino	malign (distfeat)	1.0000	1.0000	1.0000	1.0000	ok
BDPA Romance	ovum	French	Ligurian	malign (distfeat)	1.0000	1.0000	1.0000	1.0000	ok
BDPA Romance	ovum	French	Lombard(East)	malign (distfeat)	1.0000	1.0000	1.0000	1.0000	ok
BDPA Romance	ovum	French	Lombard(West)	malign (distfeat)	1.0000	1.0000	1.0000	1.0000	ok
BDPA Romance	ovum	French	Occitan	malign (distfeat)					skipped
BDPA Romance	ovum	French	Venetian	malign (distfeat)	1.0000	1.0000	1.0000	1.0000	ok
BDPA Romance	ovum	Italian	Ladino	malign (distfeat)	1.0000	1.0000	1.0000	1.0000	ok
BDPA Romance	ovum	Italian	Ligurian	malign (distfeat)	1.0000	1.0000	1.0000	1.0000	ok
BDPA Romance	ovum	Italian	Lombard(East)	malign (distfeat)	1.0000	1.0000	1.0000	1.0000	ok
BDPA Romance	ovum	Italian	Lombard(West)	malign (distfeat)	1.0000	1.0000	1.0000	1.0000	ok
BDPA Romance	ovum	Italian	Occitan	malign (distfeat)	0.5000	0.5000	0.5000	0.5000	ok
BDPA Romance	ovum	Italian	Venetian	malign (distfeat)	1.0000	1.0000	1.0000	1.0000	ok
BDPA Romance	ovum	Ladino	Ligurian	malign (distfeat)					skipped
BDPA Romance	ovum	Ladino	Lombard(East)	malign (distfeat)	1.0000	1.0000	1.0000	1.0000	ok
BDPA Romance	ovum	Ladino	Lombard(West)	malign (distfeat)	1.0000	1.0000	1.0000	1.0000	ok
BDPA Romance	ovum	Ladino	Occitan	malign (distfeat)					skipped
BDPA Romance	ovum	Ladino	Venetian	malign (distfeat)	1.0000	1.0000	1.0000	1.0000	ok
BDPA Romance	ovum	Ligurian	Lombard(East)	malign (distfeat)	1.0000	1.0000	1.0000	1.0000	ok
BDPA Romance	ovum	Ligurian	Lombard(West)	malign (distfeat)	1.0000	1.0000	1.0000	1.0000	ok
BDPA Romance	ovum	Ligurian	Occitan	malign (distfeat)	0.3333	0.3333	0.3333	0.3333	ok
BDPA Romance	ovum	Ligurian	Venetian	malign (distfeat)	1.0000	1.0000	1.0000	1.0000	ok
BDPA Romance	ovum	Lombard(East)	Lombard(West)	malign (distfeat)	1.0000	1.0000	1.0000	1.0000	ok
BDPA Romance	ovum	Lombard(East)	Occitan	malign (distfeat)					skipped
BDPA Romance	ovum	Lombard(East)	Venetian	malign (distfeat)	1.0000	1.0000	1.0000	1.0000	ok
BDPA Romance	ovum	Lombard(West)	Occitan	malign (distfeat)					skipped
BDPA Romance	ovum	Lombard(West)	Venetian	malign (distfeat)	1.0000	1.0000	1.0000	1.0000	ok
BDPA Romance	ovum	Occitan	Venetian	malign (distfeat)	0.2500	0.2500	0.2500	0.2500	ok
BDPA Romance	pedem	French	Italian	malign (distfeat)	0.6000	0.6000	0.6000	0.6000	ok
BDPA Romance	pedem	French	Ladino	malign (distfeat)	1.0000	1.0000	1.0000	1.0000	ok
BDPA Romance	pedem	French	Ligurian	malign (distfeat)	1.0000	1.0000	1.0000	1.0000	ok
BDPA Romance	pedem	French	Lombard(East)	malign (distfeat)	1.0000	1.0000	1.0000	1.0000	ok
BDPA Romance	pedem	French	Lombard(West)	malign (distfeat)	1.0000	1.0000	1.0000	1.0000	ok
BDPA Romance	pedem	French	Occitan	malign (distfeat)	1.0000	1.0000	1.0000	1.0000	ok
BDPA Romance	pedem	French	Venetian	malign (distfeat)	1.0000	1.0000	1.0000	1.0000	ok
BDPA Romance	pedem	Italian	Ladino	malign (distfeat)	0.6000	0.6000	0.6000	0.6000	ok
BDPA Romance	pedem	Italian	Ligurian	malign (distfeat)	0.6000	0.6000	0.6000	0.6000	ok
BDPA Romance	pedem	Italian	Lombard(East)	malign (distfeat)	0.6000	0.6000	0.6000	0.6000	ok
BDPA Romance	pedem	Italian	Lombard(West)	malign (distfeat)	0.6000	0.6000	0.6000	0.6000	ok
BDPA Romance	pedem	Italian	Occitan	malign (distfeat)	0.6000	0.6000	0.6000	0.6000	ok
BDPA Romance	pedem	Italian	Venetian	malign (distfeat)	0.4000	0.4000	0.4000	0.4000	ok
BDPA Romance	pedem	Ladino	Ligurian	malign (distfeat)	1.0000	1.0000	1.0000	1.0000	ok
BDPA Romance	pedem	Ladino	Lombard(East)	malign (distfeat)	1.0000	1.0000	1.0000	1.0000	ok
BDPA Romance	pedem	Ladino	Lombard(West)	malign (distfeat)	1.0000	1.0000	1.0000	1.0000	ok
BDPA Romance	pedem	Ladino	Occitan	malign (distfeat)	1.0000	1.0000	1.0000	1.0000	ok
BDPA Romance	pedem	Ladino	Venetian	malign (distfeat)	1.0000	1.0000	1.0000	1.0000	ok
BDPA Romance	pedem	Ligurian	Lombard(East)	malign (distfeat)	1.0000	1.0000	1.0000	1.0000	ok
BDPA Romance	pedem	Ligurian	Lombard(West)	malign (distfeat)	1.0000	1.0000	1.0000	1.0000	ok
BDPA Romance	pedem	Ligurian	Occitan	malign (distfeat)	1.0000	1.0000	1.0000	1.0000	ok
BDPA Romance	pedem	Ligurian	Venetian	malign (distfeat)	1.0000	1.0000	1.0000	1.0000	ok
BDPA Romance	pedem	Lombard(East)	Lombard(West)	malign (distfeat)	1.0000	1.0000	1.0000	1.0000	ok
BDPA Romance	pedem	Lombard(East)	Occitan	malign (distfeat)	1.0000	1.0000	1.0000	1.0000	ok
BDPA Romance	pedem	Lombard(East)	Venetian	malign (distfeat)	1.0000	1.0000	1.0000	1.0000	ok
BDPA Romance	pedem	Lombard(West)	Occitan	malign (distfeat)	1.0000	1.0000	1.0000	1.0000	ok
BDPA Romance	pedem	Lombard(West)	Venetian	malign (distfeat)	1.0000	1.0000	1.0000	1.0000	ok
BDPA Romance	pedem	Occitan	Venetian	malign (distfeat)	1.0000	1.0000	1.0000	1.0000	ok
BDPA Romance	quattuor	French	Italian	malign (distfeat)	1.0000	1.0000	1.0000	1.0000	ok
BDPA Romance	quattuor	French	Ladino	malign (distfeat)	1.0000	1.0000	1.0000	1.0000	ok
BDPA Romance	quattuor	French	Ligurian	malign (distfeat)	1.0000	1.0000	1.0000	1.0000	ok
BDPA Romance	quattuor	French	Lombard(East)	malign (distfeat)	1.0000	1.0000	1.0000	1.0000	ok
BDPA Romance	quattuor	French	Lombard(West)	malign (distfeat)	1.0000	1.0000	1.0000	1.0000	ok
BDPA Romance	quattuor	French	Occitan	malign (distfeat)	1.0000	1.0000	1.0000	1.0000	ok
BDPA Romance	quattuor	French	Venetian	malign (distfeat)	1.0000	1.0000	1.0000	1.0000	ok
BDPA Romance	quattuor	Italian	Ladino	malign (distfeat)	1.0000	1.0000	1.0000	1.0000	ok
BDPA Romance	quattuor	Italian	Ligurian	malign (distfeat)	1.0000	1.0000	1.0000	1.0000	ok
BDPA Romance	quattuor	Italian	Lombard(East)	malign (distfeat)					skipped
BDPA Romance	quattuor	Italian	Lombard(West)	malign (distfeat)					skipped
BDPA Romance	quattuor	Italian	Occitan	malign (distfeat)	1.0000	1.0000	1.0000	1.0000	ok
BDPA Romance	quattuor	Italian	Venetian	malign (distfeat)	1.0000	1.0000	1.0000	1.0000	ok
BDPA Romance	quattuor	Ladino	Ligurian	malign (distfeat)	1.0000	1.0000	1.0000	1.0000	ok
BDPA Romance	quattuor	Ladino	Lombard(East)	malign (distfeat)	1.0000	1.0000	1.0000	1.0000	ok
BDPA Romance	quattuor	Ladino	Lombard(West)	malign (distfeat)	1.0000	1.0000	1.0000	1.0000	ok
BDPA Romance	quattuor	Ladino	Occitan	malign (distfeat)	1.0000	1.0000	1.0000	1.0000	ok
BDPA Romance	quattuor	Ladino	Venetian	malign (distfeat)	1.0000	1.0000	1.0000	1.0000	ok
BDPA Romance	quattuor	Ligurian	Lombard(East)	malign (distfeat)					skipped
BDPA Romance	quattuor	Ligurian	Lombard(West)	malign (distfeat)					skipped
BDPA Romance	quattuor	Ligurian	Occitan	malign (distfeat)	1.0000	1.0000	1.0000	1.0000	ok
BDPA Romance	quattuor	Ligurian	Venetian	malign (distfeat)	1.0000	1.0000	1.0000	1.0000	ok
BDPA Romance	quattuor	Lombard(East)	Lombard(West)	malign (distfeat)	1.0000	1.0000	1.0000	1.0000	ok
BDPA Romance	quattuor	Lombard(East)	Occitan	malign (distfeat)					skipped
BDPA Romance	quattuor	Lombard(East)	Venetian	malign (distfeat)					skipped
BDPA Romance	quattuor	Lombard(West)	Occitan	malign (distfeat)					skipped
BDPA Romance	quattuor	Lombard(West)	Venetian	malign (distfeat)					skipped
BDPA Romance	quattuor	Occitan	Venetian	malign (distfeat)	1.0000	1.0000	1.0000	1.0000	ok
BDPA Romance	quinque	French	Italian	malign (distfeat)	0.5000	0.5000	0.5000	0.5000	ok
BDPA Romance	quinque	French	Ladino	malign (distfeat)	0.2500	0.2500	0.2500	0.2500	ok
BDPA Romance	quinque	French	Ligurian	malign (distfeat)	1.0000	1.0000	1.0000	1.0000	ok
BDPA Romance	quinque	French	Lombard(East)	malign (distfeat)	1.0000	1.0000	1.0000	1.0000	ok
BDPA Romance	quinque	French	Lombard(West)	malign (distfeat)	0.2500	0.2500	0.2500	0.2500	ok
BDPA Romance	quinque	French	Occitan	malign (distfeat)	1.0000	1.0000	1.0000	1.0000	ok
BDPA Romance	quinque	French	Venetian	malign (distfeat)	1.0000	1.0000	1.0000	1.0000	ok
BDPA Romance	quinque	Italian	Ladino	malign (distfeat)	1.0000	1.0000	1.0000	1.0000	ok
BDPA Romance	quinque	Italian	Ligurian	malign (distfeat)	1.0000	1.0000	1.0000	1.0000	ok
BDPA Romance	quinque	Italian	Lombard(East)	malign (distfeat)	0.5000	0.5000	0.5000	0.5000	ok
BDPA Romance	quinque	Italian	Lombard(West)	malign (distfeat)	1.0000	1.0000	1.0000	1.0000	ok
BDPA Romance	quinque	Italian	Occitan	malign (distfeat)	1.0000	1.0000	1.0000	1.0000	ok
BDPA Romance	quinque	Italian	Venetian	malign (distfeat)	1.0000	1.0000	1.0000	1.0000	ok
BDPA Romance	quinque	Ladino	Ligurian	malign (distfeat)	1.0000	1.0000	1.0000	1.0000	ok
BDPA Romance	quinque	Ladino	Lombard(East)	malign (distfeat)	0.2500	0.2500	0.2500	0.2500	ok
BDPA Romance	quinque	Ladino	Lombard(West)	malign (distfeat)	1.0000	1.0000	1.0000	1.0000	ok
BDPA Romance	quinque	Ladino	Occitan	malign (distfeat)	1.0000	1.0000	1.0000	1.0000	ok
BDPA Romance	quinque	Ladino	Venetian	malign (distfeat)	1.0000	1.0000	1.0000	1.0000	ok
BDPA Romance	quinque	Ligurian	Lombard(East)	malign (distfeat)	1.0000	1.0000	1.0000	1.0000	ok
BDPA Romance	quinque	Ligurian	Lombard(West)	malign (distfeat)	1.0000	1.0000	1.0000	1.0000	ok
BDPA Romance	quinque	Ligurian	Occitan	malign (distfeat)	1.0000	1.0000	1.0000	1.0000	ok
BDPA Romance	quinque	Ligurian	Venetian	malign (distfeat)	1.0000	1.0000	1.0000	1.0000	ok
BDPA Romance	quinque	Lombard(East)	Lombard(West)	malign (distfeat)	0.2500	0.2500	0.2500	0.2500	ok
BDPA Romance	quinque	Lombard(East)	Occitan	malign (distfeat)	1.0000	1.0000	1.0000	1.0000	ok
BDPA Romance	quinque	Lombard(East)	Venetian	malign (distfeat)	1.0000	1.0000	1.0000	1.0000	ok
BDPA Romance	quinque	Lombard(West)	Occitan	malign (distfeat)	1.0000	1.0000	1.0000	1.0000	ok
BDPA Romance	quinque	Lombard(West)	Venetian	malign (distfeat)	1.0000	1.0000	1.0000	1.0000	ok
BDPA Romance	quinque	Occitan	Venetian	malign (distfeat)	1.0000	1.0000	1.0000	1.0000	ok
BDPA Romance	septem	French	Italian	malign (distfeat)	1.0000	1.0000	1.0000	1.0000	ok
BDPA Romance	septem	French	Ladino	malign (distfeat)	1.0000	1.0000	1.0000	1.0000	ok
BDPA Romance	septem	French	Ligurian	malign (distfeat)	1.0000	1.0000	1.0000	1.0000	ok
BDPA Romance	septem	French	Lombard(East)	malign (distfeat)	1.0000	1.0000	1.0000	1.0000	ok
BDPA Romance	septem	French	Lombard(West)	malign (distfeat)	1.0000	1.0000	1.0000	1.0000	ok
BDPA Romance	septem	French	Occitan	malign (distfeat)	1.0000	1.0000	1.0000	1.0000	ok
BDPA Romance	septem	French	Venetian	malign (distfeat)	0.2500	0.2500	0.2500	0.2500	ok
BDPA Romance	septem	Italian	Ladino	malign (distfeat)	1.0000	1.0000	1.0000	1.0000	ok
BDPA Romance	septem	Italian	Ligurian	malign (distfeat)	1.0000	1.0000	1.0000	1.0000	ok
BDPA Romance	septem	Italian	Lombard(East)	malign (distfeat)	1.0000	1.0000	1.0000	1.0000	ok
BDPA Romance	septem	Italian	Lombard(West)	malign (distfeat)	1.0000	1.0000	1.0000	1.0000	ok
BDPA Romance	septem	Italian	Occitan	malign (distfeat)	1.0000	1.0000	1.0000	1.0000	ok
BDPA Romance	septem	Italian	Venetian	malign (distfeat)	1.0000	1.0000	1.0000	1.0000	ok
BDPA Romance	septem	Ladino	Ligurian	malign (distfeat)	1.0000	1.0000	1.0000	1.0000	ok
BDPA Romance	septem	Ladino	Lombard(East)	malign (distfeat)	1.0000	1.0000	1.0000	1.0000	ok
BDPA Romance	septem	Ladino	Lombard(West)	malign (distfeat)	1.0000	1.0000	1.0000	1.0000	ok
BDPA Romance	septem	Ladino	Occitan	malign (distfeat)	1.0000	1.0000	1.0000	1.0000	ok
BDPA Romance	septem	Ladino	Venetian	malign (distfeat)	0.2500	0.2500	0.2500	0.2500	ok
BDPA Romance	septem	Ligurian	Lombard(East)	malign (distfeat)	1.0000	1.0000	1.0000	1.0000	ok
BDPA Romance	septem	Ligurian	Lombard(West)	malign (distfeat)	1.0000	1.0000	1.0000	1.0000	ok
BDPA Romance	septem	Ligurian	Occitan	malign (distfeat)	1.0000	1.0000	1.0000	1.0000	ok
BDPA Romance	septem	Ligurian	Venetian	malign (distfeat)	1.0000	1.0000	1.0000	1.0000	ok
BDPA Romance	septem	Lombard(East)	Lombard(West)	malign (distfeat)	1.0000	1.0000	1.0000	1.0000	ok
BDPA Romance	septem	Lombard(East)	Occitan	malign (distfeat)	1.0000	1.0000	1.0000	1.0000	ok
BDPA Romance	septem	Lombard(East)	Venetian	malign (distfeat)	0.2500	0.2500	0.2500	0.2500	ok
BDPA Romance	septem	Lombard(West)	Occitan	malign (distfeat)	1.0000	1.0000	1.0000	1.0000	ok
BDPA Romance	septem	Lombard(West)	Venetian	malign (distfeat)	0.2500	0.2500	0.2500	0.2500	ok
BDPA Romance	septem	Occitan	Venetian	malign (distfeat)	0.2500	0.2500	0.2500	0.2500	ok
BDPA Romance	sex	French	Italian	malign (distfeat)	1.0000	1.0000	1.0000	1.0000	ok
BDPA Romance	sex	French	Ladino	malign (distfeat)	1.0000	1.0000	1.0000	1.0000	ok
BDPA Romance	sex	French	Ligurian	malign (distfeat)	1.0000	1.0000	1.0000	1.0000	ok
BDPA Romance	sex	French	Lombard(East)	malign (distfeat)	1.0000	1.0000	1.0000	1.0000	ok
BDPA Romance	sex	French	Lombard(West)	malign (distfeat)	1.0000	1.0000	1.0000	1.0000	ok
BDPA Romance	sex	French	Occitan	malign (distfeat)	1.0000	1.0000	1.0000	1.0000	ok
BDPA Romance	sex	French	Venetian	malign (distfeat)					skipped
BDPA Romance	sex	Italian	Ladino	malign (distfeat)	1.0000	1.0000	1.0000	1.0000	ok
BDPA Romance	sex	Italian	Ligurian	malign (distfeat)	1.0000	1.0000	1.0000	1.0000	ok
BDPA Romance	sex	Italian	Lombard(East)	malign (distfeat)	1.0000	1.0000	1.0000	1.0000	ok
BDPA Romance	sex	Italian	Lombard(West)	malign (distfeat)	1.0000	1.0000	1.0000	1.0000	ok
BDPA Romance	sex	Italian	Occitan	malign (distfeat)	1.0000	1.0000	1.0000	1.0000	ok
BDPA Romance	sex	Italian	Venetian	malign (distfeat)	1.0000	1.0000	1.0000	1.0000	ok
BDPA Romance	sex	Ladino	Ligurian	malign (distfeat)	1.0000	1.0000	1.0000	1.0000	ok
BDPA Romance	sex	Ladino	Lombard(East)	malign (distfeat)	1.0000	1.0000	1.0000	1.0000	ok
BDPA Romance	sex	Ladino	Lombard(West)	malign (distfeat)	1.0000	1.0000	1.0000	1.0000	ok
BDPA Romance	sex	Ladino	Occitan	malign (distfeat)	1.0000	1.0000	1.0000	1.0000	ok
BDPA Romance	sex	Ladino	Venetian	malign (distfeat)	1.0000	1.0000	1.0000	1.0000	ok
BDPA Romance	sex	Ligurian	Lombard(East)	malign (distfeat)	1.0000	1.0000	1.0000	1.0000	ok
BDPA Romance	sex	Ligurian	Lombard(West)	malign (distfeat)	1.0000	1.0000	1.0000	1.0000	ok
BDPA Romance	sex	Ligurian	Occitan	malign (distfeat)	1.0000	1.0000	1.0000	1.0000	ok
BDPA Romance	sex	Ligurian	Venetian	malign (distfeat)	1.0000	1.0000	1.0000	1.0000	ok
BDPA Romance	sex	Lombard(East)	Lombard(West)	malign (distfeat)	1.0000	1.0000	1.0000	1.0000	ok
BDPA Romance	sex	Lombard(East)	Occitan	malign (distfeat)	1.0000	1.0000	1.0000	1.0000	ok
BDPA Romance	sex	Lombard(East)	Venetian	malign (distfeat)					skipped
BDPA Romance	sex	Lombard(West)	Occitan	malign (distfeat)	1.0000	1.0000	1.0000	1.0000	ok
BDPA Romance	sex	Lombard(West)	Venetian	malign (distfeat)					skipped
BDPA Romance	sex	Occitan	Venetian	malign (distfeat)	1.0000	1.0000	1.0000	1.0000	ok
BDPA Romance	terram	French	Italian	malign (distfeat)	1.0000	1.0000	1.0000	1.0000	ok
BDPA Romance	terram	French	Ladino	malign (distfeat)	1.0000	1.0000	1.0000	1.0000	ok
BDPA Romance	terram	French	Ligurian	malign (distfeat)	1.0000	1.0000	1.0000	1.0000	ok
BDPA Romance	terram	French	Lombard(East)	malign (distfeat)	1.0000	1.0000	1.0000	1.0000	ok
BDPA Romance	terram	French	Lombard(West)	malign (distfeat)	1.0000	1.0000	1.0000	1.0000	ok
BDPA Romance	terram	French	Occitan	malign (distfeat)	1.0000	1.0000	1.0000	1.0000	ok
BDPA Romance	terram	French	Venetian	malign (distfeat)	1.0000	1.0000	1.0000	1.0000	ok
BDPA Romance	terram	Italian	Ladino	malign (distfeat)	1.0000	1.0000	1.0000	1.0000	ok
BDPA Romance	terram	Italian	Ligurian	malign (distfeat)	1.0000	1.0000	1.0000	1.0000	ok
BDPA Romance	terram	Italian	Lombard(East)	malign (distfeat)	1.0000	1.0000	1.0000	1.0000	ok
BDPA Romance	terram	Italian	Lombard(West)	malign (distfeat)	1.0000	1.0000	1.0000	1.0000	ok
BDPA Romance	terram	Italian	Occitan	malign (distfeat)	1.0000	1.0000	1.0000	1.0000	ok
BDPA Romance	terram	Italian	Venetian	malign (distfeat)	1.0000	1.0000	1.0000	1.0000	ok
BDPA Romance	terram	Ladino	Ligurian	malign (distfeat)	1.0000	1.0000	1.0000	1.0000	ok
BDPA Romance	terram	Ladino	Lombard(East)	malign (distfeat)	1.0000	1.0000	1.0000	1.0000	ok
BDPA Romance	terram	Ladino	Lombard(West)	malign (distfeat)	1.0000	1.0000	1.0000	1.0000	ok
BDPA Romance	terram	Ladino	Occitan	malign (distfeat)	1.0000	1.0000	1.0000	1.0000	ok
BDPA Romance	terram	Ladino	Venetian	malign (distfeat)	1.0000	1.0000	1.0000	1.0000	ok
BDPA Romance	terram	Ligurian	Lombard(East)	malign (distfeat)	1.0000	1.0000	1.0000	1.0000	ok
BDPA Romance	terram	Ligurian	Lombard(West)	malign (distfeat)	1.0000	1.0000	1.0000	1.0000	ok
BDPA Romance	terram	Ligurian	Occitan	malign (distfeat)	1.0000	1.0000	1.0000	1.0000	ok
BDPA Romance	terram	Ligurian	Venetian	malign (distfeat)	1.0000	1.0000	1.0000	1.0000	ok
BDPA Romance	terram	Lombard(East)	Lombard(West)	malign (distfeat)	1.0000	1.0000	1.0000	1.0000	ok
BDPA Romance	terram	Lombard(East)	Occitan	malign (distfeat)	1.0000	1.0000	1.0000	1.0000	ok
BDPA Romance	terram	Lombard(East)	Venetian	malign (distfeat)	1.0000	1.0000	1.0000	1.0000	ok
BDPA Romance	terram	Lombard(West)	Occitan	malign (distfeat)	1.0000	1.0000	1.0000	1.0000	ok
BDPA Romance	terram	Lombard(West)	Venetian	malign (distfeat)	1.0000	1.0000	1.0000	1.0000	ok
BDPA Romance	terram	Occitan	Venetian	malign (distfeat)	1.0000	1.0000	1.0000	1.0000	ok
BDPA Romance	tres	French	Italian	malign (distfeat)	1.0000	1.0000	1.0000	1.0000	ok
BDPA Romance	tres	French	Ladino	malign (distfeat)	0.5000	0.5000	0.5000	0.5000	ok
BDPA Romance	tres	French	Ligurian	malign (distfeat)	0.5000	0.5000	0.5000	0.5000	ok
BDPA Romance	tres	French	Lombard(East)	malign (distfeat)	0.5000	0.5000	0.5000	0.5000	ok
BDPA Romance	tres	French	Lombard(West)	malign (distfeat)	0.5000	0.5000	0.5000	0.5000	ok
BDPA Romance	tres	French	Occitan	malign (distfeat)	0.5000	0.5000	0.5000	0.5000	ok
BDPA Romance	tres	French	Venetian	malign (distfeat)	1.0000	1.0000	1.0000	1.0000	ok
BDPA Romance	tres	Italian	Ladino	malign (distfeat)	1.0000	1.0000	1.0000	1.0000	ok
BDPA Romance	tres	Italian	Ligurian	malign (distfeat)	1.0000	1.0000	1.0000	1.0000	ok
BDPA Romance	tres	Italian	Lombard(East)	malign (distfeat)	1.0000	1.0000	1.0000	1.0000	ok
BDPA Romance	tres	Italian	Lombard(West)	malign (distfeat)	1.0000	1.0000	1.0000	1.0000	ok
BDPA Romance	tres	Italian	Occitan	malign (distfeat)	1.0000	1.0000	1.0000	1.0000	ok
BDPA Romance	tres	Italian	Venetian	malign (distfeat)	1.0000	1.0000	1.0000	1.0000	ok
BDPA Romance	tres	Ladino	Ligurian	malign (distfeat)	1.0000	1.0000	1.0000	1.0000	ok
BDPA Romance	tres	Ladino	Lombard(East)	malign (distfeat)	1.0000	1.0000	1.0000	1.0000	ok
BDPA Romance	tres	Ladino	Lombard(West)	malign (distfeat)	1.0000	1.0000	1.0000	1.0000	ok
BDPA Romance	tres	Ladino	Occitan	malign (distfeat)	1.0000	1.0000	1.0000	1.0000	ok
BDPA Romance	tres	Ladino	Venetian	malign (distfeat)	1.0000	1.0000	1.0000	1.0000	ok
BDPA Romance	tres	Ligurian	Lombard(East)	malign (distfeat)	1.0000	1.0000	1.0000	1.0000	ok
BDPA Romance	tres	Ligurian	Lombard(West)	malign (distfeat)	1.0000	1.0000	1.0000	1.0000	ok
BDPA Romance	tres	Ligurian	Occitan	malign (distfeat)	1.0000	1.0000	1.0000	1.0000	ok
BDPA Romance	tres	Ligurian	Venetian	malign (distfeat)	1.0000	1.0000	1.0000	1.0000	ok
BDPA Romance	tres	Lombard(East)	Lombard(West)	malign (distfeat)	1.0000	1.0000	1.0000	1.0000	ok
BDPA Romance	tres	Lombard(East)	Occitan	malign (distfeat)	1.0000	1.0000	1.0000	1.0000	ok
BDPA Romance	tres	Lombard(East)	Venetian	malign (distfeat)	1.0000	1.0000	1.0000	1.0000	ok
BDPA Romance	tres	Lombard(West)	Occitan	malign (distfeat)	1.0000	1.0000	1.0000	1.0000	ok
BDPA Romance	tres	Lombard(West)	Venetian	malign (distfeat)	1.0000	1.0000	1.0000	1.0000	ok
BDPA Romance	tres	Occitan	Venetian	malign (distfeat)	1.0000	1.0000	1.0000	1.0000	ok
BDPA Romance	ungulam	French	Italian	malign (distfeat)	0.6000	0.6000	0.6000	0.6000	ok
BDPA Romance	ungulam	French	Ladino	malign (distfeat)	1.0000	1.0000	1.0000	1.0000	ok
BDPA Romance	ungulam	French	Ligurian	malign (distfeat)					skipped
BDPA Romance	ungulam	French	Lombard(East)	malign (distfeat)					skipped
BDPA Romance	ungulam	French	Lombard(West)	malign (distfeat)					skipped
BDPA Romance	ungulam	French	Occitan	malign (distfeat)	1.0000	1.0000	1.0000	1.0000	ok
BDPA Romance	ungulam	French	Venetian	malign (distfeat)					skipped
BDPA Romance	ungulam	Italian	Ladino	malign (distfeat)	1.0000	1.0000	1.0000	1.0000	ok
BDPA Romance	ungulam	Italian	Ligurian	malign (distfeat)	1.0000	1.0000	1.0000	1.0000	ok
BDPA Romance	ungulam	Italian	Lombard(East)	malign (distfeat)	1.0000	1.0000	1.0000	1.0000	ok
BDPA Romance	ungulam	Italian	Lombard(West)	malign (distfeat)	1.0000	1.0000	1.0000	1.0000	ok
BDPA Romance	ungulam	Italian	Occitan	malign (distfeat)	1.0000	1.0000	1.0000	1.0000	ok
BDPA Romance	ungulam	Italian	Venetian	malign (distfeat)	1.0000	1.0000	1.0000	1.0000	ok
BDPA Romance	ungulam	Ladino	Ligurian	malign (distfeat)	1.0000	1.0000	1.0000	1.0000	ok
BDPA Romance	ungulam	Ladino	Lombard(East)	malign (distfeat)	1.0000	1.0000	1.0000	1.0000	ok
BDPA Romance	ungulam	Ladino	Lombard(West)	malign (distfeat)	0.6667	0.6667	0.6667	0.6667	ok
BDPA Romance	ungulam	Ladino	Occitan	malign (distfeat)	1.0000	1.0000	1.0000	1.0000	ok
BDPA Romance	ungulam	Ladino	Venetian	malign (distfeat)	1.0000	1.0000	1.0000	1.0000	ok
BDPA Romance	ungulam	Ligurian	Lombard(East)	malign (distfeat)	1.0000	1.0000	1.0000	1.0000	ok
BDPA Romance	ungulam	Ligurian	Lombard(West)	malign (distfeat)	1.0000	1.0000	1.0000	1.0000	ok
BDPA Romance	ungulam	Ligurian	Occitan	malign (distfeat)	0.6000	0.6000	0.6000	0.6000	ok
BDPA Romance	ungulam	Ligurian	Venetian	malign (distfeat)	1.0000	1.0000	1.0000	1.0000	ok
BDPA Romance	ungulam	Lombard(East)	Lombard(West)	malign (distfeat)	1.0000	1.0000	1.0000	1.0000	ok
BDPA Romance	ungulam	Lombard(East)	Occitan	malign (distfeat)	0.6000	0.6000	0.6000	0.6000	ok
BDPA Romance	ungulam	Lombard(East)	Venetian	malign (distfeat)	1.0000	1.0000	1.0000	1.0000	ok
BDPA Romance	ungulam	Lombard(West)	Occitan	malign (distfeat)	0.6000	0.6000	0.6000	0.6000	ok
BDPA Romance	ungulam	Lombard(West)	Venetian	malign (distfeat)	1.0000	1.0000	1.0000	1.0000	ok
BDPA Romance	ungulam	Occitan	Venetian	malign (distfeat)	0.6000	0.6000	0.6000	0.6000	ok
BDPA Romance	unum	French	Italian	malign (distfeat)	0.3333	0.3333	0.3333	0.3333	ok
BDPA Romance	unum	French	Ladino	malign (distfeat)	0.3333	0.3333	0.3333	0.3333	ok
BDPA Romance	unum	French	Ligurian	malign (distfeat)	1.0000	1.0000	1.0000	1.0000	ok
BDPA Romance	unum	French	Lombard(East)	malign (distfeat)	1.0000	1.0000	1.0000	1.0000	ok
BDPA Romance	unum	French	Lombard(West)	malign (distfeat)	1.0000	1.0000	1.0000	1.0000	ok
BDPA Romance	unum	French	Occitan	malign (distfeat)	1.0000	1.0000	1.0000	1.0000	ok
BDPA Romance	unum	French	Venetian	malign (distfeat)	0.3333	0.3333	0.3333	0.3333	ok
BDPA Romance	unum	Italian	Ladino	malign (distfeat)					skipped
BDPA Romance	unum	Italian	Ligurian	malign (distfeat)	1.0000	1.0000	1.0000	1.0000	ok
BDPA Romance	unum	Italian	Lombard(East)	malign (distfeat)					skipped
BDPA Romance	unum	Italian	Lombard(West)	malign (distfeat)					skipped
BDPA Romance	unum	Italian	Occitan	malign (distfeat)	1.0000	1.0000	1.0000	1.0000	ok
BDPA Romance	unum	Italian	Venetian	malign (distfeat)	1.0000	1.0000	1.0000	1.0000	ok
BDPA Romance	unum	Ladino	Ligurian	malign (distfeat)	1.0000	1.0000	1.0000	1.0000	ok
BDPA Romance	unum	Ladino	Lombard(East)	malign (distfeat)	1.0000	1.0000	1.0000	1.0000	ok
BDPA Romance	unum	Ladino	Lombard(West)	malign (distfeat)	0.0000	0.0000	0.0000	0.0000	ok
BDPA Romance	unum	Ladino	Occitan	malign (distfeat)	1.0000	1.0000	1.0000	1.0000	ok
BDPA Romance	unum	Ladino	Venetian	malign (distfeat)					skipped
BDPA Romance	unum	Ligurian	Lombard(East)	malign (distfeat)					skipped
BDPA Romance	unum	Ligurian	Lombard(West)	malign (distfeat)					skipped
BDPA Romance	unum	Ligurian	Occitan	malign (distfeat)	1.0000	1.0000	1.0000	1.0000	ok
BDPA Romance	unum	Ligurian	Venetian	malign (distfeat)	1.0000	1.0000	1.0000	1.0000	ok
BDPA Romance	unum	Lombard(East)	Lombard(West)	malign (distfeat)	1.0000	1.0000	1.0000	1.0000	ok
BDPA Romance	unum	Lombard(East)	Occitan	malign (distfeat)					skipped
BDPA Romance	unum	Lombard(East)	Venetian	malign (distfeat)					skipped
BDPA Romance	unum	Lombard(West)	Occitan	malign (distfeat)					skipped
BDPA Romance	unum	Lombard(West)	Venetian	malign (distfeat)					skipped
BDPA Romance	unum	Occitan	Venetian	malign (distfeat)	1.0000	1.0000	1.0000	1.0000	ok
BDPA Romance	aquam	French	Italian	malign (distfeat+boot)	0.5000	0.5000	0.5000	0.5000	ok
BDPA Romance	aquam	French	Ladino	malign (distfeat+boot)	0.5000	0.5000	0.5000	0.5000	ok
BDPA Romance	aquam	French	Ligurian	malign (distfeat+boot)	0.5000	0.5000	0.5000	0.5000	ok
BDPA Romance	aquam	French	Lombard(East)	malign (distfeat+boot)	0.5000	0.5000	0.5000	0.5000	ok
BDPA Romance	aquam	French	Lombard(West)	malign (distfeat+boot)	0.5000	0.5000	0.5000	0.5000	ok
BDPA Romance	aquam	French	Occitan	malign (distfeat+boot)	1.0000	1.0000	1.0000	1.0000	ok
BDPA Romance	aquam	French	Venetian	malign (distfeat+boot)	0.5000	0.5000	0.5000	0.5000	ok
BDPA Romance	aquam	Italian	Ladino	malign (distfeat+boot)					skipped
BDPA Romance	aquam	Italian	Ligurian	malign (distfeat+boot)	1.0000	1.0000	1.0000	1.0000	ok
BDPA Romance	aquam	Italian	Lombard(East)	malign (distfeat+boot)	1.0000	1.0000	1.0000	1.0000	ok
BDPA Romance	aquam	Italian	Lombard(West)	malign (distfeat+boot)	1.0000	1.0000	1.0000	1.0000	ok
BDPA Romance	aquam	Italian	Occitan	malign (distfeat+boot)	0.2500	0.2500	0.2500	0.2500	ok
BDPA Romance	aquam	Italian	Venetian	malign (distfeat+boot)	1.0000	1.0000	1.0000	1.0000	ok
BDPA Romance	aquam	Ladino	Ligurian	malign (distfeat+boot)	0.6000	0.6000	0.6000	0.6000	ok
BDPA Romance	aquam	Ladino	Lombard(East)	malign (distfeat+boot)					skipped
BDPA Romance	aquam	Ladino	Lombard(West)	malign (distfeat+boot)					skipped
BDPA Romance	aquam	Ladino	Occitan	malign (distfeat+boot)	0.5000	0.5000	0.5000	0.5000	ok
BDPA Romance	aquam	Ladino	Venetian	malign (distfeat+boot)					skipped
BDPA Romance	aquam	Ligurian	Lombard(East)	malign (distfeat+boot)	1.0000	1.0000	1.0000	1.0000	ok
BDPA Romance	aquam	Ligurian	Lombard(West)	malign (distfeat+boot)	1.0000	1.0000	1.0000	1.0000	ok
BDPA Romance	aquam	Ligurian	Occitan	malign (distfeat+boot)	1.0000	1.0000	1.0000	1.0000	ok
BDPA Romance	aquam	Ligurian	Venetian	malign (distfeat+boot)	1.0000	1.0000	1.0000	1.0000	ok
BDPA Romance	aquam	Lombard(East)	Lombard(West)	malign (distfeat+boot)	1.0000	1.0000	1.0000	1.0000	ok
BDPA Romance	aquam	Lombard(East)	Occitan	malign (distfeat+boot)	1.0000	1.0000	1.0000	1.0000	ok
BDPA Romance	aquam	Lombard(East)	Venetian	malign (distfeat+boot)	1.0000	1.0000	1.0000	1.0000	ok
BDPA Romance	aquam	Lombard(West)	Occitan	malign (distfeat+boot)	1.0000	1.0000	1.0000	1.0000	ok
BDPA Romance	aquam	Lombard(West)	Venetian	malign (distfeat+boot)	1.0000	1.0000	1.0000	1.0000	ok
BDPA Romance	aquam	Occitan	Venetian	malign (distfeat+boot)	0.5000	0.5000	0.5000	0.5000	ok
BDPA Romance	auriculam	French	Italian	malign (distfeat+boot)	0.6667	0.6667	0.6667	0.6667	ok
BDPA Romance	auriculam	French	Ladino	malign (distfeat+boot)	1.0000	1.0000	1.0000	1.0000	ok
BDPA Romance	auriculam	French	Ligurian	malign (distfeat+boot)					skipped
BDPA Romance	auriculam	French	Lombard(East)	malign (distfeat+boot)	0.5000	0.5000	0.5000	0.5000	ok
BDPA Romance	auriculam	French	Lombard(West)	malign (distfeat+boot)	1.0000	1.0000	1.0000	1.0000	ok
BDPA Romance	auriculam	French	Occitan	malign (distfeat+boot)	0.5000	0.5000	0.5000	0.5000	ok
BDPA Romance	auriculam	French	Venetian	malign (distfeat+boot)	0.6000	0.6000	0.6000	0.6000	ok
BDPA Romance	auriculam	Italian	Ladino	malign (distfeat+boot)	1.0000	1.0000	1.0000	1.0000	ok
BDPA Romance	auriculam	Italian	Ligurian	malign (distfeat+boot)	0.3333	0.3333	0.3333	0.3333	ok
BDPA Romance	auriculam	Italian	Lombard(East)	malign (distfeat+boot)	1.0000	1.0000	1.0000	1.0000	ok
BDPA Romance	auriculam	Italian	Lombard(West)	malign (distfeat+boot)	0.6667	0.6667	0.6667	0.6667	ok
BDPA Romance	auriculam	Italian	Occitan	malign (distfeat+boot)	0.6667	0.6667	0.6667	0.6667	ok
BDPA Romance	auriculam	Italian	Venetian	malign (distfeat+boot)	0.6667	0.6667	0.6667	0.6667	ok
BDPA Romance	auriculam	Ladino	Ligurian	malign (distfeat+boot)	0.7143	0.7143	0.7143	0.7143	ok
BDPA Romance	auriculam	Ladino	Lombard(East)	malign (distfeat+boot)	0.7143	0.7143	0.7143	0.7143	ok
BDPA Romance	auriculam	Ladino	Lombard(West)	malign (distfeat+boot)	1.0000	1.0000	1.0000	1.0000	ok
BDPA Romance	auriculam	Ladino	Occitan	malign (distfeat+boot)	0.7143	0.7143	0.7143	0.7143	ok
BDPA Romance	auriculam	Ladino	Venetian	malign (distfeat+boot)	0.7143	0.7143	0.7143	0.7143	ok
BDPA Romance	auriculam	Ligurian	Lombard(East)	malign (distfeat+boot)	0.2000	0.2000	0.2000	0.2000	ok
BDPA Romance	auriculam	Ligurian	Lombard(West)	malign (distfeat+boot)	0.6000	0.6000	0.6000	0.6000	ok
BDPA Romance	auriculam	Ligurian	Occitan	malign (distfeat+boot)					skipped
BDPA Romance	auriculam	Ligurian	Venetian	malign (distfeat+boot)	1.0000	1.0000	1.0000	1.0000	ok
BDPA Romance	auriculam	Lombard(East)	Lombard(West)	malign (distfeat+boot)	1.0000	1.0000	1.0000	1.0000	ok
BDPA Romance	auriculam	Lombard(East)	Occitan	malign (distfeat+boot)					skipped
BDPA Romance	auriculam	Lombard(East)	Venetian	malign (distfeat+boot)	1.0000	1.0000	1.0000	1.0000	ok
BDPA Romance	auriculam	Lombard(West)	Occitan	malign (distfeat+boot)					skipped
BDPA Romance	auriculam	Lombard(West)	Venetian	malign (distfeat+boot)	1.0000	1.0000	1.0000	1.0000	ok
BDPA Romance	auriculam	Occitan	Venetian	malign (distfeat+boot)					skipped
BDPA Romance	bestiam	French	Italian	malign (distfeat+boot)	1.0000	1.0000	1.0000	1.0000	ok
BDPA Romance	bestiam	French	Ladino	malign (distfeat+boot)					skipped
BDPA Romance	bestiam	French	Ligurian	malign (distfeat+boot)	1.0000	1.0000	1.0000	1.0000	ok
BDPA Romance	bestiam	French	Lombard(East)	malign (distfeat+boot)	1.0000	1.0000	1.0000	1.0000	ok
BDPA Romance	bestiam	French	Lombard(West)	malign (distfeat+boot)	1.0000	1.0000	1.0000	1.0000	ok
BDPA Romance	bestiam	French	Occitan	malign (distfeat+boot)	1.0000	1.0000	1.0000	1.0000	ok
BDPA Romance	bestiam	French	Venetian	malign (distfeat+boot)	1.0000	1.0000	1.0000	1.0000	ok
BDPA Romance	bestiam	Italian	Ladino	malign (distfeat+boot)	1.0000	1.0000	1.0000	1.0000	ok
BDPA Romance	bestiam	Italian	Ligurian	malign (distfeat+boot)	1.0000	1.0000	1.0000	1.0000	ok
BDPA Romance	bestiam	Italian	Lombard(East)	malign (distfeat+boot)	1.0000	1.0000	1.0000	1.0000	ok
BDPA Romance	bestiam	Italian	Lombard(West)	malign (distfeat+boot)	1.0000	1.0000	1.0000	1.0000	ok
BDPA Romance	bestiam	Italian	Occitan	malign (distfeat+boot)	1.0000	1.0000	1.0000	1.0000	ok
BDPA Romance	bestiam	Italian	Venetian	malign (distfeat+boot)	1.0000	1.0000	1.0000	1.0000	ok
BDPA Romance	bestiam	Ladino	Ligurian	malign (distfeat+boot)	1.0000	1.0000	1.0000	1.0000	ok
BDPA Romance	bestiam	Ladino	Lombard(East)	malign (distfeat+boot)	1.0000	1.0000	1.0000	1.0000	ok
BDPA Romance	bestiam	Ladino	Lombard(West)	malign (distfeat+boot)	1.0000	1.0000	1.0000	1.0000	ok
BDPA Romance	bestiam	Ladino	Occitan	malign (distfeat+boot)	1.0000	1.0000	1.0000	1.0000	ok
BDPA Romance	bestiam	Ladino	Venetian	malign (distfeat+boot)	1.0000	1.0000	1.0000	1.0000	ok
BDPA Romance	bestiam	Ligurian	Lombard(East)	malign (distfeat+boot)	1.0000	1.0000	1.0000	1.0000	ok
BDPA Romance	bestiam	Ligurian	Lombard(West)	malign (distfeat+boot)	1.0000	1.0000	1.0000	1.0000	ok
BDPA Romance	bestiam	Ligurian	Occitan	malign (distfeat+boot)	1.0000	1.0000	1.0000	1.0000	ok
BDPA Romance	bestiam	Ligurian	Venetian	malign (distfeat+boot)	1.0000	1.0000	1.0000	1.0000	ok
BDPA Romance	bestiam	Lombard(East)	Lombard(West)	malign (distfeat+boot)	1.0000	1.0000	1.0000	1.0000	ok
BDPA Romance	bestiam	Lombard(East)	Occitan	malign (distfeat+boot)	1.0000	1.0000	1.0000	1.0000	ok
BDPA Romance	bestiam	Lombard(East)	Venetian	malign (distfeat+boot)	1.0000	1.0000	1.0000	1.0000	ok
BDPA Romance	bestiam	Lombard(West)	Occitan	malign (distfeat+boot)	1.0000	1.0000	1.0000	1.0000	ok
BDPA Romance	bestiam	Lombard(West)	Venetian	malign (distfeat+boot)	1.0000	1.0000	1.0000	1.0000	ok
BDPA Romance	bestiam	Occitan	Venetian	malign (distfeat+boot)	1.0000	1.0000	1.0000	1.0000	ok
BDPA Romance	bracchium	French	Italian	malign (distfeat+boot)	1.0000	1.0000	1.0000	1.0000	ok
BDPA Romance	bracchium	French	Ladino	malign (distfeat+boot)	1.0000	1.0000	1.0000	1.0000	ok
BDPA Romance	bracchium	French	Ligurian	malign (distfeat+boot)	1.0000	1.0000	1.0000	1.0000	ok
BDPA Romance	bracchium	French	Lombard(East)	malign (distfeat+boot)	1.0000	1.0000	1.0000	1.0000	ok
BDPA Romance	bracchium	French	Lombard(West)	malign (distfeat+boot)	1.0000	1.0000	1.0000	1.0000	ok
BDPA Romance	bracchium	French	Occitan	malign (distfeat+boot)	1.0000	1.0000	1.0000	1.0000	ok
BDPA Romance	bracchium	French	Venetian	malign (distfeat+boot)	1.0000	1.0000	1.0000	1.0000	ok
BDPA Romance	bracchium	Italian	Ladino	malign (distfeat+boot)	1.0000	1.0000	1.0000	1.0000	ok
BDPA Romance	bracchium	Italian	Ligurian	malign (distfeat+boot)	1.0000	1.0000	1.0000	1.0000	ok
BDPA Romance	bracchium	Italian	Lombard(East)	malign (distfeat+boot)	1.0000	1.0000	1.0000	1.0000	ok
BDPA Romance	bracchium	Italian	Lombard(West)	malign (distfeat+boot)	1.0000	1.0000	1.0000	1.0000	ok
BDPA Romance	bracchium	Italian	Occitan	malign (distfeat+boot)	1.0000	1.0000	1.0000	1.0000	ok
BDPA Romance	bracchium	Italian	Venetian	malign (distfeat+boot)	1.0000	1.0000	1.0000	1.0000	ok
BDPA Romance	bracchium	Ladino	Ligurian	malign (distfeat+boot)	1.0000	1.0000	1.0000	1.0000	ok
BDPA Romance	bracchium	Ladino	Lombard(East)	malign (distfeat+boot)	1.0000	1.0000	1.0000	1.0000	ok
BDPA Romance	bracchium	Ladino	Lombard(West)	malign (distfeat+boot)	1.0000	1.0000	1.0000	1.0000	ok
BDPA Romance	bracchium	Ladino	Occitan	malign (distfeat+boot)	1.0000	1.0000	1.0000	1.0000	ok
BDPA Romance	bracchium	Ladino	Venetian	malign (distfeat+boot)	1.0000	1.0000	1.0000	1.0000	ok
BDPA Romance	bracchium	Ligurian	Lombard(East)	malign (distfeat+boot)	1.0000	1.0000	1.0000	1.0000	ok
BDPA Romance	bracchium	Ligurian	Lombard(West)	malign (distfeat+boot)	1.0000	1.0000	1.0000	1.0000	ok
BDPA Romance	bracchium	Ligurian	Occitan	malign (distfeat+boot)	1.0000	1.0000	1.0000	1.0000	ok
BDPA Romance	bracchium	Ligurian	Venetian	malign (distfeat+boot)	1.0000	1.0000	1.0000	1.0000	ok
BDPA Romance	bracchium	Lombard(East)	Lombard(West)	malign (distfeat+boot)	1.0000	1.0000	1.0000	1.0000	ok
BDPA Romance	bracchium	Lombard(East)	Occitan	malign (distfeat+boot)	1.0000	1.0000	1.0000	1.0000	ok
BDPA Romance	bracchium	Lombard(East)	Venetian	malign (distfeat+boot)	1.0000	1.0000	1.0000	1.0000	ok
BDPA Romance	bracchium	Lombard(West)	Occitan	malign (distfeat+boot)	1.0000	1.0000	1.0000	1.0000	ok
BDPA Romance	bracchium	Lombard(West)	Venetian	malign (distfeat+boot)	1.0000	1.0000	1.0000	1.0000	ok
BDPA Romance	bracchium	Occitan	Venetian	malign (distfeat+boot)	1.0000	1.0000	1.0000	1.0000	ok
BDPA Romance	caelum	French	Italian	malign (distfeat+boot)	1.0000	1.0000	1.0000	1.0000	ok
BDPA Romance	caelum	French	Ladino	malign (distfeat+boot)	0.5000	0.5000	0.5000	0.5000	ok
BDPA Romance	caelum	French	Ligurian	malign (distfeat+boot)	1.0000	1.0000	1.0000	1.0000	ok
BDPA Romance	caelum	French	Lombard(East)	malign (distfeat+boot)	1.0000	1.0000	1.0000	1.0000	ok
BDPA Romance	caelum	French	Lombard(West)	malign (distfeat+boot)	1.0000	1.0000	1.0000	1.0000	ok
BDPA Romance	caelum	French	Occitan	malign (distfeat+boot)	1.0000	1.0000	1.0000	1.0000	ok
BDPA Romance	caelum	French	Venetian	malign (distfeat+boot)					skipped
BDPA Romance	caelum	Italian	Ladino	malign (distfeat+boot)	1.0000	1.0000	1.0000	1.0000	ok
BDPA Romance	caelum	Italian	Ligurian	malign (distfeat+boot)	1.0000	1.0000	1.0000	1.0000	ok
BDPA Romance	caelum	Italian	Lombard(East)	malign (distfeat+boot)	1.0000	1.0000	1.0000	1.0000	ok
BDPA Romance	caelum	Italian	Lombard(West)	malign (distfeat+boot)	1.0000	1.0000	1.0000	1.0000	ok
BDPA Romance	caelum	Italian	Occitan	malign (distfeat+boot)	1.0000	1.0000	1.0000	1.0000	ok
BDPA Romance	caelum	Italian	Venetian	malign (distfeat+boot)	1.0000	1.0000	1.0000	1.0000	ok
BDPA Romance	caelum	Ladino	Ligurian	malign (distfeat+boot)	1.0000	1.0000	1.0000	1.0000	ok
BDPA Romance	caelum	Ladino	Lombard(East)	malign (distfeat+boot)	1.0000	1.0000	1.0000	1.0000	ok
BDPA Romance	caelum	Ladino	Lombard(West)	malign (distfeat+boot)	1.0000	1.0000	1.0000	1.0000	ok
BDPA Romance	caelum	Ladino	Occitan	malign (distfeat+boot)	1.0000	1.0000	1.0000	1.0000	ok
BDPA Romance	caelum	Ladino	Venetian	malign (distfeat+boot)					skipped
BDPA Romance	caelum	Ligurian	Lombard(East)	malign (distfeat+boot)	1.0000	1.0000	1.0000	1.0000	ok
BDPA Romance	caelum	Ligurian	Lombard(West)	malign (distfeat+boot)	1.0000	1.0000	1.0000	1.0000	ok
BDPA Romance	caelum	Ligurian	Occitan	malign (distfeat+boot)	1.0000	1.0000	1.0000	1.0000	ok
BDPA Romance	caelum	Ligurian	Venetian	malign (distfeat+boot)	1.0000	1.0000	1.0000	1.0000	ok
BDPA Romance	caelum	Lombard(East)	Lombard(West)	malign (distfeat+boot)	1.0000	1.0000	1.0000	1.0000	ok
BDPA Romance	caelum	Lombard(East)	Occitan	malign (distfeat+boot)	1.0000	1.0000	1.0000	1.0000	ok
BDPA Romance	caelum	Lombard(East)	Venetian	malign (distfeat+boot)					skipped
BDPA Romance	caelum	Lombard(West)	Occitan	malign (distfeat+boot)	1.0000	1.0000	1.0000	1.0000	ok
BDPA Romance	caelum	Lombard(West)	Venetian	malign (distfeat+boot)					skipped
BDPA Romance	caelum	Occitan	Venetian	malign (distfeat+boot)					skipped
BDPA Romance	capram	French	Italian	malign (distfeat+boot)	1.0000	1.0000	1.0000	1.0000	ok
BDPA Romance	capram	French	Ladino	malign (distfeat+boot)					skipped
BDPA Romance	capram	French	Ligurian	malign (distfeat+boot)					skipped
BDPA Romance	capram	French	Lombard(East)	malign (distfeat+boot)	1.0000	1.0000	1.0000	1.0000	ok
BDPA Romance	capram	French	Lombard(West)	malign (distfeat+boot)	0.6667	0.6667	0.6667	0.6667	ok
BDPA Romance	capram	French	Occitan	malign (distfeat+boot)	1.0000	1.0000	1.0000	1.0000	ok
BDPA Romance	capram	French	Venetian	malign (distfeat+boot)	1.0000	1.0000	1.0000	1.0000	ok
BDPA Romance	capram	Italian	Ladino	malign (distfeat+boot)	1.0000	1.0000	1.0000	1.0000	ok
BDPA Romance	capram	Italian	Ligurian	malign (distfeat+boot)	1.0000	1.0000	1.0000	1.0000	ok
BDPA Romance	capram	Italian	Lombard(East)	malign (distfeat+boot)	1.0000	1.0000	1.0000	1.0000	ok
BDPA Romance	capram	Italian	Lombard(West)	malign (distfeat+boot)	1.0000	1.0000	1.0000	1.0000	ok
BDPA Romance	capram	Italian	Occitan	malign (distfeat+boot)	1.0000	1.0000	1.0000	1.0000	ok
BDPA Romance	capram	Italian	Venetian	malign (distfeat+boot)	1.0000	1.0000	1.0000	1.0000	ok
BDPA Romance	capram	Ladino	Ligurian	malign (distfeat+boot)					skipped
BDPA Romance	capram	Ladino	Lombard(East)	malign (distfeat+boot)	0.6000	0.6000	0.6000	0.6000	ok
BDPA Romance	capram	Ladino	Lombard(West)	malign (distfeat+boot)	0.6667	0.6667	0.6667	0.6667	ok
BDPA Romance	capram	Ladino	Occitan	malign (distfeat+boot)	0.6000	0.6000	0.6000	0.6000	ok
BDPA Romance	capram	Ladino	Venetian	malign (distfeat+boot)	0.6000	0.6000	0.6000	0.6000	ok
BDPA Romance	capram	Ligurian	Lombard(East)	malign (distfeat+boot)	1.0000	1.0000	1.0000	1.0000	ok
BDPA Romance	capram	Ligurian	Lombard(West)	malign (distfeat+boot)	1.0000	1.0000	1.0000	1.0000	ok
BDPA Romance	capram	Ligurian	Occitan	malign (distfeat+boot)	1.0000	1.0000	1.0000	1.0000	ok
BDPA Romance	capram	Ligurian	Venetian	malign (distfeat+boot)	1.0000	1.0000	1.0000	1.0000	ok
BDPA Romance	capram	Lombard(East)	Lombard(West)	malign (distfeat+boot)	1.0000	1.0000	1.0000	1.0000	ok
BDPA Romance	capram	Lombard(East)	Occitan	malign (distfeat+boot)	1.0000	1.0000	1.0000	1.0000	ok
BDPA Romance	capram	Lombard(East)	Venetian	malign (distfeat+boot)	1.0000	1.0000	1.0000	1.0000	ok
BDPA Romance	capram	Lombard(West)	Occitan	malign (distfeat+boot)	0.6667	0.6667	0.6667	0.6667	ok
BDPA Romance	capram	Lombard(West)	Venetian	malign (distfeat+boot)	1.0000	1.0000	1.0000	1.0000	ok
BDPA Romance	capram	Occitan	Venetian	malign (distfeat+boot)	1.0000	1.0000	1.0000	1.0000	ok
BDPA Romance	cornu	French	Italian	malign (distfeat+boot)	1.0000	1.0000	1.0000	1.0000	ok
BDPA Romance	cornu	French	Ladino	malign (distfeat+boot)	1.0000	1.0000	1.0000	1.0000	ok
BDPA Romance	cornu	French	Ligurian	malign (distfeat+boot)	1.0000	1.0000	1.0000	1.0000	ok
BDPA Romance	cornu	French	Lombard(East)	malign (distfeat+boot)	1.0000	1.0000	1.0000	1.0000	ok
BDPA Romance	cornu	French	Lombard(West)	malign (distfeat+boot)	1.0000	1.0000	1.0000	1.0000	ok
BDPA Romance	cornu	French	Occitan	malign (distfeat+boot)	1.0000	1.0000	1.0000	1.0000	ok
BDPA Romance	cornu	French	Venetian	malign (distfeat+boot)	1.0000	1.0000	1.0000	1.0000	ok
BDPA Romance	cornu	Italian	Ladino	malign (distfeat+boot)	1.0000	1.0000	1.0000	1.0000	ok
BDPA Romance	cornu	Italian	Ligurian	malign (distfeat+boot)	1.0000	1.0000	1.0000	1.0000	ok
BDPA Romance	cornu	Italian	Lombard(East)	malign (distfeat+boot)	1.0000	1.0000	1.0000	1.0000	ok
BDPA Romance	cornu	Italian	Lombard(West)	malign (distfeat+boot)	1.0000	1.0000	1.0000	1.0000	ok
BDPA Romance	cornu	Italian	Occitan	malign (distfeat+boot)	1.0000	1.0000	1.0000	1.0000	ok
BDPA Romance	cornu	Italian	Venetian	malign (distfeat+boot)	1.0000	1.0000	1.0000	1.0000	ok
BDPA Romance	cornu	Ladino	Ligurian	malign (distfeat+boot)	1.0000	1.0000	1.0000	1.0000	ok
BDPA Romance	cornu	Ladino	Lombard(East)	malign (distfeat+boot)	1.0000	1.0000	1.0000	1.0000	ok
BDPA Romance	cornu	Ladino	Lombard(West)	malign (distfeat+boot)	1.0000	1.0000	1.0000	1.0000	ok
BDPA Romance	cornu	Ladino	Occitan	malign (distfeat+boot)	1.0000	1.0000	1.0000	1.0000	ok
BDPA Romance	cornu	Ladino	Venetian	malign (distfeat+boot)	1.0000	1.0000	1.0000	1.0000	ok
BDPA Romance	cornu	Ligurian	Lombard(East)	malign (distfeat+boot)	1.0000	1.0000	1.0000	1.0000	ok
BDPA Romance	cornu	Ligurian	Lombard(West)	malign (distfeat+boot)	1.0000	1.0000	1.0000	1.0000	ok
BDPA Romance	cornu	Ligurian	Occitan	malign (distfeat+boot)	1.0000	1.0000	1.0000	1.0000	ok
BDPA Romance	cornu	Ligurian	Venetian	malign (distfeat+boot)	1.0000	1.0000	1.0000	1.0000	ok
BDPA Romance	cornu	Lombard(East)	Lombard(West)	malign (distfeat+boot)	1.0000	1.0000	1.0000	1.0000	ok
BDPA Romance	cornu	Lombard(East)	Occitan	malign (distfeat+boot)	1.0000	1.0000	1.0000	1.0000	ok
BDPA Romance	cornu	Lombard(East)	Venetian	malign (distfeat+boot)	1.0000	1.0000	1.0000	1.0000	ok
BDPA Romance	cornu	Lombard(West)	Occitan	malign (distfeat+boot)	1.0000	1.0000	1.0000	1.0000	ok
BDPA Romance	cornu	Lombard(West)	Venetian	malign (distfeat+boot)	1.0000	1.0000	1.0000	1.0000	ok
BDPA Romance	cornu	Occitan	Venetian	malign (distfeat+boot)	1.0000	1.0000	1.0000	1.0000	ok
BDPA Romance	decem	French	Italian	malign (distfeat+boot)	1.0000	1.0000	1.0000	1.0000	ok
BDPA Romance	decem	French	Ladino	malign (distfeat+boot)	1.0000	1.0000	1.0000	1.0000	ok
BDPA Romance	decem	French	Ligurian	malign (distfeat+boot)	1.0000	1.0000	1.0000	1.0000	ok
BDPA Romance	decem	French	Lombard(East)	malign (distfeat+boot)	1.0000	1.0000	1.0000	1.0000	ok
BDPA Romance	decem	French	Lombard(West)	malign (distfeat+boot)	1.0000	1.0000	1.0000	1.0000	ok
BDPA Romance	decem	French	Occitan	malign (distfeat+boot)	1.0000	1.0000	1.0000	1.0000	ok
BDPA Romance	decem	French	Venetian	malign (distfeat+boot)	1.0000	1.0000	1.0000	1.0000	ok
BDPA Romance	decem	Italian	Ladino	malign (distfeat+boot)	1.0000	1.0000	1.0000	1.0000	ok
BDPA Romance	decem	Italian	Ligurian	malign (distfeat+boot)	0.4000	0.4000	0.4000	0.4000	ok
BDPA Romance	decem	Italian	Lombard(East)	malign (distfeat+boot)	1.0000	1.0000	1.0000	1.0000	ok
BDPA Romance	decem	Italian	Lombard(West)	malign (distfeat+boot)	1.0000	1.0000	1.0000	1.0000	ok
BDPA Romance	decem	Italian	Occitan	malign (distfeat+boot)	1.0000	1.0000	1.0000	1.0000	ok
BDPA Romance	decem	Italian	Venetian	malign (distfeat+boot)	0.4000	0.4000	0.4000	0.4000	ok
BDPA Romance	decem	Ladino	Ligurian	malign (distfeat+boot)					skipped
BDPA Romance	decem	Ladino	Lombard(East)	malign (distfeat+boot)	1.0000	1.0000	1.0000	1.0000	ok
BDPA Romance	decem	Ladino	Lombard(West)	malign (distfeat+boot)	1.0000	1.0000	1.0000	1.0000	ok
BDPA Romance	decem	Ladino	Occitan	malign (distfeat+boot)	0.5000	0.5000	0.5000	0.5000	ok
BDPA Romance	decem	Ladino	Venetian	malign (distfeat+boot)					skipped
BDPA Romance	decem	Ligurian	Lombard(East)	malign (distfeat+boot)	1.0000	1.0000	1.0000	1.0000	ok
BDPA Romance	decem	Ligurian	Lombard(West)	malign (distfeat+boot)	1.0000	1.0000	1.0000	1.0000	ok
BDPA Romance	decem	Ligurian	Occitan	malign (distfeat+boot)	0.5000	0.5000	0.5000	0.5000	ok
BDPA Romance	decem	Ligurian	Venetian	malign (distfeat+boot)	1.0000	1.0000	1.0000	1.0000	ok
BDPA Romance	decem	Lombard(East)	Lombard(West)	malign (distfeat+boot)	1.0000	1.0000	1.0000	1.0000	ok
BDPA Romance	decem	Lombard(East)	Occitan	malign (distfeat+boot)	1.0000	1.0000	1.0000	1.0000	ok
BDPA Romance	decem	Lombard(East)	Venetian	malign (distfeat+boot)	1.0000	1.0000	1.0000	1.0000	ok
BDPA Romance	decem	Lombard(West)	Occitan	malign (distfeat+boot)	1.0000	1.0000	1.0000	1.0000	ok
BDPA Romance	decem	Lombard(West)	Venetian	malign (distfeat+boot)	1.0000	1.0000	1.0000	1.0000	ok
BDPA Romance	decem	Occitan	Venetian	malign (distfeat+boot)	0.5000	0.5000	0.5000	0.5000	ok
BDPA Romance	dentem	French	Italian	malign (distfeat+boot)	1.0000	1.0000	1.0000	1.0000	ok
BDPA Romance	dentem	French	Ladino	malign (distfeat+boot)	1.0000	1.0000	1.0000	1.0000	ok
BDPA Romance	dentem	French	Ligurian	malign (distfeat+boot)	1.0000	1.0000	1.0000	1.0000	ok
BDPA Romance	dentem	French	Lombard(East)	malign (distfeat+boot)	1.0000	1.0000	1.0000	1.0000	ok
BDPA Romance	dentem	French	Lombard(West)	malign (distfeat+boot)	1.0000	1.0000	1.0000	1.0000	ok
BDPA Romance	dentem	French	Occitan	malign (distfeat+boot)	1.0000	1.0000	1.0000	1.0000	ok
BDPA Romance	dentem	French	Venetian	malign (distfeat+boot)	1.0000	1.0000	1.0000	1.0000	ok
BDPA Romance	dentem	Italian	Ladino	malign (distfeat+boot)	1.0000	1.0000	1.0000	1.0000	ok
BDPA Romance	dentem	Italian	Ligurian	malign (distfeat+boot)	1.0000	1.0000	1.0000	1.0000	ok
BDPA Romance	dentem	Italian	Lombard(East)	malign (distfeat+boot)	1.0000	1.0000	1.0000	1.0000	ok
BDPA Romance	dentem	Italian	Lombard(West)	malign (distfeat+boot)	1.0000	1.0000	1.0000	1.0000	ok
BDPA Romance	dentem	Italian	Occitan	malign (distfeat+boot)	1.0000	1.0000	1.0000	1.0000	ok
BDPA Romance	dentem	Italian	Venetian	malign (distfeat+boot)	1.0000	1.0000	1.0000	1.0000	ok
BDPA Romance	dentem	Ladino	Ligurian	malign (distfeat+boot)	1.0000	1.0000	1.0000	1.0000	ok
BDPA Romance	dentem	Ladino	Lombard(East)	malign (distfeat+boot)	1.0000	1.0000	1.0000	1.0000	ok
BDPA Romance	dentem	Ladino	Lombard(West)	malign (distfeat+boot)	1.0000	1.0000	1.0000	1.0000	ok
BDPA Romance	dentem	Ladino	Occitan	malign (distfeat+boot)	1.0000	1.0000	1.0000	1.0000	ok
BDPA Romance	dentem	Ladino	Venetian	malign (distfeat+boot)	1.0000	1.0000	1.0000	1.0000	ok
BDPA Romance	dentem	Ligurian	Lombard(East)	malign (distfeat+boot)	1.0000	1.0000	1.0000	1.0000	ok
BDPA Romance	dentem	Ligurian	Lombard(West)	malign (distfeat+boot)	1.0000	1.0000	1.0000	1.0000	ok
BDPA Romance	dentem	Ligurian	Occitan	malign (distfeat+boot)	1.0000	1.0000	1.0000	1.0000	ok
BDPA Romance	dentem	Ligurian	Venetian	malign (distfeat+boot)	1.0000	1.0000	1.0000	1.0000	ok
BDPA Romance	dentem	Lombard(East)	Lombard(West)	malign (distfeat+boot)	1.0000	1.0000	1.0000	1.0000	ok
BDPA Romance	dentem	Lombard(East)	Occitan	malign (distfeat+boot)	1.0000	1.0000	1.0000	1.0000	ok
BDPA Romance	dentem	Lombard(East)	Venetian	malign (distfeat+boot)	1.0000	1.0000	1.0000	1.0000	ok
BDPA Romance	dentem	Lombard(West)	Occitan	malign (distfeat+boot)	1.0000	1.0000	1.0000	1.0000	ok
BDPA Romance	dentem	Lombard(West)	Venetian	malign (distfeat+boot)	1.0000	1.0000	1.0000	1.0000	ok
BDPA Romance	dentem	Occitan	Venetian	malign (distfeat+boot)	1.0000	1.0000	1.0000	1.0000	ok
BDPA Romance	digitum	French	Italian	malign (distfeat+boot)					skipped
BDPA Romance	digitum	French	Ladino	malign (distfeat+boot)					skipped
BDPA Romance	digitum	French	Ligurian	malign (distfeat+boot)					skipped
BDPA Romance	digitum	French	Lombard(East)	malign (distfeat+boot)					skipped
BDPA Romance	digitum	French	Lombard(West)	malign (distfeat+boot)					skipped
BDPA Romance	digitum	French	Occitan	malign (distfeat+boot)	1.0000	1.0000	1.0000	1.0000	ok
BDPA Romance	digitum	French	Venetian	malign (distfeat+boot)					skipped
BDPA Romance	digitum	Italian	Ladino	malign (distfeat+boot)	1.0000	1.0000	1.0000	1.0000	ok
BDPA Romance	digitum	Italian	Ligurian	malign (distfeat+boot)	1.0000	1.0000	1.0000	1.0000	ok
BDPA Romance	digitum	Italian	Lombard(East)	malign (distfeat+boot)	1.0000	1.0000	1.0000	1.0000	ok
BDPA Romance	digitum	Italian	Lombard(West)	malign (distfeat+boot)	1.0000	1.0000	1.0000	1.0000	ok
BDPA Romance	digitum	Italian	Occitan	malign (distfeat+boot)	1.0000	1.0000	1.0000	1.0000	ok
BDPA Romance	digitum	Italian	Venetian	malign (distfeat+boot)	1.0000	1.0000	1.0000	1.0000	ok
BDPA Romance	digitum	Ladino	Ligurian	malign (distfeat+boot)					skipped
BDPA Romance	digitum	Ladino	Lombard(East)	malign (distfeat+boot)	1.0000	1.0000	1.0000	1.0000	ok
BDPA Romance	digitum	Ladino	Lombard(West)	malign (distfeat+boot)	1.0000	1.0000	1.0000	1.0000	ok
BDPA Romance	digitum	Ladino	Occitan	malign (distfeat+boot)	1.0000	1.0000	1.0000	1.0000	ok
BDPA Romance	digitum	Ladino	Venetian	malign (distfeat+boot)					skipped
BDPA Romance	digitum	Ligurian	Lombard(East)	malign (distfeat+boot)					skipped
BDPA Romance	digitum	Ligurian	Lombard(West)	malign (distfeat+boot)					skipped
BDPA Romance	digitum	Ligurian	Occitan	malign (distfeat+boot)	1.0000	1.0000	1.0000	1.0000	ok
BDPA Romance	digitum	Ligurian	Venetian	malign (distfeat+boot)	1.0000	1.0000	1.0000	1.0000	ok
BDPA Romance	digitum	Lombard(East)	Lombard(West)	malign (distfeat+boot)	1.0000	1.0000	1.0000	1.0000	ok
BDPA Romance	digitum	Lombard(East)	Occitan	malign (distfeat+boot)	1.0000	1.0000	1.0000	1.0000	ok
BDPA Romance	digitum	Lombard(East)	Venetian	malign (distfeat+boot)					skipped
BDPA Romance	digitum	Lombard(West)	Occitan	malign (distfeat+boot)	1.0000	1.0000	1.0000	1.0000	ok
BDPA Romance	digitum	Lombard(West)	Venetian	malign (distfeat+boot)					skipped
BDPA Romance	digitum	Occitan	Venetian	malign (distfeat+boot)	1.0000	1.0000	1.0000	1.0000	ok
BDPA Romance	duo	French	Italian	malign (distfeat+boot)	1.0000	1.0000	1.0000	1.0000	ok
BDPA Romance	duo	French	Ladino	malign (distfeat+boot)	1.0000	1.0000	1.0000	1.0000	ok
BDPA Romance	duo	French	Ligurian	malign (distfeat+boot)	1.0000	1.0000	1.0000	1.0000	ok
BDPA Romance	duo	French	Lombard(East)	malign (distfeat+boot)	1.0000	1.0000	1.0000	1.0000	ok
BDPA Romance	duo	French	Lombard(West)	malign (distfeat+boot)	1.0000	1.0000	1.0000	1.0000	ok
BDPA Romance	duo	French	Occitan	malign (distfeat+boot)	1.0000	1.0000	1.0000	1.0000	ok
BDPA Romance	duo	French	Venetian	malign (distfeat+boot)	1.0000	1.0000	1.0000	1.0000	ok
BDPA Romance	duo	Italian	Ladino	malign (distfeat+boot)	1.0000	1.0000	1.0000	1.0000	ok
BDPA Romance	duo	Italian	Ligurian	malign (distfeat+boot)	1.0000	1.0000	1.0000	1.0000	ok
BDPA Romance	duo	Italian	Lombard(East)	malign (distfeat+boot)	1.0000	1.0000	1.0000	1.0000	ok
BDPA Romance	duo	Italian	Lombard(West)	malign (distfeat+boot)	1.0000	1.0000	1.0000	1.0000	ok
BDPA Romance	duo	Italian	Occitan	malign (distfeat+boot)	1.0000	1.0000	1.0000	1.0000	ok
BDPA Romance	duo	Italian	Venetian	malign (distfeat+boot)	1.0000	1.0000	1.0000	1.0000	ok
BDPA Romance	duo	Ladino	Ligurian	malign (distfeat+boot)	1.0000	1.0000	1.0000	1.0000	ok
BDPA Romance	duo	Ladino	Lombard(East)	malign (distfeat+boot)	1.0000	1.0000	1.0000	1.0000	ok
BDPA Romance	duo	Ladino	Lombard(West)	malign (distfeat+boot)	1.0000	1.0000	1.0000	1.0000	ok
BDPA Romance	duo	Ladino	Occitan	malign (distfeat+boot)	1.0000	1.0000	1.0000	1.0000	ok
BDPA Romance	duo	Ladino	Venetian	malign (distfeat+boot)	1.0000	1.0000	1.0000	1.0000	ok
BDPA Romance	duo	Ligurian	Lombard(East)	malign (distfeat+boot)	1.0000	1.0000	1.0000	1.0000	ok
BDPA Romance	duo	Ligurian	Lombard(West)	malign (distfeat+boot)	1.0000	1.0000	1.0000	1.0000	ok
BDPA Romance	duo	Ligurian	Occitan	malign (distfeat+boot)	1.0000	1.0000	1.0000	1.0000	ok
BDPA Romance	duo	Ligurian	Venetian	malign (distfeat+boot)	1.0000	1.0000	1.0000	1.0000	ok
BDPA Romance	duo	Lombard(East)	Lombard(West)	malign (distfeat+boot)	1.0000	1.0000	1.0000	1.0000	ok
BDPA Romance	duo	Lombard(East)	Occitan	malign (distfeat+boot)	1.0000	1.0000	1.0000	1.0000	ok
BDPA Romance	duo	Lombard(East)	Venetian	malign (distfeat+boot)	1.0000	1.0000	1.0000	1.0000	ok
BDPA Romance	duo	Lombard(West)	Occitan	malign (distfeat+boot)	1.0000	1.0000	1.0000	1.0000	ok
BDPA Romance	duo	Lombard(West)	Venetian	malign (distfeat+boot)	1.0000	1.0000	1.0000	1.0000	ok
BDPA Romance	duo	Occitan	Venetian	malign (distfeat+boot)	1.0000	1.0000	1.0000	1.0000	ok
BDPA Romance	lacrimam	French	Italian	malign (distfeat+boot)	1.0000	1.0000	1.0000	1.0000	ok
BDPA Romance	lacrimam	French	Ladino	malign (distfeat+boot)	1.0000	1.0000	1.0000	1.0000	ok
BDPA Romance	lacrimam	French	Ligurian	malign (distfeat+boot)	1.0000	1.0000	1.0000	1.0000	ok
BDPA Romance	lacrimam	French	Lombard(East)	malign (distfeat+boot)	1.0000	1.0000	1.0000	1.0000	ok
BDPA Romance	lacrimam	French	Lombard(West)	malign (distfeat+boot)	1.0000	1.0000	1.0000	1.0000	ok
BDPA Romance	lacrimam	French	Occitan	malign (distfeat+boot)					skipped
BDPA Romance	lacrimam	French	Venetian	malign (distfeat+boot)	1.0000	1.0000	1.0000	1.0000	ok
BDPA Romance	lacrimam	Italian	Ladino	malign (distfeat+boot)	1.0000	1.0000	1.0000	1.0000	ok
BDPA Romance	lacrimam	Italian	Ligurian	malign (distfeat+boot)	1.0000	1.0000	1.0000	1.0000	ok
BDPA Romance	lacrimam	Italian	Lombard(East)	malign (distfeat+boot)	1.0000	1.0000	1.0000	1.0000	ok
BDPA Romance	lacrimam	Italian	Lombard(West)	malign (distfeat+boot)	1.0000	1.0000	1.0000	1.0000	ok
BDPA Romance	lacrimam	Italian	Occitan	malign (distfeat+boot)	1.0000	1.0000	1.0000	1.0000	ok
BDPA Romance	lacrimam	Italian	Venetian	malign (distfeat+boot)	1.0000	1.0000	1.0000	1.0000	ok
BDPA Romance	lacrimam	Ladino	Ligurian	malign (distfeat+boot)	1.0000	1.0000	1.0000	1.0000	ok
BDPA Romance	lacrimam	Ladino	Lombard(East)	malign (distfeat+boot)	1.0000	1.0000	1.0000	1.0000	ok
BDPA Romance	lacrimam	Ladino	Lombard(West)	malign (distfeat+boot)	1.0000	1.0000	1.0000	1.0000	ok
BDPA Romance	lacrimam	Ladino	Occitan	malign (distfeat+boot)	1.0000	1.0000	1.0000	1.0000	ok
BDPA Romance	lacrimam	Ladino	Venetian	malign (distfeat+boot)	1.0000	1.0000	1.0000	1.0000	ok
BDPA Romance	lacrimam	Ligurian	Lombard(East)	malign (distfeat+boot)	1.0000	1.0000	1.0000	1.0000	ok
BDPA Romance	lacrimam	Ligurian	Lombard(West)	malign (distfeat+boot)	1.0000	1.0000	1.0000	1.0000	ok
BDPA Romance	lacrimam	Ligurian	Occitan	malign (distfeat+boot)	1.0000	1.0000	1.0000	1.0000	ok
BDPA Romance	lacrimam	Ligurian	Venetian	malign (distfeat+boot)	1.0000	1.0000	1.0000	1.0000	ok
BDPA Romance	lacrimam	Lombard(East)	Lombard(West)	malign (distfeat+boot)	0.7500	0.7500	0.7500	0.7500	ok
BDPA Romance	lacrimam	Lombard(East)	Occitan	malign (distfeat+boot)	0.7500	0.7500	0.7500	0.7500	ok
BDPA Romance	lacrimam	Lombard(East)	Venetian	malign (distfeat+boot)	0.7500	0.7500	0.7500	0.7500	ok
BDPA Romance	lacrimam	Lombard(West)	Occitan	malign (distfeat+boot)	1.0000	1.0000	1.0000	1.0000	ok
BDPA Romance	lacrimam	Lombard(West)	Venetian	malign (distfeat+boot)	1.0000	1.0000	1.0000	1.0000	ok
BDPA Romance	lacrimam	Occitan	Venetian	malign (distfeat+boot)	1.0000	1.0000	1.0000	1.0000	ok
BDPA Romance	lanam	French	Italian	malign (distfeat+boot)	1.0000	1.0000	1.0000	1.0000	ok
BDPA Romance	lanam	French	Ladino	malign (distfeat+boot)	1.0000	1.0000	1.0000	1.0000	ok
BDPA Romance	lanam	French	Ligurian	malign (distfeat+boot)	1.0000	1.0000	1.0000	1.0000	ok
BDPA Romance	lanam	French	Lombard(East)	malign (distfeat+boot)	1.0000	1.0000	1.0000	1.0000	ok
BDPA Romance	lanam	French	Lombard(West)	malign (distfeat+boot)	1.0000	1.0000	1.0000	1.0000	ok
BDPA Romance	lanam	French	Occitan	malign (distfeat+boot)					skipped
BDPA Romance	lanam	French	Venetian	malign (distfeat+boot)	1.0000	1.0000	1.0000	1.0000	ok
BDPA Romance	lanam	Italian	Ladino	malign (distfeat+boot)	1.0000	1.0000	1.0000	1.0000	ok
BDPA Romance	lanam	Italian	Ligurian	malign (distfeat+boot)	1.0000	1.0000	1.0000	1.0000	ok
BDPA Romance	lanam	Italian	Lombard(East)	malign (distfeat+boot)	1.0000	1.0000	1.0000	1.0000	ok
BDPA Romance	lanam	Italian	Lombard(West)	malign (distfeat+boot)	1.0000	1.0000	1.0000	1.0000	ok
BDPA Romance	lanam	Italian	Occitan	malign (distfeat+boot)	1.0000	1.0000	1.0000	1.0000	ok
BDPA Romance	lanam	Italian	Venetian	malign (distfeat+boot)	1.0000	1.0000	1.0000	1.0000	ok
BDPA Romance	lanam	Ladino	Ligurian	malign (distfeat+boot)	1.0000	1.0000	1.0000	1.0000	ok
BDPA Romance	lanam	Ladino	Lombard(East)	malign (distfeat+boot)	1.0000	1.0000	1.0000	1.0000	ok
BDPA Romance	lanam	Ladino	Lombard(West)	malign (distfeat+boot)	1.0000	1.0000	1.0000	1.0000	ok
BDPA Romance	lanam	Ladino	Occitan	malign (distfeat+boot)	1.0000	1.0000	1.0000	1.0000	ok
BDPA Romance	lanam	Ladino	Venetian	malign (distfeat+boot)	1.0000	1.0000	1.0000	1.0000	ok
BDPA Romance	lanam	Ligurian	Lombard(East)	malign (distfeat+boot)	1.0000	1.0000	1.0000	1.0000	ok
BDPA Romance	lanam	Ligurian	Lombard(West)	malign (distfeat+boot)	1.0000	1.0000	1.0000	1.0000	ok
BDPA Romance	lanam	Ligurian	Occitan	malign (distfeat+boot)					skipped
BDPA Romance	lanam	Ligurian	Venetian	malign (distfeat+boot)	1.0000	1.0000	1.0000	1.0000	ok
BDPA Romance	lanam	Lombard(East)	Lombard(West)	malign (distfeat+boot)	1.0000	1.0000	1.0000	1.0000	ok
BDPA Romance	lanam	Lombard(East)	Occitan	malign (distfeat+boot)	1.0000	1.0000	1.0000	1.0000	ok
BDPA Romance	lanam	Lombard(East)	Venetian	malign (distfeat+boot)	1.0000	1.0000	1.0000	1.0000	ok
BDPA Romance	lanam	Lombard(West)	Occitan	malign (distfeat+boot)	1.0000	1.0000	1.0000	1.0000	ok
BDPA Romance	lanam	Lombard(West)	Venetian	malign (distfeat+boot)	1.0000	1.0000	1.0000	1.0000	ok
BDPA Romance	lanam	Occitan	Venetian	malign (distfeat+boot)	1.0000	1.0000	1.0000	1.0000	ok
BDPA Romance	linguam	French	Italian	malign (distfeat+boot)	1.0000	1.0000	1.0000	1.0000	ok
BDPA Romance	linguam	French	Ladino	malign (distfeat+boot)	1.0000	1.0000	1.0000	1.0000	ok
BDPA Romance	linguam	French	Ligurian	malign (distfeat+boot)	1.0000	1.0000	1.0000	1.0000	ok
BDPA Romance	linguam	French	Lombard(East)	malign (distfeat+boot)	1.0000	1.0000	1.0000	1.0000	ok
BDPA Romance	linguam	French	Lombard(West)	malign (distfeat+boot)	1.0000	1.0000	1.0000	1.0000	ok
BDPA Romance	linguam	French	Occitan	malign (distfeat+boot)	1.0000	1.0000	1.0000	1.0000	ok
BDPA Romance	linguam	French	Venetian	malign (distfeat+boot)	1.0000	1.0000	1.0000	1.0000	ok
BDPA Romance	linguam	Italian	Ladino	malign (distfeat+boot)	1.0000	1.0000	1.0000	1.0000	ok
BDPA Romance	linguam	Italian	Ligurian	malign (distfeat+boot)	1.0000	1.0000	1.0000	1.0000	ok
BDPA Romance	linguam	Italian	Lombard(East)	malign (distfeat+boot)	1.0000	1.0000	1.0000	1.0000	ok
BDPA Romance	linguam	Italian	Lombard(West)	malign (distfeat+boot)	1.0000	1.0000	1.0000	1.0000	ok
BDPA Romance	linguam	Italian	Occitan	malign (distfeat+boot)	1.0000	1.0000	1.0000	1.0000	ok
BDPA Romance	linguam	Italian	Venetian	malign (distfeat+boot)	1.0000	1.0000	1.0000	1.0000	ok
BDPA Romance	linguam	Ladino	Ligurian	malign (distfeat+boot)	1.0000	1.0000	1.0000	1.0000	ok
BDPA Romance	linguam	Ladino	Lombard(East)	malign (distfeat+boot)	1.0000	1.0000	1.0000	1.0000	ok
BDPA Romance	linguam	Ladino	Lombard(West)	malign (distfeat+boot)	1.0000	1.0000	1.0000	1.0000	ok
BDPA Romance	linguam	Ladino	Occitan	malign (distfeat+boot)	1.0000	1.0000	1.0000	1.0000	ok
BDPA Romance	linguam	Ladino	Venetian	malign (distfeat+boot)	1.0000	1.0000	1.0000	1.0000	ok
BDPA Romance	linguam	Ligurian	Lombard(East)	malign (distfeat+boot)	1.0000	1.0000	1.0000	1.0000	ok
BDPA Romance	linguam	Ligurian	Lombard(West)	malign (distfeat+boot)	1.0000	1.0000	1.0000	1.0000	ok
BDPA Romance	linguam	Ligurian	Occitan	malign (distfeat+boot)	1.0000	1.0000	1.0000	1.0000	ok
BDPA Romance	linguam	Ligurian	Venetian	malign (distfeat+boot)	1.0000	1.0000	1.0000	1.0000	ok
BDPA Romance	linguam	Lombard(East)	Lombard(West)	malign (distfeat+boot)	1.0000	1.0000	1.0000	1.0000	ok
BDPA Romance	linguam	Lombard(East)	Occitan	malign (distfeat+boot)	1.0000	1.0000	1.0000	1.0000	ok
BDPA Romance	linguam	Lombard(East)	Venetian	malign (distfeat+boot)	1.0000	1.0000	1.0000	1.0000	ok
BDPA Romance	linguam	Lombard(West)	Occitan	malign (distfeat+boot)	1.0000	1.0000	1.0000	1.0000	ok
BDPA Romance	linguam	Lombard(West)	Venetian	malign (distfeat+boot)	1.0000	1.0000	1.0000	1.0000	ok
BDPA Romance	linguam	Occitan	Venetian	malign (distfeat+boot)	1.0000	1.0000	1.0000	1.0000	ok
BDPA Romance	lunam	French	Italian	malign (distfeat+boot)	1.0000	1.0000	1.0000	1.0000	ok
BDPA Romance	lunam	French	Ladino	malign (distfeat+boot)	1.0000	1.0000	1.0000	1.0000	ok
BDPA Romance	lunam	French	Ligurian	malign (distfeat+boot)					skipped
BDPA Romance	lunam	French	Lombard(East)	malign (distfeat+boot)	1.0000	1.0000	1.0000	1.0000	ok
BDPA Romance	lunam	French	Lombard(West)	malign (distfeat+boot)	1.0000	1.0000	1.0000	1.0000	ok
BDPA Romance	lunam	French	Occitan	malign (distfeat+boot)					skipped
BDPA Romance	lunam	French	Venetian	malign (distfeat+boot)	1.0000	1.0000	1.0000	1.0000	ok
BDPA Romance	lunam	Italian	Ladino	malign (distfeat+boot)	1.0000	1.0000	1.0000	1.0000	ok
BDPA Romance	lunam	Italian	Ligurian	malign (distfeat+boot)	1.0000	1.0000	1.0000	1.0000	ok
BDPA Romance	lunam	Italian	Lombard(East)	malign (distfeat+boot)	1.0000	1.0000	1.0000	1.0000	ok
BDPA Romance	lunam	Italian	Lombard(West)	malign (distfeat+boot)	1.0000	1.0000	1.0000	1.0000	ok
BDPA Romance	lunam	Italian	Occitan	malign (distfeat+boot)	1.0000	1.0000	1.0000	1.0000	ok
BDPA Romance	lunam	Italian	Venetian	malign (distfeat+boot)	1.0000	1.0000	1.0000	1.0000	ok
BDPA Romance	lunam	Ladino	Ligurian	malign (distfeat+boot)	1.0000	1.0000	1.0000	1.0000	ok
BDPA Romance	lunam	Ladino	Lombard(East)	malign (distfeat+boot)	1.0000	1.0000	1.0000	1.0000	ok
BDPA Romance	lunam	Ladino	Lombard(West)	malign (distfeat+boot)	1.0000	1.0000	1.0000	1.0000	ok
BDPA Romance	lunam	Ladino	Occitan	malign (distfeat+boot)	1.0000	1.0000	1.0000	1.0000	ok
BDPA Romance	lunam	Ladino	Venetian	malign (distfeat+boot)	1.0000	1.0000	1.0000	1.0000	ok
BDPA Romance	lunam	Ligurian	Lombard(East)	malign (distfeat+boot)	1.0000	1.0000	1.0000	1.0000	ok
BDPA Romance	lunam	Ligurian	Lombard(West)	malign (distfeat+boot)	1.0000	1.0000	1.0000	1.0000	ok
BDPA Romance	lunam	Ligurian	Occitan	malign (distfeat+boot)	1.0000	1.0000	1.0000	1.0000	ok
BDPA Romance	lunam	Ligurian	Venetian	malign (distfeat+boot)	1.0000	1.0000	1.0000	1.0000	ok
BDPA Romance	lunam	Lombard(East)	Lombard(West)	malign (distfeat+boot)	1.0000	1.0000	1.0000	1.0000	ok
BDPA Romance	lunam	Lombard(East)	Occitan	malign (distfeat+boot)	1.0000	1.0000	1.0000	1.0000	ok
BDPA Romance	lunam	Lombard(East)	Venetian	malign (distfeat+boot)	1.0000	1.0000	1.0000	1.0000	ok
BDPA Romance	lunam	Lombard(West)	Occitan	malign (distfeat+boot)	1.0000	1.0000	1.0000	1.0000	ok
BDPA Romance	lunam	Lombard(West)	Venetian	malign (distfeat+boot)	1.0000	1.0000	1.0000	1.0000	ok
BDPA Romance	lunam	Occitan	Venetian	malign (distfeat+boot)	1.0000	1.0000	1.0000	1.0000	ok
BDPA Romance	manum	French	Italian	malign (distfeat+boot)	1.0000	1.0000	1.0000	1.0000	ok
BDPA Romance	manum	French	Ladino	malign (distfeat+boot)	0.3333	0.3333	0.3333	0.3333	ok
BDPA Romance	manum	French	Ligurian	malign (distfeat+boot)	0.3333	0.3333	0.3333	0.3333	ok
BDPA Romance	manum	French	Lombard(East)	malign (distfeat+boot)	1.0000	1.0000	1.0000	1.0000	ok
BDPA Romance	manum	French	Lombard(West)	malign (distfeat+boot)	1.0000	1.0000	1.0000	1.0000	ok
BDPA Romance	manum	French	Occitan	malign (distfeat+boot)	0.3333	0.3333	0.3333	0.3333	ok
BDPA Romance	manum	French	Venetian	malign (distfeat+boot)	0.3333	0.3333	0.3333	0.3333	ok
BDPA Romance	manum	Italian	Ladino	malign (distfeat+boot)	1.0000	1.0000	1.0000	1.0000	ok
BDPA Romance	manum	Italian	Ligurian	malign (distfeat+boot)	1.0000	1.0000	1.0000	1.0000	ok
BDPA Romance	manum	Italian	Lombard(East)	malign (distfeat+boot)	1.0000	1.0000	1.0000	1.0000	ok
BDPA Romance	manum	Italian	Lombard(West)	malign (distfeat+boot)	1.0000	1.0000	1.0000	1.0000	ok
BDPA Romance	manum	Italian	Occitan	malign (distfeat+boot)	1.0000	1.0000	1.0000	1.0000	ok
BDPA Romance	manum	Italian	Venetian	malign (distfeat+boot)	1.0000	1.0000	1.0000	1.0000	ok
BDPA Romance	manum	Ladino	Ligurian	malign (distfeat+boot)	1.0000	1.0000	1.0000	1.0000	ok
BDPA Romance	manum	Ladino	Lombard(East)	malign (distfeat+boot)	1.0000	1.0000	1.0000	1.0000	ok
BDPA Romance	manum	Ladino	Lombard(West)	malign (distfeat+boot)	1.0000	1.0000	1.0000	1.0000	ok
BDPA Romance	manum	Ladino	Occitan	malign (distfeat+boot)	1.0000	1.0000	1.0000	1.0000	ok
BDPA Romance	manum	Ladino	Venetian	malign (distfeat+boot)	1.0000	1.0000	1.0000	1.0000	ok
BDPA Romance	manum	Ligurian	Lombard(East)	malign (distfeat+boot)	1.0000	1.0000	1.0000	1.0000	ok
BDPA Romance	manum	Ligurian	Lombard(West)	malign (distfeat+boot)	1.0000	1.0000	1.0000	1.0000	ok
BDPA Romance	manum	Ligurian	Occitan	malign (distfeat+boot)	1.0000	1.0000	1.0000	1.0000	ok
BDPA Romance	manum	Ligurian	Venetian	malign (distfeat+boot)	1.0000	1.0000	1.0000	1.0000	ok
BDPA Romance	manum	Lombard(East)	Lombard(West)	malign (distfeat+boot)	1.0000	1.0000	1.0000	1.0000	ok
BDPA Romance	manum	Lombard(East)	Occitan	malign (distfeat+boot)	1.0000	1.0000	1.0000	1.0000	ok
BDPA Romance	manum	Lombard(East)	Venetian	malign (distfeat+boot)	1.0000	1.0000	1.0000	1.0000	ok
BDPA Romance	manum	Lombard(West)	Occitan	malign (distfeat+boot)	1.0000	1.0000	1.0000	1.0000	ok
BDPA Romance	manum	Lombard(West)	Venetian	malign (distfeat+boot)	1.0000	1.0000	1.0000	1.0000	ok
BDPA Romance	manum	Occitan	Venetian	malign (distfeat+boot)	1.0000	1.0000	1.0000	1.0000	ok
BDPA Romance	mare	French	Italian	malign (distfeat+boot)	1.0000	1.0000	1.0000	1.0000	ok
BDPA Romance	mare	French	Ladino	malign (distfeat+boot)	1.0000	1.0000	1.0000	1.0000	ok
BDPA Romance	mare	French	Ligurian	malign (distfeat+boot)	1.0000	1.0000	1.0000	1.0000	ok
BDPA Romance	mare	French	Lombard(East)	malign (distfeat+boot)	1.0000	1.0000	1.0000	1.0000	ok
BDPA Romance	mare	French	Lombard(West)	malign (distfeat+boot)	1.0000	1.0000	1.0000	1.0000	ok
BDPA Romance	mare	French	Occitan	malign (distfeat+boot)	1.0000	1.0000	1.0000	1.0000	ok
BDPA Romance	mare	French	Venetian	malign (distfeat+boot)	1.0000	1.0000	1.0000	1.0000	ok
BDPA Romance	mare	Italian	Ladino	malign (distfeat+boot)	1.0000	1.0000	1.0000	1.0000	ok
BDPA Romance	mare	Italian	Ligurian	malign (distfeat+boot)	1.0000	1.0000	1.0000	1.0000	ok
BDPA Romance	mare	Italian	Lombard(East)	malign (distfeat+boot)	1.0000	1.0000	1.0000	1.0000	ok
BDPA Romance	mare	Italian	Lombard(West)	malign (distfeat+boot)	1.0000	1.0000	1.0000	1.0000	ok
BDPA Romance	mare	Italian	Occitan	malign (distfeat+boot)	1.0000	1.0000	1.0000	1.0000	ok
BDPA Romance	mare	Italian	Venetian	malign (distfeat+boot)	1.0000	1.0000	1.0000	1.0000	ok
BDPA Romance	mare	Ladino	Ligurian	malign (distfeat+boot)	1.0000	1.0000	1.0000	1.0000	ok
BDPA Romance	mare	Ladino	Lombard(East)	malign (distfeat+boot)	1.0000	1.0000	1.0000	1.0000	ok
BDPA Romance	mare	Ladino	Lombard(West)	malign (distfeat+boot)	1.0000	1.0000	1.0000	1.0000	ok
BDPA Romance	mare	Ladino	Occitan	malign (distfeat+boot)	1.0000	1.0000	1.0000	1.0000	ok
BDPA Romance	mare	Ladino	Venetian	malign (distfeat+boot)	1.0000	1.0000	1.0000	1.0000	ok
BDPA Romance	mare	Ligurian	Lombard(East)	malign (distfeat+boot)	1.0000	1.0000	1.0000	1.0000	ok
BDPA Romance	mare	Ligurian	Lombard(West)	malign (distfeat+boot)	1.0000	1.0000	1.0000	1.0000	ok
BDPA Romance	mare	Ligurian	Occitan	malign (distfeat+boot)	1.0000	1.0000	1.0000	1.0000	ok
BDPA Romance	mare	Ligurian	Venetian	malign (distfeat+boot)	1.0000	1.0000	1.0000	1.0000	ok
BDPA Romance	mare	Lombard(East)	Lombard(West)	malign (distfeat+boot)	1.0000	1.0000	1.0000	1.0000	ok
BDPA Romance	mare	Lombard(East)	Occitan	malign (distfeat+boot)	1.0000	1.0000	1.0000	1.0000	ok
BDPA Romance	mare	Lombard(East)	Venetian	malign (distfeat+boot)	1.0000	1.0000	1.0000	1.0000	ok
BDPA Romance	mare	Lombard(West)	Occitan	malign (distfeat+boot)	1.0000	1.0000	1.0000	1.0000	ok
BDPA Romance	mare	Lombard(West)	Venetian	malign (distfeat+boot)	1.0000	1.0000	1.0000	1.0000	ok
BDPA Romance	mare	Occitan	Venetian	malign (distfeat+boot)	1.0000	1.0000	1.0000	1.0000	ok
BDPA Romance	novem	French	Italian	malign (distfeat+boot)	1.0000	1.0000	1.0000	1.0000	ok
BDPA Romance	novem	French	Ladino	malign (distfeat+boot)	1.0000	1.0000	1.0000	1.0000	ok
BDPA Romance	novem	French	Ligurian	malign (distfeat+boot)	1.0000	1.0000	1.0000	1.0000	ok
BDPA Romance	novem	French	Lombard(East)	malign (distfeat+boot)	1.0000	1.0000	1.0000	1.0000	ok
BDPA Romance	novem	French	Lombard(West)	malign (distfeat+boot)	1.0000	1.0000	1.0000	1.0000	ok
BDPA Romance	novem	French	Occitan	malign (distfeat+boot)	1.0000	1.0000	1.0000	1.0000	ok
BDPA Romance	novem	French	Venetian	malign (distfeat+boot)	1.0000	1.0000	1.0000	1.0000	ok
BDPA Romance	novem	Italian	Ladino	malign (distfeat+boot)					skipped
BDPA Romance	novem	Italian	Ligurian	malign (distfeat+boot)	1.0000	1.0000	1.0000	1.0000	ok
BDPA Romance	novem	Italian	Lombard(East)	malign (distfeat+boot)	1.0000	1.0000	1.0000	1.0000	ok
BDPA Romance	novem	Italian	Lombard(West)	malign (distfeat+boot)	1.0000	1.0000	1.0000	1.0000	ok
BDPA Romance	novem	Italian	Occitan	malign (distfeat+boot)	1.0000	1.0000	1.0000	1.0000	ok
BDPA Romance	novem	Italian	Venetian	malign (distfeat+boot)	1.0000	1.0000	1.0000	1.0000	ok
BDPA Romance	novem	Ladino	Ligurian	malign (distfeat+boot)	1.0000	1.0000	1.0000	1.0000	ok
BDPA Romance	novem	Ladino	Lombard(East)	malign (distfeat+boot)	1.0000	1.0000	1.0000	1.0000	ok
BDPA Romance	novem	Ladino	Lombard(West)	malign (distfeat+boot)	1.0000	1.0000	1.0000	1.0000	ok
BDPA Romance	novem	Ladino	Occitan	malign (distfeat+boot)	1.0000	1.0000	1.0000	1.0000	ok
BDPA Romance	novem	Ladino	Venetian	malign (distfeat+boot)	1.0000	1.0000	1.0000	1.0000	ok
BDPA Romance	novem	Ligurian	Lombard(East)	malign (distfeat+boot)	1.0000	1.0000	1.0000	1.0000	ok
BDPA Romance	novem	Ligurian	Lombard(West)	malign (distfeat+boot)	1.0000	1.0000	1.0000	1.0000	ok
BDPA Romance	novem	Ligurian	Occitan	malign (distfeat+boot)	1.0000	1.0000	1.0000	1.0000	ok
BDPA Romance	novem	Ligurian	Venetian	malign (distfeat+boot)	1.0000	1.0000	1.0000	1.0000	ok
BDPA Romance	novem	Lombard(East)	Lombard(West)	malign (distfeat+boot)	1.0000	1.0000	1.0000	1.0000	ok
BDPA Romance	novem	Lombard(East)	Occitan	malign (distfeat+boot)	1.0000	1.0000	1.0000	1.0000	ok
BDPA Romance	novem	Lombard(East)	Venetian	malign (distfeat+boot)	1.0000	1.0000	1.0000	1.0000	ok
BDPA Romance	novem	Lombard(West)	Occitan	malign (distfeat+boot)	1.0000	1.0000	1.0000	1.0000	ok
BDPA Romance	novem	Lombard(West)	Venetian	malign (distfeat+boot)	1.0000	1.0000	1.0000	1.0000	ok
BDPA Romance	novem	Occitan	Venetian	malign (distfeat+boot)	1.0000	1.0000	1.0000	1.0000	ok
BDPA Romance	octo	French	Italian	malign (distfeat+boot)					skipped
BDPA Romance	octo	French	Ladino	malign (distfeat+boot)	1.0000	1.0000	1.0000	1.0000	ok
BDPA Romance	octo	French	Ligurian	malign (distfeat+boot)	0.5000	0.5000	0.5000	0.5000	ok
BDPA Romance	octo	French	Lombard(East)	malign (distfeat+boot)	0.3333	0.3333	0.3333	0.3333	ok
BDPA Romance	octo	French	Lombard(West)	malign (distfeat+boot)	1.0000	1.0000	1.0000	1.0000	ok
BDPA Romance	octo	French	Occitan	malign (distfeat+boot)	0.3333	0.3333	0.3333	0.3333	ok
BDPA Romance	octo	French	Venetian	malign (distfeat+boot)	0.5000	0.5000	0.5000	0.5000	ok
BDPA Romance	octo	Italian	Ladino	malign (distfeat+boot)	1.0000	1.0000	1.0000	1.0000	ok
BDPA Romance	octo	Italian	Ligurian	malign (distfeat+boot)	1.0000	1.0000	1.0000	1.0000	ok
BDPA Romance	octo	Italian	Lombard(East)	malign (distfeat+boot)	1.0000	1.0000	1.0000	1.0000	ok
BDPA Romance	octo	Italian	Lombard(West)	malign (distfeat+boot)	1.0000	1.0000	1.0000	1.0000	ok
BDPA Romance	octo	Italian	Occitan	malign (distfeat+boot)	1.0000	1.0000	1.0000	1.0000	ok
BDPA Romance	octo	Italian	Venetian	malign (distfeat+boot)	1.0000	1.0000	1.0000	1.0000	ok
BDPA Romance	octo	Ladino	Ligurian	malign (distfeat+boot)	0.5000	0.5000	0.5000	0.5000	ok
BDPA Romance	octo	Ladino	Lombard(East)	malign (distfeat+boot)	1.0000	1.0000	1.0000	1.0000	ok
BDPA Romance	octo	Ladino	Lombard(West)	malign (distfeat+boot)	1.0000	1.0000	1.0000	1.0000	ok
BDPA Romance	octo	Ladino	Occitan	malign (distfeat+boot)	0.3333	0.3333	0.3333	0.3333	ok
BDPA Romance	octo	Ladino	Venetian	malign (distfeat+boot)	0.5000	0.5000	0.5000	0.5000	ok
BDPA Romance	octo	Ligurian	Lombard(East)	malign (distfeat+boot)	1.0000	1.0000	1.0000	1.0000	ok
BDPA Romance	octo	Ligurian	Lombard(West)	malign (distfeat+boot)	0.5000	0.5000	0.5000	0.5000	ok
BDPA Romance	octo	Ligurian	Occitan	malign (distfeat+boot)	1.0000	1.0000	1.0000	1.0000	ok
BDPA Romance	octo	Ligurian	Venetian	malign (distfeat+boot)	1.0000	1.0000	1.0000	1.0000	ok
BDPA Romance	octo	Lombard(East)	Lombard(West)	malign (distfeat+boot)	1.0000	1.0000	1.0000	1.0000	ok
BDPA Romance	octo	Lombard(East)	Occitan	malign (distfeat+boot)	1.0000	1.0000	1.0000	1.0000	ok
BDPA Romance	octo	Lombard(East)	Venetian	malign (distfeat+boot)	1.0000	1.0000	1.0000	1.0000	ok
BDPA Romance	octo	Lombard(West)	Occitan	malign (distfeat+boot)	0.3333	0.3333	0.3333	0.3333	ok
BDPA Romance	octo	Lombard(West)	Venetian	malign (distfeat+boot)	0.5000	0.5000	0.5000	0.5000	ok
BDPA Romance	octo	Occitan	Venetian	malign (distfeat+boot)	1.0000	1.0000	1.0000	1.0000	ok
BDPA Romance	oculum	French	Italian	malign (distfeat+boot)	0.5000	0.5000	0.5000	0.5000	ok
BDPA Romance	oculum	French	Ladino	malign (distfeat+boot)	1.0000	1.0000	1.0000	1.0000	ok
BDPA Romance	oculum	French	Ligurian	malign (distfeat+boot)					skipped
BDPA Romance	oculum	French	Lombard(East)	malign (distfeat+boot)					skipped
BDPA Romance	oculum	French	Lombard(West)	malign (distfeat+boot)					skipped
BDPA Romance	oculum	French	Occitan	malign (distfeat+boot)	1.0000	1.0000	1.0000	1.0000	ok
BDPA Romance	oculum	French	Venetian	malign (distfeat+boot)					skipped
BDPA Romance	oculum	Italian	Ladino	malign (distfeat+boot)					skipped
BDPA Romance	oculum	Italian	Ligurian	malign (distfeat+boot)	1.0000	1.0000	1.0000	1.0000	ok
BDPA Romance	oculum	Italian	Lombard(East)	malign (distfeat+boot)	1.0000	1.0000	1.0000	1.0000	ok
BDPA Romance	oculum	Italian	Lombard(West)	malign (distfeat+boot)	1.0000	1.0000	1.0000	1.0000	ok
BDPA Romance	oculum	Italian	Occitan	malign (distfeat+boot)	1.0000	1.0000	1.0000	1.0000	ok
BDPA Romance	oculum	Italian	Venetian	malign (distfeat+boot)	1.0000	1.0000	1.0000	1.0000	ok
BDPA Romance	oculum	Ladino	Ligurian	malign (distfeat+boot)					skipped
BDPA Romance	oculum	Ladino	Lombard(East)	malign (distfeat+boot)	0.5000	0.5000	0.5000	0.5000	ok
BDPA Romance	oculum	Ladino	Lombard(West)	malign (distfeat+boot)	0.5000	0.5000	0.5000	0.5000	ok
BDPA Romance	oculum	Ladino	Occitan	malign (distfeat+boot)	0.5000	0.5000	0.5000	0.5000	ok
BDPA Romance	oculum	Ladino	Venetian	malign (distfeat+boot)					skipped
BDPA Romance	oculum	Ligurian	Lombard(East)	malign (distfeat+boot)	1.0000	1.0000	1.0000	1.0000	ok
BDPA Romance	oculum	Ligurian	Lombard(West)	malign (distfeat+boot)	1.0000	1.0000	1.0000	1.0000	ok
BDPA Romance	oculum	Ligurian	Occitan	malign (distfeat+boot)					skipped
BDPA Romance	oculum	Ligurian	Venetian	malign (distfeat+boot)	1.0000	1.0000	1.0000	1.0000	ok
BDPA Romance	oculum	Lombard(East)	Lombard(West)	malign (distfeat+boot)	1.0000	1.0000	1.0000	1.0000	ok
BDPA Romance	oculum	Lombard(East)	Occitan	malign (distfeat+boot)					skipped
BDPA Romance	oculum	Lombard(East)	Venetian	malign (distfeat+boot)	1.0000	1.0000	1.0000	1.0000	ok
BDPA Romance	oculum	Lombard(West)	Occitan	malign (distfeat+boot)					skipped
BDPA Romance	oculum	Lombard(West)	Venetian	malign (distfeat+boot)	1.0000	1.0000	1.0000	1.0000	ok
BDPA Romance	oculum	Occitan	Venetian	malign (distfeat+boot)					skipped
BDPA Romance	ovum	French	Italian	malign (distfeat+boot)	1.0000	1.0000	1.0000	1.0000	ok
BDPA Romance	ovum	French	Ladino	malign (distfeat+boot)	1.0000	1.0000	1.0000	1.0000	ok
BDPA Romance	ovum	French	Ligurian	malign (distfeat+boot)	1.0000	1.0000	1.0000	1.0000	ok
BDPA Romance	ovum	French	Lombard(East)	malign (distfeat+boot)	1.0000	1.0000	1.0000	1.0000	ok
BDPA Romance	ovum	French	Lombard(West)	malign (distfeat+boot)	1.0000	1.0000	1.0000	1.0000	ok
BDPA Romance	ovum	French	Occitan	malign (distfeat+boot)					skipped
BDPA Romance	ovum	French	Venetian	malign (distfeat+boot)	1.0000	1.0000	1.0000	1.0000	ok
BDPA Romance	ovum	Italian	Ladino	malign (distfeat+boot)	1.0000	1.0000	1.0000	1.0000	ok
BDPA Romance	ovum	Italian	Ligurian	malign (distfeat+boot)	1.0000	1.0000	1.0000	1.0000	ok
BDPA Romance	ovum	Italian	Lombard(East)	malign (distfeat+boot)	1.0000	1.0000	1.0000	1.0000	ok
BDPA Romance	ovum	Italian	Lombard(West)	malign (distfeat+boot)	1.0000	1.0000	1.0000	1.0000	ok
BDPA Romance	ovum	Italian	Occitan	malign (distfeat+boot)	0.5000	0.5000	0.5000	0.5000	ok
BDPA Romance	ovum	Italian	Venetian	malign (distfeat+boot)	1.0000	1.0000	1.0000	1.0000	ok
BDPA Romance	ovum	Ladino	Ligurian	malign (distfeat+boot)	1.0000	1.0000	1.0000	1.0000	ok
BDPA Romance	ovum	Ladino	Lombard(East)	malign (distfeat+boot)	1.0000	1.0000	1.0000	1.0000	ok
BDPA Romance	ovum	Ladino	Lombard(West)	malign (distfeat+boot)	1.0000	1.0000	1.0000	1.0000	ok
BDPA Romance	ovum	Ladino	Occitan	malign (distfeat+boot)					skipped
BDPA Romance	ovum	Ladino	Venetian	malign (distfeat+boot)	1.0000	1.0000	1.0000	1.0000	ok
BDPA Romance	ovum	Ligurian	Lombard(East)	malign (distfeat+boot)	1.0000	1.0000	1.0000	1.0000	ok
BDPA Romance	ovum	Ligurian	Lombard(West)	malign (distfeat+boot)	1.0000	1.0000	1.0000	1.0000	ok
BDPA Romance	ovum	Ligurian	Occitan	malign (distfeat+boot)	0.3333	0.3333	0.3333	0.3333	ok
BDPA Romance	ovum	Ligurian	Venetian	malign (distfeat+boot)	1.0000	1.0000	1.0000	1.0000	ok
BDPA Romance	ovum	Lombard(East)	Lombard(West)	malign (distfeat+boot)	1.0000	1.0000	1.0000	1.0000	ok
BDPA Romance	ovum	Lombard(East)	Occitan	malign (distfeat+boot)					skipped
BDPA Romance	ovum	Lombard(East)	Venetian	malign (distfeat+boot)	1.0000	1.0000	1.0000	1.0000	ok
BDPA Romance	ovum	Lombard(West)	Occitan	malign (distfeat+boot)					skipped
BDPA Romance	ovum	Lombard(West)	Venetian	malign (distfeat+boot)	1.0000	1.0000	1.0000	1.0000	ok
BDPA Romance	ovum	Occitan	Venetian	malign (distfeat+boot)	0.2500	0.2500	0.2500	0.2500	ok
BDPA Romance	pedem	French	Italian	malign (distfeat+boot)	0.6000	0.6000	0.6000	0.6000	ok
BDPA Romance	pedem	French	Ladino	malign (distfeat+boot)	1.0000	1.0000	1.0000	1.0000	ok
BDPA Romance	pedem	French	Ligurian	malign (distfeat+boot)	1.0000	1.0000	1.0000	1.0000	ok
BDPA Romance	pedem	French	Lombard(East)	malign (distfeat+boot)	1.0000	1.0000	1.0000	1.0000	ok
BDPA Romance	pedem	French	Lombard(West)	malign (distfeat+boot)	1.0000	1.0000	1.0000	1.0000	ok
BDPA Romance	pedem	French	Occitan	malign (distfeat+boot)	1.0000	1.0000	1.0000	1.0000	ok
BDPA Romance	pedem	French	Venetian	malign (distfeat+boot)	1.0000	1.0000	1.0000	1.0000	ok
BDPA Romance	pedem	Italian	Ladino	malign (distfeat+boot)	0.6000	0.6000	0.6000	0.6000	ok
BDPA Romance	pedem	Italian	Ligurian	malign (distfeat+boot)	0.6000	0.6000	0.6000	0.6000	ok
BDPA Romance	pedem	Italian	Lombard(East)	malign (distfeat+boot)	0.6000	0.6000	0.6000	0.6000	ok
BDPA Romance	pedem	Italian	Lombard(West)	malign (distfeat+boot)	0.6000	0.6000	0.6000	0.6000	ok
BDPA Romance	pedem	Italian	Occitan	malign (distfeat+boot)	0.6000	0.6000	0.6000	0.6000	ok
BDPA Romance	pedem	Italian	Venetian	malign (distfeat+boot)	0.4000	0.4000	0.4000	0.4000	ok
BDPA Romance	pedem	Ladino	Ligurian	malign (distfeat+boot)	1.0000	1.0000	1.0000	1.0000	ok
BDPA Romance	pedem	Ladino	Lombard(East)	malign (distfeat+boot)	1.0000	1.0000	1.0000	1.0000	ok
BDPA Romance	pedem	Ladino	Lombard(West)	malign (distfeat+boot)	1.0000	1.0000	1.0000	1.0000	ok
BDPA Romance	pedem	Ladino	Occitan	malign (distfeat+boot)	1.0000	1.0000	1.0000	1.0000	ok
BDPA Romance	pedem	Ladino	Venetian	malign (distfeat+boot)	1.0000	1.0000	1.0000	1.0000	ok
BDPA Romance	pedem	Ligurian	Lombard(East)	malign (distfeat+boot)	1.0000	1.0000	1.0000	1.0000	ok
BDPA Romance	pedem	Ligurian	Lombard(West)	malign (distfeat+boot)	1.0000	1.0000	1.0000	1.0000	ok
BDPA Romance	pedem	Ligurian	Occitan	malign (distfeat+boot)	1.0000	1.0000	1.0000	1.0000	ok
BDPA Romance	pedem	Ligurian	Venetian	malign (distfeat+boot)	1.0000	1.0000	1.0000	1.0000	ok
BDPA Romance	pedem	Lombard(East)	Lombard(West)	malign (distfeat+boot)	1.0000	1.0000	1.0000	1.0000	ok
BDPA Romance	pedem	Lombard(East)	Occitan	malign (distfeat+boot)	1.0000	1.0000	1.0000	1.0000	ok
BDPA Romance	pedem	Lombard(East)	Venetian	malign (distfeat+boot)	1.0000	1.0000	1.0000	1.0000	ok
BDPA Romance	pedem	Lombard(West)	Occitan	malign (distfeat+boot)	1.0000	1.0000	1.0000	1.0000	ok
BDPA Romance	pedem	Lombard(West)	Venetian	malign (distfeat+boot)	1.0000	1.0000	1.0000	1.0000	ok
BDPA Romance	pedem	Occitan	Venetian	malign (distfeat+boot)	1.0000	1.0000	1.0000	1.0000	ok
BDPA Romance	quattuor	French	Italian	malign (distfeat+boot)	1.0000	1.0000	1.0000	1.0000	ok
BDPA Romance	quattuor	French	Ladino	malign (distfeat+boot)	1.0000	1.0000	1.0000	1.0000	ok
BDPA Romance	quattuor	French	Ligurian	malign (distfeat+boot)	1.0000	1.0000	1.0000	1.0000	ok
BDPA Romance	quattuor	French	Lombard(East)	malign (distfeat+boot)	1.0000	1.0000	1.0000	1.0000	ok
BDPA Romance	quattuor	French	Lombard(West)	malign (distfeat+boot)	0.6667	0.6667	0.6667	0.6667	ok
BDPA Romance	quattuor	French	Occitan	malign (distfeat+boot)	0.6000	0.6000	0.6000	0.6000	ok
BDPA Romance	quattuor	French	Venetian	malign (distfeat+boot)	1.0000	1.0000	1.0000	1.0000	ok
BDPA Romance	quattuor	Italian	Ladino	malign (distfeat+boot)	1.0000	1.0000	1.0000	1.0000	ok
BDPA Romance	quattuor	Italian	Ligurian	malign (distfeat+boot)	1.0000	1.0000	1.0000	1.0000	ok
BDPA Romance	quattuor	Italian	Lombard(East)	malign (distfeat+boot)	1.0000	1.0000	1.0000	1.0000	ok
BDPA Romance	quattuor	Italian	Lombard(West)	malign (distfeat+boot)	1.0000	1.0000	1.0000	1.0000	ok
BDPA Romance	quattuor	Italian	Occitan	malign (distfeat+boot)	1.0000	1.0000	1.0000	1.0000	ok
BDPA Romance	quattuor	Italian	Venetian	malign (distfeat+boot)	1.0000	1.0000	1.0000	1.0000	ok
BDPA Romance	quattuor	Ladino	Ligurian	malign (distfeat+boot)	1.0000	1.0000	1.0000	1.0000	ok
BDPA Romance	quattuor	Ladino	Lombard(East)	malign (distfeat+boot)	1.0000	1.0000	1.0000	1.0000	ok
BDPA Romance	quattuor	Ladino	Lombard(West)	malign (distfeat+boot)	1.0000	1.0000	1.0000	1.0000	ok
BDPA Romance	quattuor	Ladino	Occitan	malign (distfeat+boot)	1.0000	1.0000	1.0000	1.0000	ok
BDPA Romance	quattuor	Ladino	Venetian	malign (distfeat+boot)	1.0000	1.0000	1.0000	1.0000	ok
BDPA Romance	quattuor	Ligurian	Lombard(East)	malign (distfeat+boot)	1.0000	1.0000	1.0000	1.0000	ok
BDPA Romance	quattuor	Ligurian	Lombard(West)	malign (distfeat+boot)					skipped
BDPA Romance	quattuor	Ligurian	Occitan	malign (distfeat+boot)	1.0000	1.0000	1.0000	1.0000	ok
BDPA Romance	quattuor	Ligurian	Venetian	malign (distfeat+boot)	1.0000	1.0000	1.0000	1.0000	ok
BDPA Romance	quattuor	Lombard(East)	Lombard(West)	malign (distfeat+boot)	1.0000	1.0000	1.0000	1.0000	ok
BDPA Romance	quattuor	Lombard(East)	Occitan	malign (distfeat+boot)					skipped
BDPA Romance	quattuor	Lombard(East)	Venetian	malign (distfeat+boot)	1.0000	1.0000	1.0000	1.0000	ok
BDPA Romance	quattuor	Lombard(West)	Occitan	malign (distfeat+boot)					skipped
BDPA Romance	quattuor	Lombard(West)	Venetian	malign (distfeat+boot)					skipped
BDPA Romance	quattuor	Occitan	Venetian	malign (distfeat+boot)	1.0000	1.0000	1.0000	1.0000	ok
BDPA Romance	quinque	French	Italian	malign (distfeat+boot)	1.0000	1.0000	1.0000	1.0000	ok
BDPA Romance	quinque	French	Ladino	malign (distfeat+boot)	1.0000	1.0000	1.0000	1.0000	ok
BDPA Romance	quinque	French	Ligurian	malign (distfeat+boot)	1.0000	1.0000	1.0000	1.0000	ok
BDPA Romance	quinque	French	Lombard(East)	malign (distfeat+boot)	1.0000	1.0000	1.0000	1.0000	ok
BDPA Romance	quinque	French	Lombard(West)	malign (distfeat+boot)	1.0000	1.0000	1.0000	1.0000	ok
BDPA Romance	quinque	French	Occitan	malign (distfeat+boot)	1.0000	1.0000	1.0000	1.0000	ok
BDPA Romance	quinque	French	Venetian	malign (distfeat+boot)	1.0000	1.0000	1.0000	1.0000	ok
BDPA Romance	quinque	Italian	Ladino	malign (distfeat+boot)	1.0000	1.0000	1.0000	1.0000	ok
BDPA Romance	quinque	Italian	Ligurian	malign (distfeat+boot)	1.0000	1.0000	1.0000	1.0000	ok
BDPA Romance	quinque	Italian	Lombard(East)	malign (distfeat+boot)	1.0000	1.0000	1.0000	1.0000	ok
BDPA Romance	quinque	Italian	Lombard(West)	malign (distfeat+boot)	1.0000	1.0000	1.0000	1.0000	ok
BDPA Romance	quinque	Italian	Occitan	malign (distfeat+boot)	1.0000	1.0000	1.0000	1.0000	ok
BDPA Romance	quinque	Italian	Venetian	malign (distfeat+boot)	1.0000	1.0000	1.0000	1.0000	ok
BDPA Romance	quinque	Ladino	Ligurian	malign (distfeat+boot)	1.0000	1.0000	1.0000	1.0000	ok
BDPA Romance	quinque	Ladino	Lombard(East)	malign (distfeat+boot)	1.0000	1.0000	1.0000	1.0000	ok
BDPA Romance	quinque	Ladino	Lombard(West)	malign (distfeat+boot)	1.0000	1.0000	1.0000	1.0000	ok
BDPA Romance	quinque	Ladino	Occitan	malign (distfeat+boot)	1.0000	1.0000	1.0000	1.0000	ok
BDPA Romance	quinque	Ladino	Venetian	malign (distfeat+boot)	1.0000	1.0000	1.0000	1.0000	ok
BDPA Romance	quinque	Ligurian	Lombard(East)	malign (distfeat+boot)	1.0000	1.0000	1.0000	1.0000	ok
BDPA Romance	quinque	Ligurian	Lombard(West)	malign (distfeat+boot)	1.0000	1.0000	1.0000	1.0000	ok
BDPA Romance	quinque	Ligurian	Occitan	malign (distfeat+boot)	1.0000	1.0000	1.0000	1.0000	ok
BDPA Romance	quinque	Ligurian	Venetian	malign (distfeat+boot)	1.0000	1.0000	1.0000	1.0000	ok
BDPA Romance	quinque	Lombard(East)	Lombard(West)	malign (distfeat+boot)	1.0000	1.0000	1.0000	1.0000	ok
BDPA Romance	quinque	Lombard(East)	Occitan	malign (distfeat+boot)	1.0000	1.0000	1.0000	1.0000	ok
BDPA Romance	quinque	Lombard(East)	Venetian	malign (distfeat+boot)	1.0000	1.0000	1.0000	1.0000	ok
BDPA Romance	quinque	Lombard(West)	Occitan	malign (distfeat+boot)	1.0000	1.0000	1.0000	1.0000	ok
BDPA Romance	quinque	Lombard(West)	Venetian	malign (distfeat+boot)	1.0000	1.0000	1.0000	1.0000	ok
BDPA Romance	quinque	Occitan	Venetian	malign (distfeat+boot)	1.0000	1.0000	1.0000	1.0000	ok
BDPA Romance	septem	French	Italian	malign (distfeat+boot)	1.0000	1.0000	1.0000	1.0000	ok
BDPA Romance	septem	French	Ladino	malign (distfeat+boot)	1.0000	1.0000	1.0000	1.0000	ok
BDPA Romance	septem	French	Ligurian	malign (distfeat+boot)	1.0000	1.0000	1.0000	1.0000	ok
BDPA Romance	septem	French	Lombard(East)	malign (distfeat+boot)	1.0000	1.0000	1.0000	1.0000	ok
BDPA Romance	septem	French	Lombard(West)	malign (distfeat+boot)	1.0000	1.0000	1.0000	1.0000	ok
BDPA Romance	septem	French	Occitan	malign (distfeat+boot)	1.0000	1.0000	1.0000	1.0000	ok
BDPA Romance	septem	French	Venetian	malign (distfeat+boot)	1.0000	1.0000	1.0000	1.0000	ok
BDPA Romance	septem	Italian	Ladino	malign (distfeat+boot)	1.0000	1.0000	1.0000	1.0000	ok
BDPA Romance	septem	Italian	Ligurian	malign (distfeat+boot)	1.0000	1.0000	1.0000	1.0000	ok
BDPA Romance	septem	Italian	Lombard(East)	malign (distfeat+boot)	1.0000	1.0000	1.0000	1.0000	ok
BDPA Romance	septem	Italian	Lombard(West)	malign (distfeat+boot)	1.0000	1.0000	1.0000	1.0000	ok
BDPA Romance	septem	Italian	Occitan	malign (distfeat+boot)	1.0000	1.0000	1.0000	1.0000	ok
BDPA Romance	septem	Italian	Venetian	malign (distfeat+boot)	1.0000	1.0000	1.0000	1.0000	ok
BDPA Romance	septem	Ladino	Ligurian	malign (distfeat+boot)	1.0000	1.0000	1.0000	1.0000	ok
BDPA Romance	septem	Ladino	Lombard(East)	malign (distfeat+boot)	1.0000	1.0000	1.0000	1.0000	ok
BDPA Romance	septem	Ladino	Lombard(West)	malign (distfeat+boot)	1.0000	1.0000	1.0000	1.0000	ok
BDPA Romance	septem	Ladino	Occitan	malign (distfeat+boot)	1.0000	1.0000	1.0000	1.0000	ok
BDPA Romance	septem	Ladino	Venetian	malign (distfeat+boot)	1.0000	1.0000	1.0000	1.0000	ok
BDPA Romance	septem	Ligurian	Lombard(East)	malign (distfeat+boot)	1.0000	1.0000	1.0000	1.0000	ok
BDPA Romance	septem	Ligurian	Lombard(West)	malign (distfeat+boot)	1.0000	1.0000	1.0000	1.0000	ok
BDPA Romance	septem	Ligurian	Occitan	malign (distfeat+boot)	1.0000	1.0000	1.0000	1.0000	ok
BDPA Romance	septem	Ligurian	Venetian	malign (distfeat+boot)	1.0000	1.0000	1.0000	1.0000	ok
BDPA Romance	septem	Lombard(East)	Lombard(West)	malign (distfeat+boot)	1.0000	1.0000	1.0000	1.0000	ok
BDPA Romance	septem	Lombard(East)	Occitan	malign (distfeat+boot)	1.0000	1.0000	1.0000	1.0000	ok
BDPA Romance	septem	Lombard(East)	Venetian	malign (distfeat+boot)	1.0000	1.0000	1.0000	1.0000	ok
BDPA Romance	septem	Lombard(West)	Occitan	malign (distfeat+boot)	1.0000	1.0000	1.0000	1.0000	ok
BDPA Romance	septem	Lombard(West)	Venetian	malign (distfeat+boot)	1.0000	1.0000	1.0000	1.0000	ok
BDPA Romance	septem	Occitan	Venetian	malign (distfeat+boot)	1.0000	1.0000	1.0000	1.0000	ok
BDPA Romance	sex	French	Italian	malign (distfeat+boot)	1.0000	1.0000	1.0000	1.0000	ok
BDPA Romance	sex	French	Ladino	malign (distfeat+boot)	1.0000	1.0000	1.0000	1.0000	ok
BDPA Romance	sex	French	Ligurian	malign (distfeat+boot)	1.0000	1.0000	1.0000	1.0000	ok
BDPA Romance	sex	French	Lombard(East)	malign (distfeat+boot)	1.0000	1.0000	1.0000	1.0000	ok
BDPA Romance	sex	French	Lombard(West)	malign (distfeat+boot)	1.0000	1.0000	1.0000	1.0000	ok
BDPA Romance	sex	French	Occitan	malign (distfeat+boot)	1.0000	1.0000	1.0000	1.0000	ok
BDPA Romance	sex	French	Venetian	malign (distfeat+boot)					skipped
BDPA Romance	sex	Italian	Ladino	malign (distfeat+boot)	1.0000	1.0000	1.0000	1.0000	ok
BDPA Romance	sex	Italian	Ligurian	malign (distfeat+boot)	1.0000	1.0000	1.0000	1.0000	ok
BDPA Romance	sex	Italian	Lombard(East)	malign (distfeat+boot)	1.0000	1.0000	1.0000	1.0000	ok
BDPA Romance	sex	Italian	Lombard(West)	malign (distfeat+boot)	1.0000	1.0000	1.0000	1.0000	ok
BDPA Romance	sex	Italian	Occitan	malign (distfeat+boot)	1.0000	1.0000	1.0000	1.0000	ok
BDPA Romance	sex	Italian	Venetian	malign (distfeat+boot)	1.0000	1.0000	1.0000	1.0000	ok
BDPA Romance	sex	Ladino	Ligurian	malign (distfeat+boot)	1.0000	1.0000	1.0000	1.0000	ok
BDPA Romance	sex	Ladino	Lombard(East)	malign (distfeat+boot)	1.0000	1.0000	1.0000	1.0000	ok
BDPA Romance	sex	Ladino	Lombard(West)	malign (distfeat+boot)	1.0000	1.0000	1.0000	1.0000	ok
BDPA Romance	sex	Ladino	Occitan	malign (distfeat+boot)	1.0000	1.0000	1.0000	1.0000	ok
BDPA Romance	sex	Ladino	Venetian	malign (distfeat+boot)	1.0000	1.0000	1.0000	1.0000	ok
BDPA Romance	sex	Ligurian	Lombard(East)	malign (distfeat+boot)	1.0000	1.0000	1.0000	1.0000	ok
BDPA Romance	sex	Ligurian	Lombard(West)	malign (distfeat+boot)	1.0000	1.0000	1.0000	1.0000	ok
BDPA Romance	sex	Ligurian	Occitan	malign (distfeat+boot)	1.0000	1.0000	1.0000	1.0000	ok
BDPA Romance	sex	Ligurian	Venetian	malign (distfeat+boot)	1.0000	1.0000	1.0000	1.0000	ok
BDPA Romance	sex	Lombard(East)	Lombard(West)	malign (distfeat+boot)	1.0000	1.0000	1.0000	1.0000	ok
BDPA Romance	sex	Lombard(East)	Occitan	malign (distfeat+boot)	1.0000	1.0000	1.0000	1.0000	ok
BDPA Romance	sex	Lombard(East)	Venetian	malign (distfeat+boot)					skipped
BDPA Romance	sex	Lombard(West)	Occitan	malign (distfeat+boot)	1.0000	1.0000	1.0000	1.0000	ok
BDPA Romance	sex	Lombard(West)	Venetian	malign (distfeat+boot)					skipped
BDPA Romance	sex	Occitan	Venetian	malign (distfeat+boot)	1.0000	1.0000	1.0000	1.0000	ok
BDPA Romance	terram	French	Italian	malign (distfeat+boot)	1.0000	1.0000	1.0000	1.0000	ok
BDPA Romance	terram	French	Ladino	malign (distfeat+boot)	1.0000	1.0000	1.0000	1.0000	ok
BDPA Romance	terram	French	Ligurian	malign (distfeat+boot)	1.0000	1.0000	1.0000	1.0000	ok
BDPA Romance	terram	French	Lombard(East)	malign (distfeat+boot)	1.0000	1.0000	1.0000	1.0000	ok
BDPA Romance	terram	French	Lombard(West)	malign (distfeat+boot)	1.0000	1.0000	1.0000	1.0000	ok
BDPA Romance	terram	French	Occitan	malign (distfeat+boot)	1.0000	1.0000	1.0000	1.0000	ok
BDPA Romance	terram	French	Venetian	malign (distfeat+boot)	1.0000	1.0000	1.0000	1.0000	ok
BDPA Romance	terram	Italian	Ladino	malign (distfeat+boot)	1.0000	1.0000	1.0000	1.0000	ok
BDPA Romance	terram	Italian	Ligurian	malign (distfeat+boot)	1.0000	1.0000	1.0000	1.0000	ok
BDPA Romance	terram	Italian	Lombard(East)	malign (distfeat+boot)	1.0000	1.0000	1.0000	1.0000	ok
BDPA Romance	terram	Italian	Lombard(West)	malign (distfeat+boot)	1.0000	1.0000	1.0000	1.0000	ok
BDPA Romance	terram	Italian	Occitan	malign (distfeat+boot)	1.0000	1.0000	1.0000	1.0000	ok
BDPA Romance	terram	Italian	Venetian	malign (distfeat+boot)	1.0000	1.0000	1.0000	1.0000	ok
BDPA Romance	terram	Ladino	Ligurian	malign (distfeat+boot)	1.0000	1.0000	1.0000	1.0000	ok
BDPA Romance	terram	Ladino	Lombard(East)	malign (distfeat+boot)	1.0000	1.0000	1.0000	1.0000	ok
BDPA Romance	terram	Ladino	Lombard(West)	malign (distfeat+boot)	1.0000	1.0000	1.0000	1.0000	ok
BDPA Romance	terram	Ladino	Occitan	malign (distfeat+boot)	1.0000	1.0000	1.0000	1.0000	ok
BDPA Romance	terram	Ladino	Venetian	malign (distfeat+boot)	1.0000	1.0000	1.0000	1.0000	ok
BDPA Romance	terram	Ligurian	Lombard(East)	malign (distfeat+boot)	1.0000	1.0000	1.0000	1.0000	ok
BDPA Romance	terram	Ligurian	Lombard(West)	malign (distfeat+boot)	1.0000	1.0000	1.0000	1.0000	ok
BDPA Romance	terram	Ligurian	Occitan	malign (distfeat+boot)	1.0000	1.0000	1.0000	1.0000	ok
BDPA Romance	terram	Ligurian	Venetian	malign (distfeat+boot)	1.0000	1.0000	1.0000	1.0000	ok
BDPA Romance	terram	Lombard(East)	Lombard(West)	malign (distfeat+boot)	1.0000	1.0000	1.0000	1.0000	ok
BDPA Romance	terram	Lombard(East)	Occitan	malign (distfeat+boot)	0.5000	0.5000	0.5000	0.5000	ok
BDPA Romance	terram	Lombard(East)	Venetian	malign (distfeat+boot)	1.0000	1.0000	1.0000	1.0000	ok
BDPA Romance	terram	Lombard(West)	Occitan	malign (distfeat+boot)	1.0000	1.0000	1.0000	1.0000	ok
BDPA Romance	terram	Lombard(West)	Venetian	malign (distfeat+boot)	1.0000	1.0000	1.0000	1.0000	ok
BDPA Romance	terram	Occitan	Venetian	malign (distfeat+boot)	1.0000	1.0000	1.0000	1.0000	ok
BDPA Romance	tres	French	Italian	malign (distfeat+boot)	1.0000	1.0000	1.0000	1.0000	ok
BDPA Romance	tres	French	Ladino	malign (distfeat+boot)	0.5000	0.5000	0.5000	0.5000	ok
BDPA Romance	tres	French	Ligurian	malign (distfeat+boot)	0.5000	0.5000	0.5000	0.5000	ok
BDPA Romance	tres	French	Lombard(East)	malign (distfeat+boot)	0.5000	0.5000	0.5000	0.5000	ok
BDPA Romance	tres	French	Lombard(West)	malign (distfeat+boot)	0.5000	0.5000	0.5000	0.5000	ok
BDPA Romance	tres	French	Occitan	malign (distfeat+boot)	0.5000	0.5000	0.5000	0.5000	ok
BDPA Romance	tres	French	Venetian	malign (distfeat+boot)	0.5000	0.5000	0.5000	0.5000	ok
BDPA Romance	tres	Italian	Ladino	malign (distfeat+boot)	1.0000	1.0000	1.0000	1.0000	ok
BDPA Romance	tres	Italian	Ligurian	malign (distfeat+boot)	1.0000	1.0000	1.0000	1.0000	ok
BDPA Romance	tres	Italian	Lombard(East)	malign (distfeat+boot)	1.0000	1.0000	1.0000	1.0000	ok
BDPA Romance	tres	Italian	Lombard(West)	malign (distfeat+boot)	1.0000	1.0000	1.0000	1.0000	ok
BDPA Romance	tres	Italian	Occitan	malign (distfeat+boot)	1.0000	1.0000	1.0000	1.0000	ok
BDPA Romance	tres	Italian	Venetian	malign (distfeat+boot)	1.0000	1.0000	1.0000	1.0000	ok
BDPA Romance	tres	Ladino	Ligurian	malign (distfeat+boot)	1.0000	1.0000	1.0000	1.0000	ok
BDPA Romance	tres	Ladino	Lombard(East)	malign (distfeat+boot)	1.0000	1.0000	1.0000	1.0000	ok
BDPA Romance	tres	Ladino	Lombard(West)	malign (distfeat+boot)	1.0000	1.0000	1.0000	1.0000	ok
BDPA Romance	tres	Ladino	Occitan	malign (distfeat+boot)	1.0000	1.0000	1.0000	1.0000	ok
BDPA Romance	tres	Ladino	Venetian	malign (distfeat+boot)	1.0000	1.0000	1.0000	1.0000	ok
BDPA Romance	tres	Ligurian	Lombard(East)	malign (distfeat+boot)	1.0000	1.0000	1.0000	1.0000	ok
BDPA Romance	tres	Ligurian	Lombard(West)	malign (distfeat+boot)	1.0000	1.0000	1.0000	1.0000	ok
BDPA Romance	tres	Ligurian	Occitan	malign (distfeat+boot)	1.0000	1.0000	1.0000	1.0000	ok
BDPA Romance	tres	Ligurian	Venetian	malign (distfeat+boot)	1.0000	1.0000	1.0000	1.0000	ok
BDPA Romance	tres	Lombard(East)	Lombard(West)	malign (distfeat+boot)	1.0000	1.0000	1.0000	1.0000	ok
BDPA Romance	tres	Lombard(East)	Occitan	malign (distfeat+boot)	1.0000	1.0000	1.0000	1.0000	ok
BDPA Romance	tres	Lombard(East)	Venetian	malign (distfeat+boot)	1.0000	1.0000	1.0000	1.0000	ok
BDPA Romance	tres	Lombard(West)	Occitan	malign (distfeat+boot)	1.0000	1.0000	1.0000	1.0000	ok
BDPA Romance	tres	Lombard(West)	Venetian	malign (distfeat+boot)	1.0000	1.0000	1.0000	1.0000	ok
BDPA Romance	tres	Occitan	Venetian	malign (distfeat+boot)	1.0000	1.0000	1.0000	1.0000	ok
BDPA Romance	ungulam	French	Italian	malign (distfeat+boot)	1.0000	1.0000	1.0000	1.0000	ok
BDPA Romance	ungulam	French	Ladino	malign (distfeat+boot)	0.5000	0.5000	0.5000	0.5000	ok
BDPA Romance	ungulam	French	Ligurian	malign (distfeat+boot)					skipped
BDPA Romance	ungulam	French	Lombard(East)	malign (distfeat+boot)					skipped
BDPA Romance	ungulam	French	Lombard(West)	malign (distfeat+boot)					skipped
BDPA Romance	ungulam	French	Occitan	malign (distfeat+boot)	1.0000	1.0000	1.0000	1.0000	ok
BDPA Romance	ungulam	French	Venetian	malign (distfeat+boot)					skipped
BDPA Romance	ungulam	Italian	Ladino	malign (distfeat+boot)	1.0000	1.0000	1.0000	1.0000	ok
BDPA Romance	ungulam	Italian	Ligurian	malign (distfeat+boot)	1.0000	1.0000	1.0000	1.0000	ok
BDPA Romance	ungulam	Italian	Lombard(East)	malign (distfeat+boot)	1.0000	1.0000	1.0000	1.0000	ok
BDPA Romance	ungulam	Italian	Lombard(West)	malign (distfeat+boot)	1.0000	1.0000	1.0000	1.0000	ok
BDPA Romance	ungulam	Italian	Occitan	malign (distfeat+boot)	1.0000	1.0000	1.0000	1.0000	ok
BDPA Romance	ungulam	Italian	Venetian	malign (distfeat+boot)	1.0000	1.0000	1.0000	1.0000	ok
BDPA Romance	ungulam	Ladino	Ligurian	malign (distfeat+boot)	1.0000	1.0000	1.0000	1.0000	ok
BDPA Romance	ungulam	Ladino	Lombard(East)	malign (distfeat+boot)	1.0000	1.0000	1.0000	1.0000	ok
BDPA Romance	ungulam	Ladino	Lombard(West)	malign (distfeat+boot)	0.6667	0.6667	0.6667	0.6667	ok
BDPA Romance	ungulam	Ladino	Occitan	malign (distfeat+boot)	1.0000	1.0000	1.0000	1.0000	ok
BDPA Romance	ungulam	Ladino	Venetian	malign (distfeat+boot)	1.0000	1.0000	1.0000	1.0000	ok
BDPA Romance	ungulam	Ligurian	Lombard(East)	malign (distfeat+boot)	1.0000	1.0000	1.0000	1.0000	ok
BDPA Romance	ungulam	Ligurian	Lombard(West)	malign (distfeat+boot)	1.0000	1.0000	1.0000	1.0000	ok
BDPA Romance	ungulam	Ligurian	Occitan	malign (distfeat+boot)	1.0000	1.0000	1.0000	1.0000	ok
BDPA Romance	ungulam	Ligurian	Venetian	malign (distfeat+boot)	1.0000	1.0000	1.0000	1.0000	ok
BDPA Romance	ungulam	Lombard(East)	Lombard(West)	malign (distfeat+boot)	1.0000	1.0000	1.0000	1.0000	ok
BDPA Romance	ungulam	Lombard(East)	Occitan	malign (distfeat+boot)	1.0000	1.0000	1.0000	1.0000	ok
BDPA Romance	ungulam	Lombard(East)	Venetian	malign (distfeat+boot)	1.0000	1.0000	1.0000	1.0000	ok
BDPA Romance	ungulam	Lombard(West)	Occitan	malign (distfeat+boot)	1.0000	1.0000	1.0000	1.0000	ok
BDPA Romance	ungulam	Lombard(West)	Venetian	malign (distfeat+boot)	1.0000	1.0000	1.0000	1.0000	ok
BDPA Romance	ungulam	Occitan	Venetian	malign (distfeat+boot)	1.0000	1.0000	1.0000	1.0000	ok
BDPA Romance	unum	French	Italian	malign (distfeat+boot)	1.0000	1.0000	1.0000	1.0000	ok
BDPA Romance	unum	French	Ladino	malign (distfeat+boot)	0.3333	0.3333	0.3333	0.3333	ok
BDPA Romance	unum	French	Ligurian	malign (distfeat+boot)	1.0000	1.0000	1.0000	1.0000	ok
BDPA Romance	unum	French	Lombard(East)	malign (distfeat+boot)	1.0000	1.0000	1.0000	1.0000	ok
BDPA Romance	unum	French	Lombard(West)	malign (distfeat+boot)	1.0000	1.0000	1.0000	1.0000	ok
BDPA Romance	unum	French	Occitan	malign (distfeat+boot)	1.0000	1.0000	1.0000	1.0000	ok
BDPA Romance	unum	French	Venetian	malign (distfeat+boot)	1.0000	1.0000	1.0000	1.0000	ok
BDPA Romance	unum	Italian	Ladino	malign (distfeat+boot)	0.5000	0.5000	0.5000	0.5000	ok
BDPA Romance	unum	Italian	Ligurian	malign (distfeat+boot)	1.0000	1.0000	1.0000	1.0000	ok
BDPA Romance	unum	Italian	Lombard(East)	malign (distfeat+boot)					skipped
BDPA Romance	unum	Italian	Lombard(West)	malign (distfeat+boot)					skipped
BDPA Romance	unum	Italian	Occitan	malign (distfeat+boot)	1.0000	1.0000	1.0000	1.0000	ok
BDPA Romance	unum	Italian	Venetian	malign (distfeat+boot)	1.0000	1.0000	1.0000	1.0000	ok
BDPA Romance	unum	Ladino	Ligurian	malign (distfeat+boot)	1.0000	1.0000	1.0000	1.0000	ok
BDPA Romance	unum	Ladino	Lombard(East)	malign (distfeat+boot)	1.0000	1.0000	1.0000	1.0000	ok
BDPA Romance	unum	Ladino	Lombard(West)	malign (distfeat+boot)	1.0000	1.0000	1.0000	1.0000	ok
BDPA Romance	unum	Ladino	Occitan	malign (distfeat+boot)	1.0000	1.0000	1.0000	1.0000	ok
BDPA Romance	unum	Ladino	Venetian	malign (distfeat+boot)	1.0000	1.0000	1.0000	1.0000	ok
BDPA Romance	unum	Ligurian	Lombard(East)	malign (distfeat+boot)					skipped
BDPA Romance	unum	Ligurian	Lombard(West)	malign (distfeat+boot)					skipped
BDPA Romance	unum	Ligurian	Occitan	malign (distfeat+boot)	1.0000	1.0000	1.0000	1.0000	ok
BDPA Romance	unum	Ligurian	Venetian	malign (distfeat+boot)	1.0000	1.0000	1.0000	1.0000	ok
BDPA Romance	unum	Lombard(East)	Lombard(West)	malign (distfeat+boot)	1.0000	1.0000	1.0000	1.0000	ok
BDPA Romance	unum	Lombard(East)	Occitan	malign (distfeat+boot)					skipped
BDPA Romance	unum	Lombard(East)	Venetian	malign (distfeat+boot)					skipped
BDPA Romance	unum	Lombard(West)	Occitan	malign (distfeat+boot)					skipped
BDPA Romance	unum	Lombard(West)	Venetian	malign (distfeat+boot)					skipped
BDPA Romance	unum	Occitan	Venetian	malign (distfeat+boot)	1.0000	1.0000	1.0000	1.0000	ok
NorthEuralex Italic	DAY_(NOT_NIGHT)_1012	LATIN	SPANISH	LingPy SCA	1.0000	1.0000	1.0000	1.0000	ok
NorthEuralex Italic	BELOW_OR_UNDER_4122	FRENCH	ROMANIAN	LingPy SCA	1.0000	1.0000	1.0000	1.0000	ok
NorthEuralex Italic	MAY_(MONTH)_34	CATALAN	PORTUGUESE	LingPy SCA					skipped
NorthEuralex Italic	KEEP_2109	FRENCH	PORTUGUESE	LingPy SCA	1.0000	1.0000	1.0000	1.0000	ok
NorthEuralex Italic	HINDER_1937	CATALAN	PORTUGUESE	LingPy SCA					skipped
NorthEuralex Italic	EARTH_(SOIL)_1242	FRENCH	SPANISH	LingPy SCA	1.0000	1.0000	1.0000	1.0000	ok
NorthEuralex Italic	CROSS_960	FRENCH	LATIN	LingPy SCA	0.3333	0.3333	0.3333	0.3333	ok
NorthEuralex Italic	COMB_(VERB)_871	CATALAN	PORTUGUESE	LingPy SCA	0.5000	0.5000	0.5000	0.5000	ok
NorthEuralex Italic	SPEAK_3529	PORTUGUESE	SPANISH	LingPy SCA	1.0000	1.0000	1.0000	1.0000	ok
NorthEuralex Italic	BIRCH_425	ITALIAN	LATIN	LingPy SCA	1.0000	1.0000	1.0000	1.0000	ok
NorthEuralex Italic	BE_ALIVE_2321	ITALIAN	LATIN	LingPy SCA	1.0000	1.0000	1.0000	1.0000	ok
NorthEuralex Italic	COOK_(SOMETHING)_905	LATIN	SPANISH	LingPy SCA	1.0000	1.0000	1.0000	1.0000	ok
NorthEuralex Italic	HEEL_1894	ITALIAN	SPANISH	LingPy SCA	1.0000	1.0000	1.0000	1.0000	ok
NorthEuralex Italic	HUNGER_2015	ITALIAN	LATIN	LingPy SCA	1.0000	1.0000	1.0000	1.0000	ok
NorthEuralex Italic	WHY_4320	ITALIAN	PORTUGUESE	LingPy SCA	1.0000	1.0000	1.0000	1.0000	ok
NorthEuralex Italic	BENEFIT_411	ROMANIAN	SPANISH	LingPy SCA	1.0000	1.0000	1.0000	1.0000	ok
NorthEuralex Italic	GRAIN_1716	CATALAN	SPANISH	LingPy SCA	1.0000	1.0000	1.0000	1.0000	ok
NorthEuralex Italic	SOUP_3480	ITALIAN	ROMANIAN	LingPy SCA	1.0000	1.0000	1.0000	1.0000	ok
NorthEuralex Italic	HERD_(SOMETHING)_1916	PORTUGUESE	SPANISH	LingPy SCA	1.0000	1.0000	1.0000	1.0000	ok
NorthEuralex Italic	TALK_3815	PORTUGUESE	SPANISH	LingPy SCA	1.0000	1.0000	1.0000	1.0000	ok
NorthEuralex Italic	MEAT_2396	LATIN	SPANISH	LingPy SCA	1.0000	1.0000	1.0000	1.0000	ok
NorthEuralex Italic	ANIMAL_162	FRENCH	ROMANIAN	LingPy SCA	1.0000	1.0000	1.0000	1.0000	ok
NorthEuralex Italic	FEATHER_1402	ITALIAN	LATIN	LingPy SCA	1.0000	1.0000	1.0000	1.0000	ok
NorthEuralex Italic	SPEECH_3532	ITALIAN	SPANISH	LingPy SCA	1.0000	1.0000	1.0000	1.0000	ok
NorthEuralex Italic	POUCH_2863	LATIN	ROMANIAN	LingPy SCA	1.0000	1.0000	1.0000	1.0000	ok
NorthEuralex Italic	MEAT_2396	ITALIAN	PORTUGUESE	LingPy SCA	1.0000	1.0000	1.0000	1.0000	ok
NorthEuralex Italic	FAMILIAR_1372	ROMANIAN	SPANISH	LingPy SCA	1.0000	1.0000	1.0000	1.0000	ok
NorthEuralex Italic	HAY_1851	LATIN	SPANISH	LingPy SCA	1.0000	1.0000	1.0000	1.0000	ok
NorthEuralex Italic	PLACE_(POSITION)_2825	CATALAN	ROMANIAN	LingPy SCA	1.0000	1.0000	1.0000	1.0000	ok
NorthEuralex Italic	CROSS_960	CATALAN	LATIN	LingPy SCA	0.6000	0.6000	0.6000	0.6000	ok
NorthEuralex Italic	CONVEY_(A_MESSAGE)_902	PORTUGUESE	SPANISH	LingPy SCA	1.0000	1.0000	1.0000	1.0000	ok
NorthEuralex Italic	SEE_3161	ROMANIAN	SPANISH	LingPy SCA					skipped
NorthEuralex Italic	COUNTRY_931	FRENCH	PORTUGUESE	LingPy SCA	1.0000	1.0000	1.0000	1.0000	ok
NorthEuralex Italic	RESCUE_3005	FRENCH	ITALIAN	LingPy SCA	0.7143	0.7143	0.7143	0.7143	ok
NorthEuralex Italic	PREPARE_2888	CATALAN	ITALIAN	LingPy SCA	0.4444	0.4444	0.4444	0.4444	ok
NorthEuralex Italic	LIGHT_(IGNITE)_2286	PORTUGUESE	SPANISH	LingPy SCA	1.0000	1.0000	1.0000	1.0000	ok
NorthEuralex Italic	BORDER_502	ITALIAN	PORTUGUESE	LingPy SCA	0.7000	0.7000	0.7000	0.7000	ok
NorthEuralex Italic	THIRD_3927	CATALAN	SPANISH	LingPy SCA	0.7143	0.7143	0.7143	0.7143	ok
NorthEuralex Italic	DIFFERENT_1072	ITALIAN	ROMANIAN	LingPy SCA	1.0000	1.0000	1.0000	1.0000	ok
NorthEuralex Italic	SEEM_3169	CATALAN	FRENCH	LingPy SCA	1.0000	1.0000	1.0000	1.0000	ok
NorthEuralex Italic	CLEVER_814	ITALIAN	SPANISH	LingPy SCA	1.0000	1.0000	1.0000	1.0000	ok
NorthEuralex Italic	MOVE_(AFFECT_EMOTIONALLY)_2495	CATALAN	LATIN	LingPy SCA	1.0000	1.0000	1.0000	1.0000	ok
NorthEuralex Italic	RING_(MAKE_SOUND)_3028	FRENCH	ROMANIAN	LingPy SCA	1.0000	1.0000	1.0000	1.0000	ok
NorthEuralex Italic	GATE_1612	PORTUGUESE	ROMANIAN	LingPy SCA	1.0000	1.0000	1.0000	1.0000	ok
NorthEuralex Italic	CEASE_1302	CATALAN	SPANISH	LingPy SCA	1.0000	1.0000	1.0000	1.0000	ok
NorthEuralex Italic	BOW_521	FRENCH	PORTUGUESE	LingPy SCA	1.0000	1.0000	1.0000	1.0000	ok
NorthEuralex Italic	HORSE_1988	PORTUGUESE	SPANISH	LingPy SCA	1.0000	1.0000	1.0000	1.0000	ok
NorthEuralex Italic	MORNING_2475	CATALAN	PORTUGUESE	LingPy SCA	1.0000	1.0000	1.0000	1.0000	ok
NorthEuralex Italic	CLOTH_839	LATIN	SPANISH	LingPy SCA	1.0000	1.0000	1.0000	1.0000	ok
NorthEuralex Italic	HUNGER_2015	LATIN	PORTUGUESE	LingPy SCA	1.0000	1.0000	1.0000	1.0000	ok
NorthEuralex Italic	CRADLE_948	FRENCH	PORTUGUESE	LingPy SCA	1.0000	1.0000	1.0000	1.0000	ok
NorthEuralex Italic	SELL_3193	CATALAN	LATIN	LingPy SCA	1.0000	1.0000	1.0000	1.0000	ok
NorthEuralex Italic	MEAT_2396	ITALIAN	SPANISH	LingPy SCA	1.0000	1.0000	1.0000	1.0000	ok
NorthEuralex Italic	TEAR_(OF_EYE)_3842	PORTUGUESE	ROMANIAN	LingPy SCA	1.0000	1.0000	1.0000	1.0000	ok
NorthEuralex Italic	RIVER_3060	FRENCH	ROMANIAN	LingPy SCA	1.0000	1.0000	1.0000	1.0000	ok
NorthEuralex Italic	FEVER_1421	FRENCH	ROMANIAN	LingPy SCA	1.0000	1.0000	1.0000	1.0000	ok
NorthEuralex Italic	SACK_3135	CATALAN	LATIN	LingPy SCA	1.0000	1.0000	1.0000	1.0000	ok
NorthEuralex Italic	RECOGNIZE_(SOMEBODY)_2977	FRENCH	ROMANIAN	LingPy SCA	0.8182	0.8182	0.8182	0.8182	ok
NorthEuralex Italic	HALF_1802	FRENCH	ITALIAN	LingPy SCA	1.0000	1.0000	1.0000	1.0000	ok
NorthEuralex Italic	LIP_2307	ITALIAN	SPANISH	LingPy SCA	1.0000	1.0000	1.0000	1.0000	ok
NorthEuralex Italic	CHARACTER_724	FRENCH	SPANISH	LingPy SCA	1.0000	1.0000	1.0000	1.0000	ok
NorthEuralex Italic	FISH_1470	CATALAN	SPANISH	LingPy SCA	1.0000	1.0000	1.0000	1.0000	ok
NorthEuralex Italic	KEEP_2109	FRENCH	ITALIAN	LingPy SCA	0.8000	0.8000	0.8000	0.8000	ok
NorthEuralex Italic	FIFTY_1422	CATALAN	ITALIAN	LingPy SCA	1.0000	1.0000	1.0000	1.0000	ok
NorthEuralex Italic	THOUSAND_76	ITALIAN	LATIN	LingPy SCA	1.0000	1.0000	1.0000	1.0000	ok
NorthEuralex Italic	SEE_3161	ITALIAN	PORTUGUESE	LingPy SCA	1.0000	1.0000	1.0000	1.0000	ok
NorthEuralex Italic	LOOK_FOR_2349	PORTUGUESE	SPANISH	LingPy SCA	1.0000	1.0000	1.0000	1.0000	ok
NorthEuralex Italic	HEIGHT_1898	PORTUGUESE	SPANISH	LingPy SCA	1.0000	1.0000	1.0000	1.0000	ok
NorthEuralex Italic	PARENTS_2724	PORTUGUESE	SPANISH	LingPy SCA	1.0000	1.0000	1.0000	1.0000	ok
NorthEuralex Italic	BRING_585	FRENCH	ITALIAN	LingPy SCA	1.0000	1.0000	1.0000	1.0000	ok
NorthEuralex Italic	HOWL_2006	ITALIAN	SPANISH	LingPy SCA	1.0000	1.0000	1.0000	1.0000	ok
NorthEuralex Italic	BIRD_429	ROMANIAN	SPANISH	LingPy SCA	1.0000	1.0000	1.0000	1.0000	ok
NorthEuralex Italic	ONE_TIME_2665	CATALAN	PORTUGUESE	LingPy SCA	1.0000	1.0000	1.0000	1.0000	ok
NorthEuralex Italic	SIT_3342	CATALAN	LATIN	LingPy SCA	1.0000	1.0000	1.0000	1.0000	ok
NorthEuralex Italic	LISTEN_2309	FRENCH	PORTUGUESE	LingPy SCA	1.0000	1.0000	1.0000	1.0000	ok
NorthEuralex Italic	CAP_686	FRENCH	PORTUGUESE	LingPy SCA	1.0000	1.0000	1.0000	1.0000	ok
NorthEuralex Italic	HANG_1820	FRENCH	PORTUGUESE	LingPy SCA	1.0000	1.0000	1.0000	1.0000	ok
NorthEuralex Italic	OLD_(AGED)_116	CATALAN	PORTUGUESE	LingPy SCA	1.0000	1.0000	1.0000	1.0000	ok
NorthEuralex Italic	HARDLY_1843	ITALIAN	SPANISH	LingPy SCA					skipped
NorthEuralex Italic	WEATHER_4259	CATALAN	SPANISH	LingPy SCA	0.7143	0.7143	0.7143	0.7143	ok
NorthEuralex Italic	SHOW_3298	FRENCH	SPANISH	LingPy SCA	1.0000	1.0000	1.0000	1.0000	ok
NorthEuralex Italic	THIN_(SLIM)_3401	CATALAN	SPANISH	LingPy SCA	1.0000	1.0000	1.0000	1.0000	ok
NorthEuralex Italic	EGG_1262	LATIN	PORTUGUESE	LingPy SCA	1.0000	1.0000	1.0000	1.0000	ok
NorthEuralex Italic	LIGHT_(RADIATION)_2287	LATIN	SPANISH	LingPy SCA	1.0000	1.0000	1.0000	1.0000	ok
NorthEuralex Italic	EARTH_(SOIL)_1242	ITALIAN	LATIN	LingPy SCA	1.0000	1.0000	1.0000	1.0000	ok
NorthEuralex Italic	KILL_2125	PORTUGUESE	SPANISH	LingPy SCA	1.0000	1.0000	1.0000	1.0000	ok
NorthEuralex Italic	LIE_(FALSEHOOD)_2267	ROMANIAN	SPANISH	LingPy SCA	1.0000	1.0000	1.0000	1.0000	ok
NorthEuralex Italic	STEAL_3609	PORTUGUESE	ROMANIAN	LingPy SCA	1.0000	1.0000	1.0000	1.0000	ok
NorthEuralex Italic	SING_3331	LATIN	PORTUGUESE	LingPy SCA	1.0000	1.0000	1.0000	1.0000	ok
NorthEuralex Italic	RING_3027	CATALAN	PORTUGUESE	LingPy SCA	1.0000	1.0000	1.0000	1.0000	ok
NorthEuralex Italic	HEIGHT_1898	ITALIAN	LATIN	LingPy SCA	1.0000	1.0000	1.0000	1.0000	ok
NorthEuralex Italic	DYE_1233	LATIN	PORTUGUESE	LingPy SCA	1.0000	1.0000	1.0000	1.0000	ok
NorthEuralex Italic	WIN_4341	LATIN	SPANISH	LingPy SCA	1.0000	1.0000	1.0000	1.0000	ok
NorthEuralex Italic	WALK_4195	CATALAN	PORTUGUESE	LingPy SCA	1.0000	1.0000	1.0000	1.0000	ok
NorthEuralex Italic	CONVERSATION_3813	CATALAN	SPANISH	LingPy SCA	1.0000	1.0000	1.0000	1.0000	ok
NorthEuralex Italic	BOX_530	ITALIAN	SPANISH	LingPy SCA	1.0000	1.0000	1.0000	1.0000	ok
NorthEuralex Italic	DARK_999	ITALIAN	SPANISH	LingPy SCA	1.0000	1.0000	1.0000	1.0000	ok
NorthEuralex Italic	FACE_1348	CATALAN	SPANISH	LingPy SCA	1.0000	1.0000	1.0000	1.0000	ok
NorthEuralex Italic	FEATHER_1403	CATALAN	FRENCH	LingPy SCA	1.0000	1.0000	1.0000	1.0000	ok
NorthEuralex Italic	SPEECH_3532	CATALAN	ROMANIAN	LingPy SCA	1.0000	1.0000	1.0000	1.0000	ok
NorthEuralex Italic	CALCULATE_658	FRENCH	ITALIAN	LingPy SCA	1.0000	1.0000	1.0000	1.0000	ok
NorthEuralex Italic	SEVEN_3210	ITALIAN	PORTUGUESE	LingPy SCA	1.0000	1.0000	1.0000	1.0000	ok
NorthEuralex Italic	SEPARATE_3198	CATALAN	ITALIAN	LingPy SCA	1.0000	1.0000	1.0000	1.0000	ok
NorthEuralex Italic	THUNDER_(VERB)_3972	FRENCH	ITALIAN	LingPy SCA	0.6667	0.6667	0.6667	0.6667	ok
NorthEuralex Italic	LAIR_2171	ITALIAN	LATIN	LingPy SCA	1.0000	1.0000	1.0000	1.0000	ok
NorthEuralex Italic	ARRIVE_186	FRENCH	ITALIAN	LingPy SCA	1.0000	1.0000	1.0000	1.0000	ok
NorthEuralex Italic	DECEIVE_1028	CATALAN	PORTUGUESE	LingPy SCA	1.0000	1.0000	1.0000	1.0000	ok
NorthEuralex Italic	LIP_2307	FRENCH	SPANISH	LingPy SCA	1.0000	1.0000	1.0000	1.0000	ok
NorthEuralex Italic	POUCH_2862	ITALIAN	PORTUGUESE	LingPy SCA	0.6667	0.6667	0.6667	0.6667	ok
NorthEuralex Italic	DEAF_1015	CATALAN	FRENCH	LingPy SCA	1.0000	1.0000	1.0000	1.0000	ok
NorthEuralex Italic	MOVE_(AFFECT_EMOTIONALLY)_2495	ITALIAN	SPANISH	LingPy SCA	1.0000	1.0000	1.0000	1.0000	ok
NorthEuralex Italic	STORY_3660	PORTUGUESE	SPANISH	LingPy SCA	1.0000	1.0000	1.0000	1.0000	ok
NorthEuralex Italic	FAT_(OBESE)_1388	FRENCH	ITALIAN	LingPy SCA	1.0000	1.0000	1.0000	1.0000	ok
NorthEuralex Italic	TEA_3827	CATALAN	SPANISH	LingPy SCA	1.0000	1.0000	1.0000	1.0000	ok
NorthEuralex Italic	ALONE_133	FRENCH	ITALIAN	LingPy SCA					skipped
NorthEuralex Italic	LIFE_2279	FRENCH	SPANISH	LingPy SCA	1.0000	1.0000	1.0000	1.0000	ok
NorthEuralex Italic	WEEK_4264	FRENCH	ROMANIAN	LingPy SCA	1.0000	1.0000	1.0000	1.0000	ok
NorthEuralex Italic	FOOD_1517	CATALAN	SPANISH	LingPy SCA	1.0000	1.0000	1.0000	1.0000	ok
NorthEuralex Italic	WIND_4345	ITALIAN	SPANISH	LingPy SCA	1.0000	1.0000	1.0000	1.0000	ok
NorthEuralex Italic	CURRENT_(STREAM)_969	ITALIAN	PORTUGUESE	LingPy SCA	1.0000	1.0000	1.0000	1.0000	ok
NorthEuralex Italic	NAVEL_2548	CATALAN	PORTUGUESE	LingPy SCA	1.0000	1.0000	1.0000	1.0000	ok
NorthEuralex Italic	GRAIN_1716	FRENCH	ITALIAN	LingPy SCA	1.0000	1.0000	1.0000	1.0000	ok
NorthEuralex Italic	SAND_3140	ITALIAN	SPANISH	LingPy SCA	1.0000	1.0000	1.0000	1.0000	ok
NorthEuralex Italic	FEEL_(TACTUALLY)_1411	FRENCH	PORTUGUESE	LingPy SCA	1.0000	1.0000	1.0000	1.0000	ok
NorthEuralex Italic	ACHE_87	PORTUGUESE	SPANISH	LingPy SCA					skipped
NorthEuralex Italic	PARENTS_2724	FRENCH	SPANISH	LingPy SCA	1.0000	1.0000	1.0000	1.0000	ok
NorthEuralex Italic	VERY_4151	CATALAN	ITALIAN	LingPy SCA	1.0000	1.0000	1.0000	1.0000	ok
NorthEuralex Italic	BEARD_336	FRENCH	ROMANIAN	LingPy SCA	1.0000	1.0000	1.0000	1.0000	ok
NorthEuralex Italic	DEAF_1015	CATALAN	SPANISH	LingPy SCA	1.0000	1.0000	1.0000	1.0000	ok
NorthEuralex Italic	RIPEN_3045	CATALAN	LATIN	LingPy SCA	1.0000	1.0000	1.0000	1.0000	ok
NorthEuralex Italic	NOSE_2624	CATALAN	LATIN	LingPy SCA	0.6000	0.6000	0.6000	0.6000	ok
NorthEuralex Italic	IRON_2079	LATIN	PORTUGUESE	LingPy SCA	1.0000	1.0000	1.0000	1.0000	ok
NorthEuralex Italic	BUILD_618	ITALIAN	PORTUGUESE	LingPy SCA	1.0000	1.0000	1.0000	1.0000	ok
NorthEuralex Italic	ITEM_2082	CATALAN	SPANISH	LingPy SCA	1.0000	1.0000	1.0000	1.0000	ok
NorthEuralex Italic	CLEVER_814	ITALIAN	PORTUGUESE	LingPy SCA	1.0000	1.0000	1.0000	1.0000	ok
NorthEuralex Italic	COLLAR_864	CATALAN	FRENCH	LingPy SCA	1.0000	1.0000	1.0000	1.0000	ok
NorthEuralex Italic	UNDERSTAND_4128	CATALAN	SPANISH	LingPy SCA	1.0000	1.0000	1.0000	1.0000	ok
NorthEuralex Italic	CEASE_1298	ITALIAN	ROMANIAN	LingPy SCA					skipped
NorthEuralex Italic	DILIGENT_1080	ITALIAN	SPANISH	LingPy SCA	1.0000	1.0000	1.0000	1.0000	ok
NorthEuralex Italic	DISTANCE_1113	ITALIAN	SPANISH	LingPy SCA	1.0000	1.0000	1.0000	1.0000	ok
NorthEuralex Italic	TOUCH_4029	LATIN	PORTUGUESE	LingPy SCA	1.0000	1.0000	1.0000	1.0000	ok
NorthEuralex Italic	FINE_OR_THIN_1043	ITALIAN	SPANISH	LingPy SCA	1.0000	1.0000	1.0000	1.0000	ok
NorthEuralex Italic	LINE_2306	CATALAN	FRENCH	LingPy SCA	1.0000	1.0000	1.0000	1.0000	ok
NorthEuralex Italic	SPIDER_3536	CATALAN	SPANISH	LingPy SCA	1.0000	1.0000	1.0000	1.0000	ok
NorthEuralex Italic	HAPPINESS_1839	ITALIAN	PORTUGUESE	LingPy SCA	0.4000	0.4000	0.4000	0.4000	ok
NorthEuralex Italic	GRASS_1738	FRENCH	ITALIAN	LingPy SCA	1.0000	1.0000	1.0000	1.0000	ok
NorthEuralex Italic	OAR_2639	PORTUGUESE	SPANISH	LingPy SCA	1.0000	1.0000	1.0000	1.0000	ok
NorthEuralex Italic	SING_3331	CATALAN	ROMANIAN	LingPy SCA	1.0000	1.0000	1.0000	1.0000	ok
NorthEuralex Italic	SALT_3139	PORTUGUESE	SPANISH	LingPy SCA	1.0000	1.0000	1.0000	1.0000	ok
NorthEuralex Italic	STRING_3681	ITALIAN	PORTUGUESE	LingPy SCA	1.0000	1.0000	1.0000	1.0000	ok
NorthEuralex Italic	YEAR_4419	CATALAN	ROMANIAN	LingPy SCA	1.0000	1.0000	1.0000	1.0000	ok
NorthEuralex Italic	TASTY_1049	FRENCH	LATIN	LingPy SCA					skipped
NorthEuralex Italic	DESTROY_1069	FRENCH	SPANISH	LingPy SCA					skipped
NorthEuralex Italic	KNIFE_2146	FRENCH	ITALIAN	LingPy SCA	1.0000	1.0000	1.0000	1.0000	ok
NorthEuralex Italic	HONEY_1977	FRENCH	ITALIAN	LingPy SCA	1.0000	1.0000	1.0000	1.0000	ok
NorthEuralex Italic	CALCULATE_658	LATIN	PORTUGUESE	LingPy SCA	1.0000	1.0000	1.0000	1.0000	ok
NorthEuralex Italic	POOR_2850	ITALIAN	PORTUGUESE	LingPy SCA	1.0000	1.0000	1.0000	1.0000	ok
NorthEuralex Italic	BEAR_334	PORTUGUESE	SPANISH	LingPy SCA	1.0000	1.0000	1.0000	1.0000	ok
NorthEuralex Italic	HOW_2002	ITALIAN	SPANISH	LingPy SCA	1.0000	1.0000	1.0000	1.0000	ok
NorthEuralex Italic	HELP_(ASSISTANCE)_1903	CATALAN	PORTUGUESE	LingPy SCA	1.0000	1.0000	1.0000	1.0000	ok
NorthEuralex Italic	ANT_171	CATALAN	LATIN	LingPy SCA	1.0000	1.0000	1.0000	1.0000	ok
NorthEuralex Italic	CHARACTER_724	CATALAN	ROMANIAN	LingPy SCA	1.0000	1.0000	1.0000	1.0000	ok
NorthEuralex Italic	BULL_622	FRENCH	SPANISH	LingPy SCA	1.0000	1.0000	1.0000	1.0000	ok
NorthEuralex Italic	HOWL_2006	ITALIAN	LATIN	LingPy SCA	1.0000	1.0000	1.0000	1.0000	ok
NorthEuralex Italic	CAUSE_TO_(LET)_2256	CATALAN	SPANISH	LingPy SCA					skipped
NorthEuralex Italic	BIG_421	ITALIAN	PORTUGUESE	LingPy SCA	1.0000	1.0000	1.0000	1.0000	ok
NorthEuralex Italic	PERSON_2009	PORTUGUESE	ROMANIAN	LingPy SCA	1.0000	1.0000	1.0000	1.0000	ok
NorthEuralex Italic	CHARACTER_724	CATALAN	ITALIAN	LingPy SCA	1.0000	1.0000	1.0000	1.0000	ok
NorthEuralex Italic	WORLD_4395	CATALAN	FRENCH	LingPy SCA	1.0000	1.0000	1.0000	1.0000	ok
NorthEuralex Italic	INVITE_2078	ITALIAN	SPANISH	LingPy SCA	1.0000	1.0000	1.0000	1.0000	ok
NorthEuralex Italic	MEDICINE_2398	FRENCH	SPANISH	LingPy SCA	1.0000	1.0000	1.0000	1.0000	ok
NorthEuralex Italic	TWO_4115	PORTUGUESE	ROMANIAN	LingPy SCA	1.0000	1.0000	1.0000	1.0000	ok
NorthEuralex Italic	HARE_1848	FRENCH	ITALIAN	LingPy SCA	1.0000	1.0000	1.0000	1.0000	ok
NorthEuralex Italic	DRAW_MILK_2427	ITALIAN	LATIN	LingPy SCA	1.0000	1.0000	1.0000	1.0000	ok
NorthEuralex Italic	TONE_(MUSIC)_4022	ITALIAN	PORTUGUESE	LingPy SCA	1.0000	1.0000	1.0000	1.0000	ok
NorthEuralex Italic	JULY_25	ITALIAN	SPANISH	LingPy SCA	1.0000	1.0000	1.0000	1.0000	ok
NorthEuralex Italic	TONE_(MUSIC)_4022	ROMANIAN	SPANISH	LingPy SCA	1.0000	1.0000	1.0000	1.0000	ok
NorthEuralex Italic	SLEEP_3383	CATALAN	ROMANIAN	LingPy SCA	1.0000	1.0000	1.0000	1.0000	ok
NorthEuralex Italic	GAME_1605	ITALIAN	PORTUGUESE	LingPy SCA	1.0000	1.0000	1.0000	1.0000	ok
NorthEuralex Italic	CORRECT_(RIGHT)_921	PORTUGUESE	ROMANIAN	LingPy SCA	1.0000	1.0000	1.0000	1.0000	ok
NorthEuralex Italic	COUNTRY_931	PORTUGUESE	SPANISH	LingPy SCA	1.0000	1.0000	1.0000	1.0000	ok
NorthEuralex Italic	STING_3635	ITALIAN	SPANISH	LingPy SCA	1.0000	1.0000	1.0000	1.0000	ok
NorthEuralex Italic	REASON_2967	LATIN	ROMANIAN	LingPy SCA	0.6667	0.6667	0.6667	0.6667	ok
NorthEuralex Italic	SPIDER_3536	ITALIAN	SPANISH	LingPy SCA	1.0000	1.0000	1.0000	1.0000	ok
NorthEuralex Italic	SMOKE_(EXHAUST)_3416	ITALIAN	LATIN	LingPy SCA					skipped
NorthEuralex Italic	THROW_3967	CATALAN	FRENCH	LingPy SCA	1.0000	1.0000	1.0000	1.0000	ok
NorthEuralex Italic	BRIDGE_582	LATIN	ROMANIAN	LingPy SCA	1.0000	1.0000	1.0000	1.0000	ok
NorthEuralex Italic	COUNT_928	ITALIAN	SPANISH	LingPy SCA	1.0000	1.0000	1.0000	1.0000	ok
NorthEuralex Italic	BUSINESS_638	CATALAN	SPANISH	LingPy SCA					skipped
NorthEuralex Italic	SIX_3352	CATALAN	FRENCH	LingPy SCA	1.0000	1.0000	1.0000	1.0000	ok
NorthEuralex Italic	POST_2847	LATIN	SPANISH	LingPy SCA	1.0000	1.0000	1.0000	1.0000	ok
NorthEuralex Italic	DANCE_995	CATALAN	SPANISH	LingPy SCA	1.0000	1.0000	1.0000	1.0000	ok
NorthEuralex Italic	KNOT_2163	CATALAN	LATIN	LingPy SCA	0.6000	0.6000	0.6000	0.6000	ok
NorthEuralex Italic	GATE_1612	FRENCH	LATIN	LingPy SCA	1.0000	1.0000	1.0000	1.0000	ok
NorthEuralex Italic	GAME_1605	FRENCH	ITALIAN	LingPy SCA	1.0000	1.0000	1.0000	1.0000	ok
NorthEuralex Italic	TAKE_3797	CATALAN	FRENCH	LingPy SCA	1.0000	1.0000	1.0000	1.0000	ok
NorthEuralex Italic	EAR_1240	CATALAN	ROMANIAN	LingPy SCA	1.0000	1.0000	1.0000	1.0000	ok
NorthEuralex Italic	FOR_A_LONG_TIME_2334	ITALIAN	ROMANIAN	LingPy SCA					skipped
NorthEuralex Italic	MEDICINE_2398	ITALIAN	SPANISH	LingPy SCA	1.0000	1.0000	1.0000	1.0000	ok
NorthEuralex Italic	THOU_3945	CATALAN	FRENCH	LingPy SCA	1.0000	1.0000	1.0000	1.0000	ok
NorthEuralex Italic	KNOW_(SOMETHING)_2164	CATALAN	FRENCH	LingPy SCA					skipped
NorthEuralex Italic	CHIN_769	FRENCH	LATIN	LingPy SCA	1.0000	1.0000	1.0000	1.0000	ok
NorthEuralex Italic	SWAY_3770	CATALAN	FRENCH	LingPy SCA	1.0000	1.0000	1.0000	1.0000	ok
NorthEuralex Italic	COUNT_(QUANTITY)_927	PORTUGUESE	SPANISH	LingPy SCA	1.0000	1.0000	1.0000	1.0000	ok
NorthEuralex Italic	BREAK_(DESTROY_OR_GET_DESTROYED)_562	ITALIAN	LATIN	LingPy SCA	1.0000	1.0000	1.0000	1.0000	ok
NorthEuralex Italic	AUNT_230	ITALIAN	PORTUGUESE	LingPy SCA	1.0000	1.0000	1.0000	1.0000	ok
NorthEuralex Italic	COOK_(SOMETHING)_905	FRENCH	LATIN	LingPy SCA	0.5556	0.5556	0.5556	0.5556	ok
NorthEuralex Italic	INCREASE_2062	CATALAN	ROMANIAN	LingPy SCA	1.0000	1.0000	1.0000	1.0000	ok
NorthEuralex Italic	FINGER_1446	ITALIAN	PORTUGUESE	LingPy SCA	1.0000	1.0000	1.0000	1.0000	ok
NorthEuralex Italic	SLEEP_(STATE)_3384	ITALIAN	SPANISH	LingPy SCA	1.0000	1.0000	1.0000	1.0000	ok
NorthEuralex Italic	UNCLE_4116	ITALIAN	SPANISH	LingPy SCA	1.0000	1.0000	1.0000	1.0000	ok
NorthEuralex Italic	TUBE_2814	FRENCH	SPANISH	LingPy SCA	1.0000	1.0000	1.0000	1.0000	ok
NorthEuralex Italic	HARD_1842	LATIN	SPANISH	LingPy SCA	1.0000	1.0000	1.0000	1.0000	ok
NorthEuralex Italic	SISTER_3339	CATALAN	SPANISH	LingPy SCA	1.0000	1.0000	1.0000	1.0000	ok
NorthEuralex Italic	BULL_622	CATALAN	PORTUGUESE	LingPy SCA	1.0000	1.0000	1.0000	1.0000	ok
NorthEuralex Italic	FIND_1442	PORTUGUESE	SPANISH	LingPy SCA	1.0000	1.0000	1.0000	1.0000	ok
NorthEuralex Italic	SEE_3161	CATALAN	SPANISH	LingPy SCA	1.0000	1.0000	1.0000	1.0000	ok
NorthEuralex Italic	ALL_1325	CATALAN	PORTUGUESE	LingPy SCA	1.0000	1.0000	1.0000	1.0000	ok
NorthEuralex Italic	SHINE_3249	PORTUGUESE	SPANISH	LingPy SCA	1.0000	1.0000	1.0000	1.0000	ok
NorthEuralex Italic	LINE_2306	CATALAN	PORTUGUESE	LingPy SCA	0.6000	0.6000	0.6000	0.6000	ok
NorthEuralex Italic	TENDON_3329	FRENCH	PORTUGUESE	LingPy SCA	1.0000	1.0000	1.0000	1.0000	ok
NorthEuralex Italic	MISPLACE_2355	ITALIAN	ROMANIAN	LingPy SCA	1.0000	1.0000	1.0000	1.0000	ok
NorthEuralex Italic	SPIDER_3536	CATALAN	LATIN	LingPy SCA	0.6667	0.6667	0.6667	0.6667	ok
NorthEuralex Italic	UNDERSTAND_4129	FRENCH	ITALIAN	LingPy SCA	1.0000	1.0000	1.0000	1.0000	ok
NorthEuralex Italic	FALL_ASLEEP_1361	ITALIAN	SPANISH	LingPy SCA	0.8333	0.8333	0.8333	0.8333	ok
NorthEuralex Italic	FUR_1601	ROMANIAN	SPANISH	LingPy SCA	1.0000	1.0000	1.0000	1.0000	ok
NorthEuralex Italic	NAME_2527	ITALIAN	LATIN	LingPy SCA					skipped
NorthEuralex Italic	HEAT_1886	ROMANIAN	SPANISH	LingPy SCA	1.0000	1.0000	1.0000	1.0000	ok
NorthEuralex Italic	BULL_622	CATALAN	FRENCH	LingPy SCA	1.0000	1.0000	1.0000	1.0000	ok
NorthEuralex Italic	BUSINESS_638	LATIN	SPANISH	LingPy SCA	0.7500	0.7500	0.7500	0.7500	ok
NorthEuralex Italic	ODOR_(SMELL)_2643	ITALIAN	LATIN	LingPy SCA	1.0000	1.0000	1.0000	1.0000	ok
NorthEuralex Italic	BUDGE_(ONESELF)_612	LATIN	PORTUGUESE	LingPy SCA	1.0000	1.0000	1.0000	1.0000	ok
NorthEuralex Italic	BREAK_(CLEAVE)_562	ROMANIAN	SPANISH	LingPy SCA					skipped
NorthEuralex Italic	TREE_4061	CATALAN	PORTUGUESE	LingPy SCA	1.0000	1.0000	1.0000	1.0000	ok
NorthEuralex Italic	WE_4247	FRENCH	PORTUGUESE	LingPy SCA	1.0000	1.0000	1.0000	1.0000	ok
NorthEuralex Italic	FATHER_1395	FRENCH	PORTUGUESE	LingPy SCA	1.0000	1.0000	1.0000	1.0000	ok
NorthEuralex Italic	BROTHER_604	LATIN	ROMANIAN	LingPy SCA	1.0000	1.0000	1.0000	1.0000	ok
NorthEuralex Italic	WIND_4345	LATIN	SPANISH	LingPy SCA	1.0000	1.0000	1.0000	1.0000	ok
NorthEuralex Italic	CLOUD_853	CATALAN	LATIN	LingPy SCA	1.0000	1.0000	1.0000	1.0000	ok
NorthEuralex Italic	FRESH_1578	ITALIAN	SPANISH	LingPy SCA	1.0000	1.0000	1.0000	1.0000	ok
NorthEuralex Italic	CEASE_1297	FRENCH	ITALIAN	LingPy SCA	1.0000	1.0000	1.0000	1.0000	ok
NorthEuralex Italic	CAVE_707	FRENCH	PORTUGUESE	LingPy SCA	1.0000	1.0000	1.0000	1.0000	ok
NorthEuralex Italic	IDOL_1427	PORTUGUESE	SPANISH	LingPy SCA	1.0000	1.0000	1.0000	1.0000	ok
NorthEuralex Italic	SKIN_3370	ITALIAN	LATIN	LingPy SCA	1.0000	1.0000	1.0000	1.0000	ok
NorthEuralex Italic	DENSE_1056	ITALIAN	LATIN	LingPy SCA	1.0000	1.0000	1.0000	1.0000	ok
NorthEuralex Italic	KETTLE_2114	PORTUGUESE	SPANISH	LingPy SCA	1.0000	1.0000	1.0000	1.0000	ok
NorthEuralex Italic	BOIL_(SOMETHING)_486	CATALAN	LATIN	LingPy SCA	1.0000	1.0000	1.0000	1.0000	ok
NorthEuralex Italic	COAST_857	CATALAN	ITALIAN	LingPy SCA	1.0000	1.0000	1.0000	1.0000	ok
NorthEuralex Italic	SOUP_3480	FRENCH	ITALIAN	LingPy SCA	1.0000	1.0000	1.0000	1.0000	ok
NorthEuralex Italic	OPEN_(STATE)_2695	ITALIAN	PORTUGUESE	LingPy SCA	1.0000	1.0000	1.0000	1.0000	ok
NorthEuralex Italic	LENGTH_2252	CATALAN	ITALIAN	LingPy SCA	1.0000	1.0000	1.0000	1.0000	ok
NorthEuralex Italic	GRIEF_1752	FRENCH	SPANISH	LingPy SCA	1.0000	1.0000	1.0000	1.0000	ok
NorthEuralex Italic	OF_THIS_KIND_(SUCH)_3433	FRENCH	PORTUGUESE	LingPy SCA	1.0000	1.0000	1.0000	1.0000	ok
NorthEuralex Italic	IRON_2079	CATALAN	LATIN	LingPy SCA	1.0000	1.0000	1.0000	1.0000	ok
NorthEuralex Italic	LINE_2306	FRENCH	ROMANIAN	LingPy SCA	1.0000	1.0000	1.0000	1.0000	ok
NorthEuralex Italic	SHOW_3298	LATIN	SPANISH	LingPy SCA	1.0000	1.0000	1.0000	1.0000	ok
NorthEuralex Italic	DOOR_1149	FRENCH	ITALIAN	LingPy SCA	1.0000	1.0000	1.0000	1.0000	ok
NorthEuralex Italic	NEST_2566	CATALAN	SPANISH	LingPy SCA	1.0000	1.0000	1.0000	1.0000	ok
NorthEuralex Italic	THICK_3904	LATIN	SPANISH	LingPy SCA	1.0000	1.0000	1.0000	1.0000	ok
NorthEuralex Italic	ONLY_2685	ITALIAN	LATIN	LingPy SCA	1.0000	1.0000	1.0000	1.0000	ok
NorthEuralex Italic	CHAT_(WITH_SOMEBODY)_726	ITALIAN	ROMANIAN	LingPy SCA	1.0000	1.0000	1.0000	1.0000	ok
NorthEuralex Italic	APRIL_1	ITALIAN	SPANISH	LingPy SCA	1.0000	1.0000	1.0000	1.0000	ok
NorthEuralex Italic	THINK_(REFLECT)_3924	FRENCH	PORTUGUESE	LingPy SCA	1.0000	1.0000	1.0000	1.0000	ok
NorthEuralex Italic	COW_946	FRENCH	PORTUGUESE	LingPy SCA	1.0000	1.0000	1.0000	1.0000	ok
NorthEuralex Italic	CHEST_569	ITALIAN	LATIN	LingPy SCA	1.0000	1.0000	1.0000	1.0000	ok
NorthEuralex Italic	HARD_1842	FRENCH	LATIN	LingPy SCA	1.0000	1.0000	1.0000	1.0000	ok
NorthEuralex Italic	WIFE_4329	PORTUGUESE	SPANISH	LingPy SCA	1.0000	1.0000	1.0000	1.0000	ok
NorthEuralex Italic	DRAW_MILK_2428	PORTUGUESE	SPANISH	LingPy SCA	1.0000	1.0000	1.0000	1.0000	ok
NorthEuralex Italic	PROMISE_2913	LATIN	PORTUGUESE	LingPy SCA	1.0000	1.0000	1.0000	1.0000	ok
NorthEuralex Italic	CEASE_1298	CATALAN	SPANISH	LingPy SCA	1.0000	1.0000	1.0000	1.0000	ok
NorthEuralex Italic	JUNE_29	ITALIAN	SPANISH	LingPy SCA	1.0000	1.0000	1.0000	1.0000	ok
NorthEuralex Italic	RUN_3119	ITALIAN	LATIN	LingPy SCA	1.0000	1.0000	1.0000	1.0000	ok
NorthEuralex Italic	MISPLACE_2355	FRENCH	ROMANIAN	LingPy SCA					skipped
NorthEuralex Italic	FATHER_1395	LATIN	PORTUGUESE	LingPy SCA	1.0000	1.0000	1.0000	1.0000	ok
NorthEuralex Italic	STRING_3681	PORTUGUESE	SPANISH	LingPy SCA	1.0000	1.0000	1.0000	1.0000	ok
NorthEuralex Italic	NEW_2577	ITALIAN	ROMANIAN	LingPy SCA	1.0000	1.0000	1.0000	1.0000	ok
NorthEuralex Italic	ANT_171	ITALIAN	ROMANIAN	LingPy SCA	1.0000	1.0000	1.0000	1.0000	ok
NorthEuralex Italic	NEEDLE_(FOR_SEWING)_2563	CATALAN	PORTUGUESE	LingPy SCA	1.0000	1.0000	1.0000	1.0000	ok
NorthEuralex Italic	CROW_961	FRENCH	ITALIAN	LingPy SCA	1.0000	1.0000	1.0000	1.0000	ok
NorthEuralex Italic	DRINK_1173	PORTUGUESE	SPANISH	LingPy SCA	1.0000	1.0000	1.0000	1.0000	ok
NorthEuralex Italic	DECEMBER_5	FRENCH	SPANISH	LingPy SCA	1.0000	1.0000	1.0000	1.0000	ok
NorthEuralex Italic	DAMAGE_(INJURY)_981	CATALAN	ITALIAN	LingPy SCA	1.0000	1.0000	1.0000	1.0000	ok
NorthEuralex Italic	FAMILIAR_1372	PORTUGUESE	SPANISH	LingPy SCA	1.0000	1.0000	1.0000	1.0000	ok
NorthEuralex Italic	MARCH_33	CATALAN	FRENCH	LingPy SCA	1.0000	1.0000	1.0000	1.0000	ok
NorthEuralex Italic	MESSAGE_2419	CATALAN	SPANISH	LingPy SCA	1.0000	1.0000	1.0000	1.0000	ok
NorthEuralex Italic	HAND_1805	ROMANIAN	SPANISH	LingPy SCA	1.0000	1.0000	1.0000	1.0000	ok
NorthEuralex Italic	PRECIOUS_2887	CATALAN	ROMANIAN	LingPy SCA	0.7500	0.7500	0.7500	0.7500	ok
NorthEuralex Italic	GREY_1748	CATALAN	ITALIAN	LingPy SCA	1.0000	1.0000	1.0000	1.0000	ok
NorthEuralex Italic	LIFT_2281	ITALIAN	LATIN	LingPy SCA	1.0000	1.0000	1.0000	1.0000	ok
NorthEuralex Italic	WHY_4321	CATALAN	SPANISH	LingPy SCA	1.0000	1.0000	1.0000	1.0000	ok
NorthEuralex Italic	VEIN_4149	ROMANIAN	SPANISH	LingPy SCA	1.0000	1.0000	1.0000	1.0000	ok
NorthEuralex Italic	LADDER_2166	LATIN	ROMANIAN	LingPy SCA					skipped
NorthEuralex Italic	BREAK_(DESTROY_OR_GET_DESTROYED)_562	LATIN	PORTUGUESE	LingPy SCA	1.0000	1.0000	1.0000	1.0000	ok
NorthEuralex Italic	CONVEY_(A_MESSAGE)_902	ITALIAN	PORTUGUESE	LingPy SCA	1.0000	1.0000	1.0000	1.0000	ok
NorthEuralex Italic	MEANING_2390	PORTUGUESE	SPANISH	LingPy SCA	1.0000	1.0000	1.0000	1.0000	ok
NorthEuralex Italic	BOSS_513	PORTUGUESE	SPANISH	LingPy SCA	1.0000	1.0000	1.0000	1.0000	ok
NorthEuralex Italic	ALONE_133	ITALIAN	PORTUGUESE	LingPy SCA					skipped
NorthEuralex Italic	PIG_2798	CATALAN	PORTUGUESE	LingPy SCA	1.0000	1.0000	1.0000	1.0000	ok
NorthEuralex Italic	DOOR_1149	CATALAN	SPANISH	LingPy SCA	1.0000	1.0000	1.0000	1.0000	ok
NorthEuralex Italic	LID_(COVER,_CAP)_943	CATALAN	PORTUGUESE	LingPy SCA	1.0000	1.0000	1.0000	1.0000	ok
NorthEuralex Italic	FEEL_(TACTUALLY)_1411	FRENCH	SPANISH	LingPy SCA	1.0000	1.0000	1.0000	1.0000	ok
NorthEuralex Italic	SUN_3735	ITALIAN	SPANISH	LingPy SCA	1.0000	1.0000	1.0000	1.0000	ok
NorthEuralex Italic	STATE_(POLITICS)_3600	CATALAN	PORTUGUESE	LingPy SCA	1.0000	1.0000	1.0000	1.0000	ok
NorthEuralex Italic	APRIL_1	ROMANIAN	SPANISH	LingPy SCA	1.0000	1.0000	1.0000	1.0000	ok
NorthEuralex Italic	CHIN_769	CATALAN	ITALIAN	LingPy SCA	1.0000	1.0000	1.0000	1.0000	ok
NorthEuralex Italic	ENEMY_1312	CATALAN	LATIN	LingPy SCA	1.0000	1.0000	1.0000	1.0000	ok
NorthEuralex Italic	BLOW_(WITH_MOUTH)_458	ITALIAN	ROMANIAN	LingPy SCA					skipped
NorthEuralex Italic	RUN_3119	CATALAN	SPANISH	LingPy SCA	1.0000	1.0000	1.0000	1.0000	ok
NorthEuralex Italic	END_(OF_SPACE)_1301	ITALIAN	SPANISH	LingPy SCA	1.0000	1.0000	1.0000	1.0000	ok
NorthEuralex Italic	STINGY_3639	FRENCH	ITALIAN	LingPy SCA	1.0000	1.0000	1.0000	1.0000	ok
NorthEuralex Italic	DISH_1108	CATALAN	ROMANIAN	LingPy SCA	1.0000	1.0000	1.0000	1.0000	ok
NorthEuralex Italic	BOOK_495	CATALAN	SPANISH	LingPy SCA	1.0000	1.0000	1.0000	1.0000	ok
NorthEuralex Italic	NOTICE_(SOMETHING)_2629	ITALIAN	PORTUGUESE	LingPy SCA	1.0000	1.0000	1.0000	1.0000	ok
NorthEuralex Italic	RIVER_3059	PORTUGUESE	ROMANIAN	LingPy SCA	1.0000	1.0000	1.0000	1.0000	ok
NorthEuralex Italic	BOIL_(SOMETHING)_486	CATALAN	SPANISH	LingPy SCA	1.0000	1.0000	1.0000	1.0000	ok
NorthEuralex Italic	REPAIR_2998	FRENCH	PORTUGUESE	LingPy SCA	1.0000	1.0000	1.0000	1.0000	ok
NorthEuralex Italic	HANDLE_1812	CATALAN	ITALIAN	LingPy SCA	1.0000	1.0000	1.0000	1.0000	ok
NorthEuralex Italic	KNOT_2163	LATIN	SPANISH	LingPy SCA	1.0000	1.0000	1.0000	1.0000	ok
NorthEuralex Italic	CROSS_960	ITALIAN	PORTUGUESE	LingPy SCA	1.0000	1.0000	1.0000	1.0000	ok
NorthEuralex Italic	REASON_2967	CATALAN	ITALIAN	LingPy SCA	0.6667	0.6667	0.6667	0.6667	ok
NorthEuralex Italic	FALL_ASLEEP_1361	FRENCH	ITALIAN	LingPy SCA	0.8462	0.8462	0.8462	0.8462	ok
NorthEuralex Italic	INCREASE_2062	PORTUGUESE	SPANISH	LingPy SCA	1.0000	1.0000	1.0000	1.0000	ok
NorthEuralex Italic	FEVER_1421	FRENCH	LATIN	LingPy SCA	1.0000	1.0000	1.0000	1.0000	ok
NorthEuralex Italic	FOAM_1508	CATALAN	ITALIAN	LingPy SCA	1.0000	1.0000	1.0000	1.0000	ok
NorthEuralex Italic	SMOOTH_3420	ROMANIAN	SPANISH	LingPy SCA	1.0000	1.0000	1.0000	1.0000	ok
NorthEuralex Italic	BELLY_384	LATIN	SPANISH	LingPy SCA	1.0000	1.0000	1.0000	1.0000	ok
NorthEuralex Italic	FOOTPRINT_4047	CATALAN	FRENCH	LingPy SCA	1.0000	1.0000	1.0000	1.0000	ok
NorthEuralex Italic	PICK_2778	PORTUGUESE	ROMANIAN	LingPy SCA	1.0000	1.0000	1.0000	1.0000	ok
NorthEuralex Italic	SMOOTH_3420	CATALAN	SPANISH	LingPy SCA	1.0000	1.0000	1.0000	1.0000	ok
NorthEuralex Italic	KNIFE_2146	ITALIAN	SPANISH	LingPy SCA	1.0000	1.0000	1.0000	1.0000	ok
NorthEuralex Italic	FAULT_1398	ITALIAN	PORTUGUESE	LingPy SCA	1.0000	1.0000	1.0000	1.0000	ok
NorthEuralex Italic	DAMP_993	CATALAN	PORTUGUESE	LingPy SCA	1.0000	1.0000	1.0000	1.0000	ok
NorthEuralex Italic	SEPTEMBER_49	FRENCH	ROMANIAN	LingPy SCA	1.0000	1.0000	1.0000	1.0000	ok
NorthEuralex Italic	BODY_484	FRENCH	ROMANIAN	LingPy SCA	1.0000	1.0000	1.0000	1.0000	ok
NorthEuralex Italic	TIME_3983	ITALIAN	LATIN	LingPy SCA	1.0000	1.0000	1.0000	1.0000	ok
NorthEuralex Italic	HIGH_78	ITALIAN	LATIN	LingPy SCA	1.0000	1.0000	1.0000	1.0000	ok
NorthEuralex Italic	GRAIN_1716	LATIN	SPANISH	LingPy SCA	1.0000	1.0000	1.0000	1.0000	ok
NorthEuralex Italic	THIRTY_3930	FRENCH	PORTUGUESE	LingPy SCA	1.0000	1.0000	1.0000	1.0000	ok
NorthEuralex Italic	PROTECT_2916	FRENCH	ROMANIAN	LingPy SCA	1.0000	1.0000	1.0000	1.0000	ok
NorthEuralex Italic	NINE_2600	FRENCH	SPANISH	LingPy SCA	1.0000	1.0000	1.0000	1.0000	ok
NorthEuralex Italic	HORSE_1988	FRENCH	SPANISH	LingPy SCA	1.0000	1.0000	1.0000	1.0000	ok
NorthEuralex Italic	HILL_1931	LATIN	PORTUGUESE	LingPy SCA	1.0000	1.0000	1.0000	1.0000	ok
NorthEuralex Italic	BELIEVE_383	FRENCH	SPANISH	LingPy SCA	1.0000	1.0000	1.0000	1.0000	ok
NorthEuralex Italic	GATHER_1613	ITALIAN	SPANISH	LingPy SCA	0.7692	0.7692	0.7692	0.7692	ok
NorthEuralex Italic	SILVER_3324	CATALAN	PORTUGUESE	LingPy SCA	1.0000	1.0000	1.0000	1.0000	ok
NorthEuralex Italic	PAW_2747	PORTUGUESE	SPANISH	LingPy SCA	1.0000	1.0000	1.0000	1.0000	ok
NorthEuralex Italic	MEDICINE_2399	FRENCH	LATIN	LingPy SCA	1.0000	1.0000	1.0000	1.0000	ok
NorthEuralex Italic	CEASE_1298	ROMANIAN	SPANISH	LingPy SCA					skipped
NorthEuralex Italic	MEET_2403	ITALIAN	PORTUGUESE	LingPy SCA	1.0000	1.0000	1.0000	1.0000	ok
NorthEuralex Italic	RAIN_(RAINING)_2943	CATALAN	FRENCH	LingPy SCA	1.0000	1.0000	1.0000	1.0000	ok
NorthEuralex Italic	WIN_4341	ITALIAN	SPANISH	LingPy SCA	1.0000	1.0000	1.0000	1.0000	ok
NorthEuralex Italic	SING_3331	ROMANIAN	SPANISH	LingPy SCA					skipped
NorthEuralex Italic	PHYSICIAN_1134	LATIN	SPANISH	LingPy SCA	1.0000	1.0000	1.0000	1.0000	ok
NorthEuralex Italic	BETWEEN_419	LATIN	SPANISH	LingPy SCA	1.0000	1.0000	1.0000	1.0000	ok
NorthEuralex Italic	DECEMBER_5	FRENCH	PORTUGUESE	LingPy SCA	1.0000	1.0000	1.0000	1.0000	ok
NorthEuralex Italic	LETTER_2259	CATALAN	SPANISH	LingPy SCA	1.0000	1.0000	1.0000	1.0000	ok
NorthEuralex Italic	FOOD_1517	CATALAN	PORTUGUESE	LingPy SCA					skipped
NorthEuralex Italic	LINE_2306	FRENCH	LATIN	LingPy SCA	1.0000	1.0000	1.0000	1.0000	ok
NorthEuralex Italic	BOAT_480	CATALAN	ITALIAN	LingPy SCA	1.0000	1.0000	1.0000	1.0000	ok
NorthEuralex Italic	DAMP_993	FRENCH	PORTUGUESE	LingPy SCA	1.0000	1.0000	1.0000	1.0000	ok
NorthEuralex Italic	STORY_3659	LATIN	SPANISH	LingPy SCA	0.7778	0.7778	0.7778	0.7778	ok
NorthEuralex Italic	PRESERVE_2890	PORTUGUESE	SPANISH	LingPy SCA	1.0000	1.0000	1.0000	1.0000	ok
NorthEuralex Italic	ODOR_(SMELL)_2643	ITALIAN	PORTUGUESE	LingPy SCA	1.0000	1.0000	1.0000	1.0000	ok
NorthEuralex Italic	STRENGTH_3678	CATALAN	ROMANIAN	LingPy SCA	1.0000	1.0000	1.0000	1.0000	ok
NorthEuralex Italic	WOOD_4375	ITALIAN	LATIN	LingPy SCA	1.0000	1.0000	1.0000	1.0000	ok
NorthEuralex Italic	DECEMBER_5	ITALIAN	ROMANIAN	LingPy SCA	1.0000	1.0000	1.0000	1.0000	ok
NorthEuralex Italic	SEVEN_3210	PORTUGUESE	SPANISH	LingPy SCA	1.0000	1.0000	1.0000	1.0000	ok
NorthEuralex Italic	GAME_1605	CATALAN	PORTUGUESE	LingPy SCA	1.0000	1.0000	1.0000	1.0000	ok
NorthEuralex Italic	LAUGHTER_2198	LATIN	SPANISH	LingPy SCA	1.0000	1.0000	1.0000	1.0000	ok
NorthEuralex Italic	BOTHER_(HARASS)_517	CATALAN	ROMANIAN	LingPy SCA	1.0000	1.0000	1.0000	1.0000	ok
NorthEuralex Italic	STRENGTH_3677	ITALIAN	PORTUGUESE	LingPy SCA	0.7500	0.7500	0.7500	0.7500	ok
NorthEuralex Italic	AIR_129	FRENCH	LATIN	LingPy SCA	1.0000	1.0000	1.0000	1.0000	ok
NorthEuralex Italic	GOLD_1700	LATIN	SPANISH	LingPy SCA	0.5000	0.5000	0.5000	0.5000	ok
NorthEuralex Italic	RIPE_3042	LATIN	PORTUGUESE	LingPy SCA	1.0000	1.0000	1.0000	1.0000	ok
NorthEuralex Italic	STIR_3643	LATIN	PORTUGUESE	LingPy SCA	1.0000	1.0000	1.0000	1.0000	ok
NorthEuralex Italic	CHANGE_(BECOME_DIFFERENT)_719	ITALIAN	SPANISH	LingPy SCA	0.7500	0.7500	0.7500	0.7500	ok
NorthEuralex Italic	PERCH_(FISH)_2774	LATIN	SPANISH	LingPy SCA	1.0000	1.0000	1.0000	1.0000	ok
NorthEuralex Italic	ODOR_(SMELL)_2643	PORTUGUESE	SPANISH	LingPy SCA	1.0000	1.0000	1.0000	1.0000	ok
NorthEuralex Italic	DIFFERENT_1072	FRENCH	PORTUGUESE	LingPy SCA	0.7500	0.7500	0.7500	0.7500	ok
NorthEuralex Italic	NEST_2566	ITALIAN	LATIN	LingPy SCA	1.0000	1.0000	1.0000	1.0000	ok
NorthEuralex Italic	WIND_4345	CATALAN	SPANISH	LingPy SCA	1.0000	1.0000	1.0000	1.0000	ok
NorthEuralex Italic	NOVEMBER_42	CATALAN	ITALIAN	LingPy SCA	1.0000	1.0000	1.0000	1.0000	ok
NorthEuralex Italic	SLEEVE_3386	ITALIAN	LATIN	LingPy SCA	1.0000	1.0000	1.0000	1.0000	ok
NorthEuralex Italic	PASS_2730	PORTUGUESE	SPANISH	LingPy SCA	1.0000	1.0000	1.0000	1.0000	ok
NorthEuralex Italic	SIXTY_3355	ITALIAN	SPANISH	LingPy SCA	1.0000	1.0000	1.0000	1.0000	ok
NorthEuralex Italic	NAKED_2523	FRENCH	ITALIAN	LingPy SCA	1.0000	1.0000	1.0000	1.0000	ok
NorthEuralex Italic	DISEASE_2042	PORTUGUESE	SPANISH	LingPy SCA	1.0000	1.0000	1.0000	1.0000	ok
NorthEuralex Italic	GATE_1612	ITALIAN	LATIN	LingPy SCA	1.0000	1.0000	1.0000	1.0000	ok
NorthEuralex Italic	SOUTH_3499	FRENCH	ITALIAN	LingPy SCA	1.0000	1.0000	1.0000	1.0000	ok
NorthEuralex Italic	SEE_3161	FRENCH	LATIN	LingPy SCA	0.7143	0.7143	0.7143	0.7143	ok
NorthEuralex Italic	FLOWER_1502	CATALAN	PORTUGUESE	LingPy SCA	1.0000	1.0000	1.0000	1.0000	ok
NorthEuralex Italic	NET_2568	LATIN	SPANISH	LingPy SCA	1.0000	1.0000	1.0000	1.0000	ok
NorthEuralex Italic	SLEEP_(STATE)_3384	CATALAN	ROMANIAN	LingPy SCA	1.0000	1.0000	1.0000	1.0000	ok
NorthEuralex Italic	ACHE_87	ITALIAN	SPANISH	LingPy SCA	1.0000	1.0000	1.0000	1.0000	ok
NorthEuralex Italic	NIGHT_2598	PORTUGUESE	SPANISH	LingPy SCA	1.0000	1.0000	1.0000	1.0000	ok
NorthEuralex Italic	MONEY_2459	CATALAN	SPANISH	LingPy SCA	0.7143	0.7143	0.7143	0.7143	ok
NorthEuralex Italic	HANDLE_1812	ITALIAN	SPANISH	LingPy SCA	1.0000	1.0000	1.0000	1.0000	ok
NorthEuralex Italic	STINGY_3639	FRENCH	PORTUGUESE	LingPy SCA	1.0000	1.0000	1.0000	1.0000	ok
NorthEuralex Italic	PAIN_2716	ITALIAN	LATIN	LingPy SCA	1.0000	1.0000	1.0000	1.0000	ok
NorthEuralex Italic	THREE_3957	FRENCH	PORTUGUESE	LingPy SCA	1.0000	1.0000	1.0000	1.0000	ok
NorthEuralex Italic	SUN_3735	ITALIAN	PORTUGUESE	LingPy SCA	1.0000	1.0000	1.0000	1.0000	ok
NorthEuralex Italic	SUPPORT_(OF_OBJECT)_3738	CATALAN	PORTUGUESE	LingPy SCA	1.0000	1.0000	1.0000	1.0000	ok
NorthEuralex Italic	HARD_1842	LATIN	ROMANIAN	LingPy SCA	1.0000	1.0000	1.0000	1.0000	ok
NorthEuralex Italic	WOMAN_4370	LATIN	SPANISH	LingPy SCA	1.0000	1.0000	1.0000	1.0000	ok
NorthEuralex Italic	TONGUE_4024	CATALAN	PORTUGUESE	LingPy SCA	1.0000	1.0000	1.0000	1.0000	ok
NorthEuralex Italic	FIR_1457	CATALAN	PORTUGUESE	LingPy SCA	1.0000	1.0000	1.0000	1.0000	ok
NorthEuralex Italic	COLD_862	CATALAN	ITALIAN	LingPy SCA	1.0000	1.0000	1.0000	1.0000	ok
NorthEuralex Italic	MILK_2426	FRENCH	SPANISH	LingPy SCA	1.0000	1.0000	1.0000	1.0000	ok
NorthEuralex Italic	WOUND_4402	CATALAN	PORTUGUESE	LingPy SCA	1.0000	1.0000	1.0000	1.0000	ok
NorthEuralex Italic	PINE_2813	FRENCH	LATIN	LingPy SCA	1.0000	1.0000	1.0000	1.0000	ok
NorthEuralex Italic	COOK_(SOMETHING)_905	FRENCH	SPANISH	LingPy SCA	1.0000	1.0000	1.0000	1.0000	ok
NorthEuralex Italic	IDOL_1427	FRENCH	SPANISH	LingPy SCA	1.0000	1.0000	1.0000	1.0000	ok
NorthEuralex Italic	NOVEMBER_42	PORTUGUESE	SPANISH	LingPy SCA	1.0000	1.0000	1.0000	1.0000	ok
NorthEuralex Italic	HONEY_1977	CATALAN	SPANISH	LingPy SCA	1.0000	1.0000	1.0000	1.0000	ok
NorthEuralex Italic	GRAIN_1716	FRENCH	SPANISH	LingPy SCA	1.0000	1.0000	1.0000	1.0000	ok
NorthEuralex Italic	END_(OF_SPACE)_1299	CATALAN	SPANISH	LingPy SCA	1.0000	1.0000	1.0000	1.0000	ok
NorthEuralex Italic	BELLY_384	FRENCH	PORTUGUESE	LingPy SCA	1.0000	1.0000	1.0000	1.0000	ok
NorthEuralex Italic	BOW_521	LATIN	PORTUGUESE	LingPy SCA	1.0000	1.0000	1.0000	1.0000	ok
NorthEuralex Italic	KEEP_2109	FRENCH	LATIN	LingPy SCA	0.7778	0.7778	0.7778	0.7778	ok
NorthEuralex Italic	TOUCH_4029	ITALIAN	LATIN	LingPy SCA	1.0000	1.0000	1.0000	1.0000	ok
NorthEuralex Italic	CHEAP_733	CATALAN	PORTUGUESE	LingPy SCA	1.0000	1.0000	1.0000	1.0000	ok
NorthEuralex Italic	TENDON_3329	PORTUGUESE	SPANISH	LingPy SCA	1.0000	1.0000	1.0000	1.0000	ok
NorthEuralex Italic	SOLID_1463	CATALAN	FRENCH	LingPy SCA	1.0000	1.0000	1.0000	1.0000	ok
NorthEuralex Italic	GET_2973	ITALIAN	SPANISH	LingPy SCA	1.0000	1.0000	1.0000	1.0000	ok
NorthEuralex Italic	SEVENTY_3211	PORTUGUESE	SPANISH	LingPy SCA	1.0000	1.0000	1.0000	1.0000	ok
NorthEuralex Italic	WARM_4216	CATALAN	LATIN	LingPy SCA	1.0000	1.0000	1.0000	1.0000	ok
NorthEuralex Italic	SING_3331	PORTUGUESE	SPANISH	LingPy SCA	1.0000	1.0000	1.0000	1.0000	ok
NorthEuralex Italic	JUMP_2107	PORTUGUESE	SPANISH	LingPy SCA	1.0000	1.0000	1.0000	1.0000	ok
NorthEuralex Italic	END_(OF_SPACE)_1299	ITALIAN	ROMANIAN	LingPy SCA	1.0000	1.0000	1.0000	1.0000	ok
NorthEuralex Italic	AMOUNT_149	ITALIAN	ROMANIAN	LingPy SCA	1.0000	1.0000	1.0000	1.0000	ok
NorthEuralex Italic	CURRENT_(STREAM)_969	PORTUGUESE	ROMANIAN	LingPy SCA	1.0000	1.0000	1.0000	1.0000	ok
NorthEuralex Italic	SPIRIT_3545	ITALIAN	PORTUGUESE	LingPy SCA	1.0000	1.0000	1.0000	1.0000	ok
NorthEuralex Italic	HEIGHT_1898	CATALAN	ITALIAN	LingPy SCA	1.0000	1.0000	1.0000	1.0000	ok
NorthEuralex Italic	FLY_(INSECT)_1504	ITALIAN	ROMANIAN	LingPy SCA	1.0000	1.0000	1.0000	1.0000	ok
NorthEuralex Italic	YOU_4433	LATIN	ROMANIAN	LingPy SCA					skipped
NorthEuralex Italic	THREE_3957	CATALAN	ITALIAN	LingPy SCA	1.0000	1.0000	1.0000	1.0000	ok
NorthEuralex Italic	BREAK_(CLEAVE)_563	PORTUGUESE	SPANISH	LingPy SCA	1.0000	1.0000	1.0000	1.0000	ok
NorthEuralex Italic	KNOT_2163	ITALIAN	LATIN	LingPy SCA	1.0000	1.0000	1.0000	1.0000	ok
NorthEuralex Italic	DESTROY_1069	ROMANIAN	SPANISH	LingPy SCA					skipped
NorthEuralex Italic	THEY_3900	CATALAN	FRENCH	LingPy SCA	1.0000	1.0000	1.0000	1.0000	ok
NorthEuralex Italic	DRESS_UP_1629	CATALAN	SPANISH	LingPy SCA	1.0000	1.0000	1.0000	1.0000	ok
NorthEuralex Italic	THREE_3957	CATALAN	LATIN	LingPy SCA	1.0000	1.0000	1.0000	1.0000	ok
NorthEuralex Italic	OPEN_2694	ITALIAN	PORTUGUESE	LingPy SCA	1.0000	1.0000	1.0000	1.0000	ok
NorthEuralex Italic	SWAMP_3752	PORTUGUESE	SPANISH	LingPy SCA	1.0000	1.0000	1.0000	1.0000	ok
NorthEuralex Italic	WHITE_4313	PORTUGUESE	SPANISH	LingPy SCA	1.0000	1.0000	1.0000	1.0000	ok
NorthEuralex Italic	SPRINGTIME_3565	PORTUGUESE	ROMANIAN	LingPy SCA	1.0000	1.0000	1.0000	1.0000	ok
NorthEuralex Italic	SWINDLE_738	ITALIAN	LATIN	LingPy SCA	1.0000	1.0000	1.0000	1.0000	ok
NorthEuralex Italic	FAULT_1398	ITALIAN	LATIN	LingPy SCA	1.0000	1.0000	1.0000	1.0000	ok
NorthEuralex Italic	TOUCH_4029	CATALAN	LATIN	LingPy SCA	0.7143	0.7143	0.7143	0.7143	ok
NorthEuralex Italic	TASTE_1477	FRENCH	ITALIAN	LingPy SCA	1.0000	1.0000	1.0000	1.0000	ok
NorthEuralex Italic	LEAF_2217	ITALIAN	PORTUGUESE	LingPy SCA	1.0000	1.0000	1.0000	1.0000	ok
NorthEuralex Italic	KING_2131	FRENCH	SPANISH	LingPy SCA	1.0000	1.0000	1.0000	1.0000	ok
NorthEuralex Italic	MEASURE_2395	LATIN	PORTUGUESE	LingPy SCA	1.0000	1.0000	1.0000	1.0000	ok
NorthEuralex Italic	TWO_4115	CATALAN	ROMANIAN	LingPy SCA					skipped
NorthEuralex Italic	IRON_2079	ITALIAN	LATIN	LingPy SCA	1.0000	1.0000	1.0000	1.0000	ok
NorthEuralex Italic	MASTER_2373	LATIN	ROMANIAN	LingPy SCA	1.0000	1.0000	1.0000	1.0000	ok
NorthEuralex Italic	STUPID_3698	CATALAN	PORTUGUESE	LingPy SCA	1.0000	1.0000	1.0000	1.0000	ok
NorthEuralex Italic	CLAY_801	ITALIAN	PORTUGUESE	LingPy SCA	1.0000	1.0000	1.0000	1.0000	ok
NorthEuralex Italic	MISTAKE_2454	FRENCH	ITALIAN	LingPy SCA	1.0000	1.0000	1.0000	1.0000	ok
NorthEuralex Italic	IDOL_1427	CATALAN	ITALIAN	LingPy SCA	1.0000	1.0000	1.0000	1.0000	ok
NorthEuralex Italic	MAKE_2366	LATIN	PORTUGUESE	LingPy SCA	1.0000	1.0000	1.0000	1.0000	ok
NorthEuralex Italic	PINE_2813	PORTUGUESE	ROMANIAN	LingPy SCA	1.0000	1.0000	1.0000	1.0000	ok
NorthEuralex Italic	OWN_2714	PORTUGUESE	ROMANIAN	LingPy SCA	1.0000	1.0000	1.0000	1.0000	ok
NorthEuralex Italic	CLOUD_853	PORTUGUESE	SPANISH	LingPy SCA	1.0000	1.0000	1.0000	1.0000	ok
NorthEuralex Italic	DYE_1233	LATIN	SPANISH	LingPy SCA	1.0000	1.0000	1.0000	1.0000	ok
NorthEuralex Italic	EVENING_1321	FRENCH	ITALIAN	LingPy SCA	0.7143	0.7143	0.7143	0.7143	ok
NorthEuralex Italic	HUNDRED_68	CATALAN	ITALIAN	LingPy SCA	1.0000	1.0000	1.0000	1.0000	ok
NorthEuralex Italic	SEPTEMBER_49	LATIN	SPANISH	LingPy SCA	1.0000	1.0000	1.0000	1.0000	ok
NorthEuralex Italic	FACE_1348	CATALAN	PORTUGUESE	LingPy SCA	1.0000	1.0000	1.0000	1.0000	ok
NorthEuralex Italic	HARD_1842	ROMANIAN	SPANISH	LingPy SCA	1.0000	1.0000	1.0000	1.0000	ok
NorthEuralex Italic	CALCULATE_658	PORTUGUESE	ROMANIAN	LingPy SCA					skipped
NorthEuralex Italic	SOLID_1463	FRENCH	LATIN	LingPy SCA	1.0000	1.0000	1.0000	1.0000	ok
NorthEuralex Italic	SLEEP_3383	ITALIAN	ROMANIAN	LingPy SCA	1.0000	1.0000	1.0000	1.0000	ok
NorthEuralex Italic	PHYSICIAN_1134	ITALIAN	ROMANIAN	LingPy SCA	1.0000	1.0000	1.0000	1.0000	ok
NorthEuralex Italic	THROAT_3960	CATALAN	ITALIAN	LingPy SCA	1.0000	1.0000	1.0000	1.0000	ok
NorthEuralex Italic	SOLID_1464	CATALAN	PORTUGUESE	LingPy SCA	1.0000	1.0000	1.0000	1.0000	ok
NorthEuralex Italic	BUTTON_652	ITALIAN	SPANISH	LingPy SCA	1.0000	1.0000	1.0000	1.0000	ok
NorthEuralex Italic	GROUND_1759	PORTUGUESE	SPANISH	LingPy SCA	1.0000	1.0000	1.0000	1.0000	ok
NorthEuralex Italic	SOUR_3486	ROMANIAN	SPANISH	LingPy SCA	1.0000	1.0000	1.0000	1.0000	ok
NorthEuralex Italic	SHARPEN_(SOMETHING)_3230	FRENCH	SPANISH	LingPy SCA	1.0000	1.0000	1.0000	1.0000	ok
NorthEuralex Italic	BEARD_336	FRENCH	SPANISH	LingPy SCA	1.0000	1.0000	1.0000	1.0000	ok
NorthEuralex Italic	SELL_3193	FRENCH	LATIN	LingPy SCA	1.0000	1.0000	1.0000	1.0000	ok
NorthEuralex Italic	TREE_4061	FRENCH	LATIN	LingPy SCA	1.0000	1.0000	1.0000	1.0000	ok
NorthEuralex Italic	AND_151	CATALAN	SPANISH	LingPy SCA	1.0000	1.0000	1.0000	1.0000	ok
NorthEuralex Italic	RAW_2963	CATALAN	FRENCH	LingPy SCA	1.0000	1.0000	1.0000	1.0000	ok
NorthEuralex Italic	NAVEL_2548	ITALIAN	PORTUGUESE	LingPy SCA	1.0000	1.0000	1.0000	1.0000	ok
NorthEuralex Italic	SHEEP_3236	PORTUGUESE	SPANISH	LingPy SCA	1.0000	1.0000	1.0000	1.0000	ok
NorthEuralex Italic	SOUP_3480	CATALAN	PORTUGUESE	LingPy SCA	1.0000	1.0000	1.0000	1.0000	ok
NorthEuralex Italic	HERE_1922	CATALAN	SPANISH	LingPy SCA	1.0000	1.0000	1.0000	1.0000	ok
NorthEuralex Italic	VEIN_4149	LATIN	PORTUGUESE	LingPy SCA	1.0000	1.0000	1.0000	1.0000	ok
NorthEuralex Italic	HEIGHT_1898	ITALIAN	SPANISH	LingPy SCA	0.6250	0.6250	0.6250	0.6250	ok
NorthEuralex Italic	MARCH_33	FRENCH	ROMANIAN	LingPy SCA	1.0000	1.0000	1.0000	1.0000	ok
NorthEuralex Italic	STREAM_(FLOW_CONTINUOUSLY)_3673	CATALAN	FRENCH	LingPy SCA	0.5000	0.5000	0.5000	0.5000	ok
NorthEuralex Italic	BE_ALIVE_2315	LATIN	SPANISH	LingPy SCA	1.0000	1.0000	1.0000	1.0000	ok
NorthEuralex Italic	SHAKE_3219	CATALAN	ITALIAN	LingPy SCA	0.7143	0.7143	0.7143	0.7143	ok
NorthEuralex Italic	PIT_(POTHOLE)_2818	FRENCH	SPANISH	LingPy SCA	1.0000	1.0000	1.0000	1.0000	ok
NorthEuralex Italic	SKIN_3370	ROMANIAN	SPANISH	LingPy SCA	1.0000	1.0000	1.0000	1.0000	ok
NorthEuralex Italic	FINE_OR_THIN_1042	ROMANIAN	SPANISH	LingPy SCA	1.0000	1.0000	1.0000	1.0000	ok
NorthEuralex Italic	THROW_3967	FRENCH	SPANISH	LingPy SCA	1.0000	1.0000	1.0000	1.0000	ok
NorthEuralex Italic	DISH_1108	LATIN	ROMANIAN	LingPy SCA	1.0000	1.0000	1.0000	1.0000	ok
NorthEuralex Italic	DAY_(NOT_NIGHT)_1012	LATIN	SPANISH	malign (identity)	1.0000	1.0000	1.0000	1.0000	ok
NorthEuralex Italic	BELOW_OR_UNDER_4122	FRENCH	ROMANIAN	malign (identity)	1.0000	1.0000	1.0000	1.0000	ok
NorthEuralex Italic	MAY_(MONTH)_34	CATALAN	PORTUGUESE	malign (identity)					skipped
NorthEuralex Italic	KEEP_2109	FRENCH	PORTUGUESE	malign (identity)	1.0000	1.0000	1.0000	1.0000	ok
NorthEuralex Italic	HINDER_1937	CATALAN	PORTUGUESE	malign (identity)					skipped
NorthEuralex Italic	EARTH_(SOIL)_1242	FRENCH	SPANISH	malign (identity)	0.4000	0.4000	0.4000	0.4000	ok
NorthEuralex Italic	CROSS_960	FRENCH	LATIN	malign (identity)					skipped
NorthEuralex Italic	COMB_(VERB)_871	CATALAN	PORTUGUESE	malign (identity)	0.6250	0.6250	0.6250	0.6250	ok
NorthEuralex Italic	SPEAK_3529	PORTUGUESE	SPANISH	malign (identity)					skipped
NorthEuralex Italic	BIRCH_425	ITALIAN	LATIN	malign (identity)	1.0000	1.0000	1.0000	1.0000	ok
NorthEuralex Italic	BE_ALIVE_2321	ITALIAN	LATIN	malign (identity)	1.0000	1.0000	1.0000	1.0000	ok
NorthEuralex Italic	COOK_(SOMETHING)_905	LATIN	SPANISH	malign (identity)	0.5556	0.5556	0.5556	0.5556	ok
NorthEuralex Italic	HEEL_1894	ITALIAN	SPANISH	malign (identity)	1.0000	1.0000	1.0000	1.0000	ok
NorthEuralex Italic	HUNGER_2015	ITALIAN	LATIN	malign (identity)	1.0000	1.0000	1.0000	1.0000	ok
NorthEuralex Italic	WHY_4320	ITALIAN	PORTUGUESE	malign (identity)	1.0000	1.0000	1.0000	1.0000	ok
NorthEuralex Italic	BENEFIT_411	ROMANIAN	SPANISH	malign (identity)	1.0000	1.0000	1.0000	1.0000	ok
NorthEuralex Italic	GRAIN_1716	CATALAN	SPANISH	malign (identity)	1.0000	1.0000	1.0000	1.0000	ok
NorthEuralex Italic	SOUP_3480	ITALIAN	ROMANIAN	malign (identity)	1.0000	1.0000	1.0000	1.0000	ok
NorthEuralex Italic	HERD_(SOMETHING)_1916	PORTUGUESE	SPANISH	malign (identity)	1.0000	1.0000	1.0000	1.0000	ok
NorthEuralex Italic	TALK_3815	PORTUGUESE	SPANISH	malign (identity)					skipped
NorthEuralex Italic	MEAT_2396	LATIN	SPANISH	malign (identity)	0.6000	0.6000	0.6000	0.6000	ok
NorthEuralex Italic	ANIMAL_162	FRENCH	ROMANIAN	malign (identity)	1.0000	1.0000	1.0000	1.0000	ok
NorthEuralex Italic	FEATHER_1402	ITALIAN	LATIN	malign (identity)	1.0000	1.0000	1.0000	1.0000	ok
NorthEuralex Italic	SPEECH_3532	ITALIAN	SPANISH	malign (identity)	1.0000	1.0000	1.0000	1.0000	ok
NorthEuralex Italic	POUCH_2863	LATIN	ROMANIAN	malign (identity)	1.0000	1.0000	1.0000	1.0000	ok
NorthEuralex Italic	MEAT_2396	ITALIAN	PORTUGUESE	malign (identity)	1.0000	1.0000	1.0000	1.0000	ok
NorthEuralex Italic	FAMILIAR_1372	ROMANIAN	SPANISH	malign (identity)					skipped
NorthEuralex Italic	HAY_1851	LATIN	SPANISH	malign (identity)	0.6000	0.6000	0.6000	0.6000	ok
NorthEuralex Italic	PLACE_(POSITION)_2825	CATALAN	ROMANIAN	malign (identity)	1.0000	1.0000	1.0000	1.0000	ok
NorthEuralex Italic	CROSS_960	CATALAN	LATIN	malign (identity)	0.6000	0.6000	0.6000	0.6000	ok
NorthEuralex Italic	CONVEY_(A_MESSAGE)_902	PORTUGUESE	SPANISH	malign (identity)	1.0000	1.0000	1.0000	1.0000	ok
NorthEuralex Italic	SEE_3161	ROMANIAN	SPANISH	malign (identity)					skipped
NorthEuralex Italic	COUNTRY_931	FRENCH	PORTUGUESE	malign (identity)	1.0000	1.0000	1.0000	1.0000	ok
NorthEuralex Italic	RESCUE_3005	FRENCH	ITALIAN	malign (identity)	0.7143	0.7143	0.7143	0.7143	ok
NorthEuralex Italic	PREPARE_2888	CATALAN	ITALIAN	malign (identity)	0.4444	0.4444	0.4444	0.4444	ok
NorthEuralex Italic	LIGHT_(IGNITE)_2286	PORTUGUESE	SPANISH	malign (identity)	0.6250	0.6250	0.6250	0.6250	ok
NorthEuralex Italic	BORDER_502	ITALIAN	PORTUGUESE	malign (identity)	0.7000	0.7000	0.7000	0.7000	ok
NorthEuralex Italic	THIRD_3927	CATALAN	SPANISH	malign (identity)	0.7143	0.7143	0.7143	0.7143	ok
NorthEuralex Italic	DIFFERENT_1072	ITALIAN	ROMANIAN	malign (identity)	1.0000	1.0000	1.0000	1.0000	ok
NorthEuralex Italic	SEEM_3169	CATALAN	FRENCH	malign (identity)	1.0000	1.0000	1.0000	1.0000	ok
NorthEuralex Italic	CLEVER_814	ITALIAN	SPANISH	malign (identity)	1.0000	1.0000	1.0000	1.0000	ok
NorthEuralex Italic	MOVE_(AFFECT_EMOTIONALLY)_2495	CATALAN	LATIN	malign (identity)	0.6250	0.6250	0.6250	0.6250	ok
NorthEuralex Italic	RING_(MAKE_SOUND)_3028	FRENCH	ROMANIAN	malign (identity)	1.0000	1.0000	1.0000	1.0000	ok
NorthEuralex Italic	GATE_1612	PORTUGUESE	ROMANIAN	malign (identity)	1.0000	1.0000	1.0000	1.0000	ok
NorthEuralex Italic	CEASE_1302	CATALAN	SPANISH	malign (identity)	1.0000	1.0000	1.0000	1.0000	ok
NorthEuralex Italic	BOW_521	FRENCH	PORTUGUESE	malign (identity)	1.0000	1.0000	1.0000	1.0000	ok
NorthEuralex Italic	HORSE_1988	PORTUGUESE	SPANISH	malign (identity)	1.0000	1.0000	1.0000	1.0000	ok
NorthEuralex Italic	MORNING_2475	CATALAN	PORTUGUESE	malign (identity)	1.0000	1.0000	1.0000	1.0000	ok
NorthEuralex Italic	CLOTH_839	LATIN	SPANISH	malign (identity)					skipped
NorthEuralex Italic	HUNGER_2015	LATIN	PORTUGUESE	malign (identity)	1.0000	1.0000	1.0000	1.0000	ok
NorthEuralex Italic	CRADLE_948	FRENCH	PORTUGUESE	malign (identity)	1.0000	1.0000	1.0000	1.0000	ok
NorthEuralex Italic	SELL_3193	CATALAN	LATIN	malign (identity)	0.5714	0.5714	0.5714	0.5714	ok
NorthEuralex Italic	MEAT_2396	ITALIAN	SPANISH	malign (identity)	1.0000	1.0000	1.0000	1.0000	ok
NorthEuralex Italic	TEAR_(OF_EYE)_3842	PORTUGUESE	ROMANIAN	malign (identity)	1.0000	1.0000	1.0000	1.0000	ok
NorthEuralex Italic	RIVER_3060	FRENCH	ROMANIAN	malign (identity)	1.0000	1.0000	1.0000	1.0000	ok
NorthEuralex Italic	FEVER_1421	FRENCH	ROMANIAN	malign (identity)	0.3333	0.3333	0.3333	0.3333	ok
NorthEuralex Italic	SACK_3135	CATALAN	LATIN	malign (identity)	1.0000	1.0000	1.0000	1.0000	ok
NorthEuralex Italic	RECOGNIZE_(SOMEBODY)_2977	FRENCH	ROMANIAN	malign (identity)	0.8182	0.8182	0.8182	0.8182	ok
NorthEuralex Italic	HALF_1802	FRENCH	ITALIAN	malign (identity)	0.3333	0.3333	0.3333	0.3333	ok
NorthEuralex Italic	LIP_2307	ITALIAN	SPANISH	malign (identity)	1.0000	1.0000	1.0000	1.0000	ok
NorthEuralex Italic	CHARACTER_724	FRENCH	SPANISH	malign (identity)	1.0000	1.0000	1.0000	1.0000	ok
NorthEuralex Italic	FISH_1470	CATALAN	SPANISH	malign (identity)	1.0000	1.0000	1.0000	1.0000	ok
NorthEuralex Italic	KEEP_2109	FRENCH	ITALIAN	malign (identity)	0.4000	0.4000	0.4000	0.4000	ok
NorthEuralex Italic	FIFTY_1422	CATALAN	ITALIAN	malign (identity)	1.0000	1.0000	1.0000	1.0000	ok
NorthEuralex Italic	THOUSAND_76	ITALIAN	LATIN	malign (identity)	1.0000	1.0000	1.0000	1.0000	ok
NorthEuralex Italic	SEE_3161	ITALIAN	PORTUGUESE	malign (identity)	1.0000	1.0000	1.0000	1.0000	ok
NorthEuralex Italic	LOOK_FOR_2349	PORTUGUESE	SPANISH	malign (identity)	1.0000	1.0000	1.0000	1.0000	ok
NorthEuralex Italic	HEIGHT_1898	PORTUGUESE	SPANISH	malign (identity)	1.0000	1.0000	1.0000	1.0000	ok
NorthEuralex Italic	PARENTS_2724	PORTUGUESE	SPANISH	malign (identity)	0.6667	0.6667	0.6667	0.6667	ok
NorthEuralex Italic	BRING_585	FRENCH	ITALIAN	malign (identity)	1.0000	1.0000	1.0000	1.0000	ok
NorthEuralex Italic	HOWL_2006	ITALIAN	SPANISH	malign (identity)	1.0000	1.0000	1.0000	1.0000	ok
NorthEuralex Italic	BIRD_429	ROMANIAN	SPANISH	malign (identity)	1.0000	1.0000	1.0000	1.0000	ok
NorthEuralex Italic	ONE_TIME_2665	CATALAN	PORTUGUESE	malign (identity)	0.7778	0.7778	0.7778	0.7778	ok
NorthEuralex Italic	SIT_3342	CATALAN	LATIN	malign (identity)	0.5000	0.5000	0.5000	0.5000	ok
NorthEuralex Italic	LISTEN_2309	FRENCH	PORTUGUESE	malign (identity)	1.0000	1.0000	1.0000	1.0000	ok
NorthEuralex Italic	CAP_686	FRENCH	PORTUGUESE	malign (identity)	1.0000	1.0000	1.0000	1.0000	ok
NorthEuralex Italic	HANG_1820	FRENCH	PORTUGUESE	malign (identity)					skipped
NorthEuralex Italic	OLD_(AGED)_116	CATALAN	PORTUGUESE	malign (identity)	1.0000	1.0000	1.0000	1.0000	ok
NorthEuralex Italic	HARDLY_1843	ITALIAN	SPANISH	malign (identity)					skipped
NorthEuralex Italic	WEATHER_4259	CATALAN	SPANISH	malign (identity)					skipped
NorthEuralex Italic	SHOW_3298	FRENCH	SPANISH	malign (identity)	1.0000	1.0000	1.0000	1.0000	ok
NorthEuralex Italic	THIN_(SLIM)_3401	CATALAN	SPANISH	malign (identity)	1.0000	1.0000	1.0000	1.0000	ok
NorthEuralex Italic	EGG_1262	LATIN	PORTUGUESE	malign (identity)	1.0000	1.0000	1.0000	1.0000	ok
NorthEuralex Italic	LIGHT_(RADIATION)_2287	LATIN	SPANISH	malign (identity)	0.5000	0.5000	0.5000	0.5000	ok
NorthEuralex Italic	EARTH_(SOIL)_1242	ITALIAN	LATIN	malign (identity)	1.0000	1.0000	1.0000	1.0000	ok
NorthEuralex Italic	KILL_2125	PORTUGUESE	SPANISH	malign (identity)	1.0000	1.0000	1.0000	1.0000	ok
NorthEuralex Italic	LIE_(FALSEHOOD)_2267	ROMANIAN	SPANISH	malign (identity)	0.6250	0.6250	0.6250	0.6250	ok
NorthEuralex Italic	STEAL_3609	PORTUGUESE	ROMANIAN	malign (identity)	1.0000	1.0000	1.0000	1.0000	ok
NorthEuralex Italic	SING_3331	LATIN	PORTUGUESE	malign (identity)	1.0000	1.0000	1.0000	1.0000	ok
NorthEuralex Italic	RING_3027	CATALAN	PORTUGUESE	malign (identity)	1.0000	1.0000	1.0000	1.0000	ok
NorthEuralex Italic	HEIGHT_1898	ITALIAN	LATIN	malign (identity)	0.6250	0.6250	0.6250	0.6250	ok
NorthEuralex Italic	DYE_1233	LATIN	PORTUGUESE	malign (identity)	1.0000	1.0000	1.0000	1.0000	ok
NorthEuralex Italic	WIN_4341	LATIN	SPANISH	malign (identity)	1.0000	1.0000	1.0000	1.0000	ok
NorthEuralex Italic	WALK_4195	CATALAN	PORTUGUESE	malign (identity)	1.0000	1.0000	1.0000	1.0000	ok
NorthEuralex Italic	CONVERSATION_3813	CATALAN	SPANISH	malign (identity)	1.0000	1.0000	1.0000	1.0000	ok
NorthEuralex Italic	BOX_530	ITALIAN	SPANISH	malign (identity)	1.0000	1.0000	1.0000	1.0000	ok
NorthEuralex Italic	DARK_999	ITALIAN	SPANISH	malign (identity)	1.0000	1.0000	1.0000	1.0000	ok
NorthEuralex Italic	FACE_1348	CATALAN	SPANISH	malign (identity)	1.0000	1.0000	1.0000	1.0000	ok
NorthEuralex Italic	FEATHER_1403	CATALAN	FRENCH	malign (identity)	1.0000	1.0000	1.0000	1.0000	ok
NorthEuralex Italic	SPEECH_3532	CATALAN	ROMANIAN	malign (identity)	1.0000	1.0000	1.0000	1.0000	ok
NorthEuralex Italic	CALCULATE_658	FRENCH	ITALIAN	malign (identity)	1.0000	1.0000	1.0000	1.0000	ok
NorthEuralex Italic	SEVEN_3210	ITALIAN	PORTUGUESE	malign (identity)	1.0000	1.0000	1.0000	1.0000	ok
NorthEuralex Italic	SEPARATE_3198	CATALAN	ITALIAN	malign (identity)	1.0000	1.0000	1.0000	1.0000	ok
NorthEuralex Italic	THUNDER_(VERB)_3972	FRENCH	ITALIAN	malign (identity)	0.6667	0.6667	0.6667	0.6667	ok
NorthEuralex Italic	LAIR_2171	ITALIAN	LATIN	malign (identity)	1.0000	1.0000	1.0000	1.0000	ok
NorthEuralex Italic	ARRIVE_186	FRENCH	ITALIAN	malign (identity)	1.0000	1.0000	1.0000	1.0000	ok
NorthEuralex Italic	DECEIVE_1028	CATALAN	PORTUGUESE	malign (identity)	0.4286	0.4286	0.4286	0.4286	ok
NorthEuralex Italic	LIP_2307	FRENCH	SPANISH	malign (identity)	1.0000	1.0000	1.0000	1.0000	ok
NorthEuralex Italic	POUCH_2862	ITALIAN	PORTUGUESE	malign (identity)	0.6667	0.6667	0.6667	0.6667	ok
NorthEuralex Italic	DEAF_1015	CATALAN	FRENCH	malign (identity)	1.0000	1.0000	1.0000	1.0000	ok
NorthEuralex Italic	MOVE_(AFFECT_EMOTIONALLY)_2495	ITALIAN	SPANISH	malign (identity)					skipped
NorthEuralex Italic	STORY_3660	PORTUGUESE	SPANISH	malign (identity)	0.6667	0.6667	0.6667	0.6667	ok
NorthEuralex Italic	FAT_(OBESE)_1388	FRENCH	ITALIAN	malign (identity)	1.0000	1.0000	1.0000	1.0000	ok
NorthEuralex Italic	TEA_3827	CATALAN	SPANISH	malign (identity)	1.0000	1.0000	1.0000	1.0000	ok
NorthEuralex Italic	ALONE_133	FRENCH	ITALIAN	malign (identity)					skipped
NorthEuralex Italic	LIFE_2279	FRENCH	SPANISH	malign (identity)	1.0000	1.0000	1.0000	1.0000	ok
NorthEuralex Italic	WEEK_4264	FRENCH	ROMANIAN	malign (identity)	1.0000	1.0000	1.0000	1.0000	ok
NorthEuralex Italic	FOOD_1517	CATALAN	SPANISH	malign (identity)	1.0000	1.0000	1.0000	1.0000	ok
NorthEuralex Italic	WIND_4345	ITALIAN	SPANISH	malign (identity)	1.0000	1.0000	1.0000	1.0000	ok
NorthEuralex Italic	CURRENT_(STREAM)_969	ITALIAN	PORTUGUESE	malign (identity)	1.0000	1.0000	1.0000	1.0000	ok
NorthEuralex Italic	NAVEL_2548	CATALAN	PORTUGUESE	malign (identity)	0.6667	0.6667	0.6667	0.6667	ok
NorthEuralex Italic	GRAIN_1716	FRENCH	ITALIAN	malign (identity)	1.0000	1.0000	1.0000	1.0000	ok
NorthEuralex Italic	SAND_3140	ITALIAN	SPANISH	malign (identity)	1.0000	1.0000	1.0000	1.0000	ok
NorthEuralex Italic	FEEL_(TACTUALLY)_1411	FRENCH	PORTUGUESE	malign (identity)	1.0000	1.0000	1.0000	1.0000	ok
NorthEuralex Italic	ACHE_87	PORTUGUESE	SPANISH	malign (identity)					skipped
NorthEuralex Italic	PARENTS_2724	FRENCH	SPANISH	malign (identity)	0.5000	0.5000	0.5000	0.5000	ok
NorthEuralex Italic	VERY_4151	CATALAN	ITALIAN	malign (identity)	1.0000	1.0000	1.0000	1.0000	ok
NorthEuralex Italic	BEARD_336	FRENCH	ROMANIAN	malign (identity)	1.0000	1.0000	1.0000	1.0000	ok
NorthEuralex Italic	DEAF_1015	CATALAN	SPANISH	malign (identity)	1.0000	1.0000	1.0000	1.0000	ok
NorthEuralex Italic	RIPEN_3045	CATALAN	LATIN	malign (identity)	1.0000	1.0000	1.0000	1.0000	ok
NorthEuralex Italic	NOSE_2624	CATALAN	LATIN	malign (identity)	1.0000	1.0000	1.0000	1.0000	ok
NorthEuralex Italic	IRON_2079	LATIN	PORTUGUESE	malign (identity)	1.0000	1.0000	1.0000	1.0000	ok
NorthEuralex Italic	BUILD_618	ITALIAN	PORTUGUESE	malign (identity)					skipped
NorthEuralex Italic	ITEM_2082	CATALAN	SPANISH	malign (identity)	0.5714	0.5714	0.5714	0.5714	ok
NorthEuralex Italic	CLEVER_814	ITALIAN	PORTUGUESE	malign (identity)	1.0000	1.0000	1.0000	1.0000	ok
NorthEuralex Italic	COLLAR_864	CATALAN	FRENCH	malign (identity)	1.0000	1.0000	1.0000	1.0000	ok
NorthEuralex Italic	UNDERSTAND_4128	CATALAN	SPANISH	malign (identity)	1.0000	1.0000	1.0000	1.0000	ok
NorthEuralex Italic	CEASE_1298	ITALIAN	ROMANIAN	malign (identity)					skipped
NorthEuralex Italic	DILIGENT_1080	ITALIAN	SPANISH	malign (identity)	1.0000	1.0000	1.0000	1.0000	ok
NorthEuralex Italic	DISTANCE_1113	ITALIAN	SPANISH	malign (identity)	1.0000	1.0000	1.0000	1.0000	ok
NorthEuralex Italic	TOUCH_4029	LATIN	PORTUGUESE	malign (identity)	0.5714	0.5714	0.5714	0.5714	ok
NorthEuralex Italic	FINE_OR_THIN_1043	ITALIAN	SPANISH	malign (identity)	1.0000	1.0000	1.0000	1.0000	ok
NorthEuralex Italic	LINE_2306	CATALAN	FRENCH	malign (identity)	1.0000	1.0000	1.0000	1.0000	ok
NorthEuralex Italic	SPIDER_3536	CATALAN	SPANISH	malign (identity)	1.0000	1.0000	1.0000	1.0000	ok
NorthEuralex Italic	HAPPINESS_1839	ITALIAN	PORTUGUESE	malign (identity)	1.0000	1.0000	1.0000	1.0000	ok
NorthEuralex Italic	GRASS_1738	FRENCH	ITALIAN	malign (identity)	1.0000	1.0000	1.0000	1.0000	ok
NorthEuralex Italic	OAR_2639	PORTUGUESE	SPANISH	malign (identity)	1.0000	1.0000	1.0000	1.0000	ok
NorthEuralex Italic	SING_3331	CATALAN	ROMANIAN	malign (identity)	1.0000	1.0000	1.0000	1.0000	ok
NorthEuralex Italic	SALT_3139	PORTUGUESE	SPANISH	malign (identity)	1.0000	1.0000	1.0000	1.0000	ok
NorthEuralex Italic	STRING_3681	ITALIAN	PORTUGUESE	malign (identity)	1.0000	1.0000	1.0000	1.0000	ok
NorthEuralex Italic	YEAR_4419	CATALAN	ROMANIAN	malign (identity)	1.0000	1.0000	1.0000	1.0000	ok
NorthEuralex Italic	TASTY_1049	FRENCH	LATIN	malign (identity)					skipped
NorthEuralex Italic	DESTROY_1069	FRENCH	SPANISH	malign (identity)					skipped
NorthEuralex Italic	KNIFE_2146	FRENCH	ITALIAN	malign (identity)	1.0000	1.0000	1.0000	1.0000	ok
NorthEuralex Italic	HONEY_1977	FRENCH	ITALIAN	malign (identity)					skipped
NorthEuralex Italic	CALCULATE_658	LATIN	PORTUGUESE	malign (identity)	1.0000	1.0000	1.0000	1.0000	ok
NorthEuralex Italic	POOR_2850	ITALIAN	PORTUGUESE	malign (identity)	1.0000	1.0000	1.0000	1.0000	ok
NorthEuralex Italic	BEAR_334	PORTUGUESE	SPANISH	malign (identity)	0.2500	0.2500	0.2500	0.2500	ok
NorthEuralex Italic	HOW_2002	ITALIAN	SPANISH	malign (identity)	1.0000	1.0000	1.0000	1.0000	ok
NorthEuralex Italic	HELP_(ASSISTANCE)_1903	CATALAN	PORTUGUESE	malign (identity)	1.0000	1.0000	1.0000	1.0000	ok
NorthEuralex Italic	ANT_171	CATALAN	LATIN	malign (identity)	1.0000	1.0000	1.0000	1.0000	ok
NorthEuralex Italic	CHARACTER_724	CATALAN	ROMANIAN	malign (identity)	0.6667	0.6667	0.6667	0.6667	ok
NorthEuralex Italic	BULL_622	FRENCH	SPANISH	malign (identity)	1.0000	1.0000	1.0000	1.0000	ok
NorthEuralex Italic	HOWL_2006	ITALIAN	LATIN	malign (identity)	1.0000	1.0000	1.0000	1.0000	ok
NorthEuralex Italic	CAUSE_TO_(LET)_2256	CATALAN	SPANISH	malign (identity)					skipped
NorthEuralex Italic	BIG_421	ITALIAN	PORTUGUESE	malign (identity)	1.0000	1.0000	1.0000	1.0000	ok
NorthEuralex Italic	PERSON_2009	PORTUGUESE	ROMANIAN	malign (identity)	0.7500	0.7500	0.7500	0.7500	ok
NorthEuralex Italic	CHARACTER_724	CATALAN	ITALIAN	malign (identity)	0.5000	0.5000	0.5000	0.5000	ok
NorthEuralex Italic	WORLD_4395	CATALAN	FRENCH	malign (identity)	1.0000	1.0000	1.0000	1.0000	ok
NorthEuralex Italic	INVITE_2078	ITALIAN	SPANISH	malign (identity)	1.0000	1.0000	1.0000	1.0000	ok
NorthEuralex Italic	MEDICINE_2398	FRENCH	SPANISH	malign (identity)	0.7500	0.7500	0.7500	0.7500	ok
NorthEuralex Italic	TWO_4115	PORTUGUESE	ROMANIAN	malign (identity)	1.0000	1.0000	1.0000	1.0000	ok
NorthEuralex Italic	HARE_1848	FRENCH	ITALIAN	malign (identity)	0.1667	0.1667	0.1667	0.1667	ok
NorthEuralex Italic	DRAW_MILK_2427	ITALIAN	LATIN	malign (identity)	1.0000	1.0000	1.0000	1.0000	ok
NorthEuralex Italic	TONE_(MUSIC)_4022	ITALIAN	PORTUGUESE	malign (identity)	1.0000	1.0000	1.0000	1.0000	ok
NorthEuralex Italic	JULY_25	ITALIAN	SPANISH	malign (identity)	1.0000	1.0000	1.0000	1.0000	ok
NorthEuralex Italic	TONE_(MUSIC)_4022	ROMANIAN	SPANISH	malign (identity)	1.0000	1.0000	1.0000	1.0000	ok
NorthEuralex Italic	SLEEP_3383	CATALAN	ROMANIAN	malign (identity)	1.0000	1.0000	1.0000	1.0000	ok
NorthEuralex Italic	GAME_1605	ITALIAN	PORTUGUESE	malign (identity)	1.0000	1.0000	1.0000	1.0000	ok
NorthEuralex Italic	CORRECT_(RIGHT)_921	PORTUGUESE	ROMANIAN	malign (identity)	1.0000	1.0000	1.0000	1.0000	ok
NorthEuralex Italic	COUNTRY_931	PORTUGUESE	SPANISH	malign (identity)	1.0000	1.0000	1.0000	1.0000	ok
NorthEuralex Italic	STING_3635	ITALIAN	SPANISH	malign (identity)	1.0000	1.0000	1.0000	1.0000	ok
NorthEuralex Italic	REASON_2967	LATIN	ROMANIAN	malign (identity)					skipped
NorthEuralex Italic	SPIDER_3536	ITALIAN	SPANISH	malign (identity)	0.6000	0.6000	0.6000	0.6000	ok
NorthEuralex Italic	SMOKE_(EXHAUST)_3416	ITALIAN	LATIN	malign (identity)					skipped
NorthEuralex Italic	THROW_3967	CATALAN	FRENCH	malign (identity)	1.0000	1.0000	1.0000	1.0000	ok
NorthEuralex Italic	BRIDGE_582	LATIN	ROMANIAN	malign (identity)	0.6000	0.6000	0.6000	0.6000	ok
NorthEuralex Italic	COUNT_928	ITALIAN	SPANISH	malign (identity)	1.0000	1.0000	1.0000	1.0000	ok
NorthEuralex Italic	BUSINESS_638	CATALAN	SPANISH	malign (identity)					skipped
NorthEuralex Italic	SIX_3352	CATALAN	FRENCH	malign (identity)	1.0000	1.0000	1.0000	1.0000	ok
NorthEuralex Italic	POST_2847	LATIN	SPANISH	malign (identity)	1.0000	1.0000	1.0000	1.0000	ok
NorthEuralex Italic	DANCE_995	CATALAN	SPANISH	malign (identity)	0.6667	0.6667	0.6667	0.6667	ok
NorthEuralex Italic	KNOT_2163	CATALAN	LATIN	malign (identity)	0.6000	0.6000	0.6000	0.6000	ok
NorthEuralex Italic	GATE_1612	FRENCH	LATIN	malign (identity)	1.0000	1.0000	1.0000	1.0000	ok
NorthEuralex Italic	GAME_1605	FRENCH	ITALIAN	malign (identity)	1.0000	1.0000	1.0000	1.0000	ok
NorthEuralex Italic	TAKE_3797	CATALAN	FRENCH	malign (identity)	0.5714	0.5714	0.5714	0.5714	ok
NorthEuralex Italic	EAR_1240	CATALAN	ROMANIAN	malign (identity)	1.0000	1.0000	1.0000	1.0000	ok
NorthEuralex Italic	FOR_A_LONG_TIME_2334	ITALIAN	ROMANIAN	malign (identity)					skipped
NorthEuralex Italic	MEDICINE_2398	ITALIAN	SPANISH	malign (identity)	1.0000	1.0000	1.0000	1.0000	ok
NorthEuralex Italic	THOU_3945	CATALAN	FRENCH	malign (identity)	1.0000	1.0000	1.0000	1.0000	ok
NorthEuralex Italic	KNOW_(SOMETHING)_2164	CATALAN	FRENCH	malign (identity)					skipped
NorthEuralex Italic	CHIN_769	FRENCH	LATIN	malign (identity)	1.0000	1.0000	1.0000	1.0000	ok
NorthEuralex Italic	SWAY_3770	CATALAN	FRENCH	malign (identity)	0.6667	0.6667	0.6667	0.6667	ok
NorthEuralex Italic	COUNT_(QUANTITY)_927	PORTUGUESE	SPANISH	malign (identity)					skipped
NorthEuralex Italic	BREAK_(DESTROY_OR_GET_DESTROYED)_562	ITALIAN	LATIN	malign (identity)	1.0000	1.0000	1.0000	1.0000	ok
NorthEuralex Italic	AUNT_230	ITALIAN	PORTUGUESE	malign (identity)	1.0000	1.0000	1.0000	1.0000	ok
NorthEuralex Italic	COOK_(SOMETHING)_905	FRENCH	LATIN	malign (identity)	0.5556	0.5556	0.5556	0.5556	ok
NorthEuralex Italic	INCREASE_2062	CATALAN	ROMANIAN	malign (identity)	1.0000	1.0000	1.0000	1.0000	ok
NorthEuralex Italic	FINGER_1446	ITALIAN	PORTUGUESE	malign (identity)	1.0000	1.0000	1.0000	1.0000	ok
NorthEuralex Italic	SLEEP_(STATE)_3384	ITALIAN	SPANISH	malign (identity)	0.4000	0.4000	0.4000	0.4000	ok
NorthEuralex Italic	UNCLE_4116	ITALIAN	SPANISH	malign (identity)	1.0000	1.0000	1.0000	1.0000	ok
NorthEuralex Italic	TUBE_2814	FRENCH	SPANISH	malign (identity)	1.0000	1.0000	1.0000	1.0000	ok
NorthEuralex Italic	HARD_1842	LATIN	SPANISH	malign (identity)	1.0000	1.0000	1.0000	1.0000	ok
NorthEuralex Italic	SISTER_3339	CATALAN	SPANISH	malign (identity)	0.7143	0.7143	0.7143	0.7143	ok
NorthEuralex Italic	BULL_622	CATALAN	PORTUGUESE	malign (identity)	1.0000	1.0000	1.0000	1.0000	ok
NorthEuralex Italic	FIND_1442	PORTUGUESE	SPANISH	malign (identity)	1.0000	1.0000	1.0000	1.0000	ok
NorthEuralex Italic	SEE_3161	CATALAN	SPANISH	malign (identity)	1.0000	1.0000	1.0000	1.0000	ok
NorthEuralex Italic	ALL_1325	CATALAN	PORTUGUESE	malign (identity)	1.0000	1.0000	1.0000	1.0000	ok
NorthEuralex Italic	SHINE_3249	PORTUGUESE	SPANISH	malign (identity)	1.0000	1.0000	1.0000	1.0000	ok
NorthEuralex Italic	LINE_2306	CATALAN	PORTUGUESE	malign (identity)	1.0000	1.0000	1.0000	1.0000	ok
NorthEuralex Italic	TENDON_3329	FRENCH	PORTUGUESE	malign (identity)	1.0000	1.0000	1.0000	1.0000	ok
NorthEuralex Italic	MISPLACE_2355	ITALIAN	ROMANIAN	malign (identity)	0.1250	0.1250	0.1250	0.1250	ok
NorthEuralex Italic	SPIDER_3536	CATALAN	LATIN	malign (identity)					skipped
NorthEuralex Italic	UNDERSTAND_4129	FRENCH	ITALIAN	malign (identity)	0.7273	0.7273	0.7273	0.7273	ok
NorthEuralex Italic	FALL_ASLEEP_1361	ITALIAN	SPANISH	malign (identity)	0.2500	0.2500	0.2500	0.2500	ok
NorthEuralex Italic	FUR_1601	ROMANIAN	SPANISH	malign (identity)	1.0000	1.0000	1.0000	1.0000	ok
NorthEuralex Italic	NAME_2527	ITALIAN	LATIN	malign (identity)					skipped
NorthEuralex Italic	HEAT_1886	ROMANIAN	SPANISH	malign (identity)	0.5714	0.5714	0.5714	0.5714	ok
NorthEuralex Italic	BULL_622	CATALAN	FRENCH	malign (identity)	1.0000	1.0000	1.0000	1.0000	ok
NorthEuralex Italic	BUSINESS_638	LATIN	SPANISH	malign (identity)					skipped
NorthEuralex Italic	ODOR_(SMELL)_2643	ITALIAN	LATIN	malign (identity)	1.0000	1.0000	1.0000	1.0000	ok
NorthEuralex Italic	BUDGE_(ONESELF)_612	LATIN	PORTUGUESE	malign (identity)	0.7143	0.7143	0.7143	0.7143	ok
NorthEuralex Italic	BREAK_(CLEAVE)_562	ROMANIAN	SPANISH	malign (identity)					skipped
NorthEuralex Italic	TREE_4061	CATALAN	PORTUGUESE	malign (identity)	0.6667	0.6667	0.6667	0.6667	ok
NorthEuralex Italic	WE_4247	FRENCH	PORTUGUESE	malign (identity)	1.0000	1.0000	1.0000	1.0000	ok
NorthEuralex Italic	FATHER_1395	FRENCH	PORTUGUESE	malign (identity)	1.0000	1.0000	1.0000	1.0000	ok
NorthEuralex Italic	BROTHER_604	LATIN	ROMANIAN	malign (identity)	1.0000	1.0000	1.0000	1.0000	ok
NorthEuralex Italic	WIND_4345	LATIN	SPANISH	malign (identity)	0.7143	0.7143	0.7143	0.7143	ok
NorthEuralex Italic	CLOUD_853	CATALAN	LATIN	malign (identity)	1.0000	1.0000	1.0000	1.0000	ok
NorthEuralex Italic	FRESH_1578	ITALIAN	SPANISH	malign (identity)	1.0000	1.0000	1.0000	1.0000	ok
NorthEuralex Italic	CEASE_1297	FRENCH	ITALIAN	malign (identity)	1.0000	1.0000	1.0000	1.0000	ok
NorthEuralex Italic	CAVE_707	FRENCH	PORTUGUESE	malign (identity)	1.0000	1.0000	1.0000	1.0000	ok
NorthEuralex Italic	IDOL_1427	PORTUGUESE	SPANISH	malign (identity)	1.0000	1.0000	1.0000	1.0000	ok
NorthEuralex Italic	SKIN_3370	ITALIAN	LATIN	malign (identity)	1.0000	1.0000	1.0000	1.0000	ok
NorthEuralex Italic	DENSE_1056	ITALIAN	LATIN	malign (identity)					skipped
NorthEuralex Italic	KETTLE_2114	PORTUGUESE	SPANISH	malign (identity)	0.7500	0.7500	0.7500	0.7500	ok
NorthEuralex Italic	BOIL_(SOMETHING)_486	CATALAN	LATIN	malign (identity)	0.5000	0.5000	0.5000	0.5000	ok
NorthEuralex Italic	COAST_857	CATALAN	ITALIAN	malign (identity)	1.0000	1.0000	1.0000	1.0000	ok
NorthEuralex Italic	SOUP_3480	FRENCH	ITALIAN	malign (identity)	1.0000	1.0000	1.0000	1.0000	ok
NorthEuralex Italic	OPEN_(STATE)_2695	ITALIAN	PORTUGUESE	malign (identity)	1.0000	1.0000	1.0000	1.0000	ok
NorthEuralex Italic	LENGTH_2252	CATALAN	ITALIAN	malign (identity)					skipped
NorthEuralex Italic	GRIEF_1752	FRENCH	SPANISH	malign (identity)	1.0000	1.0000	1.0000	1.0000	ok
NorthEuralex Italic	OF_THIS_KIND_(SUCH)_3433	FRENCH	PORTUGUESE	malign (identity)	1.0000	1.0000	1.0000	1.0000	ok
NorthEuralex Italic	IRON_2079	CATALAN	LATIN	malign (identity)	1.0000	1.0000	1.0000	1.0000	ok
NorthEuralex Italic	LINE_2306	FRENCH	ROMANIAN	malign (identity)	1.0000	1.0000	1.0000	1.0000	ok
NorthEuralex Italic	SHOW_3298	LATIN	SPANISH	malign (identity)	1.0000	1.0000	1.0000	1.0000	ok
NorthEuralex Italic	DOOR_1149	FRENCH	ITALIAN	malign (identity)	1.0000	1.0000	1.0000	1.0000	ok
NorthEuralex Italic	NEST_2566	CATALAN	SPANISH	malign (identity)	1.0000	1.0000	1.0000	1.0000	ok
NorthEuralex Italic	THICK_3904	LATIN	SPANISH	malign (identity)	0.2857	0.2857	0.2857	0.2857	ok
NorthEuralex Italic	ONLY_2685	ITALIAN	LATIN	malign (identity)	1.0000	1.0000	1.0000	1.0000	ok
NorthEuralex Italic	CHAT_(WITH_SOMEBODY)_726	ITALIAN	ROMANIAN	malign (identity)	1.0000	1.0000	1.0000	1.0000	ok
NorthEuralex Italic	APRIL_1	ITALIAN	SPANISH	malign (identity)	1.0000	1.0000	1.0000	1.0000	ok
NorthEuralex Italic	THINK_(REFLECT)_3924	FRENCH	PORTUGUESE	malign (identity)	1.0000	1.0000	1.0000	1.0000	ok
NorthEuralex Italic	COW_946	FRENCH	PORTUGUESE	malign (identity)	1.0000	1.0000	1.0000	1.0000	ok
NorthEuralex Italic	CHEST_569	ITALIAN	LATIN	malign (identity)	0.5000	0.5000	0.5000	0.5000	ok
NorthEuralex Italic	HARD_1842	FRENCH	LATIN	malign (identity)	1.0000	1.0000	1.0000	1.0000	ok
NorthEuralex Italic	WIFE_4329	PORTUGUESE	SPANISH	malign (identity)	1.0000	1.0000	1.0000	1.0000	ok
NorthEuralex Italic	DRAW_MILK_2428	PORTUGUESE	SPANISH	malign (identity)	1.0000	1.0000	1.0000	1.0000	ok
NorthEuralex Italic	PROMISE_2913	LATIN	PORTUGUESE	malign (identity)	1.0000	1.0000	1.0000	1.0000	ok
NorthEuralex Italic	CEASE_1298	CATALAN	SPANISH	malign (identity)	1.0000	1.0000	1.0000	1.0000	ok
NorthEuralex Italic	JUNE_29	ITALIAN	SPANISH	malign (identity)	1.0000	1.0000	1.0000	1.0000	ok
NorthEuralex Italic	RUN_3119	ITALIAN	LATIN	malign (identity)	1.0000	1.0000	1.0000	1.0000	ok
NorthEuralex Italic	MISPLACE_2355	FRENCH	ROMANIAN	malign (identity)					skipped
NorthEuralex Italic	FATHER_1395	LATIN	PORTUGUESE	malign (identity)	0.6000	0.6000	0.6000	0.6000	ok
NorthEuralex Italic	STRING_3681	PORTUGUESE	SPANISH	malign (identity)	0.5714	0.5714	0.5714	0.5714	ok
NorthEuralex Italic	NEW_2577	ITALIAN	ROMANIAN	malign (identity)	0.6000	0.6000	0.6000	0.6000	ok
NorthEuralex Italic	ANT_171	ITALIAN	ROMANIAN	malign (identity)	1.0000	1.0000	1.0000	1.0000	ok
NorthEuralex Italic	NEEDLE_(FOR_SEWING)_2563	CATALAN	PORTUGUESE	malign (identity)	1.0000	1.0000	1.0000	1.0000	ok
NorthEuralex Italic	CROW_961	FRENCH	ITALIAN	malign (identity)	1.0000	1.0000	1.0000	1.0000	ok
NorthEuralex Italic	DRINK_1173	PORTUGUESE	SPANISH	malign (identity)	1.0000	1.0000	1.0000	1.0000	ok
NorthEuralex Italic	DECEMBER_5	FRENCH	SPANISH	malign (identity)					skipped
NorthEuralex Italic	DAMAGE_(INJURY)_981	CATALAN	ITALIAN	malign (identity)	1.0000	1.0000	1.0000	1.0000	ok
NorthEuralex Italic	FAMILIAR_1372	PORTUGUESE	SPANISH	malign (identity)	1.0000	1.0000	1.0000	1.0000	ok
NorthEuralex Italic	MARCH_33	CATALAN	FRENCH	malign (identity)	1.0000	1.0000	1.0000	1.0000	ok
NorthEuralex Italic	MESSAGE_2419	CATALAN	SPANISH	malign (identity)	1.0000	1.0000	1.0000	1.0000	ok
NorthEuralex Italic	HAND_1805	ROMANIAN	SPANISH	malign (identity)	1.0000	1.0000	1.0000	1.0000	ok
NorthEuralex Italic	PRECIOUS_2887	CATALAN	ROMANIAN	malign (identity)					skipped
NorthEuralex Italic	GREY_1748	CATALAN	ITALIAN	malign (identity)	1.0000	1.0000	1.0000	1.0000	ok
NorthEuralex Italic	LIFT_2281	ITALIAN	LATIN	malign (identity)	0.2500	0.2500	0.2500	0.2500	ok
NorthEuralex Italic	WHY_4321	CATALAN	SPANISH	malign (identity)	1.0000	1.0000	1.0000	1.0000	ok
NorthEuralex Italic	VEIN_4149	ROMANIAN	SPANISH	malign (identity)	1.0000	1.0000	1.0000	1.0000	ok
NorthEuralex Italic	LADDER_2166	LATIN	ROMANIAN	malign (identity)	0.4286	0.4286	0.4286	0.4286	ok
NorthEuralex Italic	BREAK_(DESTROY_OR_GET_DESTROYED)_562	LATIN	PORTUGUESE	malign (identity)	1.0000	1.0000	1.0000	1.0000	ok
NorthEuralex Italic	CONVEY_(A_MESSAGE)_902	ITALIAN	PORTUGUESE	malign (identity)	1.0000	1.0000	1.0000	1.0000	ok
NorthEuralex Italic	MEANING_2390	PORTUGUESE	SPANISH	malign (identity)	1.0000	1.0000	1.0000	1.0000	ok
NorthEuralex Italic	BOSS_513	PORTUGUESE	SPANISH	malign (identity)	1.0000	1.0000	1.0000	1.0000	ok
NorthEuralex Italic	ALONE_133	ITALIAN	PORTUGUESE	malign (identity)					skipped
NorthEuralex Italic	PIG_2798	CATALAN	PORTUGUESE	malign (identity)	1.0000	1.0000	1.0000	1.0000	ok
NorthEuralex Italic	DOOR_1149	CATALAN	SPANISH	malign (identity)	0.6667	0.6667	0.6667	0.6667	ok
NorthEuralex Italic	LID_(COVER,_CAP)_943	CATALAN	PORTUGUESE	malign (identity)	1.0000	1.0000	1.0000	1.0000	ok
NorthEuralex Italic	FEEL_(TACTUALLY)_1411	FRENCH	SPANISH	malign (identity)	1.0000	1.0000	1.0000	1.0000	ok
NorthEuralex Italic	SUN_3735	ITALIAN	SPANISH	malign (identity)	1.0000	1.0000	1.0000	1.0000	ok
NorthEuralex Italic	STATE_(POLITICS)_3600	CATALAN	PORTUGUESE	malign (identity)	1.0000	1.0000	1.0000	1.0000	ok
NorthEuralex Italic	APRIL_1	ROMANIAN	SPANISH	malign (identity)	1.0000	1.0000	1.0000	1.0000	ok
NorthEuralex Italic	CHIN_769	CATALAN	ITALIAN	malign (identity)	1.0000	1.0000	1.0000	1.0000	ok
NorthEuralex Italic	ENEMY_1312	CATALAN	LATIN	malign (identity)	1.0000	1.0000	1.0000	1.0000	ok
NorthEuralex Italic	BLOW_(WITH_MOUTH)_458	ITALIAN	ROMANIAN	malign (identity)					skipped
NorthEuralex Italic	RUN_3119	CATALAN	SPANISH	malign (identity)	1.0000	1.0000	1.0000	1.0000	ok
NorthEuralex Italic	END_(OF_SPACE)_1301	ITALIAN	SPANISH	malign (identity)	0.8000	0.8000	0.8000	0.8000	ok
NorthEuralex Italic	STINGY_3639	FRENCH	ITALIAN	malign (identity)	1.0000	1.0000	1.0000	1.0000	ok
NorthEuralex Italic	DISH_1108	CATALAN	ROMANIAN	malign (identity)	1.0000	1.0000	1.0000	1.0000	ok
NorthEuralex Italic	BOOK_495	CATALAN	SPANISH	malign (identity)	1.0000	1.0000	1.0000	1.0000	ok
NorthEuralex Italic	NOTICE_(SOMETHING)_2629	ITALIAN	PORTUGUESE	malign (identity)	1.0000	1.0000	1.0000	1.0000	ok
NorthEuralex Italic	RIVER_3059	PORTUGUESE	ROMANIAN	malign (identity)	1.0000	1.0000	1.0000	1.0000	ok
NorthEuralex Italic	BOIL_(SOMETHING)_486	CATALAN	SPANISH	malign (identity)	1.0000	1.0000	1.0000	1.0000	ok
NorthEuralex Italic	REPAIR_2998	FRENCH	PORTUGUESE	malign (identity)					skipped
NorthEuralex Italic	HANDLE_1812	CATALAN	ITALIAN	malign (identity)	1.0000	1.0000	1.0000	1.0000	ok
NorthEuralex Italic	KNOT_2163	LATIN	SPANISH	malign (identity)	1.0000	1.0000	1.0000	1.0000	ok
NorthEuralex Italic	CROSS_960	ITALIAN	PORTUGUESE	malign (identity)	1.0000	1.0000	1.0000	1.0000	ok
NorthEuralex Italic	REASON_2967	CATALAN	ITALIAN	malign (identity)					skipped
NorthEuralex Italic	FALL_ASLEEP_1361	FRENCH	ITALIAN	malign (identity)	0.3077	0.3077	0.3077	0.3077	ok
NorthEuralex Italic	INCREASE_2062	PORTUGUESE	SPANISH	malign (identity)					skipped
NorthEuralex Italic	FEVER_1421	FRENCH	LATIN	malign (identity)					skipped
NorthEuralex Italic	FOAM_1508	CATALAN	ITALIAN	malign (identity)	1.0000	1.0000	1.0000	1.0000	ok
NorthEuralex Italic	SMOOTH_3420	ROMANIAN	SPANISH	malign (identity)	1.0000	1.0000	1.0000	1.0000	ok
NorthEuralex Italic	BELLY_384	LATIN	SPANISH	malign (identity)					skipped
NorthEuralex Italic	FOOTPRINT_4047	CATALAN	FRENCH	malign (identity)	1.0000	1.0000	1.0000	1.0000	ok
NorthEuralex Italic	PICK_2778	PORTUGUESE	ROMANIAN	malign (identity)	1.0000	1.0000	1.0000	1.0000	ok
NorthEuralex Italic	SMOOTH_3420	CATALAN	SPANISH	malign (identity)	1.0000	1.0000	1.0000	1.0000	ok
NorthEuralex Italic	KNIFE_2146	ITALIAN	SPANISH	malign (identity)	0.4286	0.4286	0.4286	0.4286	ok
NorthEuralex Italic	FAULT_1398	ITALIAN	PORTUGUESE	malign (identity)	1.0000	1.0000	1.0000	1.0000	ok
NorthEuralex Italic	DAMP_993	CATALAN	PORTUGUESE	malign (identity)	1.0000	1.0000	1.0000	1.0000	ok
NorthEuralex Italic	SEPTEMBER_49	FRENCH	ROMANIAN	malign (identity)	0.8000	0.8000	0.8000	0.8000	ok
NorthEuralex Italic	BODY_484	FRENCH	ROMANIAN	malign (identity)	1.0000	1.0000	1.0000	1.0000	ok
NorthEuralex Italic	TIME_3983	ITALIAN	LATIN	malign (identity)	1.0000	1.0000	1.0000	1.0000	ok
NorthEuralex Italic	HIGH_78	ITALIAN	LATIN	malign (identity)	1.0000	1.0000	1.0000	1.0000	ok
NorthEuralex Italic	GRAIN_1716	LATIN	SPANISH	malign (identity)	1.0000	1.0000	1.0000	1.0000	ok
NorthEuralex Italic	THIRTY_3930	FRENCH	PORTUGUESE	malign (identity)	1.0000	1.0000	1.0000	1.0000	ok
NorthEuralex Italic	PROTECT_2916	FRENCH	ROMANIAN	malign (identity)	1.0000	1.0000	1.0000	1.0000	ok
NorthEuralex Italic	NINE_2600	FRENCH	SPANISH	malign (identity)	0.4000	0.4000	0.4000	0.4000	ok
NorthEuralex Italic	HORSE_1988	FRENCH	SPANISH	malign (identity)	0.6667	0.6667	0.6667	0.6667	ok
NorthEuralex Italic	HILL_1931	LATIN	PORTUGUESE	malign (identity)	1.0000	1.0000	1.0000	1.0000	ok
NorthEuralex Italic	BELIEVE_383	FRENCH	SPANISH	malign (identity)					skipped
NorthEuralex Italic	GATHER_1613	ITALIAN	SPANISH	malign (identity)					skipped
NorthEuralex Italic	SILVER_3324	CATALAN	PORTUGUESE	malign (identity)	1.0000	1.0000	1.0000	1.0000	ok
NorthEuralex Italic	PAW_2747	PORTUGUESE	SPANISH	malign (identity)	1.0000	1.0000	1.0000	1.0000	ok
NorthEuralex Italic	MEDICINE_2399	FRENCH	LATIN	malign (identity)	1.0000	1.0000	1.0000	1.0000	ok
NorthEuralex Italic	CEASE_1298	ROMANIAN	SPANISH	malign (identity)					skipped
NorthEuralex Italic	MEET_2403	ITALIAN	PORTUGUESE	malign (identity)	1.0000	1.0000	1.0000	1.0000	ok
NorthEuralex Italic	RAIN_(RAINING)_2943	CATALAN	FRENCH	malign (identity)					skipped
NorthEuralex Italic	WIN_4341	ITALIAN	SPANISH	malign (identity)	1.0000	1.0000	1.0000	1.0000	ok
NorthEuralex Italic	SING_3331	ROMANIAN	SPANISH	malign (identity)					skipped
NorthEuralex Italic	PHYSICIAN_1134	LATIN	SPANISH	malign (identity)	1.0000	1.0000	1.0000	1.0000	ok
NorthEuralex Italic	BETWEEN_419	LATIN	SPANISH	malign (identity)					skipped
NorthEuralex Italic	DECEMBER_5	FRENCH	PORTUGUESE	malign (identity)	1.0000	1.0000	1.0000	1.0000	ok
NorthEuralex Italic	LETTER_2259	CATALAN	SPANISH	malign (identity)	1.0000	1.0000	1.0000	1.0000	ok
NorthEuralex Italic	FOOD_1517	CATALAN	PORTUGUESE	malign (identity)					skipped
NorthEuralex Italic	LINE_2306	FRENCH	LATIN	malign (identity)	1.0000	1.0000	1.0000	1.0000	ok
NorthEuralex Italic	BOAT_480	CATALAN	ITALIAN	malign (identity)	1.0000	1.0000	1.0000	1.0000	ok
NorthEuralex Italic	DAMP_993	FRENCH	PORTUGUESE	malign (identity)	1.0000	1.0000	1.0000	1.0000	ok
NorthEuralex Italic	STORY_3659	LATIN	SPANISH	malign (identity)					skipped
NorthEuralex Italic	PRESERVE_2890	PORTUGUESE	SPANISH	malign (identity)	0.6667	0.6667	0.6667	0.6667	ok
NorthEuralex Italic	ODOR_(SMELL)_2643	ITALIAN	PORTUGUESE	malign (identity)	1.0000	1.0000	1.0000	1.0000	ok
NorthEuralex Italic	STRENGTH_3678	CATALAN	ROMANIAN	malign (identity)	1.0000	1.0000	1.0000	1.0000	ok
NorthEuralex Italic	WOOD_4375	ITALIAN	LATIN	malign (identity)	0.4000	0.4000	0.4000	0.4000	ok
NorthEuralex Italic	DECEMBER_5	ITALIAN	ROMANIAN	malign (identity)	1.0000	1.0000	1.0000	1.0000	ok
NorthEuralex Italic	SEVEN_3210	PORTUGUESE	SPANISH	malign (identity)	0.6000	0.6000	0.6000	0.6000	ok
NorthEuralex Italic	GAME_1605	CATALAN	PORTUGUESE	malign (identity)	1.0000	1.0000	1.0000	1.0000	ok
NorthEuralex Italic	LAUGHTER_2198	LATIN	SPANISH	malign (identity)	1.0000	1.0000	1.0000	1.0000	ok
NorthEuralex Italic	BOTHER_(HARASS)_517	CATALAN	ROMANIAN	malign (identity)	1.0000	1.0000	1.0000	1.0000	ok
NorthEuralex Italic	STRENGTH_3677	ITALIAN	PORTUGUESE	malign (identity)	0.7500	0.7500	0.7500	0.7500	ok
NorthEuralex Italic	AIR_129	FRENCH	LATIN	malign (identity)	0.0000	0.0000	0.0000	0.0000	ok
NorthEuralex Italic	GOLD_1700	LATIN	SPANISH	malign (identity)	0.2500	0.2500	0.2500	0.2500	ok
NorthEuralex Italic	RIPE_3042	LATIN	PORTUGUESE	malign (identity)	1.0000	1.0000	1.0000	1.0000	ok
NorthEuralex Italic	STIR_3643	LATIN	PORTUGUESE	malign (identity)	1.0000	1.0000	1.0000	1.0000	ok
NorthEuralex Italic	CHANGE_(BECOME_DIFFERENT)_719	ITALIAN	SPANISH	malign (identity)					skipped
NorthEuralex Italic	PERCH_(FISH)_2774	LATIN	SPANISH	malign (identity)	1.0000	1.0000	1.0000	1.0000	ok
NorthEuralex Italic	ODOR_(SMELL)_2643	PORTUGUESE	SPANISH	malign (identity)	1.0000	1.0000	1.0000	1.0000	ok
NorthEuralex Italic	DIFFERENT_1072	FRENCH	PORTUGUESE	malign (identity)	0.7500	0.7500	0.7500	0.7500	ok
NorthEuralex Italic	NEST_2566	ITALIAN	LATIN	malign (identity)	1.0000	1.0000	1.0000	1.0000	ok
NorthEuralex Italic	WIND_4345	CATALAN	SPANISH	malign (identity)	0.5000	0.5000	0.5000	0.5000	ok
NorthEuralex Italic	NOVEMBER_42	CATALAN	ITALIAN	malign (identity)	1.0000	1.0000	1.0000	1.0000	ok
NorthEuralex Italic	SLEEVE_3386	ITALIAN	LATIN	malign (identity)	1.0000	1.0000	1.0000	1.0000	ok
NorthEuralex Italic	PASS_2730	PORTUGUESE	SPANISH	malign (identity)	1.0000	1.0000	1.0000	1.0000	ok
NorthEuralex Italic	SIXTY_3355	ITALIAN	SPANISH	malign (identity)	1.0000	1.0000	1.0000	1.0000	ok
NorthEuralex Italic	NAKED_2523	FRENCH	ITALIAN	malign (identity)	1.0000	1.0000	1.0000	1.0000	ok
NorthEuralex Italic	DISEASE_2042	PORTUGUESE	SPANISH	malign (identity)	1.0000	1.0000	1.0000	1.0000	ok
NorthEuralex Italic	GATE_1612	ITALIAN	LATIN	malign (identity)	1.0000	1.0000	1.0000	1.0000	ok
NorthEuralex Italic	SOUTH_3499	FRENCH	ITALIAN	malign (identity)	1.0000	1.0000	1.0000	1.0000	ok
NorthEuralex Italic	SEE_3161	FRENCH	LATIN	malign (identity)	0.4286	0.4286	0.4286	0.4286	ok
NorthEuralex Italic	FLOWER_1502	CATALAN	PORTUGUESE	malign (identity)	1.0000	1.0000	1.0000	1.0000	ok
NorthEuralex Italic	NET_2568	LATIN	SPANISH	malign (identity)	1.0000	1.0000	1.0000	1.0000	ok
NorthEuralex Italic	SLEEP_(STATE)_3384	CATALAN	ROMANIAN	malign (identity)	1.0000	1.0000	1.0000	1.0000	ok
NorthEuralex Italic	ACHE_87	ITALIAN	SPANISH	malign (identity)	1.0000	1.0000	1.0000	1.0000	ok
NorthEuralex Italic	NIGHT_2598	PORTUGUESE	SPANISH	malign (identity)	0.4000	0.4000	0.4000	0.4000	ok
NorthEuralex Italic	MONEY_2459	CATALAN	SPANISH	malign (identity)					skipped
NorthEuralex Italic	HANDLE_1812	ITALIAN	SPANISH	malign (identity)	0.5000	0.5000	0.5000	0.5000	ok
NorthEuralex Italic	STINGY_3639	FRENCH	PORTUGUESE	malign (identity)	1.0000	1.0000	1.0000	1.0000	ok
NorthEuralex Italic	PAIN_2716	ITALIAN	LATIN	malign (identity)	1.0000	1.0000	1.0000	1.0000	ok
NorthEuralex Italic	THREE_3957	FRENCH	PORTUGUESE	malign (identity)					skipped
NorthEuralex Italic	SUN_3735	ITALIAN	PORTUGUESE	malign (identity)	1.0000	1.0000	1.0000	1.0000	ok
NorthEuralex Italic	SUPPORT_(OF_OBJECT)_3738	CATALAN	PORTUGUESE	malign (identity)	1.0000	1.0000	1.0000	1.0000	ok
NorthEuralex Italic	HARD_1842	LATIN	ROMANIAN	malign (identity)	1.0000	1.0000	1.0000	1.0000	ok
NorthEuralex Italic	WOMAN_4370	LATIN	SPANISH	malign (identity)	0.5000	0.5000	0.5000	0.5000	ok
NorthEuralex Italic	TONGUE_4024	CATALAN	PORTUGUESE	malign (identity)	0.6667	0.6667	0.6667	0.6667	ok
NorthEuralex Italic	FIR_1457	CATALAN	PORTUGUESE	malign (identity)	1.0000	1.0000	1.0000	1.0000	ok
NorthEuralex Italic	COLD_862	CATALAN	ITALIAN	malign (identity)	1.0000	1.0000	1.0000	1.0000	ok
NorthEuralex Italic	MILK_2426	FRENCH	SPANISH	malign (identity)	1.0000	1.0000	1.0000	1.0000	ok
NorthEuralex Italic	WOUND_4402	CATALAN	PORTUGUESE	malign (identity)	1.0000	1.0000	1.0000	1.0000	ok
NorthEuralex Italic	PINE_2813	FRENCH	LATIN	malign (identity)	1.0000	1.0000	1.0000	1.0000	ok
NorthEuralex Italic	COOK_(SOMETHING)_905	FRENCH	SPANISH	malign (identity)	1.0000	1.0000	1.0000	1.0000	ok
NorthEuralex Italic	IDOL_1427	FRENCH	SPANISH	malign (identity)	1.0000	1.0000	1.0000	1.0000	ok
NorthEuralex Italic	NOVEMBER_42	PORTUGUESE	SPANISH	malign (identity)	0.7778	0.7778	0.7778	0.7778	ok
NorthEuralex Italic	HONEY_1977	CATALAN	SPANISH	malign (identity)	0.2500	0.2500	0.2500	0.2500	ok
NorthEuralex Italic	GRAIN_1716	FRENCH	SPANISH	malign (identity)	1.0000	1.0000	1.0000	1.0000	ok
NorthEuralex Italic	END_(OF_SPACE)_1299	CATALAN	SPANISH	malign (identity)	1.0000	1.0000	1.0000	1.0000	ok
NorthEuralex Italic	BELLY_384	FRENCH	PORTUGUESE	malign (identity)	1.0000	1.0000	1.0000	1.0000	ok
NorthEuralex Italic	BOW_521	LATIN	PORTUGUESE	malign (identity)	1.0000	1.0000	1.0000	1.0000	ok
NorthEuralex Italic	KEEP_2109	FRENCH	LATIN	malign (identity)	0.6667	0.6667	0.6667	0.6667	ok
NorthEuralex Italic	TOUCH_4029	ITALIAN	LATIN	malign (identity)	0.5714	0.5714	0.5714	0.5714	ok
NorthEuralex Italic	CHEAP_733	CATALAN	PORTUGUESE	malign (identity)	1.0000	1.0000	1.0000	1.0000	ok
NorthEuralex Italic	TENDON_3329	PORTUGUESE	SPANISH	malign (identity)	1.0000	1.0000	1.0000	1.0000	ok
NorthEuralex Italic	SOLID_1463	CATALAN	FRENCH	malign (identity)	1.0000	1.0000	1.0000	1.0000	ok
NorthEuralex Italic	GET_2973	ITALIAN	SPANISH	malign (identity)					skipped
NorthEuralex Italic	SEVENTY_3211	PORTUGUESE	SPANISH	malign (identity)	1.0000	1.0000	1.0000	1.0000	ok
NorthEuralex Italic	WARM_4216	CATALAN	LATIN	malign (identity)	1.0000	1.0000	1.0000	1.0000	ok
NorthEuralex Italic	SING_3331	PORTUGUESE	SPANISH	malign (identity)	1.0000	1.0000	1.0000	1.0000	ok
NorthEuralex Italic	JUMP_2107	PORTUGUESE	SPANISH	malign (identity)	1.0000	1.0000	1.0000	1.0000	ok
NorthEuralex Italic	END_(OF_SPACE)_1299	ITALIAN	ROMANIAN	malign (identity)	1.0000	1.0000	1.0000	1.0000	ok
NorthEuralex Italic	AMOUNT_149	ITALIAN	ROMANIAN	malign (identity)	1.0000	1.0000	1.0000	1.0000	ok
NorthEuralex Italic	CURRENT_(STREAM)_969	PORTUGUESE	ROMANIAN	malign (identity)	1.0000	1.0000	1.0000	1.0000	ok
NorthEuralex Italic	SPIRIT_3545	ITALIAN	PORTUGUESE	malign (identity)	0.7500	0.7500	0.7500	0.7500	ok
NorthEuralex Italic	HEIGHT_1898	CATALAN	ITALIAN	malign (identity)					skipped
NorthEuralex Italic	FLY_(INSECT)_1504	ITALIAN	ROMANIAN	malign (identity)	1.0000	1.0000	1.0000	1.0000	ok
NorthEuralex Italic	YOU_4433	LATIN	ROMANIAN	malign (identity)					skipped
NorthEuralex Italic	THREE_3957	CATALAN	ITALIAN	malign (identity)	1.0000	1.0000	1.0000	1.0000	ok
NorthEuralex Italic	BREAK_(CLEAVE)_563	PORTUGUESE	SPANISH	malign (identity)	1.0000	1.0000	1.0000	1.0000	ok
NorthEuralex Italic	KNOT_2163	ITALIAN	LATIN	malign (identity)	1.0000	1.0000	1.0000	1.0000	ok
NorthEuralex Italic	DESTROY_1069	ROMANIAN	SPANISH	malign (identity)					skipped
NorthEuralex Italic	THEY_3900	CATALAN	FRENCH	malign (identity)	1.0000	1.0000	1.0000	1.0000	ok
NorthEuralex Italic	DRESS_UP_1629	CATALAN	SPANISH	malign (identity)	1.0000	1.0000	1.0000	1.0000	ok
NorthEuralex Italic	THREE_3957	CATALAN	LATIN	malign (identity)	1.0000	1.0000	1.0000	1.0000	ok
NorthEuralex Italic	OPEN_2694	ITALIAN	PORTUGUESE	malign (identity)	1.0000	1.0000	1.0000	1.0000	ok
NorthEuralex Italic	SWAMP_3752	PORTUGUESE	SPANISH	malign (identity)	1.0000	1.0000	1.0000	1.0000	ok
NorthEuralex Italic	WHITE_4313	PORTUGUESE	SPANISH	malign (identity)	1.0000	1.0000	1.0000	1.0000	ok
NorthEuralex Italic	SPRINGTIME_3565	PORTUGUESE	ROMANIAN	malign (identity)	1.0000	1.0000	1.0000	1.0000	ok
NorthEuralex Italic	SWINDLE_738	ITALIAN	LATIN	malign (identity)	1.0000	1.0000	1.0000	1.0000	ok
NorthEuralex Italic	FAULT_1398	ITALIAN	LATIN	malign (identity)	1.0000	1.0000	1.0000	1.0000	ok
NorthEuralex Italic	TOUCH_4029	CATALAN	LATIN	malign (identity)					skipped
NorthEuralex Italic	TASTE_1477	FRENCH	ITALIAN	malign (identity)	1.0000	1.0000	1.0000	1.0000	ok
NorthEuralex Italic	LEAF_2217	ITALIAN	PORTUGUESE	malign (identity)	1.0000	1.0000	1.0000	1.0000	ok
NorthEuralex Italic	KING_2131	FRENCH	SPANISH	malign (identity)					skipped
NorthEuralex Italic	MEASURE_2395	LATIN	PORTUGUESE	malign (identity)	1.0000	1.0000	1.0000	1.0000	ok
NorthEuralex Italic	TWO_4115	CATALAN	ROMANIAN	malign (identity)					skipped
NorthEuralex Italic	IRON_2079	ITALIAN	LATIN	malign (identity)	1.0000	1.0000	1.0000	1.0000	ok
NorthEuralex Italic	MASTER_2373	LATIN	ROMANIAN	malign (identity)	0.7778	0.7778	0.7778	0.7778	ok
NorthEuralex Italic	STUPID_3698	CATALAN	PORTUGUESE	malign (identity)	1.0000	1.0000	1.0000	1.0000	ok
NorthEuralex Italic	CLAY_801	ITALIAN	PORTUGUESE	malign (identity)	1.0000	1.0000	1.0000	1.0000	ok
NorthEuralex Italic	MISTAKE_2454	FRENCH	ITALIAN	malign (identity)	1.0000	1.0000	1.0000	1.0000	ok
NorthEuralex Italic	IDOL_1427	CATALAN	ITALIAN	malign (identity)	1.0000	1.0000	1.0000	1.0000	ok
NorthEuralex Italic	MAKE_2366	LATIN	PORTUGUESE	malign (identity)	1.0000	1.0000	1.0000	1.0000	ok
NorthEuralex Italic	PINE_2813	PORTUGUESE	ROMANIAN	malign (identity)	1.0000	1.0000	1.0000	1.0000	ok
NorthEuralex Italic	OWN_2714	PORTUGUESE	ROMANIAN	malign (identity)					skipped
NorthEuralex Italic	CLOUD_853	PORTUGUESE	SPANISH	malign (identity)	1.0000	1.0000	1.0000	1.0000	ok
NorthEuralex Italic	DYE_1233	LATIN	SPANISH	malign (identity)	0.5714	0.5714	0.5714	0.5714	ok
NorthEuralex Italic	EVENING_1321	FRENCH	ITALIAN	malign (identity)					skipped
NorthEuralex Italic	HUNDRED_68	CATALAN	ITALIAN	malign (identity)	1.0000	1.0000	1.0000	1.0000	ok
NorthEuralex Italic	SEPTEMBER_49	LATIN	SPANISH	malign (identity)					skipped
NorthEuralex Italic	FACE_1348	CATALAN	PORTUGUESE	malign (identity)	1.0000	1.0000	1.0000	1.0000	ok
NorthEuralex Italic	HARD_1842	ROMANIAN	SPANISH	malign (identity)	1.0000	1.0000	1.0000	1.0000	ok
NorthEuralex Italic	CALCULATE_658	PORTUGUESE	ROMANIAN	malign (identity)					skipped
NorthEuralex Italic	SOLID_1463	FRENCH	LATIN	malign (identity)	1.0000	1.0000	1.0000	1.0000	ok
NorthEuralex Italic	SLEEP_3383	ITALIAN	ROMANIAN	malign (identity)	1.0000	1.0000	1.0000	1.0000	ok
NorthEuralex Italic	PHYSICIAN_1134	ITALIAN	ROMANIAN	malign (identity)	1.0000	1.0000	1.0000	1.0000	ok
NorthEuralex Italic	THROAT_3960	CATALAN	ITALIAN	malign (identity)	1.0000	1.0000	1.0000	1.0000	ok
NorthEuralex Italic	SOLID_1464	CATALAN	PORTUGUESE	malign (identity)	1.0000	1.0000	1.0000	1.0000	ok
NorthEuralex Italic	BUTTON_652	ITALIAN	SPANISH	malign (identity)	1.0000	1.0000	1.0000	1.0000	ok
NorthEuralex Italic	GROUND_1759	PORTUGUESE	SPANISH	malign (identity)	0.6000	0.6000	0.6000	0.6000	ok
NorthEuralex Italic	SOUR_3486	ROMANIAN	SPANISH	malign (identity)	0.6000	0.6000	0.6000	0.6000	ok
NorthEuralex Italic	SHARPEN_(SOMETHING)_3230	FRENCH	SPANISH	malign (identity)	1.0000	1.0000	1.0000	1.0000	ok
NorthEuralex Italic	BEARD_336	FRENCH	SPANISH	malign (identity)	1.0000	1.0000	1.0000	1.0000	ok
NorthEuralex Italic	SELL_3193	FRENCH	LATIN	malign (identity)	0.5714	0.5714	0.5714	0.5714	ok
NorthEuralex Italic	TREE_4061	FRENCH	LATIN	malign (identity)					skipped
NorthEuralex Italic	AND_151	CATALAN	SPANISH	malign (identity)	1.0000	1.0000	1.0000	1.0000	ok
NorthEuralex Italic	RAW_2963	CATALAN	FRENCH	malign (identity)	1.0000	1.0000	1.0000	1.0000	ok
NorthEuralex Italic	NAVEL_2548	ITALIAN	PORTUGUESE	malign (identity)	1.0000	1.0000	1.0000	1.0000	ok
NorthEuralex Italic	SHEEP_3236	PORTUGUESE	SPANISH	malign (identity)	1.0000	1.0000	1.0000	1.0000	ok
NorthEuralex Italic	SOUP_3480	CATALAN	PORTUGUESE	malign (identity)	1.0000	1.0000	1.0000	1.0000	ok
NorthEuralex Italic	HERE_1922	CATALAN	SPANISH	malign (identity)	1.0000	1.0000	1.0000	1.0000	ok
NorthEuralex Italic	VEIN_4149	LATIN	PORTUGUESE	malign (identity)	1.0000	1.0000	1.0000	1.0000	ok
NorthEuralex Italic	HEIGHT_1898	ITALIAN	SPANISH	malign (identity)					skipped
NorthEuralex Italic	MARCH_33	FRENCH	ROMANIAN	malign (identity)	1.0000	1.0000	1.0000	1.0000	ok
NorthEuralex Italic	STREAM_(FLOW_CONTINUOUSLY)_3673	CATALAN	FRENCH	malign (identity)					skipped
NorthEuralex Italic	BE_ALIVE_2315	LATIN	SPANISH	malign (identity)	1.0000	1.0000	1.0000	1.0000	ok
NorthEuralex Italic	SHAKE_3219	CATALAN	ITALIAN	malign (identity)	0.7143	0.7143	0.7143	0.7143	ok
NorthEuralex Italic	PIT_(POTHOLE)_2818	FRENCH	SPANISH	malign (identity)	1.0000	1.0000	1.0000	1.0000	ok
NorthEuralex Italic	SKIN_3370	ROMANIAN	SPANISH	malign (identity)	1.0000	1.0000	1.0000	1.0000	ok
NorthEuralex Italic	FINE_OR_THIN_1042	ROMANIAN	SPANISH	malign (identity)	1.0000	1.0000	1.0000	1.0000	ok
NorthEuralex Italic	THROW_3967	FRENCH	SPANISH	malign (identity)	0.5000	0.5000	0.5000	0.5000	ok
NorthEuralex Italic	DISH_1108	LATIN	ROMANIAN	malign (identity)	1.0000	1.0000	1.0000	1.0000	ok
NorthEuralex Italic	DAY_(NOT_NIGHT)_1012	LATIN	SPANISH	malign (bootstrap)	1.0000	1.0000	1.0000	1.0000	ok
NorthEuralex Italic	BELOW_OR_UNDER_4122	FRENCH	ROMANIAN	malign (bootstrap)	1.0000	1.0000	1.0000	1.0000	ok
NorthEuralex Italic	MAY_(MONTH)_34	CATALAN	PORTUGUESE	malign (bootstrap)					skipped
NorthEuralex Italic	KEEP_2109	FRENCH	PORTUGUESE	malign (bootstrap)	1.0000	1.0000	1.0000	1.0000	ok
NorthEuralex Italic	HINDER_1937	CATALAN	PORTUGUESE	malign (bootstrap)					skipped
NorthEuralex Italic	EARTH_(SOIL)_1242	FRENCH	SPANISH	malign (bootstrap)	0.6000	0.6000	0.6000	0.6000	ok
NorthEuralex Italic	CROSS_960	FRENCH	LATIN	malign (bootstrap)					skipped
NorthEuralex Italic	COMB_(VERB)_871	CATALAN	PORTUGUESE	malign (bootstrap)	0.5000	0.5000	0.5000	0.5000	ok
NorthEuralex Italic	SPEAK_3529	PORTUGUESE	SPANISH	malign (bootstrap)					skipped
NorthEuralex Italic	BIRCH_425	ITALIAN	LATIN	malign (bootstrap)	1.0000	1.0000	1.0000	1.0000	ok
NorthEuralex Italic	BE_ALIVE_2321	ITALIAN	LATIN	malign (bootstrap)	1.0000	1.0000	1.0000	1.0000	ok
NorthEuralex Italic	COOK_(SOMETHING)_905	LATIN	SPANISH	malign (bootstrap)	0.7778	0.7778	0.7778	0.7778	ok
NorthEuralex Italic	HEEL_1894	ITALIAN	SPANISH	malign (bootstrap)	1.0000	1.0000	1.0000	1.0000	ok
NorthEuralex Italic	HUNGER_2015	ITALIAN	LATIN	malign (bootstrap)	1.0000	1.0000	1.0000	1.0000	ok
NorthEuralex Italic	WHY_4320	ITALIAN	PORTUGUESE	malign (bootstrap)	1.0000	1.0000	1.0000	1.0000	ok
NorthEuralex Italic	BENEFIT_411	ROMANIAN	SPANISH	malign (bootstrap)	1.0000	1.0000	1.0000	1.0000	ok
NorthEuralex Italic	GRAIN_1716	CATALAN	SPANISH	malign (bootstrap)	1.0000	1.0000	1.0000	1.0000	ok
NorthEuralex Italic	SOUP_3480	ITALIAN	ROMANIAN	malign (bootstrap)	1.0000	1.0000	1.0000	1.0000	ok
NorthEuralex Italic	HERD_(SOMETHING)_1916	PORTUGUESE	SPANISH	malign (bootstrap)	1.0000	1.0000	1.0000	1.0000	ok
NorthEuralex Italic	TALK_3815	PORTUGUESE	SPANISH	malign (bootstrap)					skipped
NorthEuralex Italic	MEAT_2396	LATIN	SPANISH	malign (bootstrap)	0.6000	0.6000	0.6000	0.6000	ok
NorthEuralex Italic	ANIMAL_162	FRENCH	ROMANIAN	malign (bootstrap)	1.0000	1.0000	1.0000	1.0000	ok
NorthEuralex Italic	FEATHER_1402	ITALIAN	LATIN	malign (bootstrap)	1.0000	1.0000	1.0000	1.0000	ok
NorthEuralex Italic	SPEECH_3532	ITALIAN	SPANISH	malign (bootstrap)	1.0000	1.0000	1.0000	1.0000	ok
NorthEuralex Italic	POUCH_2863	LATIN	ROMANIAN	malign (bootstrap)	1.0000	1.0000	1.0000	1.0000	ok
NorthEuralex Italic	MEAT_2396	ITALIAN	PORTUGUESE	malign (bootstrap)	1.0000	1.0000	1.0000	1.0000	ok
NorthEuralex Italic	FAMILIAR_1372	ROMANIAN	SPANISH	malign (bootstrap)					skipped
NorthEuralex Italic	HAY_1851	LATIN	SPANISH	malign (bootstrap)	1.0000	1.0000	1.0000	1.0000	ok
NorthEuralex Italic	PLACE_(POSITION)_2825	CATALAN	ROMANIAN	malign (bootstrap)	1.0000	1.0000	1.0000	1.0000	ok
NorthEuralex Italic	CROSS_960	CATALAN	LATIN	malign (bootstrap)	0.6000	0.6000	0.6000	0.6000	ok
NorthEuralex Italic	CONVEY_(A_MESSAGE)_902	PORTUGUESE	SPANISH	malign (bootstrap)	1.0000	1.0000	1.0000	1.0000	ok
NorthEuralex Italic	SEE_3161	ROMANIAN	SPANISH	malign (bootstrap)					skipped
NorthEuralex Italic	COUNTRY_931	FRENCH	PORTUGUESE	malign (bootstrap)	1.0000	1.0000	1.0000	1.0000	ok
NorthEuralex Italic	RESCUE_3005	FRENCH	ITALIAN	malign (bootstrap)	0.7143	0.7143	0.7143	0.7143	ok
NorthEuralex Italic	PREPARE_2888	CATALAN	ITALIAN	malign (bootstrap)	0.4444	0.4444	0.4444	0.4444	ok
NorthEuralex Italic	LIGHT_(IGNITE)_2286	PORTUGUESE	SPANISH	malign (bootstrap)	0.6250	0.6250	0.6250	0.6250	ok
NorthEuralex Italic	BORDER_502	ITALIAN	PORTUGUESE	malign (bootstrap)					skipped
NorthEuralex Italic	THIRD_3927	CATALAN	SPANISH	malign (bootstrap)	0.7143	0.7143	0.7143	0.7143	ok
NorthEuralex Italic	DIFFERENT_1072	ITALIAN	ROMANIAN	malign (bootstrap)	1.0000	1.0000	1.0000	1.0000	ok
NorthEuralex Italic	SEEM_3169	CATALAN	FRENCH	malign (bootstrap)	1.0000	1.0000	1.0000	1.0000	ok
NorthEuralex Italic	CLEVER_814	ITALIAN	SPANISH	malign (bootstrap)	1.0000	1.0000	1.0000	1.0000	ok
NorthEuralex Italic	MOVE_(AFFECT_EMOTIONALLY)_2495	CATALAN	LATIN	malign (bootstrap)	0.7500	0.7500	0.7500	0.7500	ok
NorthEuralex Italic	RING_(MAKE_SOUND)_3028	FRENCH	ROMANIAN	malign (bootstrap)	1.0000	1.0000	1.0000	1.0000	ok
NorthEuralex Italic	GATE_1612	PORTUGUESE	ROMANIAN	malign (bootstrap)	1.0000	1.0000	1.0000	1.0000	ok
NorthEuralex Italic	CEASE_1302	CATALAN	SPANISH	malign (bootstrap)	1.0000	1.0000	1.0000	1.0000	ok
NorthEuralex Italic	BOW_521	FRENCH	PORTUGUESE	malign (bootstrap)	1.0000	1.0000	1.0000	1.0000	ok
NorthEuralex Italic	HORSE_1988	PORTUGUESE	SPANISH	malign (bootstrap)	1.0000	1.0000	1.0000	1.0000	ok
NorthEuralex Italic	MORNING_2475	CATALAN	PORTUGUESE	malign (bootstrap)	1.0000	1.0000	1.0000	1.0000	ok
NorthEuralex Italic	CLOTH_839	LATIN	SPANISH	malign (bootstrap)					skipped
NorthEuralex Italic	HUNGER_2015	LATIN	PORTUGUESE	malign (bootstrap)	1.0000	1.0000	1.0000	1.0000	ok
NorthEuralex Italic	CRADLE_948	FRENCH	PORTUGUESE	malign (bootstrap)	1.0000	1.0000	1.0000	1.0000	ok
NorthEuralex Italic	SELL_3193	CATALAN	LATIN	malign (bootstrap)	1.0000	1.0000	1.0000	1.0000	ok
NorthEuralex Italic	MEAT_2396	ITALIAN	SPANISH	malign (bootstrap)	1.0000	1.0000	1.0000	1.0000	ok
NorthEuralex Italic	TEAR_(OF_EYE)_3842	PORTUGUESE	ROMANIAN	malign (bootstrap)	1.0000	1.0000	1.0000	1.0000	ok
NorthEuralex Italic	RIVER_3060	FRENCH	ROMANIAN	malign (bootstrap)	1.0000	1.0000	1.0000	1.0000	ok
NorthEuralex Italic	FEVER_1421	FRENCH	ROMANIAN	malign (bootstrap)	0.5000	0.5000	0.5000	0.5000	ok
NorthEuralex Italic	SACK_3135	CATALAN	LATIN	malign (bootstrap)	1.0000	1.0000	1.0000	1.0000	ok
NorthEuralex Italic	RECOGNIZE_(SOMEBODY)_2977	FRENCH	ROMANIAN	malign (bootstrap)	0.8182	0.8182	0.8182	0.8182	ok
NorthEuralex Italic	HALF_1802	FRENCH	ITALIAN	malign (bootstrap)	0.3333	0.3333	0.3333	0.3333	ok
NorthEuralex Italic	LIP_2307	ITALIAN	SPANISH	malign (bootstrap)	1.0000	1.0000	1.0000	1.0000	ok
NorthEuralex Italic	CHARACTER_724	FRENCH	SPANISH	malign (bootstrap)	1.0000	1.0000	1.0000	1.0000	ok
NorthEuralex Italic	FISH_1470	CATALAN	SPANISH	malign (bootstrap)	1.0000	1.0000	1.0000	1.0000	ok
NorthEuralex Italic	KEEP_2109	FRENCH	ITALIAN	malign (bootstrap)	0.8000	0.8000	0.8000	0.8000	ok
NorthEuralex Italic	FIFTY_1422	CATALAN	ITALIAN	malign (bootstrap)	1.0000	1.0000	1.0000	1.0000	ok
NorthEuralex Italic	THOUSAND_76	ITALIAN	LATIN	malign (bootstrap)	1.0000	1.0000	1.0000	1.0000	ok
NorthEuralex Italic	SEE_3161	ITALIAN	PORTUGUESE	malign (bootstrap)	1.0000	1.0000	1.0000	1.0000	ok
NorthEuralex Italic	LOOK_FOR_2349	PORTUGUESE	SPANISH	malign (bootstrap)	1.0000	1.0000	1.0000	1.0000	ok
NorthEuralex Italic	HEIGHT_1898	PORTUGUESE	SPANISH	malign (bootstrap)	1.0000	1.0000	1.0000	1.0000	ok
NorthEuralex Italic	PARENTS_2724	PORTUGUESE	SPANISH	malign (bootstrap)	1.0000	1.0000	1.0000	1.0000	ok
NorthEuralex Italic	BRING_585	FRENCH	ITALIAN	malign (bootstrap)	1.0000	1.0000	1.0000	1.0000	ok
NorthEuralex Italic	HOWL_2006	ITALIAN	SPANISH	malign (bootstrap)	1.0000	1.0000	1.0000	1.0000	ok
NorthEuralex Italic	BIRD_429	ROMANIAN	SPANISH	malign (bootstrap)	1.0000	1.0000	1.0000	1.0000	ok
NorthEuralex Italic	ONE_TIME_2665	CATALAN	PORTUGUESE	malign (bootstrap)	0.7778	0.7778	0.7778	0.7778	ok
NorthEuralex Italic	SIT_3342	CATALAN	LATIN	malign (bootstrap)	0.6667	0.6667	0.6667	0.6667	ok
NorthEuralex Italic	LISTEN_2309	FRENCH	PORTUGUESE	malign (bootstrap)	0.7143	0.7143	0.7143	0.7143	ok
NorthEuralex Italic	CAP_686	FRENCH	PORTUGUESE	malign (bootstrap)	1.0000	1.0000	1.0000	1.0000	ok
NorthEuralex Italic	HANG_1820	FRENCH	PORTUGUESE	malign (bootstrap)	1.0000	1.0000	1.0000	1.0000	ok
NorthEuralex Italic	OLD_(AGED)_116	CATALAN	PORTUGUESE	malign (bootstrap)	1.0000	1.0000	1.0000	1.0000	ok
NorthEuralex Italic	HARDLY_1843	ITALIAN	SPANISH	malign (bootstrap)					skipped
NorthEuralex Italic	WEATHER_4259	CATALAN	SPANISH	malign (bootstrap)					skipped
NorthEuralex Italic	SHOW_3298	FRENCH	SPANISH	malign (bootstrap)	1.0000	1.0000	1.0000	1.0000	ok
NorthEuralex Italic	THIN_(SLIM)_3401	CATALAN	SPANISH	malign (bootstrap)	1.0000	1.0000	1.0000	1.0000	ok
NorthEuralex Italic	EGG_1262	LATIN	PORTUGUESE	malign (bootstrap)	1.0000	1.0000	1.0000	1.0000	ok
NorthEuralex Italic	LIGHT_(RADIATION)_2287	LATIN	SPANISH	malign (bootstrap)	1.0000	1.0000	1.0000	1.0000	ok
NorthEuralex Italic	EARTH_(SOIL)_1242	ITALIAN	LATIN	malign (bootstrap)	1.0000	1.0000	1.0000	1.0000	ok
NorthEuralex Italic	KILL_2125	PORTUGUESE	SPANISH	malign (bootstrap)	1.0000	1.0000	1.0000	1.0000	ok
NorthEuralex Italic	LIE_(FALSEHOOD)_2267	ROMANIAN	SPANISH	malign (bootstrap)	0.7500	0.7500	0.7500	0.7500	ok
NorthEuralex Italic	STEAL_3609	PORTUGUESE	ROMANIAN	malign (bootstrap)	1.0000	1.0000	1.0000	1.0000	ok
NorthEuralex Italic	SING_3331	LATIN	PORTUGUESE	malign (bootstrap)	1.0000	1.0000	1.0000	1.0000	ok
NorthEuralex Italic	RING_3027	CATALAN	PORTUGUESE	malign (bootstrap)	1.0000	1.0000	1.0000	1.0000	ok
NorthEuralex Italic	HEIGHT_1898	ITALIAN	LATIN	malign (bootstrap)	0.7500	0.7500	0.7500	0.7500	ok
NorthEuralex Italic	DYE_1233	LATIN	PORTUGUESE	malign (bootstrap)	1.0000	1.0000	1.0000	1.0000	ok
NorthEuralex Italic	WIN_4341	LATIN	SPANISH	malign (bootstrap)	1.0000	1.0000	1.0000	1.0000	ok
NorthEuralex Italic	WALK_4195	CATALAN	PORTUGUESE	malign (bootstrap)	1.0000	1.0000	1.0000	1.0000	ok
NorthEuralex Italic	CONVERSATION_3813	CATALAN	SPANISH	malign (bootstrap)	0.6667	0.6667	0.6667	0.6667	ok
NorthEuralex Italic	BOX_530	ITALIAN	SPANISH	malign (bootstrap)	1.0000	1.0000	1.0000	1.0000	ok
NorthEuralex Italic	DARK_999	ITALIAN	SPANISH	malign (bootstrap)	1.0000	1.0000	1.0000	1.0000	ok
NorthEuralex Italic	FACE_1348	CATALAN	SPANISH	malign (bootstrap)	1.0000	1.0000	1.0000	1.0000	ok
NorthEuralex Italic	FEATHER_1403	CATALAN	FRENCH	malign (bootstrap)	1.0000	1.0000	1.0000	1.0000	ok
NorthEuralex Italic	SPEECH_3532	CATALAN	ROMANIAN	malign (bootstrap)	1.0000	1.0000	1.0000	1.0000	ok
NorthEuralex Italic	CALCULATE_658	FRENCH	ITALIAN	malign (bootstrap)	1.0000	1.0000	1.0000	1.0000	ok
NorthEuralex Italic	SEVEN_3210	ITALIAN	PORTUGUESE	malign (bootstrap)	1.0000	1.0000	1.0000	1.0000	ok
NorthEuralex Italic	SEPARATE_3198	CATALAN	ITALIAN	malign (bootstrap)	1.0000	1.0000	1.0000	1.0000	ok
NorthEuralex Italic	THUNDER_(VERB)_3972	FRENCH	ITALIAN	malign (bootstrap)	0.6667	0.6667	0.6667	0.6667	ok
NorthEuralex Italic	LAIR_2171	ITALIAN	LATIN	malign (bootstrap)	1.0000	1.0000	1.0000	1.0000	ok
NorthEuralex Italic	ARRIVE_186	FRENCH	ITALIAN	malign (bootstrap)	1.0000	1.0000	1.0000	1.0000	ok
NorthEuralex Italic	DECEIVE_1028	CATALAN	PORTUGUESE	malign (bootstrap)	1.0000	1.0000	1.0000	1.0000	ok
NorthEuralex Italic	LIP_2307	FRENCH	SPANISH	malign (bootstrap)	1.0000	1.0000	1.0000	1.0000	ok
NorthEuralex Italic	POUCH_2862	ITALIAN	PORTUGUESE	malign (bootstrap)	0.6667	0.6667	0.6667	0.6667	ok
NorthEuralex Italic	DEAF_1015	CATALAN	FRENCH	malign (bootstrap)	1.0000	1.0000	1.0000	1.0000	ok
NorthEuralex Italic	MOVE_(AFFECT_EMOTIONALLY)_2495	ITALIAN	SPANISH	malign (bootstrap)					skipped
NorthEuralex Italic	STORY_3660	PORTUGUESE	SPANISH	malign (bootstrap)	0.6667	0.6667	0.6667	0.6667	ok
NorthEuralex Italic	FAT_(OBESE)_1388	FRENCH	ITALIAN	malign (bootstrap)	0.6000	0.6000	0.6000	0.6000	ok
NorthEuralex Italic	TEA_3827	CATALAN	SPANISH	malign (bootstrap)	1.0000	1.0000	1.0000	1.0000	ok
NorthEuralex Italic	ALONE_133	FRENCH	ITALIAN	malign (bootstrap)					skipped
NorthEuralex Italic	LIFE_2279	FRENCH	SPANISH	malign (bootstrap)	1.0000	1.0000	1.0000	1.0000	ok
NorthEuralex Italic	WEEK_4264	FRENCH	ROMANIAN	malign (bootstrap)	1.0000	1.0000	1.0000	1.0000	ok
NorthEuralex Italic	FOOD_1517	CATALAN	SPANISH	malign (bootstrap)	1.0000	1.0000	1.0000	1.0000	ok
NorthEuralex Italic	WIND_4345	ITALIAN	SPANISH	malign (bootstrap)	1.0000	1.0000	1.0000	1.0000	ok
NorthEuralex Italic	CURRENT_(STREAM)_969	ITALIAN	PORTUGUESE	malign (bootstrap)	1.0000	1.0000	1.0000	1.0000	ok
NorthEuralex Italic	NAVEL_2548	CATALAN	PORTUGUESE	malign (bootstrap)	0.7778	0.7778	0.7778	0.7778	ok
NorthEuralex Italic	GRAIN_1716	FRENCH	ITALIAN	malign (bootstrap)	0.6000	0.6000	0.6000	0.6000	ok
NorthEuralex Italic	SAND_3140	ITALIAN	SPANISH	malign (bootstrap)	1.0000	1.0000	1.0000	1.0000	ok
NorthEuralex Italic	FEEL_(TACTUALLY)_1411	FRENCH	PORTUGUESE	malign (bootstrap)	1.0000	1.0000	1.0000	1.0000	ok
NorthEuralex Italic	ACHE_87	PORTUGUESE	SPANISH	malign (bootstrap)					skipped
NorthEuralex Italic	PARENTS_2724	FRENCH	SPANISH	malign (bootstrap)	0.5000	0.5000	0.5000	0.5000	ok
NorthEuralex Italic	VERY_4151	CATALAN	ITALIAN	malign (bootstrap)	1.0000	1.0000	1.0000	1.0000	ok
NorthEuralex Italic	BEARD_336	FRENCH	ROMANIAN	malign (bootstrap)	1.0000	1.0000	1.0000	1.0000	ok
NorthEuralex Italic	DEAF_1015	CATALAN	SPANISH	malign (bootstrap)	1.0000	1.0000	1.0000	1.0000	ok
NorthEuralex Italic	RIPEN_3045	CATALAN	LATIN	malign (bootstrap)	1.0000	1.0000	1.0000	1.0000	ok
NorthEuralex Italic	NOSE_2624	CATALAN	LATIN	malign (bootstrap)	1.0000	1.0000	1.0000	1.0000	ok
NorthEuralex Italic	IRON_2079	LATIN	PORTUGUESE	malign (bootstrap)	1.0000	1.0000	1.0000	1.0000	ok
NorthEuralex Italic	BUILD_618	ITALIAN	PORTUGUESE	malign (bootstrap)					skipped
NorthEuralex Italic	ITEM_2082	CATALAN	SPANISH	malign (bootstrap)	1.0000	1.0000	1.0000	1.0000	ok
NorthEuralex Italic	CLEVER_814	ITALIAN	PORTUGUESE	malign (bootstrap)	1.0000	1.0000	1.0000	1.0000	ok
NorthEuralex Italic	COLLAR_864	CATALAN	FRENCH	malign (bootstrap)	1.0000	1.0000	1.0000	1.0000	ok
NorthEuralex Italic	UNDERSTAND_4128	CATALAN	SPANISH	malign (bootstrap)	1.0000	1.0000	1.0000	1.0000	ok
NorthEuralex Italic	CEASE_1298	ITALIAN	ROMANIAN	malign (bootstrap)					skipped
NorthEuralex Italic	DILIGENT_1080	ITALIAN	SPANISH	malign (bootstrap)	1.0000	1.0000	1.0000	1.0000	ok
NorthEuralex Italic	DISTANCE_1113	ITALIAN	SPANISH	malign (bootstrap)	1.0000	1.0000	1.0000	1.0000	ok
NorthEuralex Italic	TOUCH_4029	LATIN	PORTUGUESE	malign (bootstrap)	0.5714	0.5714	0.5714	0.5714	ok
NorthEuralex Italic	FINE_OR_THIN_1043	ITALIAN	SPANISH	malign (bootstrap)	1.0000	1.0000	1.0000	1.0000	ok
NorthEuralex Italic	LINE_2306	CATALAN	FRENCH	malign (bootstrap)	1.0000	1.0000	1.0000	1.0000	ok
NorthEuralex Italic	SPIDER_3536	CATALAN	SPANISH	malign (bootstrap)	1.0000	1.0000	1.0000	1.0000	ok
NorthEuralex Italic	HAPPINESS_1839	ITALIAN	PORTUGUESE	malign (bootstrap)	1.0000	1.0000	1.0000	1.0000	ok
NorthEuralex Italic	GRASS_1738	FRENCH	ITALIAN	malign (bootstrap)	1.0000	1.0000	1.0000	1.0000	ok
NorthEuralex Italic	OAR_2639	PORTUGUESE	SPANISH	malign (bootstrap)	1.0000	1.0000	1.0000	1.0000	ok
NorthEuralex Italic	SING_3331	CATALAN	ROMANIAN	malign (bootstrap)	1.0000	1.0000	1.0000	1.0000	ok
NorthEuralex Italic	SALT_3139	PORTUGUESE	SPANISH	malign (bootstrap)	1.0000	1.0000	1.0000	1.0000	ok
NorthEuralex Italic	STRING_3681	ITALIAN	PORTUGUESE	malign (bootstrap)	0.6667	0.6667	0.6667	0.6667	ok
NorthEuralex Italic	YEAR_4419	CATALAN	ROMANIAN	malign (bootstrap)	1.0000	1.0000	1.0000	1.0000	ok
NorthEuralex Italic	TASTY_1049	FRENCH	LATIN	malign (bootstrap)					skipped
NorthEuralex Italic	DESTROY_1069	FRENCH	SPANISH	malign (bootstrap)					skipped
NorthEuralex Italic	KNIFE_2146	FRENCH	ITALIAN	malign (bootstrap)	1.0000	1.0000	1.0000	1.0000	ok
NorthEuralex Italic	HONEY_1977	FRENCH	ITALIAN	malign (bootstrap)					skipped
NorthEuralex Italic	CALCULATE_658	LATIN	PORTUGUESE	malign (bootstrap)	1.0000	1.0000	1.0000	1.0000	ok
NorthEuralex Italic	POOR_2850	ITALIAN	PORTUGUESE	malign (bootstrap)	1.0000	1.0000	1.0000	1.0000	ok
NorthEuralex Italic	BEAR_334	PORTUGUESE	SPANISH	malign (bootstrap)	1.0000	1.0000	1.0000	1.0000	ok
NorthEuralex Italic	HOW_2002	ITALIAN	SPANISH	malign (bootstrap)	1.0000	1.0000	1.0000	1.0000	ok
NorthEuralex Italic	HELP_(ASSISTANCE)_1903	CATALAN	PORTUGUESE	malign (bootstrap)	1.0000	1.0000	1.0000	1.0000	ok
NorthEuralex Italic	ANT_171	CATALAN	LATIN	malign (bootstrap)	1.0000	1.0000	1.0000	1.0000	ok
NorthEuralex Italic	CHARACTER_724	CATALAN	ROMANIAN	malign (bootstrap)	1.0000	1.0000	1.0000	1.0000	ok
NorthEuralex Italic	BULL_622	FRENCH	SPANISH	malign (bootstrap)	1.0000	1.0000	1.0000	1.0000	ok
NorthEuralex Italic	HOWL_2006	ITALIAN	LATIN	malign (bootstrap)	1.0000	1.0000	1.0000	1.0000	ok
NorthEuralex Italic	CAUSE_TO_(LET)_2256	CATALAN	SPANISH	malign (bootstrap)					skipped
NorthEuralex Italic	BIG_421	ITALIAN	PORTUGUESE	malign (bootstrap)	1.0000	1.0000	1.0000	1.0000	ok
NorthEuralex Italic	PERSON_2009	PORTUGUESE	ROMANIAN	malign (bootstrap)	1.0000	1.0000	1.0000	1.0000	ok
NorthEuralex Italic	CHARACTER_724	CATALAN	ITALIAN	malign (bootstrap)	1.0000	1.0000	1.0000	1.0000	ok
NorthEuralex Italic	WORLD_4395	CATALAN	FRENCH	malign (bootstrap)	1.0000	1.0000	1.0000	1.0000	ok
NorthEuralex Italic	INVITE_2078	ITALIAN	SPANISH	malign (bootstrap)	1.0000	1.0000	1.0000	1.0000	ok
NorthEuralex Italic	MEDICINE_2398	FRENCH	SPANISH	malign (bootstrap)	1.0000	1.0000	1.0000	1.0000	ok
NorthEuralex Italic	TWO_4115	PORTUGUESE	ROMANIAN	malign (bootstrap)	1.0000	1.0000	1.0000	1.0000	ok
NorthEuralex Italic	HARE_1848	FRENCH	ITALIAN	malign (bootstrap)	0.5000	0.5000	0.5000	0.5000	ok
NorthEuralex Italic	DRAW_MILK_2427	ITALIAN	LATIN	malign (bootstrap)	1.0000	1.0000	1.0000	1.0000	ok
NorthEuralex Italic	TONE_(MUSIC)_4022	ITALIAN	PORTUGUESE	malign (bootstrap)	1.0000	1.0000	1.0000	1.0000	ok
NorthEuralex Italic	JULY_25	ITALIAN	SPANISH	malign (bootstrap)	0.6000	0.6000	0.6000	0.6000	ok
NorthEuralex Italic	TONE_(MUSIC)_4022	ROMANIAN	SPANISH	malign (bootstrap)	1.0000	1.0000	1.0000	1.0000	ok
NorthEuralex Italic	SLEEP_3383	CATALAN	ROMANIAN	malign (bootstrap)	1.0000	1.0000	1.0000	1.0000	ok
NorthEuralex Italic	GAME_1605	ITALIAN	PORTUGUESE	malign (bootstrap)	1.0000	1.0000	1.0000	1.0000	ok
NorthEuralex Italic	CORRECT_(RIGHT)_921	PORTUGUESE	ROMANIAN	malign (bootstrap)	1.0000	1.0000	1.0000	1.0000	ok
NorthEuralex Italic	COUNTRY_931	PORTUGUESE	SPANISH	malign (bootstrap)	1.0000	1.0000	1.0000	1.0000	ok
NorthEuralex Italic	STING_3635	ITALIAN	SPANISH	malign (bootstrap)	1.0000	1.0000	1.0000	1.0000	ok
NorthEuralex Italic	REASON_2967	LATIN	ROMANIAN	malign (bootstrap)					skipped
NorthEuralex Italic	SPIDER_3536	ITALIAN	SPANISH	malign (bootstrap)	1.0000	1.0000	1.0000	1.0000	ok
NorthEuralex Italic	SMOKE_(EXHAUST)_3416	ITALIAN	LATIN	malign (bootstrap)					skipped
NorthEuralex Italic	THROW_3967	CATALAN	FRENCH	malign (bootstrap)	1.0000	1.0000	1.0000	1.0000	ok
NorthEuralex Italic	BRIDGE_582	LATIN	ROMANIAN	malign (bootstrap)	0.6000	0.6000	0.6000	0.6000	ok
NorthEuralex Italic	COUNT_928	ITALIAN	SPANISH	malign (bootstrap)	1.0000	1.0000	1.0000	1.0000	ok
NorthEuralex Italic	BUSINESS_638	CATALAN	SPANISH	malign (bootstrap)					skipped
NorthEuralex Italic	SIX_3352	CATALAN	FRENCH	malign (bootstrap)	1.0000	1.0000	1.0000	1.0000	ok
NorthEuralex Italic	POST_2847	LATIN	SPANISH	malign (bootstrap)	0.7143	0.7143	0.7143	0.7143	ok
NorthEuralex Italic	DANCE_995	CATALAN	SPANISH	malign (bootstrap)	1.0000	1.0000	1.0000	1.0000	ok
NorthEuralex Italic	KNOT_2163	CATALAN	LATIN	malign (bootstrap)	0.6000	0.6000	0.6000	0.6000	ok
NorthEuralex Italic	GATE_1612	FRENCH	LATIN	malign (bootstrap)	1.0000	1.0000	1.0000	1.0000	ok
NorthEuralex Italic	GAME_1605	FRENCH	ITALIAN	malign (bootstrap)	1.0000	1.0000	1.0000	1.0000	ok
NorthEuralex Italic	TAKE_3797	CATALAN	FRENCH	malign (bootstrap)	1.0000	1.0000	1.0000	1.0000	ok
NorthEuralex Italic	EAR_1240	CATALAN	ROMANIAN	malign (bootstrap)	1.0000	1.0000	1.0000	1.0000	ok
NorthEuralex Italic	FOR_A_LONG_TIME_2334	ITALIAN	ROMANIAN	malign (bootstrap)					skipped
NorthEuralex Italic	MEDICINE_2398	ITALIAN	SPANISH	malign (bootstrap)	1.0000	1.0000	1.0000	1.0000	ok
NorthEuralex Italic	THOU_3945	CATALAN	FRENCH	malign (bootstrap)	1.0000	1.0000	1.0000	1.0000	ok
NorthEuralex Italic	KNOW_(SOMETHING)_2164	CATALAN	FRENCH	malign (bootstrap)					skipped
NorthEuralex Italic	CHIN_769	FRENCH	LATIN	malign (bootstrap)	1.0000	1.0000	1.0000	1.0000	ok
NorthEuralex Italic	SWAY_3770	CATALAN	FRENCH	malign (bootstrap)	0.6667	0.6667	0.6667	0.6667	ok
NorthEuralex Italic	COUNT_(QUANTITY)_927	PORTUGUESE	SPANISH	malign (bootstrap)	0.7000	0.7000	0.7000	0.7000	ok
NorthEuralex Italic	BREAK_(DESTROY_OR_GET_DESTROYED)_562	ITALIAN	LATIN	malign (bootstrap)	1.0000	1.0000	1.0000	1.0000	ok
NorthEuralex Italic	AUNT_230	ITALIAN	PORTUGUESE	malign (bootstrap)	1.0000	1.0000	1.0000	1.0000	ok
NorthEuralex Italic	COOK_(SOMETHING)_905	FRENCH	LATIN	malign (bootstrap)	0.0000	0.0000	0.0000	0.0000	ok
NorthEuralex Italic	INCREASE_2062	CATALAN	ROMANIAN	malign (bootstrap)	1.0000	1.0000	1.0000	1.0000	ok
NorthEuralex Italic	FINGER_1446	ITALIAN	PORTUGUESE	malign (bootstrap)	1.0000	1.0000	1.0000	1.0000	ok
NorthEuralex Italic	SLEEP_(STATE)_3384	ITALIAN	SPANISH	malign (bootstrap)	0.6000	0.6000	0.6000	0.6000	ok
NorthEuralex Italic	UNCLE_4116	ITALIAN	SPANISH	malign (bootstrap)	1.0000	1.0000	1.0000	1.0000	ok
NorthEuralex Italic	TUBE_2814	FRENCH	SPANISH	malign (bootstrap)	1.0000	1.0000	1.0000	1.0000	ok
NorthEuralex Italic	HARD_1842	LATIN	SPANISH	malign (bootstrap)	1.0000	1.0000	1.0000	1.0000	ok
NorthEuralex Italic	SISTER_3339	CATALAN	SPANISH	malign (bootstrap)	0.7143	0.7143	0.7143	0.7143	ok
NorthEuralex Italic	BULL_622	CATALAN	PORTUGUESE	malign (bootstrap)	1.0000	1.0000	1.0000	1.0000	ok
NorthEuralex Italic	FIND_1442	PORTUGUESE	SPANISH	malign (bootstrap)	0.7778	0.7778	0.7778	0.7778	ok
NorthEuralex Italic	SEE_3161	CATALAN	SPANISH	malign (bootstrap)	1.0000	1.0000	1.0000	1.0000	ok
NorthEuralex Italic	ALL_1325	CATALAN	PORTUGUESE	malign (bootstrap)	1.0000	1.0000	1.0000	1.0000	ok
NorthEuralex Italic	SHINE_3249	PORTUGUESE	SPANISH	malign (bootstrap)	1.0000	1.0000	1.0000	1.0000	ok
NorthEuralex Italic	LINE_2306	CATALAN	PORTUGUESE	malign (bootstrap)	0.6000	0.6000	0.6000	0.6000	ok
NorthEuralex Italic	TENDON_3329	FRENCH	PORTUGUESE	malign (bootstrap)	0.6000	0.6000	0.6000	0.6000	ok
NorthEuralex Italic	MISPLACE_2355	ITALIAN	ROMANIAN	malign (bootstrap)	1.0000	1.0000	1.0000	1.0000	ok
NorthEuralex Italic	SPIDER_3536	CATALAN	LATIN	malign (bootstrap)	0.6667	0.6667	0.6667	0.6667	ok
NorthEuralex Italic	UNDERSTAND_4129	FRENCH	ITALIAN	malign (bootstrap)	1.0000	1.0000	1.0000	1.0000	ok
NorthEuralex Italic	FALL_ASLEEP_1361	ITALIAN	SPANISH	malign (bootstrap)	0.6667	0.6667	0.6667	0.6667	ok
NorthEuralex Italic	FUR_1601	ROMANIAN	SPANISH	malign (bootstrap)	1.0000	1.0000	1.0000	1.0000	ok
NorthEuralex Italic	NAME_2527	ITALIAN	LATIN	malign (bootstrap)					skipped
NorthEuralex Italic	HEAT_1886	ROMANIAN	SPANISH	malign (bootstrap)	1.0000	1.0000	1.0000	1.0000	ok
NorthEuralex Italic	BULL_622	CATALAN	FRENCH	malign (bootstrap)	1.0000	1.0000	1.0000	1.0000	ok
NorthEuralex Italic	BUSINESS_638	LATIN	SPANISH	malign (bootstrap)					skipped
NorthEuralex Italic	ODOR_(SMELL)_2643	ITALIAN	LATIN	malign (bootstrap)	1.0000	1.0000	1.0000	1.0000	ok
NorthEuralex Italic	BUDGE_(ONESELF)_612	LATIN	PORTUGUESE	malign (bootstrap)	1.0000	1.0000	1.0000	1.0000	ok
NorthEuralex Italic	BREAK_(CLEAVE)_562	ROMANIAN	SPANISH	malign (bootstrap)					skipped
NorthEuralex Italic	TREE_4061	CATALAN	PORTUGUESE	malign (bootstrap)	1.0000	1.0000	1.0000	1.0000	ok
NorthEuralex Italic	WE_4247	FRENCH	PORTUGUESE	malign (bootstrap)	1.0000	1.0000	1.0000	1.0000	ok
NorthEuralex Italic	FATHER_1395	FRENCH	PORTUGUESE	malign (bootstrap)	1.0000	1.0000	1.0000	1.0000	ok
NorthEuralex Italic	BROTHER_604	LATIN	ROMANIAN	malign (bootstrap)	1.0000	1.0000	1.0000	1.0000	ok
NorthEuralex Italic	WIND_4345	LATIN	SPANISH	malign (bootstrap)	1.0000	1.0000	1.0000	1.0000	ok
NorthEuralex Italic	CLOUD_853	CATALAN	LATIN	malign (bootstrap)	1.0000	1.0000	1.0000	1.0000	ok
NorthEuralex Italic	FRESH_1578	ITALIAN	SPANISH	malign (bootstrap)	1.0000	1.0000	1.0000	1.0000	ok
NorthEuralex Italic	CEASE_1297	FRENCH	ITALIAN	malign (bootstrap)	1.0000	1.0000	1.0000	1.0000	ok
NorthEuralex Italic	CAVE_707	FRENCH	PORTUGUESE	malign (bootstrap)	1.0000	1.0000	1.0000	1.0000	ok
NorthEuralex Italic	IDOL_1427	PORTUGUESE	SPANISH	malign (bootstrap)	1.0000	1.0000	1.0000	1.0000	ok
NorthEuralex Italic	SKIN_3370	ITALIAN	LATIN	malign (bootstrap)	1.0000	1.0000	1.0000	1.0000	ok
NorthEuralex Italic	DENSE_1056	ITALIAN	LATIN	malign (bootstrap)	1.0000	1.0000	1.0000	1.0000	ok
NorthEuralex Italic	KETTLE_2114	PORTUGUESE	SPANISH	malign (bootstrap)	1.0000	1.0000	1.0000	1.0000	ok
NorthEuralex Italic	BOIL_(SOMETHING)_486	CATALAN	LATIN	malign (bootstrap)	0.6667	0.6667	0.6667	0.6667	ok
NorthEuralex Italic	COAST_857	CATALAN	ITALIAN	malign (bootstrap)	1.0000	1.0000	1.0000	1.0000	ok
NorthEuralex Italic	SOUP_3480	FRENCH	ITALIAN	malign (bootstrap)	1.0000	1.0000	1.0000	1.0000	ok
NorthEuralex Italic	OPEN_(STATE)_2695	ITALIAN	PORTUGUESE	malign (bootstrap)	1.0000	1.0000	1.0000	1.0000	ok
NorthEuralex Italic	LENGTH_2252	CATALAN	ITALIAN	malign (bootstrap)	0.2222	0.2222	0.2222	0.2222	ok
NorthEuralex Italic	GRIEF_1752	FRENCH	SPANISH	malign (bootstrap)	1.0000	1.0000	1.0000	1.0000	ok
NorthEuralex Italic	OF_THIS_KIND_(SUCH)_3433	FRENCH	PORTUGUESE	malign (bootstrap)	1.0000	1.0000	1.0000	1.0000	ok
NorthEuralex Italic	IRON_2079	CATALAN	LATIN	malign (bootstrap)	1.0000	1.0000	1.0000	1.0000	ok
NorthEuralex Italic	LINE_2306	FRENCH	ROMANIAN	malign (bootstrap)	0.6000	0.6000	0.6000	0.6000	ok
NorthEuralex Italic	SHOW_3298	LATIN	SPANISH	malign (bootstrap)	1.0000	1.0000	1.0000	1.0000	ok
NorthEuralex Italic	DOOR_1149	FRENCH	ITALIAN	malign (bootstrap)	1.0000	1.0000	1.0000	1.0000	ok
NorthEuralex Italic	NEST_2566	CATALAN	SPANISH	malign (bootstrap)	1.0000	1.0000	1.0000	1.0000	ok
NorthEuralex Italic	THICK_3904	LATIN	SPANISH	malign (bootstrap)	0.2857	0.2857	0.2857	0.2857	ok
NorthEuralex Italic	ONLY_2685	ITALIAN	LATIN	malign (bootstrap)	1.0000	1.0000	1.0000	1.0000	ok
NorthEuralex Italic	CHAT_(WITH_SOMEBODY)_726	ITALIAN	ROMANIAN	malign (bootstrap)	1.0000	1.0000	1.0000	1.0000	ok
NorthEuralex Italic	APRIL_1	ITALIAN	SPANISH	malign (bootstrap)	1.0000	1.0000	1.0000	1.0000	ok
NorthEuralex Italic	THINK_(REFLECT)_3924	FRENCH	PORTUGUESE	malign (bootstrap)	1.0000	1.0000	1.0000	1.0000	ok
NorthEuralex Italic	COW_946	FRENCH	PORTUGUESE	malign (bootstrap)	0.5000	0.5000	0.5000	0.5000	ok
NorthEuralex Italic	CHEST_569	ITALIAN	LATIN	malign (bootstrap)	1.0000	1.0000	1.0000	1.0000	ok
NorthEuralex Italic	HARD_1842	FRENCH	LATIN	malign (bootstrap)	1.0000	1.0000	1.0000	1.0000	ok
NorthEuralex Italic	WIFE_4329	PORTUGUESE	SPANISH	malign (bootstrap)	1.0000	1.0000	1.0000	1.0000	ok
NorthEuralex Italic	DRAW_MILK_2428	PORTUGUESE	SPANISH	malign (bootstrap)	1.0000	1.0000	1.0000	1.0000	ok
NorthEuralex Italic	PROMISE_2913	LATIN	PORTUGUESE	malign (bootstrap)	1.0000	1.0000	1.0000	1.0000	ok
NorthEuralex Italic	CEASE_1298	CATALAN	SPANISH	malign (bootstrap)	1.0000	1.0000	1.0000	1.0000	ok
NorthEuralex Italic	JUNE_29	ITALIAN	SPANISH	malign (bootstrap)	0.6000	0.6000	0.6000	0.6000	ok
NorthEuralex Italic	RUN_3119	ITALIAN	LATIN	malign (bootstrap)	1.0000	1.0000	1.0000	1.0000	ok
NorthEuralex Italic	MISPLACE_2355	FRENCH	ROMANIAN	malign (bootstrap)					skipped
NorthEuralex Italic	FATHER_1395	LATIN	PORTUGUESE	malign (bootstrap)	1.0000	1.0000	1.0000	1.0000	ok
NorthEuralex Italic	STRING_3681	PORTUGUESE	SPANISH	malign (bootstrap)	0.7143	0.7143	0.7143	0.7143	ok
NorthEuralex Italic	NEW_2577	ITALIAN	ROMANIAN	malign (bootstrap)	0.6000	0.6000	0.6000	0.6000	ok
NorthEuralex Italic	ANT_171	ITALIAN	ROMANIAN	malign (bootstrap)	1.0000	1.0000	1.0000	1.0000	ok
NorthEuralex Italic	NEEDLE_(FOR_SEWING)_2563	CATALAN	PORTUGUESE	malign (bootstrap)	1.0000	1.0000	1.0000	1.0000	ok
NorthEuralex Italic	CROW_961	FRENCH	ITALIAN	malign (bootstrap)	0.7500	0.7500	0.7500	0.7500	ok
NorthEuralex Italic	DRINK_1173	PORTUGUESE	SPANISH	malign (bootstrap)	1.0000	1.0000	1.0000	1.0000	ok
NorthEuralex Italic	DECEMBER_5	FRENCH	SPANISH	malign (bootstrap)	0.7778	0.7778	0.7778	0.7778	ok
NorthEuralex Italic	DAMAGE_(INJURY)_981	CATALAN	ITALIAN	malign (bootstrap)	1.0000	1.0000	1.0000	1.0000	ok
NorthEuralex Italic	FAMILIAR_1372	PORTUGUESE	SPANISH	malign (bootstrap)	1.0000	1.0000	1.0000	1.0000	ok
NorthEuralex Italic	MARCH_33	CATALAN	FRENCH	malign (bootstrap)	1.0000	1.0000	1.0000	1.0000	ok
NorthEuralex Italic	MESSAGE_2419	CATALAN	SPANISH	malign (bootstrap)	1.0000	1.0000	1.0000	1.0000	ok
NorthEuralex Italic	HAND_1805	ROMANIAN	SPANISH	malign (bootstrap)	1.0000	1.0000	1.0000	1.0000	ok
NorthEuralex Italic	PRECIOUS_2887	CATALAN	ROMANIAN	malign (bootstrap)					skipped
NorthEuralex Italic	GREY_1748	CATALAN	ITALIAN	malign (bootstrap)	1.0000	1.0000	1.0000	1.0000	ok
NorthEuralex Italic	LIFT_2281	ITALIAN	LATIN	malign (bootstrap)	1.0000	1.0000	1.0000	1.0000	ok
NorthEuralex Italic	WHY_4321	CATALAN	SPANISH	malign (bootstrap)	1.0000	1.0000	1.0000	1.0000	ok
NorthEuralex Italic	VEIN_4149	ROMANIAN	SPANISH	malign (bootstrap)	1.0000	1.0000	1.0000	1.0000	ok
NorthEuralex Italic	LADDER_2166	LATIN	ROMANIAN	malign (bootstrap)					skipped
NorthEuralex Italic	BREAK_(DESTROY_OR_GET_DESTROYED)_562	LATIN	PORTUGUESE	malign (bootstrap)	1.0000	1.0000	1.0000	1.0000	ok
NorthEuralex Italic	CONVEY_(A_MESSAGE)_902	ITALIAN	PORTUGUESE	malign (bootstrap)	1.0000	1.0000	1.0000	1.0000	ok
NorthEuralex Italic	MEANING_2390	PORTUGUESE	SPANISH	malign (bootstrap)	0.7143	0.7143	0.7143	0.7143	ok
NorthEuralex Italic	BOSS_513	PORTUGUESE	SPANISH	malign (bootstrap)	1.0000	1.0000	1.0000	1.0000	ok
NorthEuralex Italic	ALONE_133	ITALIAN	PORTUGUESE	malign (bootstrap)					skipped
NorthEuralex Italic	PIG_2798	CATALAN	PORTUGUESE	malign (bootstrap)	1.0000	1.0000	1.0000	1.0000	ok
NorthEuralex Italic	DOOR_1149	CATALAN	SPANISH	malign (bootstrap)	0.6667	0.6667	0.6667	0.6667	ok
NorthEuralex Italic	LID_(COVER,_CAP)_943	CATALAN	PORTUGUESE	malign (bootstrap)	1.0000	1.0000	1.0000	1.0000	ok
NorthEuralex Italic	FEEL_(TACTUALLY)_1411	FRENCH	SPANISH	malign (bootstrap)	0.6667	0.6667	0.6667	0.6667	ok
NorthEuralex Italic	SUN_3735	ITALIAN	SPANISH	malign (bootstrap)	1.0000	1.0000	1.0000	1.0000	ok
NorthEuralex Italic	STATE_(POLITICS)_3600	CATALAN	PORTUGUESE	malign (bootstrap)	1.0000	1.0000	1.0000	1.0000	ok
NorthEuralex Italic	APRIL_1	ROMANIAN	SPANISH	malign (bootstrap)	1.0000	1.0000	1.0000	1.0000	ok
NorthEuralex Italic	CHIN_769	CATALAN	ITALIAN	malign (bootstrap)	1.0000	1.0000	1.0000	1.0000	ok
NorthEuralex Italic	ENEMY_1312	CATALAN	LATIN	malign (bootstrap)	1.0000	1.0000	1.0000	1.0000	ok
NorthEuralex Italic	BLOW_(WITH_MOUTH)_458	ITALIAN	ROMANIAN	malign (bootstrap)					skipped
NorthEuralex Italic	RUN_3119	CATALAN	SPANISH	malign (bootstrap)	1.0000	1.0000	1.0000	1.0000	ok
NorthEuralex Italic	END_(OF_SPACE)_1301	ITALIAN	SPANISH	malign (bootstrap)	0.8000	0.8000	0.8000	0.8000	ok
NorthEuralex Italic	STINGY_3639	FRENCH	ITALIAN	malign (bootstrap)	1.0000	1.0000	1.0000	1.0000	ok
NorthEuralex Italic	DISH_1108	CATALAN	ROMANIAN	malign (bootstrap)	1.0000	1.0000	1.0000	1.0000	ok
NorthEuralex Italic	BOOK_495	CATALAN	SPANISH	malign (bootstrap)	1.0000	1.0000	1.0000	1.0000	ok
NorthEuralex Italic	NOTICE_(SOMETHING)_2629	ITALIAN	PORTUGUESE	malign (bootstrap)	1.0000	1.0000	1.0000	1.0000	ok
NorthEuralex Italic	RIVER_3059	PORTUGUESE	ROMANIAN	malign (bootstrap)	1.0000	1.0000	1.0000	1.0000	ok
NorthEuralex Italic	BOIL_(SOMETHING)_486	CATALAN	SPANISH	malign (bootstrap)	1.0000	1.0000	1.0000	1.0000	ok
NorthEuralex Italic	REPAIR_2998	FRENCH	PORTUGUESE	malign (bootstrap)	1.0000	1.0000	1.0000	1.0000	ok
NorthEuralex Italic	HANDLE_1812	CATALAN	ITALIAN	malign (bootstrap)					skipped
NorthEuralex Italic	KNOT_2163	LATIN	SPANISH	malign (bootstrap)	1.0000	1.0000	1.0000	1.0000	ok
NorthEuralex Italic	CROSS_960	ITALIAN	PORTUGUESE	malign (bootstrap)	1.0000	1.0000	1.0000	1.0000	ok
NorthEuralex Italic	REASON_2967	CATALAN	ITALIAN	malign (bootstrap)					skipped
NorthEuralex Italic	FALL_ASLEEP_1361	FRENCH	ITALIAN	malign (bootstrap)	0.8462	0.8462	0.8462	0.8462	ok
NorthEuralex Italic	INCREASE_2062	PORTUGUESE	SPANISH	malign (bootstrap)					skipped
NorthEuralex Italic	FEVER_1421	FRENCH	LATIN	malign (bootstrap)	1.0000	1.0000	1.0000	1.0000	ok
NorthEuralex Italic	FOAM_1508	CATALAN	ITALIAN	malign (bootstrap)	1.0000	1.0000	1.0000	1.0000	ok
NorthEuralex Italic	SMOOTH_3420	ROMANIAN	SPANISH	malign (bootstrap)	1.0000	1.0000	1.0000	1.0000	ok
NorthEuralex Italic	BELLY_384	LATIN	SPANISH	malign (bootstrap)	1.0000	1.0000	1.0000	1.0000	ok
NorthEuralex Italic	FOOTPRINT_4047	CATALAN	FRENCH	malign (bootstrap)	1.0000	1.0000	1.0000	1.0000	ok
NorthEuralex Italic	PICK_2778	PORTUGUESE	ROMANIAN	malign (bootstrap)	1.0000	1.0000	1.0000	1.0000	ok
NorthEuralex Italic	SMOOTH_3420	CATALAN	SPANISH	malign (bootstrap)	1.0000	1.0000	1.0000	1.0000	ok
NorthEuralex Italic	KNIFE_2146	ITALIAN	SPANISH	malign (bootstrap)	0.7143	0.7143	0.7143	0.7143	ok
NorthEuralex Italic	FAULT_1398	ITALIAN	PORTUGUESE	malign (bootstrap)	1.0000	1.0000	1.0000	1.0000	ok
NorthEuralex Italic	DAMP_993	CATALAN	PORTUGUESE	malign (bootstrap)	1.0000	1.0000	1.0000	1.0000	ok
NorthEuralex Italic	SEPTEMBER_49	FRENCH	ROMANIAN	malign (bootstrap)	0.6000	0.6000	0.6000	0.6000	ok
NorthEuralex Italic	BODY_484	FRENCH	ROMANIAN	malign (bootstrap)	1.0000	1.0000	1.0000	1.0000	ok
NorthEuralex Italic	TIME_3983	ITALIAN	LATIN	malign (bootstrap)	1.0000	1.0000	1.0000	1.0000	ok
NorthEuralex Italic	HIGH_78	ITALIAN	LATIN	malign (bootstrap)	1.0000	1.0000	1.0000	1.0000	ok
NorthEuralex Italic	GRAIN_1716	LATIN	SPANISH	malign (bootstrap)	1.0000	1.0000	1.0000	1.0000	ok
NorthEuralex Italic	THIRTY_3930	FRENCH	PORTUGUESE	malign (bootstrap)	1.0000	1.0000	1.0000	1.0000	ok
NorthEuralex Italic	PROTECT_2916	FRENCH	ROMANIAN	malign (bootstrap)	1.0000	1.0000	1.0000	1.0000	ok
NorthEuralex Italic	NINE_2600	FRENCH	SPANISH	malign (bootstrap)	0.6000	0.6000	0.6000	0.6000	ok
NorthEuralex Italic	HORSE_1988	FRENCH	SPANISH	malign (bootstrap)	1.0000	1.0000	1.0000	1.0000	ok
NorthEuralex Italic	HILL_1931	LATIN	PORTUGUESE	malign (bootstrap)	0.6667	0.6667	0.6667	0.6667	ok
NorthEuralex Italic	BELIEVE_383	FRENCH	SPANISH	malign (bootstrap)					skipped
NorthEuralex Italic	GATHER_1613	ITALIAN	SPANISH	malign (bootstrap)					skipped
NorthEuralex Italic	SILVER_3324	CATALAN	PORTUGUESE	malign (bootstrap)	1.0000	1.0000	1.0000	1.0000	ok
NorthEuralex Italic	PAW_2747	PORTUGUESE	SPANISH	malign (bootstrap)	1.0000	1.0000	1.0000	1.0000	ok
NorthEuralex Italic	MEDICINE_2399	FRENCH	LATIN	malign (bootstrap)	1.0000	1.0000	1.0000	1.0000	ok
NorthEuralex Italic	CEASE_1298	ROMANIAN	SPANISH	malign (bootstrap)					skipped
NorthEuralex Italic	MEET_2403	ITALIAN	PORTUGUESE	malign (bootstrap)	0.8000	0.8000	0.8000	0.8000	ok
NorthEuralex Italic	RAIN_(RAINING)_2943	CATALAN	FRENCH	malign (bootstrap)					skipped
NorthEuralex Italic	WIN_4341	ITALIAN	SPANISH	malign (bootstrap)	1.0000	1.0000	1.0000	1.0000	ok
NorthEuralex Italic	SING_3331	ROMANIAN	SPANISH	malign (bootstrap)					skipped
NorthEuralex Italic	PHYSICIAN_1134	LATIN	SPANISH	malign (bootstrap)	1.0000	1.0000	1.0000	1.0000	ok
NorthEuralex Italic	BETWEEN_419	LATIN	SPANISH	malign (bootstrap)	1.0000	1.0000	1.0000	1.0000	ok
NorthEuralex Italic	DECEMBER_5	FRENCH	PORTUGUESE	malign (bootstrap)	1.0000	1.0000	1.0000	1.0000	ok
NorthEuralex Italic	LETTER_2259	CATALAN	SPANISH	malign (bootstrap)	1.0000	1.0000	1.0000	1.0000	ok
NorthEuralex Italic	FOOD_1517	CATALAN	PORTUGUESE	malign (bootstrap)					skipped
NorthEuralex Italic	LINE_2306	FRENCH	LATIN	malign (bootstrap)	1.0000	1.0000	1.0000	1.0000	ok
NorthEuralex Italic	BOAT_480	CATALAN	ITALIAN	malign (bootstrap)	0.5000	0.5000	0.5000	0.5000	ok
NorthEuralex Italic	DAMP_993	FRENCH	PORTUGUESE	malign (bootstrap)	1.0000	1.0000	1.0000	1.0000	ok
NorthEuralex Italic	STORY_3659	LATIN	SPANISH	malign (bootstrap)					skipped
NorthEuralex Italic	PRESERVE_2890	PORTUGUESE	SPANISH	malign (bootstrap)	0.6667	0.6667	0.6667	0.6667	ok
NorthEuralex Italic	ODOR_(SMELL)_2643	ITALIAN	PORTUGUESE	malign (bootstrap)	1.0000	1.0000	1.0000	1.0000	ok
NorthEuralex Italic	STRENGTH_3678	CATALAN	ROMANIAN	malign (bootstrap)	1.0000	1.0000	1.0000	1.0000	ok
NorthEuralex Italic	WOOD_4375	ITALIAN	LATIN	malign (bootstrap)	1.0000	1.0000	1.0000	1.0000	ok
NorthEuralex Italic	DECEMBER_5	ITALIAN	ROMANIAN	malign (bootstrap)	1.0000	1.0000	1.0000	1.0000	ok
NorthEuralex Italic	SEVEN_3210	PORTUGUESE	SPANISH	malign (bootstrap)	1.0000	1.0000	1.0000	1.0000	ok
NorthEuralex Italic	GAME_1605	CATALAN	PORTUGUESE	malign (bootstrap)	1.0000	1.0000	1.0000	1.0000	ok
NorthEuralex Italic	LAUGHTER_2198	LATIN	SPANISH	malign (bootstrap)	1.0000	1.0000	1.0000	1.0000	ok
NorthEuralex Italic	BOTHER_(HARASS)_517	CATALAN	ROMANIAN	malign (bootstrap)	1.0000	1.0000	1.0000	1.0000	ok
NorthEuralex Italic	STRENGTH_3677	ITALIAN	PORTUGUESE	malign (bootstrap)	0.7500	0.7500	0.7500	0.7500	ok
NorthEuralex Italic	AIR_129	FRENCH	LATIN	malign (bootstrap)	0.3333	0.3333	0.3333	0.3333	ok
NorthEuralex Italic	GOLD_1700	LATIN	SPANISH	malign (bootstrap)	0.5000	0.5000	0.5000	0.5000	ok
NorthEuralex Italic	RIPE_3042	LATIN	PORTUGUESE	malign (bootstrap)	1.0000	1.0000	1.0000	1.0000	ok
NorthEuralex Italic	STIR_3643	LATIN	PORTUGUESE	malign (bootstrap)	1.0000	1.0000	1.0000	1.0000	ok
NorthEuralex Italic	CHANGE_(BECOME_DIFFERENT)_719	ITALIAN	SPANISH	malign (bootstrap)					skipped
NorthEuralex Italic	PERCH_(FISH)_2774	LATIN	SPANISH	malign (bootstrap)	1.0000	1.0000	1.0000	1.0000	ok
NorthEuralex Italic	ODOR_(SMELL)_2643	PORTUGUESE	SPANISH	malign (bootstrap)	1.0000	1.0000	1.0000	1.0000	ok
NorthEuralex Italic	DIFFERENT_1072	FRENCH	PORTUGUESE	malign (bootstrap)	0.7500	0.7500	0.7500	0.7500	ok
NorthEuralex Italic	NEST_2566	ITALIAN	LATIN	malign (bootstrap)	1.0000	1.0000	1.0000	1.0000	ok
NorthEuralex Italic	WIND_4345	CATALAN	SPANISH	malign (bootstrap)	1.0000	1.0000	1.0000	1.0000	ok
NorthEuralex Italic	NOVEMBER_42	CATALAN	ITALIAN	malign (bootstrap)	1.0000	1.0000	1.0000	1.0000	ok
NorthEuralex Italic	SLEEVE_3386	ITALIAN	LATIN	malign (bootstrap)	1.0000	1.0000	1.0000	1.0000	ok
NorthEuralex Italic	PASS_2730	PORTUGUESE	SPANISH	malign (bootstrap)	1.0000	1.0000	1.0000	1.0000	ok
NorthEuralex Italic	SIXTY_3355	ITALIAN	SPANISH	malign (bootstrap)	1.0000	1.0000	1.0000	1.0000	ok
NorthEuralex Italic	NAKED_2523	FRENCH	ITALIAN	malign (bootstrap)	0.5000	0.5000	0.5000	0.5000	ok
NorthEuralex Italic	DISEASE_2042	PORTUGUESE	SPANISH	malign (bootstrap)	1.0000	1.0000	1.0000	1.0000	ok
NorthEuralex Italic	GATE_1612	ITALIAN	LATIN	malign (bootstrap)	1.0000	1.0000	1.0000	1.0000	ok
NorthEuralex Italic	SOUTH_3499	FRENCH	ITALIAN	malign (bootstrap)	1.0000	1.0000	1.0000	1.0000	ok
NorthEuralex Italic	SEE_3161	FRENCH	LATIN	malign (bootstrap)					skipped
NorthEuralex Italic	FLOWER_1502	CATALAN	PORTUGUESE	malign (bootstrap)	1.0000	1.0000	1.0000	1.0000	ok
NorthEuralex Italic	NET_2568	LATIN	SPANISH	malign (bootstrap)	1.0000	1.0000	1.0000	1.0000	ok
NorthEuralex Italic	SLEEP_(STATE)_3384	CATALAN	ROMANIAN	malign (bootstrap)	1.0000	1.0000	1.0000	1.0000	ok
NorthEuralex Italic	ACHE_87	ITALIAN	SPANISH	malign (bootstrap)	1.0000	1.0000	1.0000	1.0000	ok
NorthEuralex Italic	NIGHT_2598	PORTUGUESE	SPANISH	malign (bootstrap)	0.6000	0.6000	0.6000	0.6000	ok
NorthEuralex Italic	MONEY_2459	CATALAN	SPANISH	malign (bootstrap)					skipped
NorthEuralex Italic	HANDLE_1812	ITALIAN	SPANISH	malign (bootstrap)	1.0000	1.0000	1.0000	1.0000	ok
NorthEuralex Italic	STINGY_3639	FRENCH	PORTUGUESE	malign (bootstrap)	1.0000	1.0000	1.0000	1.0000	ok
NorthEuralex Italic	PAIN_2716	ITALIAN	LATIN	malign (bootstrap)	1.0000	1.0000	1.0000	1.0000	ok
NorthEuralex Italic	THREE_3957	FRENCH	PORTUGUESE	malign (bootstrap)					skipped
NorthEuralex Italic	SUN_3735	ITALIAN	PORTUGUESE	malign (bootstrap)	1.0000	1.0000	1.0000	1.0000	ok
NorthEuralex Italic	SUPPORT_(OF_OBJECT)_3738	CATALAN	PORTUGUESE	malign (bootstrap)	1.0000	1.0000	1.0000	1.0000	ok
NorthEuralex Italic	HARD_1842	LATIN	ROMANIAN	malign (bootstrap)	1.0000	1.0000	1.0000	1.0000	ok
NorthEuralex Italic	WOMAN_4370	LATIN	SPANISH	malign (bootstrap)	0.6667	0.6667	0.6667	0.6667	ok
NorthEuralex Italic	TONGUE_4024	CATALAN	PORTUGUESE	malign (bootstrap)	1.0000	1.0000	1.0000	1.0000	ok
NorthEuralex Italic	FIR_1457	CATALAN	PORTUGUESE	malign (bootstrap)	1.0000	1.0000	1.0000	1.0000	ok
NorthEuralex Italic	COLD_862	CATALAN	ITALIAN	malign (bootstrap)	0.6000	0.6000	0.6000	0.6000	ok
NorthEuralex Italic	MILK_2426	FRENCH	SPANISH	malign (bootstrap)	1.0000	1.0000	1.0000	1.0000	ok
NorthEuralex Italic	WOUND_4402	CATALAN	PORTUGUESE	malign (bootstrap)	1.0000	1.0000	1.0000	1.0000	ok
NorthEuralex Italic	PINE_2813	FRENCH	LATIN	malign (bootstrap)	1.0000	1.0000	1.0000	1.0000	ok
NorthEuralex Italic	COOK_(SOMETHING)_905	FRENCH	SPANISH	malign (bootstrap)	1.0000	1.0000	1.0000	1.0000	ok
NorthEuralex Italic	IDOL_1427	FRENCH	SPANISH	malign (bootstrap)	1.0000	1.0000	1.0000	1.0000	ok
NorthEuralex Italic	NOVEMBER_42	PORTUGUESE	SPANISH	malign (bootstrap)	0.7778	0.7778	0.7778	0.7778	ok
NorthEuralex Italic	HONEY_1977	CATALAN	SPANISH	malign (bootstrap)	1.0000	1.0000	1.0000	1.0000	ok
NorthEuralex Italic	GRAIN_1716	FRENCH	SPANISH	malign (bootstrap)	0.6000	0.6000	0.6000	0.6000	ok
NorthEuralex Italic	END_(OF_SPACE)_1299	CATALAN	SPANISH	malign (bootstrap)	1.0000	1.0000	1.0000	1.0000	ok
NorthEuralex Italic	BELLY_384	FRENCH	PORTUGUESE	malign (bootstrap)	1.0000	1.0000	1.0000	1.0000	ok
NorthEuralex Italic	BOW_521	LATIN	PORTUGUESE	malign (bootstrap)	1.0000	1.0000	1.0000	1.0000	ok
NorthEuralex Italic	KEEP_2109	FRENCH	LATIN	malign (bootstrap)	0.7778	0.7778	0.7778	0.7778	ok
NorthEuralex Italic	TOUCH_4029	ITALIAN	LATIN	malign (bootstrap)	1.0000	1.0000	1.0000	1.0000	ok
NorthEuralex Italic	CHEAP_733	CATALAN	PORTUGUESE	malign (bootstrap)	1.0000	1.0000	1.0000	1.0000	ok
NorthEuralex Italic	TENDON_3329	PORTUGUESE	SPANISH	malign (bootstrap)	0.6667	0.6667	0.6667	0.6667	ok
NorthEuralex Italic	SOLID_1463	CATALAN	FRENCH	malign (bootstrap)	1.0000	1.0000	1.0000	1.0000	ok
NorthEuralex Italic	GET_2973	ITALIAN	SPANISH	malign (bootstrap)	1.0000	1.0000	1.0000	1.0000	ok
NorthEuralex Italic	SEVENTY_3211	PORTUGUESE	SPANISH	malign (bootstrap)	0.7143	0.7143	0.7143	0.7143	ok
NorthEuralex Italic	WARM_4216	CATALAN	LATIN	malign (bootstrap)	0.7143	0.7143	0.7143	0.7143	ok
NorthEuralex Italic	SING_3331	PORTUGUESE	SPANISH	malign (bootstrap)	1.0000	1.0000	1.0000	1.0000	ok
NorthEuralex Italic	JUMP_2107	PORTUGUESE	SPANISH	malign (bootstrap)	1.0000	1.0000	1.0000	1.0000	ok
NorthEuralex Italic	END_(OF_SPACE)_1299	ITALIAN	ROMANIAN	malign (bootstrap)	1.0000	1.0000	1.0000	1.0000	ok
NorthEuralex Italic	AMOUNT_149	ITALIAN	ROMANIAN	malign (bootstrap)	1.0000	1.0000	1.0000	1.0000	ok
NorthEuralex Italic	CURRENT_(STREAM)_969	PORTUGUESE	ROMANIAN	malign (bootstrap)	0.7143	0.7143	0.7143	0.7143	ok
NorthEuralex Italic	SPIRIT_3545	ITALIAN	PORTUGUESE	malign (bootstrap)	1.0000	1.0000	1.0000	1.0000	ok
NorthEuralex Italic	HEIGHT_1898	CATALAN	ITALIAN	malign (bootstrap)					skipped
NorthEuralex Italic	FLY_(INSECT)_1504	ITALIAN	ROMANIAN	malign (bootstrap)	1.0000	1.0000	1.0000	1.0000	ok
NorthEuralex Italic	YOU_4433	LATIN	ROMANIAN	malign (bootstrap)					skipped
NorthEuralex Italic	THREE_3957	CATALAN	ITALIAN	malign (bootstrap)	1.0000	1.0000	1.0000	1.0000	ok
NorthEuralex Italic	BREAK_(CLEAVE)_563	PORTUGUESE	SPANISH	malign (bootstrap)	1.0000	1.0000	1.0000	1.0000	ok
NorthEuralex Italic	KNOT_2163	ITALIAN	LATIN	malign (bootstrap)	1.0000	1.0000	1.0000	1.0000	ok
NorthEuralex Italic	DESTROY_1069	ROMANIAN	SPANISH	malign (bootstrap)					skipped
NorthEuralex Italic	THEY_3900	CATALAN	FRENCH	malign (bootstrap)	1.0000	1.0000	1.0000	1.0000	ok
NorthEuralex Italic	DRESS_UP_1629	CATALAN	SPANISH	malign (bootstrap)	1.0000	1.0000	1.0000	1.0000	ok
NorthEuralex Italic	THREE_3957	CATALAN	LATIN	malign (bootstrap)	1.0000	1.0000	1.0000	1.0000	ok
NorthEuralex Italic	OPEN_2694	ITALIAN	PORTUGUESE	malign (bootstrap)	1.0000	1.0000	1.0000	1.0000	ok
NorthEuralex Italic	SWAMP_3752	PORTUGUESE	SPANISH	malign (bootstrap)	0.7143	0.7143	0.7143	0.7143	ok
NorthEuralex Italic	WHITE_4313	PORTUGUESE	SPANISH	malign (bootstrap)	0.6667	0.6667	0.6667	0.6667	ok
NorthEuralex Italic	SPRINGTIME_3565	PORTUGUESE	ROMANIAN	malign (bootstrap)	1.0000	1.0000	1.0000	1.0000	ok
NorthEuralex Italic	SWINDLE_738	ITALIAN	LATIN	malign (bootstrap)	0.7500	0.7500	0.7500	0.7500	ok
NorthEuralex Italic	FAULT_1398	ITALIAN	LATIN	malign (bootstrap)	1.0000	1.0000	1.0000	1.0000	ok
NorthEuralex Italic	TOUCH_4029	CATALAN	LATIN	malign (bootstrap)	0.5714	0.5714	0.5714	0.5714	ok
NorthEuralex Italic	TASTE_1477	FRENCH	ITALIAN	malign (bootstrap)	1.0000	1.0000	1.0000	1.0000	ok
NorthEuralex Italic	LEAF_2217	ITALIAN	PORTUGUESE	malign (bootstrap)	1.0000	1.0000	1.0000	1.0000	ok
NorthEuralex Italic	KING_2131	FRENCH	SPANISH	malign (bootstrap)					skipped
NorthEuralex Italic	MEASURE_2395	LATIN	PORTUGUESE	malign (bootstrap)	1.0000	1.0000	1.0000	1.0000	ok
NorthEuralex Italic	TWO_4115	CATALAN	ROMANIAN	malign (bootstrap)					skipped
NorthEuralex Italic	IRON_2079	ITALIAN	LATIN	malign (bootstrap)	1.0000	1.0000	1.0000	1.0000	ok
NorthEuralex Italic	MASTER_2373	LATIN	ROMANIAN	malign (bootstrap)	1.0000	1.0000	1.0000	1.0000	ok
NorthEuralex Italic	STUPID_3698	CATALAN	PORTUGUESE	malign (bootstrap)	1.0000	1.0000	1.0000	1.0000	ok
NorthEuralex Italic	CLAY_801	ITALIAN	PORTUGUESE	malign (bootstrap)	1.0000	1.0000	1.0000	1.0000	ok
NorthEuralex Italic	MISTAKE_2454	FRENCH	ITALIAN	malign (bootstrap)	1.0000	1.0000	1.0000	1.0000	ok
NorthEuralex Italic	IDOL_1427	CATALAN	ITALIAN	malign (bootstrap)	1.0000	1.0000	1.0000	1.0000	ok
NorthEuralex Italic	MAKE_2366	LATIN	PORTUGUESE	malign (bootstrap)	1.0000	1.0000	1.0000	1.0000	ok
NorthEuralex Italic	PINE_2813	PORTUGUESE	ROMANIAN	malign (bootstrap)	1.0000	1.0000	1.0000	1.0000	ok
NorthEuralex Italic	OWN_2714	PORTUGUESE	ROMANIAN	malign (bootstrap)					skipped
NorthEuralex Italic	CLOUD_853	PORTUGUESE	SPANISH	malign (bootstrap)	0.4000	0.4000	0.4000	0.4000	ok
NorthEuralex Italic	DYE_1233	LATIN	SPANISH	malign (bootstrap)	0.7143	0.7143	0.7143	0.7143	ok
NorthEuralex Italic	EVENING_1321	FRENCH	ITALIAN	malign (bootstrap)					skipped
NorthEuralex Italic	HUNDRED_68	CATALAN	ITALIAN	malign (bootstrap)	1.0000	1.0000	1.0000	1.0000	ok
NorthEuralex Italic	SEPTEMBER_49	LATIN	SPANISH	malign (bootstrap)	1.0000	1.0000	1.0000	1.0000	ok
NorthEuralex Italic	FACE_1348	CATALAN	PORTUGUESE	malign (bootstrap)	1.0000	1.0000	1.0000	1.0000	ok
NorthEuralex Italic	HARD_1842	ROMANIAN	SPANISH	malign (bootstrap)	1.0000	1.0000	1.0000	1.0000	ok
NorthEuralex Italic	CALCULATE_658	PORTUGUESE	ROMANIAN	malign (bootstrap)					skipped
NorthEuralex Italic	SOLID_1463	FRENCH	LATIN	malign (bootstrap)	1.0000	1.0000	1.0000	1.0000	ok
NorthEuralex Italic	SLEEP_3383	ITALIAN	ROMANIAN	malign (bootstrap)	1.0000	1.0000	1.0000	1.0000	ok
NorthEuralex Italic	PHYSICIAN_1134	ITALIAN	ROMANIAN	malign (bootstrap)	1.0000	1.0000	1.0000	1.0000	ok
NorthEuralex Italic	THROAT_3960	CATALAN	ITALIAN	malign (bootstrap)	1.0000	1.0000	1.0000	1.0000	ok
NorthEuralex Italic	SOLID_1464	CATALAN	PORTUGUESE	malign (bootstrap)	1.0000	1.0000	1.0000	1.0000	ok
NorthEuralex Italic	BUTTON_652	ITALIAN	SPANISH	malign (bootstrap)	1.0000	1.0000	1.0000	1.0000	ok
NorthEuralex Italic	GROUND_1759	PORTUGUESE	SPANISH	malign (bootstrap)	0.6000	0.6000	0.6000	0.6000	ok
NorthEuralex Italic	SOUR_3486	ROMANIAN	SPANISH	malign (bootstrap)	1.0000	1.0000	1.0000	1.0000	ok
NorthEuralex Italic	SHARPEN_(SOMETHING)_3230	FRENCH	SPANISH	malign (bootstrap)	1.0000	1.0000	1.0000	1.0000	ok
NorthEuralex Italic	BEARD_336	FRENCH	SPANISH	malign (bootstrap)	1.0000	1.0000	1.0000	1.0000	ok
NorthEuralex Italic	SELL_3193	FRENCH	LATIN	malign (bootstrap)	1.0000	1.0000	1.0000	1.0000	ok
NorthEuralex Italic	TREE_4061	FRENCH	LATIN	malign (bootstrap)	1.0000	1.0000	1.0000	1.0000	ok
NorthEuralex Italic	AND_151	CATALAN	SPANISH	malign (bootstrap)	1.0000	1.0000	1.0000	1.0000	ok
NorthEuralex Italic	RAW_2963	CATALAN	FRENCH	malign (bootstrap)	1.0000	1.0000	1.0000	1.0000	ok
NorthEuralex Italic	NAVEL_2548	ITALIAN	PORTUGUESE	malign (bootstrap)	0.7500	0.7500	0.7500	0.7500	ok
NorthEuralex Italic	SHEEP_3236	PORTUGUESE	SPANISH	malign (bootstrap)	1.0000	1.0000	1.0000	1.0000	ok
NorthEuralex Italic	SOUP_3480	CATALAN	PORTUGUESE	malign (bootstrap)	1.0000	1.0000	1.0000	1.0000	ok
NorthEuralex Italic	HERE_1922	CATALAN	SPANISH	malign (bootstrap)	1.0000	1.0000	1.0000	1.0000	ok
NorthEuralex Italic	VEIN_4149	LATIN	PORTUGUESE	malign (bootstrap)	1.0000	1.0000	1.0000	1.0000	ok
NorthEuralex Italic	HEIGHT_1898	ITALIAN	SPANISH	malign (bootstrap)					skipped
NorthEuralex Italic	MARCH_33	FRENCH	ROMANIAN	malign (bootstrap)	0.6667	0.6667	0.6667	0.6667	ok
NorthEuralex Italic	STREAM_(FLOW_CONTINUOUSLY)_3673	CATALAN	FRENCH	malign (bootstrap)					skipped
NorthEuralex Italic	BE_ALIVE_2315	LATIN	SPANISH	malign (bootstrap)	1.0000	1.0000	1.0000	1.0000	ok
NorthEuralex Italic	SHAKE_3219	CATALAN	ITALIAN	malign (bootstrap)	0.7143	0.7143	0.7143	0.7143	ok
NorthEuralex Italic	PIT_(POTHOLE)_2818	FRENCH	SPANISH	malign (bootstrap)	1.0000	1.0000	1.0000	1.0000	ok
NorthEuralex Italic	SKIN_3370	ROMANIAN	SPANISH	malign (bootstrap)	1.0000	1.0000	1.0000	1.0000	ok
NorthEuralex Italic	FINE_OR_THIN_1042	ROMANIAN	SPANISH	malign (bootstrap)	1.0000	1.0000	1.0000	1.0000	ok
NorthEuralex Italic	THROW_3967	FRENCH	SPANISH	malign (bootstrap)	0.6667	0.6667	0.6667	0.6667	ok
NorthEuralex Italic	DISH_1108	LATIN	ROMANIAN	malign (bootstrap)	1.0000	1.0000	1.0000	1.0000	ok
NorthEuralex Italic	DAY_(NOT_NIGHT)_1012	LATIN	SPANISH	malign (SCA matrix)	1.0000	1.0000	1.0000	1.0000	ok
NorthEuralex Italic	BELOW_OR_UNDER_4122	FRENCH	ROMANIAN	malign (SCA matrix)	1.0000	1.0000	1.0000	1.0000	ok
NorthEuralex Italic	MAY_(MONTH)_34	CATALAN	PORTUGUESE	malign (SCA matrix)					skipped
NorthEuralex Italic	KEEP_2109	FRENCH	PORTUGUESE	malign (SCA matrix)	1.0000	1.0000	1.0000	1.0000	ok
NorthEuralex Italic	HINDER_1937	CATALAN	PORTUGUESE	malign (SCA matrix)					skipped
NorthEuralex Italic	EARTH_(SOIL)_1242	FRENCH	SPANISH	malign (SCA matrix)	1.0000	1.0000	1.0000	1.0000	ok
NorthEuralex Italic	CROSS_960	FRENCH	LATIN	malign (SCA matrix)	0.3333	0.3333	0.3333	0.3333	ok
NorthEuralex Italic	COMB_(VERB)_871	CATALAN	PORTUGUESE	malign (SCA matrix)	1.0000	1.0000	1.0000	1.0000	ok
NorthEuralex Italic	SPEAK_3529	PORTUGUESE	SPANISH	malign (SCA matrix)	1.0000	1.0000	1.0000	1.0000	ok
NorthEuralex Italic	BIRCH_425	ITALIAN	LATIN	malign (SCA matrix)	1.0000	1.0000	1.0000	1.0000	ok
NorthEuralex Italic	BE_ALIVE_2321	ITALIAN	LATIN	malign (SCA matrix)	1.0000	1.0000	1.0000	1.0000	ok
NorthEuralex Italic	COOK_(SOMETHING)_905	LATIN	SPANISH	malign (SCA matrix)	1.0000	1.0000	1.0000	1.0000	ok
NorthEuralex Italic	HEEL_1894	ITALIAN	SPANISH	malign (SCA matrix)	1.0000	1.0000	1.0000	1.0000	ok
NorthEuralex Italic	HUNGER_2015	ITALIAN	LATIN	malign (SCA matrix)	1.0000	1.0000	1.0000	1.0000	ok
NorthEuralex Italic	WHY_4320	ITALIAN	PORTUGUESE	malign (SCA matrix)	1.0000	1.0000	1.0000	1.0000	ok
NorthEuralex Italic	BENEFIT_411	ROMANIAN	SPANISH	malign (SCA matrix)	1.0000	1.0000	1.0000	1.0000	ok
NorthEuralex Italic	GRAIN_1716	CATALAN	SPANISH	malign (SCA matrix)	1.0000	1.0000	1.0000	1.0000	ok
NorthEuralex Italic	SOUP_3480	ITALIAN	ROMANIAN	malign (SCA matrix)	1.0000	1.0000	1.0000	1.0000	ok
NorthEuralex Italic	HERD_(SOMETHING)_1916	PORTUGUESE	SPANISH	malign (SCA matrix)	1.0000	1.0000	1.0000	1.0000	ok
NorthEuralex Italic	TALK_3815	PORTUGUESE	SPANISH	malign (SCA matrix)	1.0000	1.0000	1.0000	1.0000	ok
NorthEuralex Italic	MEAT_2396	LATIN	SPANISH	malign (SCA matrix)	1.0000	1.0000	1.0000	1.0000	ok
NorthEuralex Italic	ANIMAL_162	FRENCH	ROMANIAN	malign (SCA matrix)	1.0000	1.0000	1.0000	1.0000	ok
NorthEuralex Italic	FEATHER_1402	ITALIAN	LATIN	malign (SCA matrix)	1.0000	1.0000	1.0000	1.0000	ok
NorthEuralex Italic	SPEECH_3532	ITALIAN	SPANISH	malign (SCA matrix)	1.0000	1.0000	1.0000	1.0000	ok
NorthEuralex Italic	POUCH_2863	LATIN	ROMANIAN	malign (SCA matrix)	1.0000	1.0000	1.0000	1.0000	ok
NorthEuralex Italic	MEAT_2396	ITALIAN	PORTUGUESE	malign (SCA matrix)	1.0000	1.0000	1.0000	1.0000	ok
NorthEuralex Italic	FAMILIAR_1372	ROMANIAN	SPANISH	malign (SCA matrix)	1.0000	1.0000	1.0000	1.0000	ok
NorthEuralex Italic	HAY_1851	LATIN	SPANISH	malign (SCA matrix)	1.0000	1.0000	1.0000	1.0000	ok
NorthEuralex Italic	PLACE_(POSITION)_2825	CATALAN	ROMANIAN	malign (SCA matrix)	1.0000	1.0000	1.0000	1.0000	ok
NorthEuralex Italic	CROSS_960	CATALAN	LATIN	malign (SCA matrix)	0.6000	0.6000	0.6000	0.6000	ok
NorthEuralex Italic	CONVEY_(A_MESSAGE)_902	PORTUGUESE	SPANISH	malign (SCA matrix)	1.0000	1.0000	1.0000	1.0000	ok
NorthEuralex Italic	SEE_3161	ROMANIAN	SPANISH	malign (SCA matrix)					skipped
NorthEuralex Italic	COUNTRY_931	FRENCH	PORTUGUESE	malign (SCA matrix)	1.0000	1.0000	1.0000	1.0000	ok
NorthEuralex Italic	RESCUE_3005	FRENCH	ITALIAN	malign (SCA matrix)	0.7143	0.7143	0.7143	0.7143	ok
NorthEuralex Italic	PREPARE_2888	CATALAN	ITALIAN	malign (SCA matrix)	0.4444	0.4444	0.4444	0.4444	ok
NorthEuralex Italic	LIGHT_(IGNITE)_2286	PORTUGUESE	SPANISH	malign (SCA matrix)	1.0000	1.0000	1.0000	1.0000	ok
NorthEuralex Italic	BORDER_502	ITALIAN	PORTUGUESE	malign (SCA matrix)					skipped
NorthEuralex Italic	THIRD_3927	CATALAN	SPANISH	malign (SCA matrix)	0.7143	0.7143	0.7143	0.7143	ok
NorthEuralex Italic	DIFFERENT_1072	ITALIAN	ROMANIAN	malign (SCA matrix)	1.0000	1.0000	1.0000	1.0000	ok
NorthEuralex Italic	SEEM_3169	CATALAN	FRENCH	malign (SCA matrix)	1.0000	1.0000	1.0000	1.0000	ok
NorthEuralex Italic	CLEVER_814	ITALIAN	SPANISH	malign (SCA matrix)	1.0000	1.0000	1.0000	1.0000	ok
NorthEuralex Italic	MOVE_(AFFECT_EMOTIONALLY)_2495	CATALAN	LATIN	malign (SCA matrix)	1.0000	1.0000	1.0000	1.0000	ok
NorthEuralex Italic	RING_(MAKE_SOUND)_3028	FRENCH	ROMANIAN	malign (SCA matrix)	1.0000	1.0000	1.0000	1.0000	ok
NorthEuralex Italic	GATE_1612	PORTUGUESE	ROMANIAN	malign (SCA matrix)	1.0000	1.0000	1.0000	1.0000	ok
NorthEuralex Italic	CEASE_1302	CATALAN	SPANISH	malign (SCA matrix)	1.0000	1.0000	1.0000	1.0000	ok
NorthEuralex Italic	BOW_521	FRENCH	PORTUGUESE	malign (SCA matrix)	1.0000	1.0000	1.0000	1.0000	ok
NorthEuralex Italic	HORSE_1988	PORTUGUESE	SPANISH	malign (SCA matrix)	1.0000	1.0000	1.0000	1.0000	ok
NorthEuralex Italic	MORNING_2475	CATALAN	PORTUGUESE	malign (SCA matrix)	1.0000	1.0000	1.0000	1.0000	ok
NorthEuralex Italic	CLOTH_839	LATIN	SPANISH	malign (SCA matrix)					skipped
NorthEuralex Italic	HUNGER_2015	LATIN	PORTUGUESE	malign (SCA matrix)	1.0000	1.0000	1.0000	1.0000	ok
NorthEuralex Italic	CRADLE_948	FRENCH	PORTUGUESE	malign (SCA matrix)	1.0000	1.0000	1.0000	1.0000	ok
NorthEuralex Italic	SELL_3193	CATALAN	LATIN	malign (SCA matrix)	1.0000	1.0000	1.0000	1.0000	ok
NorthEuralex Italic	MEAT_2396	ITALIAN	SPANISH	malign (SCA matrix)	1.0000	1.0000	1.0000	1.0000	ok
NorthEuralex Italic	TEAR_(OF_EYE)_3842	PORTUGUESE	ROMANIAN	malign (SCA matrix)	1.0000	1.0000	1.0000	1.0000	ok
NorthEuralex Italic	RIVER_3060	FRENCH	ROMANIAN	malign (SCA matrix)	1.0000	1.0000	1.0000	1.0000	ok
NorthEuralex Italic	FEVER_1421	FRENCH	ROMANIAN	malign (SCA matrix)	1.0000	1.0000	1.0000	1.0000	ok
NorthEuralex Italic	SACK_3135	CATALAN	LATIN	malign (SCA matrix)	1.0000	1.0000	1.0000	1.0000	ok
NorthEuralex Italic	RECOGNIZE_(SOMEBODY)_2977	FRENCH	ROMANIAN	malign (SCA matrix)					skipped
NorthEuralex Italic	HALF_1802	FRENCH	ITALIAN	malign (SCA matrix)	1.0000	1.0000	1.0000	1.0000	ok
NorthEuralex Italic	LIP_2307	ITALIAN	SPANISH	malign (SCA matrix)	1.0000	1.0000	1.0000	1.0000	ok
NorthEuralex Italic	CHARACTER_724	FRENCH	SPANISH	malign (SCA matrix)	1.0000	1.0000	1.0000	1.0000	ok
NorthEuralex Italic	FISH_1470	CATALAN	SPANISH	malign (SCA matrix)	1.0000	1.0000	1.0000	1.0000	ok
NorthEuralex Italic	KEEP_2109	FRENCH	ITALIAN	malign (SCA matrix)	0.8000	0.8000	0.8000	0.8000	ok
NorthEuralex Italic	FIFTY_1422	CATALAN	ITALIAN	malign (SCA matrix)	1.0000	1.0000	1.0000	1.0000	ok
NorthEuralex Italic	THOUSAND_76	ITALIAN	LATIN	malign (SCA matrix)	1.0000	1.0000	1.0000	1.0000	ok
NorthEuralex Italic	SEE_3161	ITALIAN	PORTUGUESE	malign (SCA matrix)	1.0000	1.0000	1.0000	1.0000	ok
NorthEuralex Italic	LOOK_FOR_2349	PORTUGUESE	SPANISH	malign (SCA matrix)	1.0000	1.0000	1.0000	1.0000	ok
NorthEuralex Italic	HEIGHT_1898	PORTUGUESE	SPANISH	malign (SCA matrix)	1.0000	1.0000	1.0000	1.0000	ok
NorthEuralex Italic	PARENTS_2724	PORTUGUESE	SPANISH	malign (SCA matrix)	1.0000	1.0000	1.0000	1.0000	ok
NorthEuralex Italic	BRING_585	FRENCH	ITALIAN	malign (SCA matrix)	1.0000	1.0000	1.0000	1.0000	ok
NorthEuralex Italic	HOWL_2006	ITALIAN	SPANISH	malign (SCA matrix)	1.0000	1.0000	1.0000	1.0000	ok
NorthEuralex Italic	BIRD_429	ROMANIAN	SPANISH	malign (SCA matrix)	1.0000	1.0000	1.0000	1.0000	ok
NorthEuralex Italic	ONE_TIME_2665	CATALAN	PORTUGUESE	malign (SCA matrix)	0.7778	0.7778	0.7778	0.7778	ok
NorthEuralex Italic	SIT_3342	CATALAN	LATIN	malign (SCA matrix)	1.0000	1.0000	1.0000	1.0000	ok
NorthEuralex Italic	LISTEN_2309	FRENCH	PORTUGUESE	malign (SCA matrix)	1.0000	1.0000	1.0000	1.0000	ok
NorthEuralex Italic	CAP_686	FRENCH	PORTUGUESE	malign (SCA matrix)	1.0000	1.0000	1.0000	1.0000	ok
NorthEuralex Italic	HANG_1820	FRENCH	PORTUGUESE	malign (SCA matrix)	1.0000	1.0000	1.0000	1.0000	ok
NorthEuralex Italic	OLD_(AGED)_116	CATALAN	PORTUGUESE	malign (SCA matrix)	1.0000	1.0000	1.0000	1.0000	ok
NorthEuralex Italic	HARDLY_1843	ITALIAN	SPANISH	malign (SCA matrix)					skipped
NorthEuralex Italic	WEATHER_4259	CATALAN	SPANISH	malign (SCA matrix)	0.7143	0.7143	0.7143	0.7143	ok
NorthEuralex Italic	SHOW_3298	FRENCH	SPANISH	malign (SCA matrix)	1.0000	1.0000	1.0000	1.0000	ok
NorthEuralex Italic	THIN_(SLIM)_3401	CATALAN	SPANISH	malign (SCA matrix)	1.0000	1.0000	1.0000	1.0000	ok
NorthEuralex Italic	EGG_1262	LATIN	PORTUGUESE	malign (SCA matrix)	1.0000	1.0000	1.0000	1.0000	ok
NorthEuralex Italic	LIGHT_(RADIATION)_2287	LATIN	SPANISH	malign (SCA matrix)	1.0000	1.0000	1.0000	1.0000	ok
NorthEuralex Italic	EARTH_(SOIL)_1242	ITALIAN	LATIN	malign (SCA matrix)	1.0000	1.0000	1.0000	1.0000	ok
NorthEuralex Italic	KILL_2125	PORTUGUESE	SPANISH	malign (SCA matrix)	1.0000	1.0000	1.0000	1.0000	ok
NorthEuralex Italic	LIE_(FALSEHOOD)_2267	ROMANIAN	SPANISH	malign (SCA matrix)	0.7500	0.7500	0.7500	0.7500	ok
NorthEuralex Italic	STEAL_3609	PORTUGUESE	ROMANIAN	malign (SCA matrix)	1.0000	1.0000	1.0000	1.0000	ok
NorthEuralex Italic	SING_3331	LATIN	PORTUGUESE	malign (SCA matrix)	1.0000	1.0000	1.0000	1.0000	ok
NorthEuralex Italic	RING_3027	CATALAN	PORTUGUESE	malign (SCA matrix)	1.0000	1.0000	1.0000	1.0000	ok
NorthEuralex Italic	HEIGHT_1898	ITALIAN	LATIN	malign (SCA matrix)	1.0000	1.0000	1.0000	1.0000	ok
NorthEuralex Italic	DYE_1233	LATIN	PORTUGUESE	malign (SCA matrix)	1.0000	1.0000	1.0000	1.0000	ok
NorthEuralex Italic	WIN_4341	LATIN	SPANISH	malign (SCA matrix)	1.0000	1.0000	1.0000	1.0000	ok
NorthEuralex Italic	WALK_4195	CATALAN	PORTUGUESE	malign (SCA matrix)	1.0000	1.0000	1.0000	1.0000	ok
NorthEuralex Italic	CONVERSATION_3813	CATALAN	SPANISH	malign (SCA matrix)	1.0000	1.0000	1.0000	1.0000	ok
NorthEuralex Italic	BOX_530	ITALIAN	SPANISH	malign (SCA matrix)	1.0000	1.0000	1.0000	1.0000	ok
NorthEuralex Italic	DARK_999	ITALIAN	SPANISH	malign (SCA matrix)	1.0000	1.0000	1.0000	1.0000	ok
NorthEuralex Italic	FACE_1348	CATALAN	SPANISH	malign (SCA matrix)	1.0000	1.0000	1.0000	1.0000	ok
NorthEuralex Italic	FEATHER_1403	CATALAN	FRENCH	malign (SCA matrix)	1.0000	1.0000	1.0000	1.0000	ok
NorthEuralex Italic	SPEECH_3532	CATALAN	ROMANIAN	malign (SCA matrix)	1.0000	1.0000	1.0000	1.0000	ok
NorthEuralex Italic	CALCULATE_658	FRENCH	ITALIAN	malign (SCA matrix)	1.0000	1.0000	1.0000	1.0000	ok
NorthEuralex Italic	SEVEN_3210	ITALIAN	PORTUGUESE	malign (SCA matrix)	1.0000	1.0000	1.0000	1.0000	ok
NorthEuralex Italic	SEPARATE_3198	CATALAN	ITALIAN	malign (SCA matrix)	1.0000	1.0000	1.0000	1.0000	ok
NorthEuralex Italic	THUNDER_(VERB)_3972	FRENCH	ITALIAN	malign (SCA matrix)	0.6667	0.6667	0.6667	0.6667	ok
NorthEuralex Italic	LAIR_2171	ITALIAN	LATIN	malign (SCA matrix)	1.0000	1.0000	1.0000	1.0000	ok
NorthEuralex Italic	ARRIVE_186	FRENCH	ITALIAN	malign (SCA matrix)	1.0000	1.0000	1.0000	1.0000	ok
NorthEuralex Italic	DECEIVE_1028	CATALAN	PORTUGUESE	malign (SCA matrix)	1.0000	1.0000	1.0000	1.0000	ok
NorthEuralex Italic	LIP_2307	FRENCH	SPANISH	malign (SCA matrix)	1.0000	1.0000	1.0000	1.0000	ok
NorthEuralex Italic	POUCH_2862	ITALIAN	PORTUGUESE	malign (SCA matrix)	0.6667	0.6667	0.6667	0.6667	ok
NorthEuralex Italic	DEAF_1015	CATALAN	FRENCH	malign (SCA matrix)	1.0000	1.0000	1.0000	1.0000	ok
NorthEuralex Italic	MOVE_(AFFECT_EMOTIONALLY)_2495	ITALIAN	SPANISH	malign (SCA matrix)	1.0000	1.0000	1.0000	1.0000	ok
NorthEuralex Italic	STORY_3660	PORTUGUESE	SPANISH	malign (SCA matrix)	1.0000	1.0000	1.0000	1.0000	ok
NorthEuralex Italic	FAT_(OBESE)_1388	FRENCH	ITALIAN	malign (SCA matrix)	1.0000	1.0000	1.0000	1.0000	ok
NorthEuralex Italic	TEA_3827	CATALAN	SPANISH	malign (SCA matrix)	1.0000	1.0000	1.0000	1.0000	ok
NorthEuralex Italic	ALONE_133	FRENCH	ITALIAN	malign (SCA matrix)					skipped
NorthEuralex Italic	LIFE_2279	FRENCH	SPANISH	malign (SCA matrix)	1.0000	1.0000	1.0000	1.0000	ok
NorthEuralex Italic	WEEK_4264	FRENCH	ROMANIAN	malign (SCA matrix)	1.0000	1.0000	1.0000	1.0000	ok
NorthEuralex Italic	FOOD_1517	CATALAN	SPANISH	malign (SCA matrix)	1.0000	1.0000	1.0000	1.0000	ok
NorthEuralex Italic	WIND_4345	ITALIAN	SPANISH	malign (SCA matrix)	1.0000	1.0000	1.0000	1.0000	ok
NorthEuralex Italic	CURRENT_(STREAM)_969	ITALIAN	PORTUGUESE	malign (SCA matrix)	1.0000	1.0000	1.0000	1.0000	ok
NorthEuralex Italic	NAVEL_2548	CATALAN	PORTUGUESE	malign (SCA matrix)	1.0000	1.0000	1.0000	1.0000	ok
NorthEuralex Italic	GRAIN_1716	FRENCH	ITALIAN	malign (SCA matrix)	1.0000	1.0000	1.0000	1.0000	ok
NorthEuralex Italic	SAND_3140	ITALIAN	SPANISH	malign (SCA matrix)	1.0000	1.0000	1.0000	1.0000	ok
NorthEuralex Italic	FEEL_(TACTUALLY)_1411	FRENCH	PORTUGUESE	malign (SCA matrix)	1.0000	1.0000	1.0000	1.0000	ok
NorthEuralex Italic	ACHE_87	PORTUGUESE	SPANISH	malign (SCA matrix)					skipped
NorthEuralex Italic	PARENTS_2724	FRENCH	SPANISH	malign (SCA matrix)	1.0000	1.0000	1.0000	1.0000	ok
NorthEuralex Italic	VERY_4151	CATALAN	ITALIAN	malign (SCA matrix)	1.0000	1.0000	1.0000	1.0000	ok
NorthEuralex Italic	BEARD_336	FRENCH	ROMANIAN	malign (SCA matrix)	1.0000	1.0000	1.0000	1.0000	ok
NorthEuralex Italic	DEAF_1015	CATALAN	SPANISH	malign (SCA matrix)	1.0000	1.0000	1.0000	1.0000	ok
NorthEuralex Italic	RIPEN_3045	CATALAN	LATIN	malign (SCA matrix)	1.0000	1.0000	1.0000	1.0000	ok
NorthEuralex Italic	NOSE_2624	CATALAN	LATIN	malign (SCA matrix)	1.0000	1.0000	1.0000	1.0000	ok
NorthEuralex Italic	IRON_2079	LATIN	PORTUGUESE	malign (SCA matrix)	1.0000	1.0000	1.0000	1.0000	ok
NorthEuralex Italic	BUILD_618	ITALIAN	PORTUGUESE	malign (SCA matrix)					skipped
NorthEuralex Italic	ITEM_2082	CATALAN	SPANISH	malign (SCA matrix)	1.0000	1.0000	1.0000	1.0000	ok
NorthEuralex Italic	CLEVER_814	ITALIAN	PORTUGUESE	malign (SCA matrix)	1.0000	1.0000	1.0000	1.0000	ok
NorthEuralex Italic	COLLAR_864	CATALAN	FRENCH	malign (SCA matrix)	1.0000	1.0000	1.0000	1.0000	ok
NorthEuralex Italic	UNDERSTAND_4128	CATALAN	SPANISH	malign (SCA matrix)	1.0000	1.0000	1.0000	1.0000	ok
NorthEuralex Italic	CEASE_1298	ITALIAN	ROMANIAN	malign (SCA matrix)					skipped
NorthEuralex Italic	DILIGENT_1080	ITALIAN	SPANISH	malign (SCA matrix)	1.0000	1.0000	1.0000	1.0000	ok
NorthEuralex Italic	DISTANCE_1113	ITALIAN	SPANISH	malign (SCA matrix)	1.0000	1.0000	1.0000	1.0000	ok
NorthEuralex Italic	TOUCH_4029	LATIN	PORTUGUESE	malign (SCA matrix)	1.0000	1.0000	1.0000	1.0000	ok
NorthEuralex Italic	FINE_OR_THIN_1043	ITALIAN	SPANISH	malign (SCA matrix)	1.0000	1.0000	1.0000	1.0000	ok
NorthEuralex Italic	LINE_2306	CATALAN	FRENCH	malign (SCA matrix)	1.0000	1.0000	1.0000	1.0000	ok
NorthEuralex Italic	SPIDER_3536	CATALAN	SPANISH	malign (SCA matrix)	1.0000	1.0000	1.0000	1.0000	ok
NorthEuralex Italic	HAPPINESS_1839	ITALIAN	PORTUGUESE	malign (SCA matrix)	0.4000	0.4000	0.4000	0.4000	ok
NorthEuralex Italic	GRASS_1738	FRENCH	ITALIAN	malign (SCA matrix)	1.0000	1.0000	1.0000	1.0000	ok
NorthEuralex Italic	OAR_2639	PORTUGUESE	SPANISH	malign (SCA matrix)	1.0000	1.0000	1.0000	1.0000	ok
NorthEuralex Italic	SING_3331	CATALAN	ROMANIAN	malign (SCA matrix)	1.0000	1.0000	1.0000	1.0000	ok
NorthEuralex Italic	SALT_3139	PORTUGUESE	SPANISH	malign (SCA matrix)	1.0000	1.0000	1.0000	1.0000	ok
NorthEuralex Italic	STRING_3681	ITALIAN	PORTUGUESE	malign (SCA matrix)	1.0000	1.0000	1.0000	1.0000	ok
NorthEuralex Italic	YEAR_4419	CATALAN	ROMANIAN	malign (SCA matrix)	1.0000	1.0000	1.0000	1.0000	ok
NorthEuralex Italic	TASTY_1049	FRENCH	LATIN	malign (SCA matrix)					skipped
NorthEuralex Italic	DESTROY_1069	FRENCH	SPANISH	malign (SCA matrix)					skipped
NorthEuralex Italic	KNIFE_2146	FRENCH	ITALIAN	malign (SCA matrix)	1.0000	1.0000	1.0000	1.0000	ok
NorthEuralex Italic	HONEY_1977	FRENCH	ITALIAN	malign (SCA matrix)					skipped
NorthEuralex Italic	CALCULATE_658	LATIN	PORTUGUESE	malign (SCA matrix)	1.0000	1.0000	1.0000	1.0000	ok
NorthEuralex Italic	POOR_2850	ITALIAN	PORTUGUESE	malign (SCA matrix)	1.0000	1.0000	1.0000	1.0000	ok
NorthEuralex Italic	BEAR_334	PORTUGUESE	SPANISH	malign (SCA matrix)	1.0000	1.0000	1.0000	1.0000	ok
NorthEuralex Italic	HOW_2002	ITALIAN	SPANISH	malign (SCA matrix)	1.0000	1.0000	1.0000	1.0000	ok
NorthEuralex Italic	HELP_(ASSISTANCE)_1903	CATALAN	PORTUGUESE	malign (SCA matrix)	1.0000	1.0000	1.0000	1.0000	ok
NorthEuralex Italic	ANT_171	CATALAN	LATIN	malign (SCA matrix)	1.0000	1.0000	1.0000	1.0000	ok
NorthEuralex Italic	CHARACTER_724	CATALAN	ROMANIAN	malign (SCA matrix)	1.0000	1.0000	1.0000	1.0000	ok
NorthEuralex Italic	BULL_622	FRENCH	SPANISH	malign (SCA matrix)	1.0000	1.0000	1.0000	1.0000	ok
NorthEuralex Italic	HOWL_2006	ITALIAN	LATIN	malign (SCA matrix)	1.0000	1.0000	1.0000	1.0000	ok
NorthEuralex Italic	CAUSE_TO_(LET)_2256	CATALAN	SPANISH	malign (SCA matrix)					skipped
NorthEuralex Italic	BIG_421	ITALIAN	PORTUGUESE	malign (SCA matrix)	1.0000	1.0000	1.0000	1.0000	ok
NorthEuralex Italic	PERSON_2009	PORTUGUESE	ROMANIAN	malign (SCA matrix)	1.0000	1.0000	1.0000	1.0000	ok
NorthEuralex Italic	CHARACTER_724	CATALAN	ITALIAN	malign (SCA matrix)	1.0000	1.0000	1.0000	1.0000	ok
NorthEuralex Italic	WORLD_4395	CATALAN	FRENCH	malign (SCA matrix)	1.0000	1.0000	1.0000	1.0000	ok
NorthEuralex Italic	INVITE_2078	ITALIAN	SPANISH	malign (SCA matrix)	1.0000	1.0000	1.0000	1.0000	ok
NorthEuralex Italic	MEDICINE_2398	FRENCH	SPANISH	malign (SCA matrix)	1.0000	1.0000	1.0000	1.0000	ok
NorthEuralex Italic	TWO_4115	PORTUGUESE	ROMANIAN	malign (SCA matrix)	1.0000	1.0000	1.0000	1.0000	ok
NorthEuralex Italic	HARE_1848	FRENCH	ITALIAN	malign (SCA matrix)	1.0000	1.0000	1.0000	1.0000	ok
NorthEuralex Italic	DRAW_MILK_2427	ITALIAN	LATIN	malign (SCA matrix)	1.0000	1.0000	1.0000	1.0000	ok
NorthEuralex Italic	TONE_(MUSIC)_4022	ITALIAN	PORTUGUESE	malign (SCA matrix)	1.0000	1.0000	1.0000	1.0000	ok
NorthEuralex Italic	JULY_25	ITALIAN	SPANISH	malign (SCA matrix)	1.0000	1.0000	1.0000	1.0000	ok
NorthEuralex Italic	TONE_(MUSIC)_4022	ROMANIAN	SPANISH	malign (SCA matrix)	1.0000	1.0000	1.0000	1.0000	ok
NorthEuralex Italic	SLEEP_3383	CATALAN	ROMANIAN	malign (SCA matrix)	1.0000	1.0000	1.0000	1.0000	ok
NorthEuralex Italic	GAME_1605	ITALIAN	PORTUGUESE	malign (SCA matrix)	1.0000	1.0000	1.0000	1.0000	ok
NorthEuralex Italic	CORRECT_(RIGHT)_921	PORTUGUESE	ROMANIAN	malign (SCA matrix)	1.0000	1.0000	1.0000	1.0000	ok
NorthEuralex Italic	COUNTRY_931	PORTUGUESE	SPANISH	malign (SCA matrix)	1.0000	1.0000	1.0000	1.0000	ok
NorthEuralex Italic	STING_3635	ITALIAN	SPANISH	malign (SCA matrix)	1.0000	1.0000	1.0000	1.0000	ok
NorthEuralex Italic	REASON_2967	LATIN	ROMANIAN	malign (SCA matrix)					skipped
NorthEuralex Italic	SPIDER_3536	ITALIAN	SPANISH	malign (SCA matrix)	1.0000	1.0000	1.0000	1.0000	ok
NorthEuralex Italic	SMOKE_(EXHAUST)_3416	ITALIAN	LATIN	malign (SCA matrix)					skipped
NorthEuralex Italic	THROW_3967	CATALAN	FRENCH	malign (SCA matrix)	1.0000	1.0000	1.0000	1.0000	ok
NorthEuralex Italic	BRIDGE_582	LATIN	ROMANIAN	malign (SCA matrix)	1.0000	1.0000	1.0000	1.0000	ok
NorthEuralex Italic	COUNT_928	ITALIAN	SPANISH	malign (SCA matrix)	1.0000	1.0000	1.0000	1.0000	ok
NorthEuralex Italic	BUSINESS_638	CATALAN	SPANISH	malign (SCA matrix)					skipped
NorthEuralex Italic	SIX_3352	CATALAN	FRENCH	malign (SCA matrix)	1.0000	1.0000	1.0000	1.0000	ok
NorthEuralex Italic	POST_2847	LATIN	SPANISH	malign (SCA matrix)	1.0000	1.0000	1.0000	1.0000	ok
NorthEuralex Italic	DANCE_995	CATALAN	SPANISH	malign (SCA matrix)	1.0000	1.0000	1.0000	1.0000	ok
NorthEuralex Italic	KNOT_2163	CATALAN	LATIN	malign (SCA matrix)	0.2000	0.2000	0.2000	0.2000	ok
NorthEuralex Italic	GATE_1612	FRENCH	LATIN	malign (SCA matrix)	1.0000	1.0000	1.0000	1.0000	ok
NorthEuralex Italic	GAME_1605	FRENCH	ITALIAN	malign (SCA matrix)	1.0000	1.0000	1.0000	1.0000	ok
NorthEuralex Italic	TAKE_3797	CATALAN	FRENCH	malign (SCA matrix)	1.0000	1.0000	1.0000	1.0000	ok
NorthEuralex Italic	EAR_1240	CATALAN	ROMANIAN	malign (SCA matrix)	1.0000	1.0000	1.0000	1.0000	ok
NorthEuralex Italic	FOR_A_LONG_TIME_2334	ITALIAN	ROMANIAN	malign (SCA matrix)					skipped
NorthEuralex Italic	MEDICINE_2398	ITALIAN	SPANISH	malign (SCA matrix)	1.0000	1.0000	1.0000	1.0000	ok
NorthEuralex Italic	THOU_3945	CATALAN	FRENCH	malign (SCA matrix)	1.0000	1.0000	1.0000	1.0000	ok
NorthEuralex Italic	KNOW_(SOMETHING)_2164	CATALAN	FRENCH	malign (SCA matrix)					skipped
NorthEuralex Italic	CHIN_769	FRENCH	LATIN	malign (SCA matrix)	1.0000	1.0000	1.0000	1.0000	ok
NorthEuralex Italic	SWAY_3770	CATALAN	FRENCH	malign (SCA matrix)	1.0000	1.0000	1.0000	1.0000	ok
NorthEuralex Italic	COUNT_(QUANTITY)_927	PORTUGUESE	SPANISH	malign (SCA matrix)	1.0000	1.0000	1.0000	1.0000	ok
NorthEuralex Italic	BREAK_(DESTROY_OR_GET_DESTROYED)_562	ITALIAN	LATIN	malign (SCA matrix)	1.0000	1.0000	1.0000	1.0000	ok
NorthEuralex Italic	AUNT_230	ITALIAN	PORTUGUESE	malign (SCA matrix)	1.0000	1.0000	1.0000	1.0000	ok
NorthEuralex Italic	COOK_(SOMETHING)_905	FRENCH	LATIN	malign (SCA matrix)					skipped
NorthEuralex Italic	INCREASE_2062	CATALAN	ROMANIAN	malign (SCA matrix)	1.0000	1.0000	1.0000	1.0000	ok
NorthEuralex Italic	FINGER_1446	ITALIAN	PORTUGUESE	malign (SCA matrix)	1.0000	1.0000	1.0000	1.0000	ok
NorthEuralex Italic	SLEEP_(STATE)_3384	ITALIAN	SPANISH	malign (SCA matrix)	1.0000	1.0000	1.0000	1.0000	ok
NorthEuralex Italic	UNCLE_4116	ITALIAN	SPANISH	malign (SCA matrix)	1.0000	1.0000	1.0000	1.0000	ok
NorthEuralex Italic	TUBE_2814	FRENCH	SPANISH	malign (SCA matrix)	1.0000	1.0000	1.0000	1.0000	ok
NorthEuralex Italic	HARD_1842	LATIN	SPANISH	malign (SCA matrix)	1.0000	1.0000	1.0000	1.0000	ok
NorthEuralex Italic	SISTER_3339	CATALAN	SPANISH	malign (SCA matrix)	1.0000	1.0000	1.0000	1.0000	ok
NorthEuralex Italic	BULL_622	CATALAN	PORTUGUESE	malign (SCA matrix)	1.0000	1.0000	1.0000	1.0000	ok
NorthEuralex Italic	FIND_1442	PORTUGUESE	SPANISH	malign (SCA matrix)	1.0000	1.0000	1.0000	1.0000	ok
NorthEuralex Italic	SEE_3161	CATALAN	SPANISH	malign (SCA matrix)	1.0000	1.0000	1.0000	1.0000	ok
NorthEuralex Italic	ALL_1325	CATALAN	PORTUGUESE	malign (SCA matrix)	1.0000	1.0000	1.0000	1.0000	ok
NorthEuralex Italic	SHINE_3249	PORTUGUESE	SPANISH	malign (SCA matrix)	1.0000	1.0000	1.0000	1.0000	ok
NorthEuralex Italic	LINE_2306	CATALAN	PORTUGUESE	malign (SCA matrix)	0.6000	0.6000	0.6000	0.6000	ok
NorthEuralex Italic	TENDON_3329	FRENCH	PORTUGUESE	malign (SCA matrix)	1.0000	1.0000	1.0000	1.0000	ok
NorthEuralex Italic	MISPLACE_2355	ITALIAN	ROMANIAN	malign (SCA matrix)	1.0000	1.0000	1.0000	1.0000	ok
NorthEuralex Italic	SPIDER_3536	CATALAN	LATIN	malign (SCA matrix)	0.6667	0.6667	0.6667	0.6667	ok
NorthEuralex Italic	UNDERSTAND_4129	FRENCH	ITALIAN	malign (SCA matrix)	1.0000	1.0000	1.0000	1.0000	ok
NorthEuralex Italic	FALL_ASLEEP_1361	ITALIAN	SPANISH	malign (SCA matrix)	0.8333	0.8333	0.8333	0.8333	ok
NorthEuralex Italic	FUR_1601	ROMANIAN	SPANISH	malign (SCA matrix)	1.0000	1.0000	1.0000	1.0000	ok
NorthEuralex Italic	NAME_2527	ITALIAN	LATIN	malign (SCA matrix)					skipped
NorthEuralex Italic	HEAT_1886	ROMANIAN	SPANISH	malign (SCA matrix)	1.0000	1.0000	1.0000	1.0000	ok
NorthEuralex Italic	BULL_622	CATALAN	FRENCH	malign (SCA matrix)	1.0000	1.0000	1.0000	1.0000	ok
NorthEuralex Italic	BUSINESS_638	LATIN	SPANISH	malign (SCA matrix)					skipped
NorthEuralex Italic	ODOR_(SMELL)_2643	ITALIAN	LATIN	malign (SCA matrix)	1.0000	1.0000	1.0000	1.0000	ok
NorthEuralex Italic	BUDGE_(ONESELF)_612	LATIN	PORTUGUESE	malign (SCA matrix)	1.0000	1.0000	1.0000	1.0000	ok
NorthEuralex Italic	BREAK_(CLEAVE)_562	ROMANIAN	SPANISH	malign (SCA matrix)					skipped
NorthEuralex Italic	TREE_4061	CATALAN	PORTUGUESE	malign (SCA matrix)	1.0000	1.0000	1.0000	1.0000	ok
NorthEuralex Italic	WE_4247	FRENCH	PORTUGUESE	malign (SCA matrix)	1.0000	1.0000	1.0000	1.0000	ok
NorthEuralex Italic	FATHER_1395	FRENCH	PORTUGUESE	malign (SCA matrix)	1.0000	1.0000	1.0000	1.0000	ok
NorthEuralex Italic	BROTHER_604	LATIN	ROMANIAN	malign (SCA matrix)	1.0000	1.0000	1.0000	1.0000	ok
NorthEuralex Italic	WIND_4345	LATIN	SPANISH	malign (SCA matrix)	1.0000	1.0000	1.0000	1.0000	ok
NorthEuralex Italic	CLOUD_853	CATALAN	LATIN	malign (SCA matrix)	1.0000	1.0000	1.0000	1.0000	ok
NorthEuralex Italic	FRESH_1578	ITALIAN	SPANISH	malign (SCA matrix)	1.0000	1.0000	1.0000	1.0000	ok
NorthEuralex Italic	CEASE_1297	FRENCH	ITALIAN	malign (SCA matrix)	1.0000	1.0000	1.0000	1.0000	ok
NorthEuralex Italic	CAVE_707	FRENCH	PORTUGUESE	malign (SCA matrix)	1.0000	1.0000	1.0000	1.0000	ok
NorthEuralex Italic	IDOL_1427	PORTUGUESE	SPANISH	malign (SCA matrix)	1.0000	1.0000	1.0000	1.0000	ok
NorthEuralex Italic	SKIN_3370	ITALIAN	LATIN	malign (SCA matrix)	1.0000	1.0000	1.0000	1.0000	ok
NorthEuralex Italic	DENSE_1056	ITALIAN	LATIN	malign (SCA matrix)	1.0000	1.0000	1.0000	1.0000	ok
NorthEuralex Italic	KETTLE_2114	PORTUGUESE	SPANISH	malign (SCA matrix)	1.0000	1.0000	1.0000	1.0000	ok
NorthEuralex Italic	BOIL_(SOMETHING)_486	CATALAN	LATIN	malign (SCA matrix)	1.0000	1.0000	1.0000	1.0000	ok
NorthEuralex Italic	COAST_857	CATALAN	ITALIAN	malign (SCA matrix)	1.0000	1.0000	1.0000	1.0000	ok
NorthEuralex Italic	SOUP_3480	FRENCH	ITALIAN	malign (SCA matrix)	1.0000	1.0000	1.0000	1.0000	ok
NorthEuralex Italic	OPEN_(STATE)_2695	ITALIAN	PORTUGUESE	malign (SCA matrix)	1.0000	1.0000	1.0000	1.0000	ok
NorthEuralex Italic	LENGTH_2252	CATALAN	ITALIAN	malign (SCA matrix)	1.0000	1.0000	1.0000	1.0000	ok
NorthEuralex Italic	GRIEF_1752	FRENCH	SPANISH	malign (SCA matrix)	1.0000	1.0000	1.0000	1.0000	ok
NorthEuralex Italic	OF_THIS_KIND_(SUCH)_3433	FRENCH	PORTUGUESE	malign (SCA matrix)	1.0000	1.0000	1.0000	1.0000	ok
NorthEuralex Italic	IRON_2079	CATALAN	LATIN	malign (SCA matrix)	1.0000	1.0000	1.0000	1.0000	ok
NorthEuralex Italic	LINE_2306	FRENCH	ROMANIAN	malign (SCA matrix)	1.0000	1.0000	1.0000	1.0000	ok
NorthEuralex Italic	SHOW_3298	LATIN	SPANISH	malign (SCA matrix)	1.0000	1.0000	1.0000	1.0000	ok
NorthEuralex Italic	DOOR_1149	FRENCH	ITALIAN	malign (SCA matrix)	1.0000	1.0000	1.0000	1.0000	ok
NorthEuralex Italic	NEST_2566	CATALAN	SPANISH	malign (SCA matrix)	1.0000	1.0000	1.0000	1.0000	ok
NorthEuralex Italic	THICK_3904	LATIN	SPANISH	malign (SCA matrix)	1.0000	1.0000	1.0000	1.0000	ok
NorthEuralex Italic	ONLY_2685	ITALIAN	LATIN	malign (SCA matrix)	1.0000	1.0000	1.0000	1.0000	ok
NorthEuralex Italic	CHAT_(WITH_SOMEBODY)_726	ITALIAN	ROMANIAN	malign (SCA matrix)	1.0000	1.0000	1.0000	1.0000	ok
NorthEuralex Italic	APRIL_1	ITALIAN	SPANISH	malign (SCA matrix)	1.0000	1.0000	1.0000	1.0000	ok
NorthEuralex Italic	THINK_(REFLECT)_3924	FRENCH	PORTUGUESE	malign (SCA matrix)	1.0000	1.0000	1.0000	1.0000	ok
NorthEuralex Italic	COW_946	FRENCH	PORTUGUESE	malign (SCA matrix)	1.0000	1.0000	1.0000	1.0000	ok
NorthEuralex Italic	CHEST_569	ITALIAN	LATIN	malign (SCA matrix)	1.0000	1.0000	1.0000	1.0000	ok
NorthEuralex Italic	HARD_1842	FRENCH	LATIN	malign (SCA matrix)	1.0000	1.0000	1.0000	1.0000	ok
NorthEuralex Italic	WIFE_4329	PORTUGUESE	SPANISH	malign (SCA matrix)	1.0000	1.0000	1.0000	1.0000	ok
NorthEuralex Italic	DRAW_MILK_2428	PORTUGUESE	SPANISH	malign (SCA matrix)	1.0000	1.0000	1.0000	1.0000	ok
NorthEuralex Italic	PROMISE_2913	LATIN	PORTUGUESE	malign (SCA matrix)	1.0000	1.0000	1.0000	1.0000	ok
NorthEuralex Italic	CEASE_1298	CATALAN	SPANISH	malign (SCA matrix)	1.0000	1.0000	1.0000	1.0000	ok
NorthEuralex Italic	JUNE_29	ITALIAN	SPANISH	malign (SCA matrix)	1.0000	1.0000	1.0000	1.0000	ok
NorthEuralex Italic	RUN_3119	ITALIAN	LATIN	malign (SCA matrix)	1.0000	1.0000	1.0000	1.0000	ok
NorthEuralex Italic	MISPLACE_2355	FRENCH	ROMANIAN	malign (SCA matrix)					skipped
NorthEuralex Italic	FATHER_1395	LATIN	PORTUGUESE	malign (SCA matrix)	0.6000	0.6000	0.6000	0.6000	ok
NorthEuralex Italic	STRING_3681	PORTUGUESE	SPANISH	malign (SCA matrix)	1.0000	1.0000	1.0000	1.0000	ok
NorthEuralex Italic	NEW_2577	ITALIAN	ROMANIAN	malign (SCA matrix)	0.6000	0.6000	0.6000	0.6000	ok
NorthEuralex Italic	ANT_171	ITALIAN	ROMANIAN	malign (SCA matrix)	1.0000	1.0000	1.0000	1.0000	ok
NorthEuralex Italic	NEEDLE_(FOR_SEWING)_2563	CATALAN	PORTUGUESE	malign (SCA matrix)	1.0000	1.0000	1.0000	1.0000	ok
NorthEuralex Italic	CROW_961	FRENCH	ITALIAN	malign (SCA matrix)	1.0000	1.0000	1.0000	1.0000	ok
NorthEuralex Italic	DRINK_1173	PORTUGUESE	SPANISH	malign (SCA matrix)	1.0000	1.0000	1.0000	1.0000	ok
NorthEuralex Italic	DECEMBER_5	FRENCH	SPANISH	malign (SCA matrix)	1.0000	1.0000	1.0000	1.0000	ok
NorthEuralex Italic	DAMAGE_(INJURY)_981	CATALAN	ITALIAN	malign (SCA matrix)	1.0000	1.0000	1.0000	1.0000	ok
NorthEuralex Italic	FAMILIAR_1372	PORTUGUESE	SPANISH	malign (SCA matrix)	1.0000	1.0000	1.0000	1.0000	ok
NorthEuralex Italic	MARCH_33	CATALAN	FRENCH	malign (SCA matrix)	1.0000	1.0000	1.0000	1.0000	ok
NorthEuralex Italic	MESSAGE_2419	CATALAN	SPANISH	malign (SCA matrix)	1.0000	1.0000	1.0000	1.0000	ok
NorthEuralex Italic	HAND_1805	ROMANIAN	SPANISH	malign (SCA matrix)	1.0000	1.0000	1.0000	1.0000	ok
NorthEuralex Italic	PRECIOUS_2887	CATALAN	ROMANIAN	malign (SCA matrix)					skipped
NorthEuralex Italic	GREY_1748	CATALAN	ITALIAN	malign (SCA matrix)	1.0000	1.0000	1.0000	1.0000	ok
NorthEuralex Italic	LIFT_2281	ITALIAN	LATIN	malign (SCA matrix)	1.0000	1.0000	1.0000	1.0000	ok
NorthEuralex Italic	WHY_4321	CATALAN	SPANISH	malign (SCA matrix)	1.0000	1.0000	1.0000	1.0000	ok
NorthEuralex Italic	VEIN_4149	ROMANIAN	SPANISH	malign (SCA matrix)	1.0000	1.0000	1.0000	1.0000	ok
NorthEuralex Italic	LADDER_2166	LATIN	ROMANIAN	malign (SCA matrix)					skipped
NorthEuralex Italic	BREAK_(DESTROY_OR_GET_DESTROYED)_562	LATIN	PORTUGUESE	malign (SCA matrix)	1.0000	1.0000	1.0000	1.0000	ok
NorthEuralex Italic	CONVEY_(A_MESSAGE)_902	ITALIAN	PORTUGUESE	malign (SCA matrix)	1.0000	1.0000	1.0000	1.0000	ok
NorthEuralex Italic	MEANING_2390	PORTUGUESE	SPANISH	malign (SCA matrix)	1.0000	1.0000	1.0000	1.0000	ok
NorthEuralex Italic	BOSS_513	PORTUGUESE	SPANISH	malign (SCA matrix)	1.0000	1.0000	1.0000	1.0000	ok
NorthEuralex Italic	ALONE_133	ITALIAN	PORTUGUESE	malign (SCA matrix)					skipped
NorthEuralex Italic	PIG_2798	CATALAN	PORTUGUESE	malign (SCA matrix)	1.0000	1.0000	1.0000	1.0000	ok
NorthEuralex Italic	DOOR_1149	CATALAN	SPANISH	malign (SCA matrix)	1.0000	1.0000	1.0000	1.0000	ok
NorthEuralex Italic	LID_(COVER,_CAP)_943	CATALAN	PORTUGUESE	malign (SCA matrix)	1.0000	1.0000	1.0000	1.0000	ok
NorthEuralex Italic	FEEL_(TACTUALLY)_1411	FRENCH	SPANISH	malign (SCA matrix)	1.0000	1.0000	1.0000	1.0000	ok
NorthEuralex Italic	SUN_3735	ITALIAN	SPANISH	malign (SCA matrix)	1.0000	1.0000	1.0000	1.0000	ok
NorthEuralex Italic	STATE_(POLITICS)_3600	CATALAN	PORTUGUESE	malign (SCA matrix)	1.0000	1.0000	1.0000	1.0000	ok
NorthEuralex Italic	APRIL_1	ROMANIAN	SPANISH	malign (SCA matrix)	1.0000	1.0000	1.0000	1.0000	ok
NorthEuralex Italic	CHIN_769	CATALAN	ITALIAN	malign (SCA matrix)	1.0000	1.0000	1.0000	1.0000	ok
NorthEuralex Italic	ENEMY_1312	CATALAN	LATIN	malign (SCA matrix)	1.0000	1.0000	1.0000	1.0000	ok
NorthEuralex Italic	BLOW_(WITH_MOUTH)_458	ITALIAN	ROMANIAN	malign (SCA matrix)					skipped
NorthEuralex Italic	RUN_3119	CATALAN	SPANISH	malign (SCA matrix)	1.0000	1.0000	1.0000	1.0000	ok
NorthEuralex Italic	END_(OF_SPACE)_1301	ITALIAN	SPANISH	malign (SCA matrix)	1.0000	1.0000	1.0000	1.0000	ok
NorthEuralex Italic	STINGY_3639	FRENCH	ITALIAN	malign (SCA matrix)	1.0000	1.0000	1.0000	1.0000	ok
NorthEuralex Italic	DISH_1108	CATALAN	ROMANIAN	malign (SCA matrix)	1.0000	1.0000	1.0000	1.0000	ok
NorthEuralex Italic	BOOK_495	CATALAN	SPANISH	malign (SCA matrix)	1.0000	1.0000	1.0000	1.0000	ok
NorthEuralex Italic	NOTICE_(SOMETHING)_2629	ITALIAN	PORTUGUESE	malign (SCA matrix)	1.0000	1.0000	1.0000	1.0000	ok
NorthEuralex Italic	RIVER_3059	PORTUGUESE	ROMANIAN	malign (SCA matrix)	1.0000	1.0000	1.0000	1.0000	ok
NorthEuralex Italic	BOIL_(SOMETHING)_486	CATALAN	SPANISH	malign (SCA matrix)	1.0000	1.0000	1.0000	1.0000	ok
NorthEuralex Italic	REPAIR_2998	FRENCH	PORTUGUESE	malign (SCA matrix)	1.0000	1.0000	1.0000	1.0000	ok
NorthEuralex Italic	HANDLE_1812	CATALAN	ITALIAN	malign (SCA matrix)	1.0000	1.0000	1.0000	1.0000	ok
NorthEuralex Italic	KNOT_2163	LATIN	SPANISH	malign (SCA matrix)	1.0000	1.0000	1.0000	1.0000	ok
NorthEuralex Italic	CROSS_960	ITALIAN	PORTUGUESE	malign (SCA matrix)	1.0000	1.0000	1.0000	1.0000	ok
NorthEuralex Italic	REASON_2967	CATALAN	ITALIAN	malign (SCA matrix)					skipped
NorthEuralex Italic	FALL_ASLEEP_1361	FRENCH	ITALIAN	malign (SCA matrix)	0.8462	0.8462	0.8462	0.8462	ok
NorthEuralex Italic	INCREASE_2062	PORTUGUESE	SPANISH	malign (SCA matrix)					skipped
NorthEuralex Italic	FEVER_1421	FRENCH	LATIN	malign (SCA matrix)	1.0000	1.0000	1.0000	1.0000	ok
NorthEuralex Italic	FOAM_1508	CATALAN	ITALIAN	malign (SCA matrix)	1.0000	1.0000	1.0000	1.0000	ok
NorthEuralex Italic	SMOOTH_3420	ROMANIAN	SPANISH	malign (SCA matrix)	1.0000	1.0000	1.0000	1.0000	ok
NorthEuralex Italic	BELLY_384	LATIN	SPANISH	malign (SCA matrix)	1.0000	1.0000	1.0000	1.0000	ok
NorthEuralex Italic	FOOTPRINT_4047	CATALAN	FRENCH	malign (SCA matrix)	1.0000	1.0000	1.0000	1.0000	ok
NorthEuralex Italic	PICK_2778	PORTUGUESE	ROMANIAN	malign (SCA matrix)	1.0000	1.0000	1.0000	1.0000	ok
NorthEuralex Italic	SMOOTH_3420	CATALAN	SPANISH	malign (SCA matrix)	1.0000	1.0000	1.0000	1.0000	ok
NorthEuralex Italic	KNIFE_2146	ITALIAN	SPANISH	malign (SCA matrix)	1.0000	1.0000	1.0000	1.0000	ok
NorthEuralex Italic	FAULT_1398	ITALIAN	PORTUGUESE	malign (SCA matrix)	1.0000	1.0000	1.0000	1.0000	ok
NorthEuralex Italic	DAMP_993	CATALAN	PORTUGUESE	malign (SCA matrix)	1.0000	1.0000	1.0000	1.0000	ok
NorthEuralex Italic	SEPTEMBER_49	FRENCH	ROMANIAN	malign (SCA matrix)	1.0000	1.0000	1.0000	1.0000	ok
NorthEuralex Italic	BODY_484	FRENCH	ROMANIAN	malign (SCA matrix)	1.0000	1.0000	1.0000	1.0000	ok
NorthEuralex Italic	TIME_3983	ITALIAN	LATIN	malign (SCA matrix)	1.0000	1.0000	1.0000	1.0000	ok
NorthEuralex Italic	HIGH_78	ITALIAN	LATIN	malign (SCA matrix)	1.0000	1.0000	1.0000	1.0000	ok
NorthEuralex Italic	GRAIN_1716	LATIN	SPANISH	malign (SCA matrix)	1.0000	1.0000	1.0000	1.0000	ok
NorthEuralex Italic	THIRTY_3930	FRENCH	PORTUGUESE	malign (SCA matrix)	1.0000	1.0000	1.0000	1.0000	ok
NorthEuralex Italic	PROTECT_2916	FRENCH	ROMANIAN	malign (SCA matrix)	1.0000	1.0000	1.0000	1.0000	ok
NorthEuralex Italic	NINE_2600	FRENCH	SPANISH	malign (SCA matrix)	1.0000	1.0000	1.0000	1.0000	ok
NorthEuralex Italic	HORSE_1988	FRENCH	SPANISH	malign (SCA matrix)	1.0000	1.0000	1.0000	1.0000	ok
NorthEuralex Italic	HILL_1931	LATIN	PORTUGUESE	malign (SCA matrix)	1.0000	1.0000	1.0000	1.0000	ok
NorthEuralex Italic	BELIEVE_383	FRENCH	SPANISH	malign (SCA matrix)					skipped
NorthEuralex Italic	GATHER_1613	ITALIAN	SPANISH	malign (SCA matrix)					skipped
NorthEuralex Italic	SILVER_3324	CATALAN	PORTUGUESE	malign (SCA matrix)	1.0000	1.0000	1.0000	1.0000	ok
NorthEuralex Italic	PAW_2747	PORTUGUESE	SPANISH	malign (SCA matrix)	1.0000	1.0000	1.0000	1.0000	ok
NorthEuralex Italic	MEDICINE_2399	FRENCH	LATIN	malign (SCA matrix)	1.0000	1.0000	1.0000	1.0000	ok
NorthEuralex Italic	CEASE_1298	ROMANIAN	SPANISH	malign (SCA matrix)					skipped
NorthEuralex Italic	MEET_2403	ITALIAN	PORTUGUESE	malign (SCA matrix)	1.0000	1.0000	1.0000	1.0000	ok
NorthEuralex Italic	RAIN_(RAINING)_2943	CATALAN	FRENCH	malign (SCA matrix)					skipped
NorthEuralex Italic	WIN_4341	ITALIAN	SPANISH	malign (SCA matrix)	1.0000	1.0000	1.0000	1.0000	ok
NorthEuralex Italic	SING_3331	ROMANIAN	SPANISH	malign (SCA matrix)					skipped
NorthEuralex Italic	PHYSICIAN_1134	LATIN	SPANISH	malign (SCA matrix)	1.0000	1.0000	1.0000	1.0000	ok
NorthEuralex Italic	BETWEEN_419	LATIN	SPANISH	malign (SCA matrix)	1.0000	1.0000	1.0000	1.0000	ok
NorthEuralex Italic	DECEMBER_5	FRENCH	PORTUGUESE	malign (SCA matrix)	1.0000	1.0000	1.0000	1.0000	ok
NorthEuralex Italic	LETTER_2259	CATALAN	SPANISH	malign (SCA matrix)	1.0000	1.0000	1.0000	1.0000	ok
NorthEuralex Italic	FOOD_1517	CATALAN	PORTUGUESE	malign (SCA matrix)					skipped
NorthEuralex Italic	LINE_2306	FRENCH	LATIN	malign (SCA matrix)	1.0000	1.0000	1.0000	1.0000	ok
NorthEuralex Italic	BOAT_480	CATALAN	ITALIAN	malign (SCA matrix)	1.0000	1.0000	1.0000	1.0000	ok
NorthEuralex Italic	DAMP_993	FRENCH	PORTUGUESE	malign (SCA matrix)	1.0000	1.0000	1.0000	1.0000	ok
NorthEuralex Italic	STORY_3659	LATIN	SPANISH	malign (SCA matrix)					skipped
NorthEuralex Italic	PRESERVE_2890	PORTUGUESE	SPANISH	malign (SCA matrix)	0.7778	0.7778	0.7778	0.7778	ok
NorthEuralex Italic	ODOR_(SMELL)_2643	ITALIAN	PORTUGUESE	malign (SCA matrix)	1.0000	1.0000	1.0000	1.0000	ok
NorthEuralex Italic	STRENGTH_3678	CATALAN	ROMANIAN	malign (SCA matrix)	1.0000	1.0000	1.0000	1.0000	ok
NorthEuralex Italic	WOOD_4375	ITALIAN	LATIN	malign (SCA matrix)	0.6000	0.6000	0.6000	0.6000	ok
NorthEuralex Italic	DECEMBER_5	ITALIAN	ROMANIAN	malign (SCA matrix)	1.0000	1.0000	1.0000	1.0000	ok
NorthEuralex Italic	SEVEN_3210	PORTUGUESE	SPANISH	malign (SCA matrix)	1.0000	1.0000	1.0000	1.0000	ok
NorthEuralex Italic	GAME_1605	CATALAN	PORTUGUESE	malign (SCA matrix)	1.0000	1.0000	1.0000	1.0000	ok
NorthEuralex Italic	LAUGHTER_2198	LATIN	SPANISH	malign (SCA matrix)	1.0000	1.0000	1.0000	1.0000	ok
NorthEuralex Italic	BOTHER_(HARASS)_517	CATALAN	ROMANIAN	malign (SCA matrix)	1.0000	1.0000	1.0000	1.0000	ok
NorthEuralex Italic	STRENGTH_3677	ITALIAN	PORTUGUESE	malign (SCA matrix)	0.7500	0.7500	0.7500	0.7500	ok
NorthEuralex Italic	AIR_129	FRENCH	LATIN	malign (SCA matrix)	1.0000	1.0000	1.0000	1.0000	ok
NorthEuralex Italic	GOLD_1700	LATIN	SPANISH	malign (SCA matrix)	1.0000	1.0000	1.0000	1.0000	ok
NorthEuralex Italic	RIPE_3042	LATIN	PORTUGUESE	malign (SCA matrix)	1.0000	1.0000	1.0000	1.0000	ok
NorthEuralex Italic	STIR_3643	LATIN	PORTUGUESE	malign (SCA matrix)	1.0000	1.0000	1.0000	1.0000	ok
NorthEuralex Italic	CHANGE_(BECOME_DIFFERENT)_719	ITALIAN	SPANISH	malign (SCA matrix)					skipped
NorthEuralex Italic	PERCH_(FISH)_2774	LATIN	SPANISH	malign (SCA matrix)	1.0000	1.0000	1.0000	1.0000	ok
NorthEuralex Italic	ODOR_(SMELL)_2643	PORTUGUESE	SPANISH	malign (SCA matrix)	1.0000	1.0000	1.0000	1.0000	ok
NorthEuralex Italic	DIFFERENT_1072	FRENCH	PORTUGUESE	malign (SCA matrix)	0.7500	0.7500	0.7500	0.7500	ok
NorthEuralex Italic	NEST_2566	ITALIAN	LATIN	malign (SCA matrix)	1.0000	1.0000	1.0000	1.0000	ok
NorthEuralex Italic	WIND_4345	CATALAN	SPANISH	malign (SCA matrix)	1.0000	1.0000	1.0000	1.0000	ok
NorthEuralex Italic	NOVEMBER_42	CATALAN	ITALIAN	malign (SCA matrix)	1.0000	1.0000	1.0000	1.0000	ok
NorthEuralex Italic	SLEEVE_3386	ITALIAN	LATIN	malign (SCA matrix)	1.0000	1.0000	1.0000	1.0000	ok
NorthEuralex Italic	PASS_2730	PORTUGUESE	SPANISH	malign (SCA matrix)	1.0000	1.0000	1.0000	1.0000	ok
NorthEuralex Italic	SIXTY_3355	ITALIAN	SPANISH	malign (SCA matrix)	1.0000	1.0000	1.0000	1.0000	ok
NorthEuralex Italic	NAKED_2523	FRENCH	ITALIAN	malign (SCA matrix)	1.0000	1.0000	1.0000	1.0000	ok
NorthEuralex Italic	DISEASE_2042	PORTUGUESE	SPANISH	malign (SCA matrix)	1.0000	1.0000	1.0000	1.0000	ok
NorthEuralex Italic	GATE_1612	ITALIAN	LATIN	malign (SCA matrix)	1.0000	1.0000	1.0000	1.0000	ok
NorthEuralex Italic	SOUTH_3499	FRENCH	ITALIAN	malign (SCA matrix)	1.0000	1.0000	1.0000	1.0000	ok
NorthEuralex Italic	SEE_3161	FRENCH	LATIN	malign (SCA matrix)					skipped
NorthEuralex Italic	FLOWER_1502	CATALAN	PORTUGUESE	malign (SCA matrix)	1.0000	1.0000	1.0000	1.0000	ok
NorthEuralex Italic	NET_2568	LATIN	SPANISH	malign (SCA matrix)	1.0000	1.0000	1.0000	1.0000	ok
NorthEuralex Italic	SLEEP_(STATE)_3384	CATALAN	ROMANIAN	malign (SCA matrix)	1.0000	1.0000	1.0000	1.0000	ok
NorthEuralex Italic	ACHE_87	ITALIAN	SPANISH	malign (SCA matrix)	1.0000	1.0000	1.0000	1.0000	ok
NorthEuralex Italic	NIGHT_2598	PORTUGUESE	SPANISH	malign (SCA matrix)	1.0000	1.0000	1.0000	1.0000	ok
NorthEuralex Italic	MONEY_2459	CATALAN	SPANISH	malign (SCA matrix)	0.7143	0.7143	0.7143	0.7143	ok
NorthEuralex Italic	HANDLE_1812	ITALIAN	SPANISH	malign (SCA matrix)	1.0000	1.0000	1.0000	1.0000	ok
NorthEuralex Italic	STINGY_3639	FRENCH	PORTUGUESE	malign (SCA matrix)	1.0000	1.0000	1.0000	1.0000	ok
NorthEuralex Italic	PAIN_2716	ITALIAN	LATIN	malign (SCA matrix)	1.0000	1.0000	1.0000	1.0000	ok
NorthEuralex Italic	THREE_3957	FRENCH	PORTUGUESE	malign (SCA matrix)	1.0000	1.0000	1.0000	1.0000	ok
NorthEuralex Italic	SUN_3735	ITALIAN	PORTUGUESE	malign (SCA matrix)	1.0000	1.0000	1.0000	1.0000	ok
NorthEuralex Italic	SUPPORT_(OF_OBJECT)_3738	CATALAN	PORTUGUESE	malign (SCA matrix)	1.0000	1.0000	1.0000	1.0000	ok
NorthEuralex Italic	HARD_1842	LATIN	ROMANIAN	malign (SCA matrix)	1.0000	1.0000	1.0000	1.0000	ok
NorthEuralex Italic	WOMAN_4370	LATIN	SPANISH	malign (SCA matrix)	1.0000	1.0000	1.0000	1.0000	ok
NorthEuralex Italic	TONGUE_4024	CATALAN	PORTUGUESE	malign (SCA matrix)	1.0000	1.0000	1.0000	1.0000	ok
NorthEuralex Italic	FIR_1457	CATALAN	PORTUGUESE	malign (SCA matrix)	1.0000	1.0000	1.0000	1.0000	ok
NorthEuralex Italic	COLD_862	CATALAN	ITALIAN	malign (SCA matrix)	1.0000	1.0000	1.0000	1.0000	ok
NorthEuralex Italic	MILK_2426	FRENCH	SPANISH	malign (SCA matrix)	1.0000	1.0000	1.0000	1.0000	ok
NorthEuralex Italic	WOUND_4402	CATALAN	PORTUGUESE	malign (SCA matrix)	1.0000	1.0000	1.0000	1.0000	ok
NorthEuralex Italic	PINE_2813	FRENCH	LATIN	malign (SCA matrix)	1.0000	1.0000	1.0000	1.0000	ok
NorthEuralex Italic	COOK_(SOMETHING)_905	FRENCH	SPANISH	malign (SCA matrix)	1.0000	1.0000	1.0000	1.0000	ok
NorthEuralex Italic	IDOL_1427	FRENCH	SPANISH	malign (SCA matrix)	1.0000	1.0000	1.0000	1.0000	ok
NorthEuralex Italic	NOVEMBER_42	PORTUGUESE	SPANISH	malign (SCA matrix)	1.0000	1.0000	1.0000	1.0000	ok
NorthEuralex Italic	HONEY_1977	CATALAN	SPANISH	malign (SCA matrix)	1.0000	1.0000	1.0000	1.0000	ok
NorthEuralex Italic	GRAIN_1716	FRENCH	SPANISH	malign (SCA matrix)	1.0000	1.0000	1.0000	1.0000	ok
NorthEuralex Italic	END_(OF_SPACE)_1299	CATALAN	SPANISH	malign (SCA matrix)	1.0000	1.0000	1.0000	1.0000	ok
NorthEuralex Italic	BELLY_384	FRENCH	PORTUGUESE	malign (SCA matrix)	1.0000	1.0000	1.0000	1.0000	ok
NorthEuralex Italic	BOW_521	LATIN	PORTUGUESE	malign (SCA matrix)	1.0000	1.0000	1.0000	1.0000	ok
NorthEuralex Italic	KEEP_2109	FRENCH	LATIN	malign (SCA matrix)	0.7778	0.7778	0.7778	0.7778	ok
NorthEuralex Italic	TOUCH_4029	ITALIAN	LATIN	malign (SCA matrix)	1.0000	1.0000	1.0000	1.0000	ok
NorthEuralex Italic	CHEAP_733	CATALAN	PORTUGUESE	malign (SCA matrix)	1.0000	1.0000	1.0000	1.0000	ok
NorthEuralex Italic	TENDON_3329	PORTUGUESE	SPANISH	malign (SCA matrix)	1.0000	1.0000	1.0000	1.0000	ok
NorthEuralex Italic	SOLID_1463	CATALAN	FRENCH	malign (SCA matrix)	1.0000	1.0000	1.0000	1.0000	ok
NorthEuralex Italic	GET_2973	ITALIAN	SPANISH	malign (SCA matrix)	1.0000	1.0000	1.0000	1.0000	ok
NorthEuralex Italic	SEVENTY_3211	PORTUGUESE	SPANISH	malign (SCA matrix)	1.0000	1.0000	1.0000	1.0000	ok
NorthEuralex Italic	WARM_4216	CATALAN	LATIN	malign (SCA matrix)	1.0000	1.0000	1.0000	1.0000	ok
NorthEuralex Italic	SING_3331	PORTUGUESE	SPANISH	malign (SCA matrix)	1.0000	1.0000	1.0000	1.0000	ok
NorthEuralex Italic	JUMP_2107	PORTUGUESE	SPANISH	malign (SCA matrix)	1.0000	1.0000	1.0000	1.0000	ok
NorthEuralex Italic	END_(OF_SPACE)_1299	ITALIAN	ROMANIAN	malign (SCA matrix)	1.0000	1.0000	1.0000	1.0000	ok
NorthEuralex Italic	AMOUNT_149	ITALIAN	ROMANIAN	malign (SCA matrix)	1.0000	1.0000	1.0000	1.0000	ok
NorthEuralex Italic	CURRENT_(STREAM)_969	PORTUGUESE	ROMANIAN	malign (SCA matrix)	1.0000	1.0000	1.0000	1.0000	ok
NorthEuralex Italic	SPIRIT_3545	ITALIAN	PORTUGUESE	malign (SCA matrix)	1.0000	1.0000	1.0000	1.0000	ok
NorthEuralex Italic	HEIGHT_1898	CATALAN	ITALIAN	malign (SCA matrix)	1.0000	1.0000	1.0000	1.0000	ok
NorthEuralex Italic	FLY_(INSECT)_1504	ITALIAN	ROMANIAN	malign (SCA matrix)	1.0000	1.0000	1.0000	1.0000	ok
NorthEuralex Italic	YOU_4433	LATIN	ROMANIAN	malign (SCA matrix)					skipped
NorthEuralex Italic	THREE_3957	CATALAN	ITALIAN	malign (SCA matrix)	1.0000	1.0000	1.0000	1.0000	ok
NorthEuralex Italic	BREAK_(CLEAVE)_563	PORTUGUESE	SPANISH	malign (SCA matrix)	1.0000	1.0000	1.0000	1.0000	ok
NorthEuralex Italic	KNOT_2163	ITALIAN	LATIN	malign (SCA matrix)	1.0000	1.0000	1.0000	1.0000	ok
NorthEuralex Italic	DESTROY_1069	ROMANIAN	SPANISH	malign (SCA matrix)					skipped
NorthEuralex Italic	THEY_3900	CATALAN	FRENCH	malign (SCA matrix)	1.0000	1.0000	1.0000	1.0000	ok
NorthEuralex Italic	DRESS_UP_1629	CATALAN	SPANISH	malign (SCA matrix)	1.0000	1.0000	1.0000	1.0000	ok
NorthEuralex Italic	THREE_3957	CATALAN	LATIN	malign (SCA matrix)	1.0000	1.0000	1.0000	1.0000	ok
NorthEuralex Italic	OPEN_2694	ITALIAN	PORTUGUESE	malign (SCA matrix)	1.0000	1.0000	1.0000	1.0000	ok
NorthEuralex Italic	SWAMP_3752	PORTUGUESE	SPANISH	malign (SCA matrix)	1.0000	1.0000	1.0000	1.0000	ok
NorthEuralex Italic	WHITE_4313	PORTUGUESE	SPANISH	malign (SCA matrix)	1.0000	1.0000	1.0000	1.0000	ok
NorthEuralex Italic	SPRINGTIME_3565	PORTUGUESE	ROMANIAN	malign (SCA matrix)	1.0000	1.0000	1.0000	1.0000	ok
NorthEuralex Italic	SWINDLE_738	ITALIAN	LATIN	malign (SCA matrix)	1.0000	1.0000	1.0000	1.0000	ok
NorthEuralex Italic	FAULT_1398	ITALIAN	LATIN	malign (SCA matrix)	1.0000	1.0000	1.0000	1.0000	ok
NorthEuralex Italic	TOUCH_4029	CATALAN	LATIN	malign (SCA matrix)	0.7143	0.7143	0.7143	0.7143	ok
NorthEuralex Italic	TASTE_1477	FRENCH	ITALIAN	malign (SCA matrix)	1.0000	1.0000	1.0000	1.0000	ok
NorthEuralex Italic	LEAF_2217	ITALIAN	PORTUGUESE	malign (SCA matrix)	1.0000	1.0000	1.0000	1.0000	ok
NorthEuralex Italic	KING_2131	FRENCH	SPANISH	malign (SCA matrix)					skipped
NorthEuralex Italic	MEASURE_2395	LATIN	PORTUGUESE	malign (SCA matrix)	1.0000	1.0000	1.0000	1.0000	ok
NorthEuralex Italic	TWO_4115	CATALAN	ROMANIAN	malign (SCA matrix)					skipped
NorthEuralex Italic	IRON_2079	ITALIAN	LATIN	malign (SCA matrix)	1.0000	1.0000	1.0000	1.0000	ok
NorthEuralex Italic	MASTER_2373	LATIN	ROMANIAN	malign (SCA matrix)	1.0000	1.0000	1.0000	1.0000	ok
NorthEuralex Italic	STUPID_3698	CATALAN	PORTUGUESE	malign (SCA matrix)	1.0000	1.0000	1.0000	1.0000	ok
NorthEuralex Italic	CLAY_801	ITALIAN	PORTUGUESE	malign (SCA matrix)	1.0000	1.0000	1.0000	1.0000	ok
NorthEuralex Italic	MISTAKE_2454	FRENCH	ITALIAN	malign (SCA matrix)	1.0000	1.0000	1.0000	1.0000	ok
NorthEuralex Italic	IDOL_1427	CATALAN	ITALIAN	malign (SCA matrix)	1.0000	1.0000	1.0000	1.0000	ok
NorthEuralex Italic	MAKE_2366	LATIN	PORTUGUESE	malign (SCA matrix)	1.0000	1.0000	1.0000	1.0000	ok
NorthEuralex Italic	PINE_2813	PORTUGUESE	ROMANIAN	malign (SCA matrix)	1.0000	1.0000	1.0000	1.0000	ok
NorthEuralex Italic	OWN_2714	PORTUGUESE	ROMANIAN	malign (SCA matrix)	1.0000	1.0000	1.0000	1.0000	ok
NorthEuralex Italic	CLOUD_853	PORTUGUESE	SPANISH	malign (SCA matrix)	1.0000	1.0000	1.0000	1.0000	ok
NorthEuralex Italic	DYE_1233	LATIN	SPANISH	malign (SCA matrix)	1.0000	1.0000	1.0000	1.0000	ok
NorthEuralex Italic	EVENING_1321	FRENCH	ITALIAN	malign (SCA matrix)					skipped
NorthEuralex Italic	HUNDRED_68	CATALAN	ITALIAN	malign (SCA matrix)	1.0000	1.0000	1.0000	1.0000	ok
NorthEuralex Italic	SEPTEMBER_49	LATIN	SPANISH	malign (SCA matrix)	1.0000	1.0000	1.0000	1.0000	ok
NorthEuralex Italic	FACE_1348	CATALAN	PORTUGUESE	malign (SCA matrix)	1.0000	1.0000	1.0000	1.0000	ok
NorthEuralex Italic	HARD_1842	ROMANIAN	SPANISH	malign (SCA matrix)	1.0000	1.0000	1.0000	1.0000	ok
NorthEuralex Italic	CALCULATE_658	PORTUGUESE	ROMANIAN	malign (SCA matrix)					skipped
NorthEuralex Italic	SOLID_1463	FRENCH	LATIN	malign (SCA matrix)	1.0000	1.0000	1.0000	1.0000	ok
NorthEuralex Italic	SLEEP_3383	ITALIAN	ROMANIAN	malign (SCA matrix)	1.0000	1.0000	1.0000	1.0000	ok
NorthEuralex Italic	PHYSICIAN_1134	ITALIAN	ROMANIAN	malign (SCA matrix)	1.0000	1.0000	1.0000	1.0000	ok
NorthEuralex Italic	THROAT_3960	CATALAN	ITALIAN	malign (SCA matrix)	1.0000	1.0000	1.0000	1.0000	ok
NorthEuralex Italic	SOLID_1464	CATALAN	PORTUGUESE	malign (SCA matrix)	1.0000	1.0000	1.0000	1.0000	ok
NorthEuralex Italic	BUTTON_652	ITALIAN	SPANISH	malign (SCA matrix)	1.0000	1.0000	1.0000	1.0000	ok
NorthEuralex Italic	GROUND_1759	PORTUGUESE	SPANISH	malign (SCA matrix)	1.0000	1.0000	1.0000	1.0000	ok
NorthEuralex Italic	SOUR_3486	ROMANIAN	SPANISH	malign (SCA matrix)	1.0000	1.0000	1.0000	1.0000	ok
NorthEuralex Italic	SHARPEN_(SOMETHING)_3230	FRENCH	SPANISH	malign (SCA matrix)	1.0000	1.0000	1.0000	1.0000	ok
NorthEuralex Italic	BEARD_336	FRENCH	SPANISH	malign (SCA matrix)	1.0000	1.0000	1.0000	1.0000	ok
NorthEuralex Italic	SELL_3193	FRENCH	LATIN	malign (SCA matrix)	1.0000	1.0000	1.0000	1.0000	ok
NorthEuralex Italic	TREE_4061	FRENCH	LATIN	malign (SCA matrix)	1.0000	1.0000	1.0000	1.0000	ok
NorthEuralex Italic	AND_151	CATALAN	SPANISH	malign (SCA matrix)	1.0000	1.0000	1.0000	1.0000	ok
NorthEuralex Italic	RAW_2963	CATALAN	FRENCH	malign (SCA matrix)	1.0000	1.0000	1.0000	1.0000	ok
NorthEuralex Italic	NAVEL_2548	ITALIAN	PORTUGUESE	malign (SCA matrix)	1.0000	1.0000	1.0000	1.0000	ok
NorthEuralex Italic	SHEEP_3236	PORTUGUESE	SPANISH	malign (SCA matrix)	1.0000	1.0000	1.0000	1.0000	ok
NorthEuralex Italic	SOUP_3480	CATALAN	PORTUGUESE	malign (SCA matrix)	1.0000	1.0000	1.0000	1.0000	ok
NorthEuralex Italic	HERE_1922	CATALAN	SPANISH	malign (SCA matrix)	1.0000	1.0000	1.0000	1.0000	ok
NorthEuralex Italic	VEIN_4149	LATIN	PORTUGUESE	malign (SCA matrix)	1.0000	1.0000	1.0000	1.0000	ok
NorthEuralex Italic	HEIGHT_1898	ITALIAN	SPANISH	malign (SCA matrix)	0.6250	0.6250	0.6250	0.6250	ok
NorthEuralex Italic	MARCH_33	FRENCH	ROMANIAN	malign (SCA matrix)	1.0000	1.0000	1.0000	1.0000	ok
NorthEuralex Italic	STREAM_(FLOW_CONTINUOUSLY)_3673	CATALAN	FRENCH	malign (SCA matrix)	0.5000	0.5000	0.5000	0.5000	ok
NorthEuralex Italic	BE_ALIVE_2315	LATIN	SPANISH	malign (SCA matrix)	1.0000	1.0000	1.0000	1.0000	ok
NorthEuralex Italic	SHAKE_3219	CATALAN	ITALIAN	malign (SCA matrix)	0.7143	0.7143	0.7143	0.7143	ok
NorthEuralex Italic	PIT_(POTHOLE)_2818	FRENCH	SPANISH	malign (SCA matrix)	1.0000	1.0000	1.0000	1.0000	ok
NorthEuralex Italic	SKIN_3370	ROMANIAN	SPANISH	malign (SCA matrix)	1.0000	1.0000	1.0000	1.0000	ok
NorthEuralex Italic	FINE_OR_THIN_1042	ROMANIAN	SPANISH	malign (SCA matrix)	1.0000	1.0000	1.0000	1.0000	ok
NorthEuralex Italic	THROW_3967	FRENCH	SPANISH	malign (SCA matrix)	1.0000	1.0000	1.0000	1.0000	ok
NorthEuralex Italic	DISH_1108	LATIN	ROMANIAN	malign (SCA matrix)	1.0000	1.0000	1.0000	1.0000	ok
NorthEuralex Italic	DAY_(NOT_NIGHT)_1012	LATIN	SPANISH	malign (SCA+boot)	1.0000	1.0000	1.0000	1.0000	ok
NorthEuralex Italic	BELOW_OR_UNDER_4122	FRENCH	ROMANIAN	malign (SCA+boot)	1.0000	1.0000	1.0000	1.0000	ok
NorthEuralex Italic	MAY_(MONTH)_34	CATALAN	PORTUGUESE	malign (SCA+boot)					skipped
NorthEuralex Italic	KEEP_2109	FRENCH	PORTUGUESE	malign (SCA+boot)	1.0000	1.0000	1.0000	1.0000	ok
NorthEuralex Italic	HINDER_1937	CATALAN	PORTUGUESE	malign (SCA+boot)					skipped
NorthEuralex Italic	EARTH_(SOIL)_1242	FRENCH	SPANISH	malign (SCA+boot)	1.0000	1.0000	1.0000	1.0000	ok
NorthEuralex Italic	CROSS_960	FRENCH	LATIN	malign (SCA+boot)					skipped
NorthEuralex Italic	COMB_(VERB)_871	CATALAN	PORTUGUESE	malign (SCA+boot)	1.0000	1.0000	1.0000	1.0000	ok
NorthEuralex Italic	SPEAK_3529	PORTUGUESE	SPANISH	malign (SCA+boot)	1.0000	1.0000	1.0000	1.0000	ok
NorthEuralex Italic	BIRCH_425	ITALIAN	LATIN	malign (SCA+boot)	1.0000	1.0000	1.0000	1.0000	ok
NorthEuralex Italic	BE_ALIVE_2321	ITALIAN	LATIN	malign (SCA+boot)	1.0000	1.0000	1.0000	1.0000	ok
NorthEuralex Italic	COOK_(SOMETHING)_905	LATIN	SPANISH	malign (SCA+boot)	1.0000	1.0000	1.0000	1.0000	ok
NorthEuralex Italic	HEEL_1894	ITALIAN	SPANISH	malign (SCA+boot)	1.0000	1.0000	1.0000	1.0000	ok
NorthEuralex Italic	HUNGER_2015	ITALIAN	LATIN	malign (SCA+boot)	1.0000	1.0000	1.0000	1.0000	ok
NorthEuralex Italic	WHY_4320	ITALIAN	PORTUGUESE	malign (SCA+boot)	1.0000	1.0000	1.0000	1.0000	ok
NorthEuralex Italic	BENEFIT_411	ROMANIAN	SPANISH	malign (SCA+boot)	1.0000	1.0000	1.0000	1.0000	ok
NorthEuralex Italic	GRAIN_1716	CATALAN	SPANISH	malign (SCA+boot)	1.0000	1.0000	1.0000	1.0000	ok
NorthEuralex Italic	SOUP_3480	ITALIAN	ROMANIAN	malign (SCA+boot)	1.0000	1.0000	1.0000	1.0000	ok
NorthEuralex Italic	HERD_(SOMETHING)_1916	PORTUGUESE	SPANISH	malign (SCA+boot)	1.0000	1.0000	1.0000	1.0000	ok
NorthEuralex Italic	TALK_3815	PORTUGUESE	SPANISH	malign (SCA+boot)	1.0000	1.0000	1.0000	1.0000	ok
NorthEuralex Italic	MEAT_2396	LATIN	SPANISH	malign (SCA+boot)	1.0000	1.0000	1.0000	1.0000	ok
NorthEuralex Italic	ANIMAL_162	FRENCH	ROMANIAN	malign (SCA+boot)	1.0000	1.0000	1.0000	1.0000	ok
NorthEuralex Italic	FEATHER_1402	ITALIAN	LATIN	malign (SCA+boot)	1.0000	1.0000	1.0000	1.0000	ok
NorthEuralex Italic	SPEECH_3532	ITALIAN	SPANISH	malign (SCA+boot)	1.0000	1.0000	1.0000	1.0000	ok
NorthEuralex Italic	POUCH_2863	LATIN	ROMANIAN	malign (SCA+boot)	1.0000	1.0000	1.0000	1.0000	ok
NorthEuralex Italic	MEAT_2396	ITALIAN	PORTUGUESE	malign (SCA+boot)	1.0000	1.0000	1.0000	1.0000	ok
NorthEuralex Italic	FAMILIAR_1372	ROMANIAN	SPANISH	malign (SCA+boot)	1.0000	1.0000	1.0000	1.0000	ok
NorthEuralex Italic	HAY_1851	LATIN	SPANISH	malign (SCA+boot)	1.0000	1.0000	1.0000	1.0000	ok
NorthEuralex Italic	PLACE_(POSITION)_2825	CATALAN	ROMANIAN	malign (SCA+boot)	1.0000	1.0000	1.0000	1.0000	ok
NorthEuralex Italic	CROSS_960	CATALAN	LATIN	malign (SCA+boot)	0.6000	0.6000	0.6000	0.6000	ok
NorthEuralex Italic	CONVEY_(A_MESSAGE)_902	PORTUGUESE	SPANISH	malign (SCA+boot)	1.0000	1.0000	1.0000	1.0000	ok
NorthEuralex Italic	SEE_3161	ROMANIAN	SPANISH	malign (SCA+boot)					skipped
NorthEuralex Italic	COUNTRY_931	FRENCH	PORTUGUESE	malign (SCA+boot)	1.0000	1.0000	1.0000	1.0000	ok
NorthEuralex Italic	RESCUE_3005	FRENCH	ITALIAN	malign (SCA+boot)	0.7143	0.7143	0.7143	0.7143	ok
NorthEuralex Italic	PREPARE_2888	CATALAN	ITALIAN	malign (SCA+boot)	0.4444	0.4444	0.4444	0.4444	ok
NorthEuralex Italic	LIGHT_(IGNITE)_2286	PORTUGUESE	SPANISH	malign (SCA+boot)	1.0000	1.0000	1.0000	1.0000	ok
NorthEuralex Italic	BORDER_502	ITALIAN	PORTUGUESE	malign (SCA+boot)					skipped
NorthEuralex Italic	THIRD_3927	CATALAN	SPANISH	malign (SCA+boot)	0.7143	0.7143	0.7143	0.7143	ok
NorthEuralex Italic	DIFFERENT_1072	ITALIAN	ROMANIAN	malign (SCA+boot)	1.0000	1.0000	1.0000	1.0000	ok
NorthEuralex Italic	SEEM_3169	CATALAN	FRENCH	malign (SCA+boot)	1.0000	1.0000	1.0000	1.0000	ok
NorthEuralex Italic	CLEVER_814	ITALIAN	SPANISH	malign (SCA+boot)	1.0000	1.0000	1.0000	1.0000	ok
NorthEuralex Italic	MOVE_(AFFECT_EMOTIONALLY)_2495	CATALAN	LATIN	malign (SCA+boot)	1.0000	1.0000	1.0000	1.0000	ok
NorthEuralex Italic	RING_(MAKE_SOUND)_3028	FRENCH	ROMANIAN	malign (SCA+boot)	1.0000	1.0000	1.0000	1.0000	ok
NorthEuralex Italic	GATE_1612	PORTUGUESE	ROMANIAN	malign (SCA+boot)	1.0000	1.0000	1.0000	1.0000	ok
NorthEuralex Italic	CEASE_1302	CATALAN	SPANISH	malign (SCA+boot)	1.0000	1.0000	1.0000	1.0000	ok
NorthEuralex Italic	BOW_521	FRENCH	PORTUGUESE	malign (SCA+boot)	1.0000	1.0000	1.0000	1.0000	ok
NorthEuralex Italic	HORSE_1988	PORTUGUESE	SPANISH	malign (SCA+boot)	1.0000	1.0000	1.0000	1.0000	ok
NorthEuralex Italic	MORNING_2475	CATALAN	PORTUGUESE	malign (SCA+boot)	1.0000	1.0000	1.0000	1.0000	ok
NorthEuralex Italic	CLOTH_839	LATIN	SPANISH	malign (SCA+boot)					skipped
NorthEuralex Italic	HUNGER_2015	LATIN	PORTUGUESE	malign (SCA+boot)	1.0000	1.0000	1.0000	1.0000	ok
NorthEuralex Italic	CRADLE_948	FRENCH	PORTUGUESE	malign (SCA+boot)	1.0000	1.0000	1.0000	1.0000	ok
NorthEuralex Italic	SELL_3193	CATALAN	LATIN	malign (SCA+boot)	1.0000	1.0000	1.0000	1.0000	ok
NorthEuralex Italic	MEAT_2396	ITALIAN	SPANISH	malign (SCA+boot)	1.0000	1.0000	1.0000	1.0000	ok
NorthEuralex Italic	TEAR_(OF_EYE)_3842	PORTUGUESE	ROMANIAN	malign (SCA+boot)	1.0000	1.0000	1.0000	1.0000	ok
NorthEuralex Italic	RIVER_3060	FRENCH	ROMANIAN	malign (SCA+boot)	1.0000	1.0000	1.0000	1.0000	ok
NorthEuralex Italic	FEVER_1421	FRENCH	ROMANIAN	malign (SCA+boot)	1.0000	1.0000	1.0000	1.0000	ok
NorthEuralex Italic	SACK_3135	CATALAN	LATIN	malign (SCA+boot)	1.0000	1.0000	1.0000	1.0000	ok
NorthEuralex Italic	RECOGNIZE_(SOMEBODY)_2977	FRENCH	ROMANIAN	malign (SCA+boot)					skipped
NorthEuralex Italic	HALF_1802	FRENCH	ITALIAN	malign (SCA+boot)	1.0000	1.0000	1.0000	1.0000	ok
NorthEuralex Italic	LIP_2307	ITALIAN	SPANISH	malign (SCA+boot)	1.0000	1.0000	1.0000	1.0000	ok
NorthEuralex Italic	CHARACTER_724	FRENCH	SPANISH	malign (SCA+boot)	1.0000	1.0000	1.0000	1.0000	ok
NorthEuralex Italic	FISH_1470	CATALAN	SPANISH	malign (SCA+boot)	1.0000	1.0000	1.0000	1.0000	ok
NorthEuralex Italic	KEEP_2109	FRENCH	ITALIAN	malign (SCA+boot)	0.8000	0.8000	0.8000	0.8000	ok
NorthEuralex Italic	FIFTY_1422	CATALAN	ITALIAN	malign (SCA+boot)	1.0000	1.0000	1.0000	1.0000	ok
NorthEuralex Italic	THOUSAND_76	ITALIAN	LATIN	malign (SCA+boot)	1.0000	1.0000	1.0000	1.0000	ok
NorthEuralex Italic	SEE_3161	ITALIAN	PORTUGUESE	malign (SCA+boot)	1.0000	1.0000	1.0000	1.0000	ok
NorthEuralex Italic	LOOK_FOR_2349	PORTUGUESE	SPANISH	malign (SCA+boot)	1.0000	1.0000	1.0000	1.0000	ok
NorthEuralex Italic	HEIGHT_1898	PORTUGUESE	SPANISH	malign (SCA+boot)	1.0000	1.0000	1.0000	1.0000	ok
NorthEuralex Italic	PARENTS_2724	PORTUGUESE	SPANISH	malign (SCA+boot)	1.0000	1.0000	1.0000	1.0000	ok
NorthEuralex Italic	BRING_585	FRENCH	ITALIAN	malign (SCA+boot)	1.0000	1.0000	1.0000	1.0000	ok
NorthEuralex Italic	HOWL_2006	ITALIAN	SPANISH	malign (SCA+boot)	1.0000	1.0000	1.0000	1.0000	ok
NorthEuralex Italic	BIRD_429	ROMANIAN	SPANISH	malign (SCA+boot)	1.0000	1.0000	1.0000	1.0000	ok
NorthEuralex Italic	ONE_TIME_2665	CATALAN	PORTUGUESE	malign (SCA+boot)	0.7778	0.7778	0.7778	0.7778	ok
NorthEuralex Italic	SIT_3342	CATALAN	LATIN	malign (SCA+boot)	1.0000	1.0000	1.0000	1.0000	ok
NorthEuralex Italic	LISTEN_2309	FRENCH	PORTUGUESE	malign (SCA+boot)	1.0000	1.0000	1.0000	1.0000	ok
NorthEuralex Italic	CAP_686	FRENCH	PORTUGUESE	malign (SCA+boot)	1.0000	1.0000	1.0000	1.0000	ok
NorthEuralex Italic	HANG_1820	FRENCH	PORTUGUESE	malign (SCA+boot)	1.0000	1.0000	1.0000	1.0000	ok
NorthEuralex Italic	OLD_(AGED)_116	CATALAN	PORTUGUESE	malign (SCA+boot)	1.0000	1.0000	1.0000	1.0000	ok
NorthEuralex Italic	HARDLY_1843	ITALIAN	SPANISH	malign (SCA+boot)					skipped
NorthEuralex Italic	WEATHER_4259	CATALAN	SPANISH	malign (SCA+boot)					skipped
NorthEuralex Italic	SHOW_3298	FRENCH	SPANISH	malign (SCA+boot)	1.0000	1.0000	1.0000	1.0000	ok
NorthEuralex Italic	THIN_(SLIM)_3401	CATALAN	SPANISH	malign (SCA+boot)	1.0000	1.0000	1.0000	1.0000	ok
NorthEuralex Italic	EGG_1262	LATIN	PORTUGUESE	malign (SCA+boot)	1.0000	1.0000	1.0000	1.0000	ok
NorthEuralex Italic	LIGHT_(RADIATION)_2287	LATIN	SPANISH	malign (SCA+boot)	1.0000	1.0000	1.0000	1.0000	ok
NorthEuralex Italic	EARTH_(SOIL)_1242	ITALIAN	LATIN	malign (SCA+boot)	1.0000	1.0000	1.0000	1.0000	ok
NorthEuralex Italic	KILL_2125	PORTUGUESE	SPANISH	malign (SCA+boot)	1.0000	1.0000	1.0000	1.0000	ok
NorthEuralex Italic	LIE_(FALSEHOOD)_2267	ROMANIAN	SPANISH	malign (SCA+boot)	0.7500	0.7500	0.7500	0.7500	ok
NorthEuralex Italic	STEAL_3609	PORTUGUESE	ROMANIAN	malign (SCA+boot)	1.0000	1.0000	1.0000	1.0000	ok
NorthEuralex Italic	SING_3331	LATIN	PORTUGUESE	malign (SCA+boot)	1.0000	1.0000	1.0000	1.0000	ok
NorthEuralex Italic	RING_3027	CATALAN	PORTUGUESE	malign (SCA+boot)	1.0000	1.0000	1.0000	1.0000	ok
NorthEuralex Italic	HEIGHT_1898	ITALIAN	LATIN	malign (SCA+boot)	1.0000	1.0000	1.0000	1.0000	ok
NorthEuralex Italic	DYE_1233	LATIN	PORTUGUESE	malign (SCA+boot)	1.0000	1.0000	1.0000	1.0000	ok
NorthEuralex Italic	WIN_4341	LATIN	SPANISH	malign (SCA+boot)	1.0000	1.0000	1.0000	1.0000	ok
NorthEuralex Italic	WALK_4195	CATALAN	PORTUGUESE	malign (SCA+boot)	1.0000	1.0000	1.0000	1.0000	ok
NorthEuralex Italic	CONVERSATION_3813	CATALAN	SPANISH	malign (SCA+boot)	1.0000	1.0000	1.0000	1.0000	ok
NorthEuralex Italic	BOX_530	ITALIAN	SPANISH	malign (SCA+boot)	1.0000	1.0000	1.0000	1.0000	ok
NorthEuralex Italic	DARK_999	ITALIAN	SPANISH	malign (SCA+boot)	1.0000	1.0000	1.0000	1.0000	ok
NorthEuralex Italic	FACE_1348	CATALAN	SPANISH	malign (SCA+boot)	1.0000	1.0000	1.0000	1.0000	ok
NorthEuralex Italic	FEATHER_1403	CATALAN	FRENCH	malign (SCA+boot)	1.0000	1.0000	1.0000	1.0000	ok
NorthEuralex Italic	SPEECH_3532	CATALAN	ROMANIAN	malign (SCA+boot)	1.0000	1.0000	1.0000	1.0000	ok
NorthEuralex Italic	CALCULATE_658	FRENCH	ITALIAN	malign (SCA+boot)	1.0000	1.0000	1.0000	1.0000	ok
NorthEuralex Italic	SEVEN_3210	ITALIAN	PORTUGUESE	malign (SCA+boot)	1.0000	1.0000	1.0000	1.0000	ok
NorthEuralex Italic	SEPARATE_3198	CATALAN	ITALIAN	malign (SCA+boot)	1.0000	1.0000	1.0000	1.0000	ok
NorthEuralex Italic	THUNDER_(VERB)_3972	FRENCH	ITALIAN	malign (SCA+boot)	0.6667	0.6667	0.6667	0.6667	ok
NorthEuralex Italic	LAIR_2171	ITALIAN	LATIN	malign (SCA+boot)	1.0000	1.0000	1.0000	1.0000	ok
NorthEuralex Italic	ARRIVE_186	FRENCH	ITALIAN	malign (SCA+boot)	1.0000	1.0000	1.0000	1.0000	ok
NorthEuralex Italic	DECEIVE_1028	CATALAN	PORTUGUESE	malign (SCA+boot)	1.0000	1.0000	1.0000	1.0000	ok
NorthEuralex Italic	LIP_2307	FRENCH	SPANISH	malign (SCA+boot)	1.0000	1.0000	1.0000	1.0000	ok
NorthEuralex Italic	POUCH_2862	ITALIAN	PORTUGUESE	malign (SCA+boot)	1.0000	1.0000	1.0000	1.0000	ok
NorthEuralex Italic	DEAF_1015	CATALAN	FRENCH	malign (SCA+boot)	1.0000	1.0000	1.0000	1.0000	ok
NorthEuralex Italic	MOVE_(AFFECT_EMOTIONALLY)_2495	ITALIAN	SPANISH	malign (SCA+boot)	1.0000	1.0000	1.0000	1.0000	ok
NorthEuralex Italic	STORY_3660	PORTUGUESE	SPANISH	malign (SCA+boot)	1.0000	1.0000	1.0000	1.0000	ok
NorthEuralex Italic	FAT_(OBESE)_1388	FRENCH	ITALIAN	malign (SCA+boot)	0.6000	0.6000	0.6000	0.6000	ok
NorthEuralex Italic	TEA_3827	CATALAN	SPANISH	malign (SCA+boot)	1.0000	1.0000	1.0000	1.0000	ok
NorthEuralex Italic	ALONE_133	FRENCH	ITALIAN	malign (SCA+boot)					skipped
NorthEuralex Italic	LIFE_2279	FRENCH	SPANISH	malign (SCA+boot)	1.0000	1.0000	1.0000	1.0000	ok
NorthEuralex Italic	WEEK_4264	FRENCH	ROMANIAN	malign (SCA+boot)	1.0000	1.0000	1.0000	1.0000	ok
NorthEuralex Italic	FOOD_1517	CATALAN	SPANISH	malign (SCA+boot)	1.0000	1.0000	1.0000	1.0000	ok
NorthEuralex Italic	WIND_4345	ITALIAN	SPANISH	malign (SCA+boot)	1.0000	1.0000	1.0000	1.0000	ok
NorthEuralex Italic	CURRENT_(STREAM)_969	ITALIAN	PORTUGUESE	malign (SCA+boot)	1.0000	1.0000	1.0000	1.0000	ok
NorthEuralex Italic	NAVEL_2548	CATALAN	PORTUGUESE	malign (SCA+boot)	1.0000	1.0000	1.0000	1.0000	ok
NorthEuralex Italic	GRAIN_1716	FRENCH	ITALIAN	malign (SCA+boot)	1.0000	1.0000	1.0000	1.0000	ok
NorthEuralex Italic	SAND_3140	ITALIAN	SPANISH	malign (SCA+boot)	1.0000	1.0000	1.0000	1.0000	ok
NorthEuralex Italic	FEEL_(TACTUALLY)_1411	FRENCH	PORTUGUESE	malign (SCA+boot)	1.0000	1.0000	1.0000	1.0000	ok
NorthEuralex Italic	ACHE_87	PORTUGUESE	SPANISH	malign (SCA+boot)					skipped
NorthEuralex Italic	PARENTS_2724	FRENCH	SPANISH	malign (SCA+boot)	1.0000	1.0000	1.0000	1.0000	ok
NorthEuralex Italic	VERY_4151	CATALAN	ITALIAN	malign (SCA+boot)	1.0000	1.0000	1.0000	1.0000	ok
NorthEuralex Italic	BEARD_336	FRENCH	ROMANIAN	malign (SCA+boot)	1.0000	1.0000	1.0000	1.0000	ok
NorthEuralex Italic	DEAF_1015	CATALAN	SPANISH	malign (SCA+boot)	1.0000	1.0000	1.0000	1.0000	ok
NorthEuralex Italic	RIPEN_3045	CATALAN	LATIN	malign (SCA+boot)	1.0000	1.0000	1.0000	1.0000	ok
NorthEuralex Italic	NOSE_2624	CATALAN	LATIN	malign (SCA+boot)	1.0000	1.0000	1.0000	1.0000	ok
NorthEuralex Italic	IRON_2079	LATIN	PORTUGUESE	malign (SCA+boot)	1.0000	1.0000	1.0000	1.0000	ok
NorthEuralex Italic	BUILD_618	ITALIAN	PORTUGUESE	malign (SCA+boot)					skipped
NorthEuralex Italic	ITEM_2082	CATALAN	SPANISH	malign (SCA+boot)	1.0000	1.0000	1.0000	1.0000	ok
NorthEuralex Italic	CLEVER_814	ITALIAN	PORTUGUESE	malign (SCA+boot)	1.0000	1.0000	1.0000	1.0000	ok
NorthEuralex Italic	COLLAR_864	CATALAN	FRENCH	malign (SCA+boot)	1.0000	1.0000	1.0000	1.0000	ok
NorthEuralex Italic	UNDERSTAND_4128	CATALAN	SPANISH	malign (SCA+boot)	1.0000	1.0000	1.0000	1.0000	ok
NorthEuralex Italic	CEASE_1298	ITALIAN	ROMANIAN	malign (SCA+boot)					skipped
NorthEuralex Italic	DILIGENT_1080	ITALIAN	SPANISH	malign (SCA+boot)	1.0000	1.0000	1.0000	1.0000	ok
NorthEuralex Italic	DISTANCE_1113	ITALIAN	SPANISH	malign (SCA+boot)	1.0000	1.0000	1.0000	1.0000	ok
NorthEuralex Italic	TOUCH_4029	LATIN	PORTUGUESE	malign (SCA+boot)	1.0000	1.0000	1.0000	1.0000	ok
NorthEuralex Italic	FINE_OR_THIN_1043	ITALIAN	SPANISH	malign (SCA+boot)	1.0000	1.0000	1.0000	1.0000	ok
NorthEuralex Italic	LINE_2306	CATALAN	FRENCH	malign (SCA+boot)	1.0000	1.0000	1.0000	1.0000	ok
NorthEuralex Italic	SPIDER_3536	CATALAN	SPANISH	malign (SCA+boot)	1.0000	1.0000	1.0000	1.0000	ok
NorthEuralex Italic	HAPPINESS_1839	ITALIAN	PORTUGUESE	malign (SCA+boot)	0.4000	0.4000	0.4000	0.4000	ok
NorthEuralex Italic	GRASS_1738	FRENCH	ITALIAN	malign (SCA+boot)	1.0000	1.0000	1.0000	1.0000	ok
NorthEuralex Italic	OAR_2639	PORTUGUESE	SPANISH	malign (SCA+boot)	1.0000	1.0000	1.0000	1.0000	ok
NorthEuralex Italic	SING_3331	CATALAN	ROMANIAN	malign (SCA+boot)	1.0000	1.0000	1.0000	1.0000	ok
NorthEuralex Italic	SALT_3139	PORTUGUESE	SPANISH	malign (SCA+boot)	1.0000	1.0000	1.0000	1.0000	ok
NorthEuralex Italic	STRING_3681	ITALIAN	PORTUGUESE	malign (SCA+boot)	1.0000	1.0000	1.0000	1.0000	ok
NorthEuralex Italic	YEAR_4419	CATALAN	ROMANIAN	malign (SCA+boot)	1.0000	1.0000	1.0000	1.0000	ok
NorthEuralex Italic	TASTY_1049	FRENCH	LATIN	malign (SCA+boot)					skipped
NorthEuralex Italic	DESTROY_1069	FRENCH	SPANISH	malign (SCA+boot)					skipped
NorthEuralex Italic	KNIFE_2146	FRENCH	ITALIAN	malign (SCA+boot)	1.0000	1.0000	1.0000	1.0000	ok
NorthEuralex Italic	HONEY_1977	FRENCH	ITALIAN	malign (SCA+boot)					skipped
NorthEuralex Italic	CALCULATE_658	LATIN	PORTUGUESE	malign (SCA+boot)	1.0000	1.0000	1.0000	1.0000	ok
NorthEuralex Italic	POOR_2850	ITALIAN	PORTUGUESE	malign (SCA+boot)	1.0000	1.0000	1.0000	1.0000	ok
NorthEuralex Italic	BEAR_334	PORTUGUESE	SPANISH	malign (SCA+boot)	1.0000	1.0000	1.0000	1.0000	ok
NorthEuralex Italic	HOW_2002	ITALIAN	SPANISH	malign (SCA+boot)	1.0000	1.0000	1.0000	1.0000	ok
NorthEuralex Italic	HELP_(ASSISTANCE)_1903	CATALAN	PORTUGUESE	malign (SCA+boot)	1.0000	1.0000	1.0000	1.0000	ok
NorthEuralex Italic	ANT_171	CATALAN	LATIN	malign (SCA+boot)	1.0000	1.0000	1.0000	1.0000	ok
NorthEuralex Italic	CHARACTER_724	CATALAN	ROMANIAN	malign (SCA+boot)	1.0000	1.0000	1.0000	1.0000	ok
NorthEuralex Italic	BULL_622	FRENCH	SPANISH	malign (SCA+boot)	1.0000	1.0000	1.0000	1.0000	ok
NorthEuralex Italic	HOWL_2006	ITALIAN	LATIN	malign (SCA+boot)	1.0000	1.0000	1.0000	1.0000	ok
NorthEuralex Italic	CAUSE_TO_(LET)_2256	CATALAN	SPANISH	malign (SCA+boot)					skipped
NorthEuralex Italic	BIG_421	ITALIAN	PORTUGUESE	malign (SCA+boot)	1.0000	1.0000	1.0000	1.0000	ok
NorthEuralex Italic	PERSON_2009	PORTUGUESE	ROMANIAN	malign (SCA+boot)	1.0000	1.0000	1.0000	1.0000	ok
NorthEuralex Italic	CHARACTER_724	CATALAN	ITALIAN	malign (SCA+boot)	1.0000	1.0000	1.0000	1.0000	ok
NorthEuralex Italic	WORLD_4395	CATALAN	FRENCH	malign (SCA+boot)	1.0000	1.0000	1.0000	1.0000	ok
NorthEuralex Italic	INVITE_2078	ITALIAN	SPANISH	malign (SCA+boot)	1.0000	1.0000	1.0000	1.0000	ok
NorthEuralex Italic	MEDICINE_2398	FRENCH	SPANISH	malign (SCA+boot)	1.0000	1.0000	1.0000	1.0000	ok
NorthEuralex Italic	TWO_4115	PORTUGUESE	ROMANIAN	malign (SCA+boot)	1.0000	1.0000	1.0000	1.0000	ok
NorthEuralex Italic	HARE_1848	FRENCH	ITALIAN	malign (SCA+boot)	1.0000	1.0000	1.0000	1.0000	ok
NorthEuralex Italic	DRAW_MILK_2427	ITALIAN	LATIN	malign (SCA+boot)	1.0000	1.0000	1.0000	1.0000	ok
NorthEuralex Italic	TONE_(MUSIC)_4022	ITALIAN	PORTUGUESE	malign (SCA+boot)	1.0000	1.0000	1.0000	1.0000	ok
NorthEuralex Italic	JULY_25	ITALIAN	SPANISH	malign (SCA+boot)	1.0000	1.0000	1.0000	1.0000	ok
NorthEuralex Italic	TONE_(MUSIC)_4022	ROMANIAN	SPANISH	malign (SCA+boot)	1.0000	1.0000	1.0000	1.0000	ok
NorthEuralex Italic	SLEEP_3383	CATALAN	ROMANIAN	malign (SCA+boot)	1.0000	1.0000	1.0000	1.0000	ok
NorthEuralex Italic	GAME_1605	ITALIAN	PORTUGUESE	malign (SCA+boot)	1.0000	1.0000	1.0000	1.0000	ok
NorthEuralex Italic	CORRECT_(RIGHT)_921	PORTUGUESE	ROMANIAN	malign (SCA+boot)	1.0000	1.0000	1.0000	1.0000	ok
NorthEuralex Italic	COUNTRY_931	PORTUGUESE	SPANISH	malign (SCA+boot)	1.0000	1.0000	1.0000	1.0000	ok
NorthEuralex Italic	STING_3635	ITALIAN	SPANISH	malign (SCA+boot)	1.0000	1.0000	1.0000	1.0000	ok
NorthEuralex Italic	REASON_2967	LATIN	ROMANIAN	malign (SCA+boot)					skipped
NorthEuralex Italic	SPIDER_3536	ITALIAN	SPANISH	malign (SCA+boot)	1.0000	1.0000	1.0000	1.0000	ok
NorthEuralex Italic	SMOKE_(EXHAUST)_3416	ITALIAN	LATIN	malign (SCA+boot)					skipped
NorthEuralex Italic	THROW_3967	CATALAN	FRENCH	malign (SCA+boot)	1.0000	1.0000	1.0000	1.0000	ok
NorthEuralex Italic	BRIDGE_582	LATIN	ROMANIAN	malign (SCA+boot)	1.0000	1.0000	1.0000	1.0000	ok
NorthEuralex Italic	COUNT_928	ITALIAN	SPANISH	malign (SCA+boot)	1.0000	1.0000	1.0000	1.0000	ok
NorthEuralex Italic	BUSINESS_638	CATALAN	SPANISH	malign (SCA+boot)					skipped
NorthEuralex Italic	SIX_3352	CATALAN	FRENCH	malign (SCA+boot)	1.0000	1.0000	1.0000	1.0000	ok
NorthEuralex Italic	POST_2847	LATIN	SPANISH	malign (SCA+boot)	1.0000	1.0000	1.0000	1.0000	ok
NorthEuralex Italic	DANCE_995	CATALAN	SPANISH	malign (SCA+boot)	1.0000	1.0000	1.0000	1.0000	ok
NorthEuralex Italic	KNOT_2163	CATALAN	LATIN	malign (SCA+boot)	0.2000	0.2000	0.2000	0.2000	ok
NorthEuralex Italic	GATE_1612	FRENCH	LATIN	malign (SCA+boot)	1.0000	1.0000	1.0000	1.0000	ok
NorthEuralex Italic	GAME_1605	FRENCH	ITALIAN	malign (SCA+boot)	1.0000	1.0000	1.0000	1.0000	ok
NorthEuralex Italic	TAKE_3797	CATALAN	FRENCH	malign (SCA+boot)	1.0000	1.0000	1.0000	1.0000	ok
NorthEuralex Italic	EAR_1240	CATALAN	ROMANIAN	malign (SCA+boot)	1.0000	1.0000	1.0000	1.0000	ok
NorthEuralex Italic	FOR_A_LONG_TIME_2334	ITALIAN	ROMANIAN	malign (SCA+boot)					skipped
NorthEuralex Italic	MEDICINE_2398	ITALIAN	SPANISH	malign (SCA+boot)	1.0000	1.0000	1.0000	1.0000	ok
NorthEuralex Italic	THOU_3945	CATALAN	FRENCH	malign (SCA+boot)	1.0000	1.0000	1.0000	1.0000	ok
NorthEuralex Italic	KNOW_(SOMETHING)_2164	CATALAN	FRENCH	malign (SCA+boot)					skipped
NorthEuralex Italic	CHIN_769	FRENCH	LATIN	malign (SCA+boot)	1.0000	1.0000	1.0000	1.0000	ok
NorthEuralex Italic	SWAY_3770	CATALAN	FRENCH	malign (SCA+boot)	1.0000	1.0000	1.0000	1.0000	ok
NorthEuralex Italic	COUNT_(QUANTITY)_927	PORTUGUESE	SPANISH	malign (SCA+boot)					skipped
NorthEuralex Italic	BREAK_(DESTROY_OR_GET_DESTROYED)_562	ITALIAN	LATIN	malign (SCA+boot)	1.0000	1.0000	1.0000	1.0000	ok
NorthEuralex Italic	AUNT_230	ITALIAN	PORTUGUESE	malign (SCA+boot)	1.0000	1.0000	1.0000	1.0000	ok
NorthEuralex Italic	COOK_(SOMETHING)_905	FRENCH	LATIN	malign (SCA+boot)	0.0000	0.0000	0.0000	0.0000	ok
NorthEuralex Italic	INCREASE_2062	CATALAN	ROMANIAN	malign (SCA+boot)	1.0000	1.0000	1.0000	1.0000	ok
NorthEuralex Italic	FINGER_1446	ITALIAN	PORTUGUESE	malign (SCA+boot)	1.0000	1.0000	1.0000	1.0000	ok
NorthEuralex Italic	SLEEP_(STATE)_3384	ITALIAN	SPANISH	malign (SCA+boot)	0.6000	0.6000	0.6000	0.6000	ok
NorthEuralex Italic	UNCLE_4116	ITALIAN	SPANISH	malign (SCA+boot)	1.0000	1.0000	1.0000	1.0000	ok
NorthEuralex Italic	TUBE_2814	FRENCH	SPANISH	malign (SCA+boot)	1.0000	1.0000	1.0000	1.0000	ok
NorthEuralex Italic	HARD_1842	LATIN	SPANISH	malign (SCA+boot)	1.0000	1.0000	1.0000	1.0000	ok
NorthEuralex Italic	SISTER_3339	CATALAN	SPANISH	malign (SCA+boot)	1.0000	1.0000	1.0000	1.0000	ok
NorthEuralex Italic	BULL_622	CATALAN	PORTUGUESE	malign (SCA+boot)	1.0000	1.0000	1.0000	1.0000	ok
NorthEuralex Italic	FIND_1442	PORTUGUESE	SPANISH	malign (SCA+boot)	0.7778	0.7778	0.7778	0.7778	ok
NorthEuralex Italic	SEE_3161	CATALAN	SPANISH	malign (SCA+boot)	1.0000	1.0000	1.0000	1.0000	ok
NorthEuralex Italic	ALL_1325	CATALAN	PORTUGUESE	malign (SCA+boot)	1.0000	1.0000	1.0000	1.0000	ok
NorthEuralex Italic	SHINE_3249	PORTUGUESE	SPANISH	malign (SCA+boot)	1.0000	1.0000	1.0000	1.0000	ok
NorthEuralex Italic	LINE_2306	CATALAN	PORTUGUESE	malign (SCA+boot)	0.6000	0.6000	0.6000	0.6000	ok
NorthEuralex Italic	TENDON_3329	FRENCH	PORTUGUESE	malign (SCA+boot)	1.0000	1.0000	1.0000	1.0000	ok
NorthEuralex Italic	MISPLACE_2355	ITALIAN	ROMANIAN	malign (SCA+boot)	1.0000	1.0000	1.0000	1.0000	ok
NorthEuralex Italic	SPIDER_3536	CATALAN	LATIN	malign (SCA+boot)	0.6667	0.6667	0.6667	0.6667	ok
NorthEuralex Italic	UNDERSTAND_4129	FRENCH	ITALIAN	malign (SCA+boot)	1.0000	1.0000	1.0000	1.0000	ok
NorthEuralex Italic	FALL_ASLEEP_1361	ITALIAN	SPANISH	malign (SCA+boot)	0.8333	0.8333	0.8333	0.8333	ok
NorthEuralex Italic	FUR_1601	ROMANIAN	SPANISH	malign (SCA+boot)	1.0000	1.0000	1.0000	1.0000	ok
NorthEuralex Italic	NAME_2527	ITALIAN	LATIN	malign (SCA+boot)					skipped
NorthEuralex Italic	HEAT_1886	ROMANIAN	SPANISH	malign (SCA+boot)	1.0000	1.0000	1.0000	1.0000	ok
NorthEuralex Italic	BULL_622	CATALAN	FRENCH	malign (SCA+boot)	1.0000	1.0000	1.0000	1.0000	ok
NorthEuralex Italic	BUSINESS_638	LATIN	SPANISH	malign (SCA+boot)					skipped
NorthEuralex Italic	ODOR_(SMELL)_2643	ITALIAN	LATIN	malign (SCA+boot)	1.0000	1.0000	1.0000	1.0000	ok
NorthEuralex Italic	BUDGE_(ONESELF)_612	LATIN	PORTUGUESE	malign (SCA+boot)	1.0000	1.0000	1.0000	1.0000	ok
NorthEuralex Italic	BREAK_(CLEAVE)_562	ROMANIAN	SPANISH	malign (SCA+boot)					skipped
NorthEuralex Italic	TREE_4061	CATALAN	PORTUGUESE	malign (SCA+boot)	1.0000	1.0000	1.0000	1.0000	ok
NorthEuralex Italic	WE_4247	FRENCH	PORTUGUESE	malign (SCA+boot)	1.0000	1.0000	1.0000	1.0000	ok
NorthEuralex Italic	FATHER_1395	FRENCH	PORTUGUESE	malign (SCA+boot)	1.0000	1.0000	1.0000	1.0000	ok
NorthEuralex Italic	BROTHER_604	LATIN	ROMANIAN	malign (SCA+boot)	1.0000	1.0000	1.0000	1.0000	ok
NorthEuralex Italic	WIND_4345	LATIN	SPANISH	malign (SCA+boot)	1.0000	1.0000	1.0000	1.0000	ok
NorthEuralex Italic	CLOUD_853	CATALAN	LATIN	malign (SCA+boot)	1.0000	1.0000	1.0000	1.0000	ok
NorthEuralex Italic	FRESH_1578	ITALIAN	SPANISH	malign (SCA+boot)	1.0000	1.0000	1.0000	1.0000	ok
NorthEuralex Italic	CEASE_1297	FRENCH	ITALIAN	malign (SCA+boot)	1.0000	1.0000	1.0000	1.0000	ok
NorthEuralex Italic	CAVE_707	FRENCH	PORTUGUESE	malign (SCA+boot)	1.0000	1.0000	1.0000	1.0000	ok
NorthEuralex Italic	IDOL_1427	PORTUGUESE	SPANISH	malign (SCA+boot)	1.0000	1.0000	1.0000	1.0000	ok
NorthEuralex Italic	SKIN_3370	ITALIAN	LATIN	malign (SCA+boot)	1.0000	1.0000	1.0000	1.0000	ok
NorthEuralex Italic	DENSE_1056	ITALIAN	LATIN	malign (SCA+boot)	1.0000	1.0000	1.0000	1.0000	ok
NorthEuralex Italic	KETTLE_2114	PORTUGUESE	SPANISH	malign (SCA+boot)	1.0000	1.0000	1.0000	1.0000	ok
NorthEuralex Italic	BOIL_(SOMETHING)_486	CATALAN	LATIN	malign (SCA+boot)	1.0000	1.0000	1.0000	1.0000	ok
NorthEuralex Italic	COAST_857	CATALAN	ITALIAN	malign (SCA+boot)	1.0000	1.0000	1.0000	1.0000	ok
NorthEuralex Italic	SOUP_3480	FRENCH	ITALIAN	malign (SCA+boot)	1.0000	1.0000	1.0000	1.0000	ok
NorthEuralex Italic	OPEN_(STATE)_2695	ITALIAN	PORTUGUESE	malign (SCA+boot)	1.0000	1.0000	1.0000	1.0000	ok
NorthEuralex Italic	LENGTH_2252	CATALAN	ITALIAN	malign (SCA+boot)	1.0000	1.0000	1.0000	1.0000	ok
NorthEuralex Italic	GRIEF_1752	FRENCH	SPANISH	malign (SCA+boot)	1.0000	1.0000	1.0000	1.0000	ok
NorthEuralex Italic	OF_THIS_KIND_(SUCH)_3433	FRENCH	PORTUGUESE	malign (SCA+boot)	1.0000	1.0000	1.0000	1.0000	ok
NorthEuralex Italic	IRON_2079	CATALAN	LATIN	malign (SCA+boot)	1.0000	1.0000	1.0000	1.0000	ok
NorthEuralex Italic	LINE_2306	FRENCH	ROMANIAN	malign (SCA+boot)	1.0000	1.0000	1.0000	1.0000	ok
NorthEuralex Italic	SHOW_3298	LATIN	SPANISH	malign (SCA+boot)	1.0000	1.0000	1.0000	1.0000	ok
NorthEuralex Italic	DOOR_1149	FRENCH	ITALIAN	malign (SCA+boot)	1.0000	1.0000	1.0000	1.0000	ok
NorthEuralex Italic	NEST_2566	CATALAN	SPANISH	malign (SCA+boot)	1.0000	1.0000	1.0000	1.0000	ok
NorthEuralex Italic	THICK_3904	LATIN	SPANISH	malign (SCA+boot)	0.2857	0.2857	0.2857	0.2857	ok
NorthEuralex Italic	ONLY_2685	ITALIAN	LATIN	malign (SCA+boot)	1.0000	1.0000	1.0000	1.0000	ok
NorthEuralex Italic	CHAT_(WITH_SOMEBODY)_726	ITALIAN	ROMANIAN	malign (SCA+boot)	1.0000	1.0000	1.0000	1.0000	ok
NorthEuralex Italic	APRIL_1	ITALIAN	SPANISH	malign (SCA+boot)	1.0000	1.0000	1.0000	1.0000	ok
NorthEuralex Italic	THINK_(REFLECT)_3924	FRENCH	PORTUGUESE	malign (SCA+boot)	1.0000	1.0000	1.0000	1.0000	ok
NorthEuralex Italic	COW_946	FRENCH	PORTUGUESE	malign (SCA+boot)	1.0000	1.0000	1.0000	1.0000	ok
NorthEuralex Italic	CHEST_569	ITALIAN	LATIN	malign (SCA+boot)	1.0000	1.0000	1.0000	1.0000	ok
NorthEuralex Italic	HARD_1842	FRENCH	LATIN	malign (SCA+boot)	1.0000	1.0000	1.0000	1.0000	ok
NorthEuralex Italic	WIFE_4329	PORTUGUESE	SPANISH	malign (SCA+boot)	1.0000	1.0000	1.0000	1.0000	ok
NorthEuralex Italic	DRAW_MILK_2428	PORTUGUESE	SPANISH	malign (SCA+boot)	1.0000	1.0000	1.0000	1.0000	ok
NorthEuralex Italic	PROMISE_2913	LATIN	PORTUGUESE	malign (SCA+boot)	1.0000	1.0000	1.0000	1.0000	ok
NorthEuralex Italic	CEASE_1298	CATALAN	SPANISH	malign (SCA+boot)	1.0000	1.0000	1.0000	1.0000	ok
NorthEuralex Italic	JUNE_29	ITALIAN	SPANISH	malign (SCA+boot)	1.0000	1.0000	1.0000	1.0000	ok
NorthEuralex Italic	RUN_3119	ITALIAN	LATIN	malign (SCA+boot)	1.0000	1.0000	1.0000	1.0000	ok
NorthEuralex Italic	MISPLACE_2355	FRENCH	ROMANIAN	malign (SCA+boot)					skipped
NorthEuralex Italic	FATHER_1395	LATIN	PORTUGUESE	malign (SCA+boot)	1.0000	1.0000	1.0000	1.0000	ok
NorthEuralex Italic	STRING_3681	PORTUGUESE	SPANISH	malign (SCA+boot)	0.7143	0.7143	0.7143	0.7143	ok
NorthEuralex Italic	NEW_2577	ITALIAN	ROMANIAN	malign (SCA+boot)	0.6000	0.6000	0.6000	0.6000	ok
NorthEuralex Italic	ANT_171	ITALIAN	ROMANIAN	malign (SCA+boot)	1.0000	1.0000	1.0000	1.0000	ok
NorthEuralex Italic	NEEDLE_(FOR_SEWING)_2563	CATALAN	PORTUGUESE	malign (SCA+boot)	1.0000	1.0000	1.0000	1.0000	ok
NorthEuralex Italic	CROW_961	FRENCH	ITALIAN	malign (SCA+boot)	0.7500	0.7500	0.7500	0.7500	ok
NorthEuralex Italic	DRINK_1173	PORTUGUESE	SPANISH	malign (SCA+boot)	1.0000	1.0000	1.0000	1.0000	ok
NorthEuralex Italic	DECEMBER_5	FRENCH	SPANISH	malign (SCA+boot)	0.7778	0.7778	0.7778	0.7778	ok
NorthEuralex Italic	DAMAGE_(INJURY)_981	CATALAN	ITALIAN	malign (SCA+boot)	1.0000	1.0000	1.0000	1.0000	ok
NorthEuralex Italic	FAMILIAR_1372	PORTUGUESE	SPANISH	malign (SCA+boot)	1.0000	1.0000	1.0000	1.0000	ok
NorthEuralex Italic	MARCH_33	CATALAN	FRENCH	malign (SCA+boot)	1.0000	1.0000	1.0000	1.0000	ok
NorthEuralex Italic	MESSAGE_2419	CATALAN	SPANISH	malign (SCA+boot)	1.0000	1.0000	1.0000	1.0000	ok
NorthEuralex Italic	HAND_1805	ROMANIAN	SPANISH	malign (SCA+boot)	1.0000	1.0000	1.0000	1.0000	ok
NorthEuralex Italic	PRECIOUS_2887	CATALAN	ROMANIAN	malign (SCA+boot)					skipped
NorthEuralex Italic	GREY_1748	CATALAN	ITALIAN	malign (SCA+boot)	1.0000	1.0000	1.0000	1.0000	ok
NorthEuralex Italic	LIFT_2281	ITALIAN	LATIN	malign (SCA+boot)	1.0000	1.0000	1.0000	1.0000	ok
NorthEuralex Italic	WHY_4321	CATALAN	SPANISH	malign (SCA+boot)	1.0000	1.0000	1.0000	1.0000	ok
NorthEuralex Italic	VEIN_4149	ROMANIAN	SPANISH	malign (SCA+boot)	1.0000	1.0000	1.0000	1.0000	ok
NorthEuralex Italic	LADDER_2166	LATIN	ROMANIAN	malign (SCA+boot)					skipped
NorthEuralex Italic	BREAK_(DESTROY_OR_GET_DESTROYED)_562	LATIN	PORTUGUESE	malign (SCA+boot)	1.0000	1.0000	1.0000	1.0000	ok
NorthEuralex Italic	CONVEY_(A_MESSAGE)_902	ITALIAN	PORTUGUESE	malign (SCA+boot)	1.0000	1.0000	1.0000	1.0000	ok
NorthEuralex Italic	MEANING_2390	PORTUGUESE	SPANISH	malign (SCA+boot)	1.0000	1.0000	1.0000	1.0000	ok
NorthEuralex Italic	BOSS_513	PORTUGUESE	SPANISH	malign (SCA+boot)	1.0000	1.0000	1.0000	1.0000	ok
NorthEuralex Italic	ALONE_133	ITALIAN	PORTUGUESE	malign (SCA+boot)					skipped
NorthEuralex Italic	PIG_2798	CATALAN	PORTUGUESE	malign (SCA+boot)	1.0000	1.0000	1.0000	1.0000	ok
NorthEuralex Italic	DOOR_1149	CATALAN	SPANISH	malign (SCA+boot)	0.6667	0.6667	0.6667	0.6667	ok
NorthEuralex Italic	LID_(COVER,_CAP)_943	CATALAN	PORTUGUESE	malign (SCA+boot)	1.0000	1.0000	1.0000	1.0000	ok
NorthEuralex Italic	FEEL_(TACTUALLY)_1411	FRENCH	SPANISH	malign (SCA+boot)	1.0000	1.0000	1.0000	1.0000	ok
NorthEuralex Italic	SUN_3735	ITALIAN	SPANISH	malign (SCA+boot)	1.0000	1.0000	1.0000	1.0000	ok
NorthEuralex Italic	STATE_(POLITICS)_3600	CATALAN	PORTUGUESE	malign (SCA+boot)	1.0000	1.0000	1.0000	1.0000	ok
NorthEuralex Italic	APRIL_1	ROMANIAN	SPANISH	malign (SCA+boot)	1.0000	1.0000	1.0000	1.0000	ok
NorthEuralex Italic	CHIN_769	CATALAN	ITALIAN	malign (SCA+boot)	1.0000	1.0000	1.0000	1.0000	ok
NorthEuralex Italic	ENEMY_1312	CATALAN	LATIN	malign (SCA+boot)	1.0000	1.0000	1.0000	1.0000	ok
NorthEuralex Italic	BLOW_(WITH_MOUTH)_458	ITALIAN	ROMANIAN	malign (SCA+boot)					skipped
NorthEuralex Italic	RUN_3119	CATALAN	SPANISH	malign (SCA+boot)	1.0000	1.0000	1.0000	1.0000	ok
NorthEuralex Italic	END_(OF_SPACE)_1301	ITALIAN	SPANISH	malign (SCA+boot)	0.8000	0.8000	0.8000	0.8000	ok
NorthEuralex Italic	STINGY_3639	FRENCH	ITALIAN	malign (SCA+boot)	1.0000	1.0000	1.0000	1.0000	ok
NorthEuralex Italic	DISH_1108	CATALAN	ROMANIAN	malign (SCA+boot)	1.0000	1.0000	1.0000	1.0000	ok
NorthEuralex Italic	BOOK_495	CATALAN	SPANISH	malign (SCA+boot)	1.0000	1.0000	1.0000	1.0000	ok
NorthEuralex Italic	NOTICE_(SOMETHING)_2629	ITALIAN	PORTUGUESE	malign (SCA+boot)	1.0000	1.0000	1.0000	1.0000	ok
NorthEuralex Italic	RIVER_3059	PORTUGUESE	ROMANIAN	malign (SCA+boot)	1.0000	1.0000	1.0000	1.0000	ok
NorthEuralex Italic	BOIL_(SOMETHING)_486	CATALAN	SPANISH	malign (SCA+boot)	1.0000	1.0000	1.0000	1.0000	ok
NorthEuralex Italic	REPAIR_2998	FRENCH	PORTUGUESE	malign (SCA+boot)	1.0000	1.0000	1.0000	1.0000	ok
NorthEuralex Italic	HANDLE_1812	CATALAN	ITALIAN	malign (SCA+boot)	1.0000	1.0000	1.0000	1.0000	ok
NorthEuralex Italic	KNOT_2163	LATIN	SPANISH	malign (SCA+boot)	1.0000	1.0000	1.0000	1.0000	ok
NorthEuralex Italic	CROSS_960	ITALIAN	PORTUGUESE	malign (SCA+boot)	1.0000	1.0000	1.0000	1.0000	ok
NorthEuralex Italic	REASON_2967	CATALAN	ITALIAN	malign (SCA+boot)					skipped
NorthEuralex Italic	FALL_ASLEEP_1361	FRENCH	ITALIAN	malign (SCA+boot)	1.0000	1.0000	1.0000	1.0000	ok
NorthEuralex Italic	INCREASE_2062	PORTUGUESE	SPANISH	malign (SCA+boot)					skipped
NorthEuralex Italic	FEVER_1421	FRENCH	LATIN	malign (SCA+boot)	1.0000	1.0000	1.0000	1.0000	ok
NorthEuralex Italic	FOAM_1508	CATALAN	ITALIAN	malign (SCA+boot)	1.0000	1.0000	1.0000	1.0000	ok
NorthEuralex Italic	SMOOTH_3420	ROMANIAN	SPANISH	malign (SCA+boot)	1.0000	1.0000	1.0000	1.0000	ok
NorthEuralex Italic	BELLY_384	LATIN	SPANISH	malign (SCA+boot)	1.0000	1.0000	1.0000	1.0000	ok
NorthEuralex Italic	FOOTPRINT_4047	CATALAN	FRENCH	malign (SCA+boot)	1.0000	1.0000	1.0000	1.0000	ok
NorthEuralex Italic	PICK_2778	PORTUGUESE	ROMANIAN	malign (SCA+boot)	1.0000	1.0000	1.0000	1.0000	ok
NorthEuralex Italic	SMOOTH_3420	CATALAN	SPANISH	malign (SCA+boot)	1.0000	1.0000	1.0000	1.0000	ok
NorthEuralex Italic	KNIFE_2146	ITALIAN	SPANISH	malign (SCA+boot)	1.0000	1.0000	1.0000	1.0000	ok
NorthEuralex Italic	FAULT_1398	ITALIAN	PORTUGUESE	malign (SCA+boot)	1.0000	1.0000	1.0000	1.0000	ok
NorthEuralex Italic	DAMP_993	CATALAN	PORTUGUESE	malign (SCA+boot)	1.0000	1.0000	1.0000	1.0000	ok
NorthEuralex Italic	SEPTEMBER_49	FRENCH	ROMANIAN	malign (SCA+boot)	1.0000	1.0000	1.0000	1.0000	ok
NorthEuralex Italic	BODY_484	FRENCH	ROMANIAN	malign (SCA+boot)	1.0000	1.0000	1.0000	1.0000	ok
NorthEuralex Italic	TIME_3983	ITALIAN	LATIN	malign (SCA+boot)	1.0000	1.0000	1.0000	1.0000	ok
NorthEuralex Italic	HIGH_78	ITALIAN	LATIN	malign (SCA+boot)	1.0000	1.0000	1.0000	1.0000	ok
NorthEuralex Italic	GRAIN_1716	LATIN	SPANISH	malign (SCA+boot)	1.0000	1.0000	1.0000	1.0000	ok
NorthEuralex Italic	THIRTY_3930	FRENCH	PORTUGUESE	malign (SCA+boot)	1.0000	1.0000	1.0000	1.0000	ok
NorthEuralex Italic	PROTECT_2916	FRENCH	ROMANIAN	malign (SCA+boot)	1.0000	1.0000	1.0000	1.0000	ok
NorthEuralex Italic	NINE_2600	FRENCH	SPANISH	malign (SCA+boot)	0.6000	0.6000	0.6000	0.6000	ok
NorthEuralex Italic	HORSE_1988	FRENCH	SPANISH	malign (SCA+boot)	1.0000	1.0000	1.0000	1.0000	ok
NorthEuralex Italic	HILL_1931	LATIN	PORTUGUESE	malign (SCA+boot)	1.0000	1.0000	1.0000	1.0000	ok
NorthEuralex Italic	BELIEVE_383	FRENCH	SPANISH	malign (SCA+boot)					skipped
NorthEuralex Italic	GATHER_1613	ITALIAN	SPANISH	malign (SCA+boot)					skipped
NorthEuralex Italic	SILVER_3324	CATALAN	PORTUGUESE	malign (SCA+boot)	1.0000	1.0000	1.0000	1.0000	ok
NorthEuralex Italic	PAW_2747	PORTUGUESE	SPANISH	malign (SCA+boot)	1.0000	1.0000	1.0000	1.0000	ok
NorthEuralex Italic	MEDICINE_2399	FRENCH	LATIN	malign (SCA+boot)	1.0000	1.0000	1.0000	1.0000	ok
NorthEuralex Italic	CEASE_1298	ROMANIAN	SPANISH	malign (SCA+boot)					skipped
NorthEuralex Italic	MEET_2403	ITALIAN	PORTUGUESE	malign (SCA+boot)	1.0000	1.0000	1.0000	1.0000	ok
NorthEuralex Italic	RAIN_(RAINING)_2943	CATALAN	FRENCH	malign (SCA+boot)					skipped
NorthEuralex Italic	WIN_4341	ITALIAN	SPANISH	malign (SCA+boot)	1.0000	1.0000	1.0000	1.0000	ok
NorthEuralex Italic	SING_3331	ROMANIAN	SPANISH	malign (SCA+boot)					skipped
NorthEuralex Italic	PHYSICIAN_1134	LATIN	SPANISH	malign (SCA+boot)	1.0000	1.0000	1.0000	1.0000	ok
NorthEuralex Italic	BETWEEN_419	LATIN	SPANISH	malign (SCA+boot)	1.0000	1.0000	1.0000	1.0000	ok
NorthEuralex Italic	DECEMBER_5	FRENCH	PORTUGUESE	malign (SCA+boot)	1.0000	1.0000	1.0000	1.0000	ok
NorthEuralex Italic	LETTER_2259	CATALAN	SPANISH	malign (SCA+boot)	1.0000	1.0000	1.0000	1.0000	ok
NorthEuralex Italic	FOOD_1517	CATALAN	PORTUGUESE	malign (SCA+boot)					skipped
NorthEuralex Italic	LINE_2306	FRENCH	LATIN	malign (SCA+boot)	1.0000	1.0000	1.0000	1.0000	ok
NorthEuralex Italic	BOAT_480	CATALAN	ITALIAN	malign (SCA+boot)	1.0000	1.0000	1.0000	1.0000	ok
NorthEuralex Italic	DAMP_993	FRENCH	PORTUGUESE	malign (SCA+boot)	1.0000	1.0000	1.0000	1.0000	ok
NorthEuralex Italic	STORY_3659	LATIN	SPANISH	malign (SCA+boot)					skipped
NorthEuralex Italic	PRESERVE_2890	PORTUGUESE	SPANISH	malign (SCA+boot)	0.7778	0.7778	0.7778	0.7778	ok
NorthEuralex Italic	ODOR_(SMELL)_2643	ITALIAN	PORTUGUESE	malign (SCA+boot)	1.0000	1.0000	1.0000	1.0000	ok
NorthEuralex Italic	STRENGTH_3678	CATALAN	ROMANIAN	malign (SCA+boot)	1.0000	1.0000	1.0000	1.0000	ok
NorthEuralex Italic	WOOD_4375	ITALIAN	LATIN	malign (SCA+boot)	0.6000	0.6000	0.6000	0.6000	ok
NorthEuralex Italic	DECEMBER_5	ITALIAN	ROMANIAN	malign (SCA+boot)	1.0000	1.0000	1.0000	1.0000	ok
NorthEuralex Italic	SEVEN_3210	PORTUGUESE	SPANISH	malign (SCA+boot)	1.0000	1.0000	1.0000	1.0000	ok
NorthEuralex Italic	GAME_1605	CATALAN	PORTUGUESE	malign (SCA+boot)	1.0000	1.0000	1.0000	1.0000	ok
NorthEuralex Italic	LAUGHTER_2198	LATIN	SPANISH	malign (SCA+boot)	1.0000	1.0000	1.0000	1.0000	ok
NorthEuralex Italic	BOTHER_(HARASS)_517	CATALAN	ROMANIAN	malign (SCA+boot)	1.0000	1.0000	1.0000	1.0000	ok
NorthEuralex Italic	STRENGTH_3677	ITALIAN	PORTUGUESE	malign (SCA+boot)	0.7500	0.7500	0.7500	0.7500	ok
NorthEuralex Italic	AIR_129	FRENCH	LATIN	malign (SCA+boot)	0.3333	0.3333	0.3333	0.3333	ok
NorthEuralex Italic	GOLD_1700	LATIN	SPANISH	malign (SCA+boot)	0.5000	0.5000	0.5000	0.5000	ok
NorthEuralex Italic	RIPE_3042	LATIN	PORTUGUESE	malign (SCA+boot)	1.0000	1.0000	1.0000	1.0000	ok
NorthEuralex Italic	STIR_3643	LATIN	PORTUGUESE	malign (SCA+boot)	1.0000	1.0000	1.0000	1.0000	ok
NorthEuralex Italic	CHANGE_(BECOME_DIFFERENT)_719	ITALIAN	SPANISH	malign (SCA+boot)					skipped
NorthEuralex Italic	PERCH_(FISH)_2774	LATIN	SPANISH	malign (SCA+boot)	1.0000	1.0000	1.0000	1.0000	ok
NorthEuralex Italic	ODOR_(SMELL)_2643	PORTUGUESE	SPANISH	malign (SCA+boot)	1.0000	1.0000	1.0000	1.0000	ok
NorthEuralex Italic	DIFFERENT_1072	FRENCH	PORTUGUESE	malign (SCA+boot)	0.7500	0.7500	0.7500	0.7500	ok
NorthEuralex Italic	NEST_2566	ITALIAN	LATIN	malign (SCA+boot)	1.0000	1.0000	1.0000	1.0000	ok
NorthEuralex Italic	WIND_4345	CATALAN	SPANISH	malign (SCA+boot)	1.0000	1.0000	1.0000	1.0000	ok
NorthEuralex Italic	NOVEMBER_42	CATALAN	ITALIAN	malign (SCA+boot)	1.0000	1.0000	1.0000	1.0000	ok
NorthEuralex Italic	SLEEVE_3386	ITALIAN	LATIN	malign (SCA+boot)	1.0000	1.0000	1.0000	1.0000	ok
NorthEuralex Italic	PASS_2730	PORTUGUESE	SPANISH	malign (SCA+boot)	1.0000	1.0000	1.0000	1.0000	ok
NorthEuralex Italic	SIXTY_3355	ITALIAN	SPANISH	malign (SCA+boot)	1.0000	1.0000	1.0000	1.0000	ok
NorthEuralex Italic	NAKED_2523	FRENCH	ITALIAN	malign (SCA+boot)	1.0000	1.0000	1.0000	1.0000	ok
NorthEuralex Italic	DISEASE_2042	PORTUGUESE	SPANISH	malign (SCA+boot)	0.8182	0.8182	0.8182	0.8182	ok
NorthEuralex Italic	GATE_1612	ITALIAN	LATIN	malign (SCA+boot)	1.0000	1.0000	1.0000	1.0000	ok
NorthEuralex Italic	SOUTH_3499	FRENCH	ITALIAN	malign (SCA+boot)	1.0000	1.0000	1.0000	1.0000	ok
NorthEuralex Italic	SEE_3161	FRENCH	LATIN	malign (SCA+boot)					skipped
NorthEuralex Italic	FLOWER_1502	CATALAN	PORTUGUESE	malign (SCA+boot)	1.0000	1.0000	1.0000	1.0000	ok
NorthEuralex Italic	NET_2568	LATIN	SPANISH	malign (SCA+boot)	1.0000	1.0000	1.0000	1.0000	ok
NorthEuralex Italic	SLEEP_(STATE)_3384	CATALAN	ROMANIAN	malign (SCA+boot)	1.0000	1.0000	1.0000	1.0000	ok
NorthEuralex Italic	ACHE_87	ITALIAN	SPANISH	malign (SCA+boot)	1.0000	1.0000	1.0000	1.0000	ok
NorthEuralex Italic	NIGHT_2598	PORTUGUESE	SPANISH	malign (SCA+boot)	1.0000	1.0000	1.0000	1.0000	ok
NorthEuralex Italic	MONEY_2459	CATALAN	SPANISH	malign (SCA+boot)					skipped
NorthEuralex Italic	HANDLE_1812	ITALIAN	SPANISH	malign (SCA+boot)	1.0000	1.0000	1.0000	1.0000	ok
NorthEuralex Italic	STINGY_3639	FRENCH	PORTUGUESE	malign (SCA+boot)	1.0000	1.0000	1.0000	1.0000	ok
NorthEuralex Italic	PAIN_2716	ITALIAN	LATIN	malign (SCA+boot)	1.0000	1.0000	1.0000	1.0000	ok
NorthEuralex Italic	THREE_3957	FRENCH	PORTUGUESE	malign (SCA+boot)					skipped
NorthEuralex Italic	SUN_3735	ITALIAN	PORTUGUESE	malign (SCA+boot)	1.0000	1.0000	1.0000	1.0000	ok
NorthEuralex Italic	SUPPORT_(OF_OBJECT)_3738	CATALAN	PORTUGUESE	malign (SCA+boot)	1.0000	1.0000	1.0000	1.0000	ok
NorthEuralex Italic	HARD_1842	LATIN	ROMANIAN	malign (SCA+boot)	1.0000	1.0000	1.0000	1.0000	ok
NorthEuralex Italic	WOMAN_4370	LATIN	SPANISH	malign (SCA+boot)	1.0000	1.0000	1.0000	1.0000	ok
NorthEuralex Italic	TONGUE_4024	CATALAN	PORTUGUESE	malign (SCA+boot)	1.0000	1.0000	1.0000	1.0000	ok
NorthEuralex Italic	FIR_1457	CATALAN	PORTUGUESE	malign (SCA+boot)	1.0000	1.0000	1.0000	1.0000	ok
NorthEuralex Italic	COLD_862	CATALAN	ITALIAN	malign (SCA+boot)	1.0000	1.0000	1.0000	1.0000	ok
NorthEuralex Italic	MILK_2426	FRENCH	SPANISH	malign (SCA+boot)	1.0000	1.0000	1.0000	1.0000	ok
NorthEuralex Italic	WOUND_4402	CATALAN	PORTUGUESE	malign (SCA+boot)	1.0000	1.0000	1.0000	1.0000	ok
NorthEuralex Italic	PINE_2813	FRENCH	LATIN	malign (SCA+boot)	1.0000	1.0000	1.0000	1.0000	ok
NorthEuralex Italic	COOK_(SOMETHING)_905	FRENCH	SPANISH	malign (SCA+boot)	1.0000	1.0000	1.0000	1.0000	ok
NorthEuralex Italic	IDOL_1427	FRENCH	SPANISH	malign (SCA+boot)	1.0000	1.0000	1.0000	1.0000	ok
NorthEuralex Italic	NOVEMBER_42	PORTUGUESE	SPANISH	malign (SCA+boot)	1.0000	1.0000	1.0000	1.0000	ok
NorthEuralex Italic	HONEY_1977	CATALAN	SPANISH	malign (SCA+boot)	1.0000	1.0000	1.0000	1.0000	ok
NorthEuralex Italic	GRAIN_1716	FRENCH	SPANISH	malign (SCA+boot)	1.0000	1.0000	1.0000	1.0000	ok
NorthEuralex Italic	END_(OF_SPACE)_1299	CATALAN	SPANISH	malign (SCA+boot)	1.0000	1.0000	1.0000	1.0000	ok
NorthEuralex Italic	BELLY_384	FRENCH	PORTUGUESE	malign (SCA+boot)	1.0000	1.0000	1.0000	1.0000	ok
NorthEuralex Italic	BOW_521	LATIN	PORTUGUESE	malign (SCA+boot)	1.0000	1.0000	1.0000	1.0000	ok
NorthEuralex Italic	KEEP_2109	FRENCH	LATIN	malign (SCA+boot)	0.7778	0.7778	0.7778	0.7778	ok
NorthEuralex Italic	TOUCH_4029	ITALIAN	LATIN	malign (SCA+boot)	0.7143	0.7143	0.7143	0.7143	ok
NorthEuralex Italic	CHEAP_733	CATALAN	PORTUGUESE	malign (SCA+boot)	1.0000	1.0000	1.0000	1.0000	ok
NorthEuralex Italic	TENDON_3329	PORTUGUESE	SPANISH	malign (SCA+boot)	1.0000	1.0000	1.0000	1.0000	ok
NorthEuralex Italic	SOLID_1463	CATALAN	FRENCH	malign (SCA+boot)	1.0000	1.0000	1.0000	1.0000	ok
NorthEuralex Italic	GET_2973	ITALIAN	SPANISH	malign (SCA+boot)	1.0000	1.0000	1.0000	1.0000	ok
NorthEuralex Italic	SEVENTY_3211	PORTUGUESE	SPANISH	malign (SCA+boot)	1.0000	1.0000	1.0000	1.0000	ok
NorthEuralex Italic	WARM_4216	CATALAN	LATIN	malign (SCA+boot)	1.0000	1.0000	1.0000	1.0000	ok
NorthEuralex Italic	SING_3331	PORTUGUESE	SPANISH	malign (SCA+boot)	1.0000	1.0000	1.0000	1.0000	ok
NorthEuralex Italic	JUMP_2107	PORTUGUESE	SPANISH	malign (SCA+boot)	1.0000	1.0000	1.0000	1.0000	ok
NorthEuralex Italic	END_(OF_SPACE)_1299	ITALIAN	ROMANIAN	malign (SCA+boot)	1.0000	1.0000	1.0000	1.0000	ok
NorthEuralex Italic	AMOUNT_149	ITALIAN	ROMANIAN	malign (SCA+boot)	1.0000	1.0000	1.0000	1.0000	ok
NorthEuralex Italic	CURRENT_(STREAM)_969	PORTUGUESE	ROMANIAN	malign (SCA+boot)	1.0000	1.0000	1.0000	1.0000	ok
NorthEuralex Italic	SPIRIT_3545	ITALIAN	PORTUGUESE	malign (SCA+boot)	1.0000	1.0000	1.0000	1.0000	ok
NorthEuralex Italic	HEIGHT_1898	CATALAN	ITALIAN	malign (SCA+boot)	1.0000	1.0000	1.0000	1.0000	ok
NorthEuralex Italic	FLY_(INSECT)_1504	ITALIAN	ROMANIAN	malign (SCA+boot)	1.0000	1.0000	1.0000	1.0000	ok
NorthEuralex Italic	YOU_4433	LATIN	ROMANIAN	malign (SCA+boot)					skipped
NorthEuralex Italic	THREE_3957	CATALAN	ITALIAN	malign (SCA+boot)	1.0000	1.0000	1.0000	1.0000	ok
NorthEuralex Italic	BREAK_(CLEAVE)_563	PORTUGUESE	SPANISH	malign (SCA+boot)	1.0000	1.0000	1.0000	1.0000	ok
NorthEuralex Italic	KNOT_2163	ITALIAN	LATIN	malign (SCA+boot)	1.0000	1.0000	1.0000	1.0000	ok
NorthEuralex Italic	DESTROY_1069	ROMANIAN	SPANISH	malign (SCA+boot)					skipped
NorthEuralex Italic	THEY_3900	CATALAN	FRENCH	malign (SCA+boot)	1.0000	1.0000	1.0000	1.0000	ok
NorthEuralex Italic	DRESS_UP_1629	CATALAN	SPANISH	malign (SCA+boot)	1.0000	1.0000	1.0000	1.0000	ok
NorthEuralex Italic	THREE_3957	CATALAN	LATIN	malign (SCA+boot)	1.0000	1.0000	1.0000	1.0000	ok
NorthEuralex Italic	OPEN_2694	ITALIAN	PORTUGUESE	malign (SCA+boot)	1.0000	1.0000	1.0000	1.0000	ok
NorthEuralex Italic	SWAMP_3752	PORTUGUESE	SPANISH	malign (SCA+boot)	1.0000	1.0000	1.0000	1.0000	ok
NorthEuralex Italic	WHITE_4313	PORTUGUESE	SPANISH	malign (SCA+boot)	0.6667	0.6667	0.6667	0.6667	ok
NorthEuralex Italic	SPRINGTIME_3565	PORTUGUESE	ROMANIAN	malign (SCA+boot)	1.0000	1.0000	1.0000	1.0000	ok
NorthEuralex Italic	SWINDLE_738	ITALIAN	LATIN	malign (SCA+boot)	0.7500	0.7500	0.7500	0.7500	ok
NorthEuralex Italic	FAULT_1398	ITALIAN	LATIN	malign (SCA+boot)	1.0000	1.0000	1.0000	1.0000	ok
NorthEuralex Italic	TOUCH_4029	CATALAN	LATIN	malign (SCA+boot)	0.4286	0.4286	0.4286	0.4286	ok
NorthEuralex Italic	TASTE_1477	FRENCH	ITALIAN	malign (SCA+boot)	1.0000	1.0000	1.0000	1.0000	ok
NorthEuralex Italic	LEAF_2217	ITALIAN	PORTUGUESE	malign (SCA+boot)	1.0000	1.0000	1.0000	1.0000	ok
NorthEuralex Italic	KING_2131	FRENCH	SPANISH	malign (SCA+boot)					skipped
NorthEuralex Italic	MEASURE_2395	LATIN	PORTUGUESE	malign (SCA+boot)	1.0000	1.0000	1.0000	1.0000	ok
NorthEuralex Italic	TWO_4115	CATALAN	ROMANIAN	malign (SCA+boot)					skipped
NorthEuralex Italic	IRON_2079	ITALIAN	LATIN	malign (SCA+boot)	1.0000	1.0000	1.0000	1.0000	ok
NorthEuralex Italic	MASTER_2373	LATIN	ROMANIAN	malign (SCA+boot)	1.0000	1.0000	1.0000	1.0000	ok
NorthEuralex Italic	STUPID_3698	CATALAN	PORTUGUESE	malign (SCA+boot)	1.0000	1.0000	1.0000	1.0000	ok
NorthEuralex Italic	CLAY_801	ITALIAN	PORTUGUESE	malign (SCA+boot)	1.0000	1.0000	1.0000	1.0000	ok
NorthEuralex Italic	MISTAKE_2454	FRENCH	ITALIAN	malign (SCA+boot)	1.0000	1.0000	1.0000	1.0000	ok
NorthEuralex Italic	IDOL_1427	CATALAN	ITALIAN	malign (SCA+boot)	1.0000	1.0000	1.0000	1.0000	ok
NorthEuralex Italic	MAKE_2366	LATIN	PORTUGUESE	malign (SCA+boot)	1.0000	1.0000	1.0000	1.0000	ok
NorthEuralex Italic	PINE_2813	PORTUGUESE	ROMANIAN	malign (SCA+boot)	1.0000	1.0000	1.0000	1.0000	ok
NorthEuralex Italic	OWN_2714	PORTUGUESE	ROMANIAN	malign (SCA+boot)	0.4286	0.4286	0.4286	0.4286	ok
NorthEuralex Italic	CLOUD_853	PORTUGUESE	SPANISH	malign (SCA+boot)	1.0000	1.0000	1.0000	1.0000	ok
NorthEuralex Italic	DYE_1233	LATIN	SPANISH	malign (SCA+boot)	1.0000	1.0000	1.0000	1.0000	ok
NorthEuralex Italic	EVENING_1321	FRENCH	ITALIAN	malign (SCA+boot)					skipped
NorthEuralex Italic	HUNDRED_68	CATALAN	ITALIAN	malign (SCA+boot)	1.0000	1.0000	1.0000	1.0000	ok
NorthEuralex Italic	SEPTEMBER_49	LATIN	SPANISH	malign (SCA+boot)	1.0000	1.0000	1.0000	1.0000	ok
NorthEuralex Italic	FACE_1348	CATALAN	PORTUGUESE	malign (SCA+boot)	1.0000	1.0000	1.0000	1.0000	ok
NorthEuralex Italic	HARD_1842	ROMANIAN	SPANISH	malign (SCA+boot)	1.0000	1.0000	1.0000	1.0000	ok
NorthEuralex Italic	CALCULATE_658	PORTUGUESE	ROMANIAN	malign (SCA+boot)					skipped
NorthEuralex Italic	SOLID_1463	FRENCH	LATIN	malign (SCA+boot)	1.0000	1.0000	1.0000	1.0000	ok
NorthEuralex Italic	SLEEP_3383	ITALIAN	ROMANIAN	malign (SCA+boot)	1.0000	1.0000	1.0000	1.0000	ok
NorthEuralex Italic	PHYSICIAN_1134	ITALIAN	ROMANIAN	malign (SCA+boot)	1.0000	1.0000	1.0000	1.0000	ok
NorthEuralex Italic	THROAT_3960	CATALAN	ITALIAN	malign (SCA+boot)	1.0000	1.0000	1.0000	1.0000	ok
NorthEuralex Italic	SOLID_1464	CATALAN	PORTUGUESE	malign (SCA+boot)	1.0000	1.0000	1.0000	1.0000	ok
NorthEuralex Italic	BUTTON_652	ITALIAN	SPANISH	malign (SCA+boot)	1.0000	1.0000	1.0000	1.0000	ok
NorthEuralex Italic	GROUND_1759	PORTUGUESE	SPANISH	malign (SCA+boot)	0.6000	0.6000	0.6000	0.6000	ok
NorthEuralex Italic	SOUR_3486	ROMANIAN	SPANISH	malign (SCA+boot)	1.0000	1.0000	1.0000	1.0000	ok
NorthEuralex Italic	SHARPEN_(SOMETHING)_3230	FRENCH	SPANISH	malign (SCA+boot)	1.0000	1.0000	1.0000	1.0000	ok
NorthEuralex Italic	BEARD_336	FRENCH	SPANISH	malign (SCA+boot)	1.0000	1.0000	1.0000	1.0000	ok
NorthEuralex Italic	SELL_3193	FRENCH	LATIN	malign (SCA+boot)	1.0000	1.0000	1.0000	1.0000	ok
NorthEuralex Italic	TREE_4061	FRENCH	LATIN	malign (SCA+boot)	1.0000	1.0000	1.0000	1.0000	ok
NorthEuralex Italic	AND_151	CATALAN	SPANISH	malign (SCA+boot)	1.0000	1.0000	1.0000	1.0000	ok
NorthEuralex Italic	RAW_2963	CATALAN	FRENCH	malign (SCA+boot)	1.0000	1.0000	1.0000	1.0000	ok
NorthEuralex Italic	NAVEL_2548	ITALIAN	PORTUGUESE	malign (SCA+boot)	1.0000	1.0000	1.0000	1.0000	ok
NorthEuralex Italic	SHEEP_3236	PORTUGUESE	SPANISH	malign (SCA+boot)	1.0000	1.0000	1.0000	1.0000	ok
NorthEuralex Italic	SOUP_3480	CATALAN	PORTUGUESE	malign (SCA+boot)	1.0000	1.0000	1.0000	1.0000	ok
NorthEuralex Italic	HERE_1922	CATALAN	SPANISH	malign (SCA+boot)	1.0000	1.0000	1.0000	1.0000	ok
NorthEuralex Italic	VEIN_4149	LATIN	PORTUGUESE	malign (SCA+boot)	1.0000	1.0000	1.0000	1.0000	ok
NorthEuralex Italic	HEIGHT_1898	ITALIAN	SPANISH	malign (SCA+boot)	1.0000	1.0000	1.0000	1.0000	ok
NorthEuralex Italic	MARCH_33	FRENCH	ROMANIAN	malign (SCA+boot)	0.6667	0.6667	0.6667	0.6667	ok
NorthEuralex Italic	STREAM_(FLOW_CONTINUOUSLY)_3673	CATALAN	FRENCH	malign (SCA+boot)	0.5000	0.5000	0.5000	0.5000	ok
NorthEuralex Italic	BE_ALIVE_2315	LATIN	SPANISH	malign (SCA+boot)	1.0000	1.0000	1.0000	1.0000	ok
NorthEuralex Italic	SHAKE_3219	CATALAN	ITALIAN	malign (SCA+boot)	0.7143	0.7143	0.7143	0.7143	ok
NorthEuralex Italic	PIT_(POTHOLE)_2818	FRENCH	SPANISH	malign (SCA+boot)	1.0000	1.0000	1.0000	1.0000	ok
NorthEuralex Italic	SKIN_3370	ROMANIAN	SPANISH	malign (SCA+boot)	1.0000	1.0000	1.0000	1.0000	ok
NorthEuralex Italic	FINE_OR_THIN_1042	ROMANIAN	SPANISH	malign (SCA+boot)	1.0000	1.0000	1.0000	1.0000	ok
NorthEuralex Italic	THROW_3967	FRENCH	SPANISH	malign (SCA+boot)	1.0000	1.0000	1.0000	1.0000	ok
NorthEuralex Italic	DISH_1108	LATIN	ROMANIAN	malign (SCA+boot)	1.0000	1.0000	1.0000	1.0000	ok
NorthEuralex Italic	DAY_(NOT_NIGHT)_1012	LATIN	SPANISH	malign (distfeat)	1.0000	1.0000	1.0000	1.0000	ok
NorthEuralex Italic	BELOW_OR_UNDER_4122	FRENCH	ROMANIAN	malign (distfeat)	1.0000	1.0000	1.0000	1.0000	ok
NorthEuralex Italic	MAY_(MONTH)_34	CATALAN	PORTUGUESE	malign (distfeat)					skipped
NorthEuralex Italic	KEEP_2109	FRENCH	PORTUGUESE	malign (distfeat)	1.0000	1.0000	1.0000	1.0000	ok
NorthEuralex Italic	HINDER_1937	CATALAN	PORTUGUESE	malign (distfeat)					skipped
NorthEuralex Italic	EARTH_(SOIL)_1242	FRENCH	SPANISH	malign (distfeat)	1.0000	1.0000	1.0000	1.0000	ok
NorthEuralex Italic	CROSS_960	FRENCH	LATIN	malign (distfeat)					skipped
NorthEuralex Italic	COMB_(VERB)_871	CATALAN	PORTUGUESE	malign (distfeat)					skipped
NorthEuralex Italic	SPEAK_3529	PORTUGUESE	SPANISH	malign (distfeat)					skipped
NorthEuralex Italic	BIRCH_425	ITALIAN	LATIN	malign (distfeat)	1.0000	1.0000	1.0000	1.0000	ok
NorthEuralex Italic	BE_ALIVE_2321	ITALIAN	LATIN	malign (distfeat)	1.0000	1.0000	1.0000	1.0000	ok
NorthEuralex Italic	COOK_(SOMETHING)_905	LATIN	SPANISH	malign (distfeat)					skipped
NorthEuralex Italic	HEEL_1894	ITALIAN	SPANISH	malign (distfeat)	1.0000	1.0000	1.0000	1.0000	ok
NorthEuralex Italic	HUNGER_2015	ITALIAN	LATIN	malign (distfeat)	1.0000	1.0000	1.0000	1.0000	ok
NorthEuralex Italic	WHY_4320	ITALIAN	PORTUGUESE	malign (distfeat)	1.0000	1.0000	1.0000	1.0000	ok
NorthEuralex Italic	BENEFIT_411	ROMANIAN	SPANISH	malign (distfeat)	1.0000	1.0000	1.0000	1.0000	ok
NorthEuralex Italic	GRAIN_1716	CATALAN	SPANISH	malign (distfeat)	1.0000	1.0000	1.0000	1.0000	ok
NorthEuralex Italic	SOUP_3480	ITALIAN	ROMANIAN	malign (distfeat)	1.0000	1.0000	1.0000	1.0000	ok
NorthEuralex Italic	HERD_(SOMETHING)_1916	PORTUGUESE	SPANISH	malign (distfeat)	1.0000	1.0000	1.0000	1.0000	ok
NorthEuralex Italic	TALK_3815	PORTUGUESE	SPANISH	malign (distfeat)					skipped
NorthEuralex Italic	MEAT_2396	LATIN	SPANISH	malign (distfeat)	0.6000	0.6000	0.6000	0.6000	ok
NorthEuralex Italic	ANIMAL_162	FRENCH	ROMANIAN	malign (distfeat)	1.0000	1.0000	1.0000	1.0000	ok
NorthEuralex Italic	FEATHER_1402	ITALIAN	LATIN	malign (distfeat)	1.0000	1.0000	1.0000	1.0000	ok
NorthEuralex Italic	SPEECH_3532	ITALIAN	SPANISH	malign (distfeat)	1.0000	1.0000	1.0000	1.0000	ok
NorthEuralex Italic	POUCH_2863	LATIN	ROMANIAN	malign (distfeat)	1.0000	1.0000	1.0000	1.0000	ok
NorthEuralex Italic	MEAT_2396	ITALIAN	PORTUGUESE	malign (distfeat)	1.0000	1.0000	1.0000	1.0000	ok
NorthEuralex Italic	FAMILIAR_1372	ROMANIAN	SPANISH	malign (distfeat)					skipped
NorthEuralex Italic	HAY_1851	LATIN	SPANISH	malign (distfeat)	1.0000	1.0000	1.0000	1.0000	ok
NorthEuralex Italic	PLACE_(POSITION)_2825	CATALAN	ROMANIAN	malign (distfeat)	1.0000	1.0000	1.0000	1.0000	ok
NorthEuralex Italic	CROSS_960	CATALAN	LATIN	malign (distfeat)	0.6000	0.6000	0.6000	0.6000	ok
NorthEuralex Italic	CONVEY_(A_MESSAGE)_902	PORTUGUESE	SPANISH	malign (distfeat)	1.0000	1.0000	1.0000	1.0000	ok
NorthEuralex Italic	SEE_3161	ROMANIAN	SPANISH	malign (distfeat)					skipped
NorthEuralex Italic	COUNTRY_931	FRENCH	PORTUGUESE	malign (distfeat)	1.0000	1.0000	1.0000	1.0000	ok
NorthEuralex Italic	RESCUE_3005	FRENCH	ITALIAN	malign (distfeat)	0.4286	0.4286	0.4286	0.4286	ok
NorthEuralex Italic	PREPARE_2888	CATALAN	ITALIAN	malign (distfeat)	0.4444	0.4444	0.4444	0.4444	ok
NorthEuralex Italic	LIGHT_(IGNITE)_2286	PORTUGUESE	SPANISH	malign (distfeat)	1.0000	1.0000	1.0000	1.0000	ok
NorthEuralex Italic	BORDER_502	ITALIAN	PORTUGUESE	malign (distfeat)					skipped
NorthEuralex Italic	THIRD_3927	CATALAN	SPANISH	malign (distfeat)	0.7143	0.7143	0.7143	0.7143	ok
NorthEuralex Italic	DIFFERENT_1072	ITALIAN	ROMANIAN	malign (distfeat)	1.0000	1.0000	1.0000	1.0000	ok
NorthEuralex Italic	SEEM_3169	CATALAN	FRENCH	malign (distfeat)	1.0000	1.0000	1.0000	1.0000	ok
NorthEuralex Italic	CLEVER_814	ITALIAN	SPANISH	malign (distfeat)	1.0000	1.0000	1.0000	1.0000	ok
NorthEuralex Italic	MOVE_(AFFECT_EMOTIONALLY)_2495	CATALAN	LATIN	malign (distfeat)	1.0000	1.0000	1.0000	1.0000	ok
NorthEuralex Italic	RING_(MAKE_SOUND)_3028	FRENCH	ROMANIAN	malign (distfeat)	1.0000	1.0000	1.0000	1.0000	ok
NorthEuralex Italic	GATE_1612	PORTUGUESE	ROMANIAN	malign (distfeat)					skipped
NorthEuralex Italic	CEASE_1302	CATALAN	SPANISH	malign (distfeat)	1.0000	1.0000	1.0000	1.0000	ok
NorthEuralex Italic	BOW_521	FRENCH	PORTUGUESE	malign (distfeat)	1.0000	1.0000	1.0000	1.0000	ok
NorthEuralex Italic	HORSE_1988	PORTUGUESE	SPANISH	malign (distfeat)	1.0000	1.0000	1.0000	1.0000	ok
NorthEuralex Italic	MORNING_2475	CATALAN	PORTUGUESE	malign (distfeat)	1.0000	1.0000	1.0000	1.0000	ok
NorthEuralex Italic	CLOTH_839	LATIN	SPANISH	malign (distfeat)					skipped
NorthEuralex Italic	HUNGER_2015	LATIN	PORTUGUESE	malign (distfeat)	1.0000	1.0000	1.0000	1.0000	ok
NorthEuralex Italic	CRADLE_948	FRENCH	PORTUGUESE	malign (distfeat)	1.0000	1.0000	1.0000	1.0000	ok
NorthEuralex Italic	SELL_3193	CATALAN	LATIN	malign (distfeat)	1.0000	1.0000	1.0000	1.0000	ok
NorthEuralex Italic	MEAT_2396	ITALIAN	SPANISH	malign (distfeat)	1.0000	1.0000	1.0000	1.0000	ok
NorthEuralex Italic	TEAR_(OF_EYE)_3842	PORTUGUESE	ROMANIAN	malign (distfeat)	1.0000	1.0000	1.0000	1.0000	ok
NorthEuralex Italic	RIVER_3060	FRENCH	ROMANIAN	malign (distfeat)	1.0000	1.0000	1.0000	1.0000	ok
NorthEuralex Italic	FEVER_1421	FRENCH	ROMANIAN	malign (distfeat)	1.0000	1.0000	1.0000	1.0000	ok
NorthEuralex Italic	SACK_3135	CATALAN	LATIN	malign (distfeat)	0.6000	0.6000	0.6000	0.6000	ok
NorthEuralex Italic	RECOGNIZE_(SOMEBODY)_2977	FRENCH	ROMANIAN	malign (distfeat)					skipped
NorthEuralex Italic	HALF_1802	FRENCH	ITALIAN	malign (distfeat)	1.0000	1.0000	1.0000	1.0000	ok
NorthEuralex Italic	LIP_2307	ITALIAN	SPANISH	malign (distfeat)	1.0000	1.0000	1.0000	1.0000	ok
NorthEuralex Italic	CHARACTER_724	FRENCH	SPANISH	malign (distfeat)	1.0000	1.0000	1.0000	1.0000	ok
NorthEuralex Italic	FISH_1470	CATALAN	SPANISH	malign (distfeat)	1.0000	1.0000	1.0000	1.0000	ok
NorthEuralex Italic	KEEP_2109	FRENCH	ITALIAN	malign (distfeat)	0.8000	0.8000	0.8000	0.8000	ok
NorthEuralex Italic	FIFTY_1422	CATALAN	ITALIAN	malign (distfeat)	1.0000	1.0000	1.0000	1.0000	ok
NorthEuralex Italic	THOUSAND_76	ITALIAN	LATIN	malign (distfeat)	1.0000	1.0000	1.0000	1.0000	ok
NorthEuralex Italic	SEE_3161	ITALIAN	PORTUGUESE	malign (distfeat)	1.0000	1.0000	1.0000	1.0000	ok
NorthEuralex Italic	LOOK_FOR_2349	PORTUGUESE	SPANISH	malign (distfeat)	1.0000	1.0000	1.0000	1.0000	ok
NorthEuralex Italic	HEIGHT_1898	PORTUGUESE	SPANISH	malign (distfeat)	1.0000	1.0000	1.0000	1.0000	ok
NorthEuralex Italic	PARENTS_2724	PORTUGUESE	SPANISH	malign (distfeat)	1.0000	1.0000	1.0000	1.0000	ok
NorthEuralex Italic	BRING_585	FRENCH	ITALIAN	malign (distfeat)	1.0000	1.0000	1.0000	1.0000	ok
NorthEuralex Italic	HOWL_2006	ITALIAN	SPANISH	malign (distfeat)	1.0000	1.0000	1.0000	1.0000	ok
NorthEuralex Italic	BIRD_429	ROMANIAN	SPANISH	malign (distfeat)	1.0000	1.0000	1.0000	1.0000	ok
NorthEuralex Italic	ONE_TIME_2665	CATALAN	PORTUGUESE	malign (distfeat)	0.3333	0.3333	0.3333	0.3333	ok
NorthEuralex Italic	SIT_3342	CATALAN	LATIN	malign (distfeat)	1.0000	1.0000	1.0000	1.0000	ok
NorthEuralex Italic	LISTEN_2309	FRENCH	PORTUGUESE	malign (distfeat)	1.0000	1.0000	1.0000	1.0000	ok
NorthEuralex Italic	CAP_686	FRENCH	PORTUGUESE	malign (distfeat)	1.0000	1.0000	1.0000	1.0000	ok
NorthEuralex Italic	HANG_1820	FRENCH	PORTUGUESE	malign (distfeat)					skipped
NorthEuralex Italic	OLD_(AGED)_116	CATALAN	PORTUGUESE	malign (distfeat)	1.0000	1.0000	1.0000	1.0000	ok
NorthEuralex Italic	HARDLY_1843	ITALIAN	SPANISH	malign (distfeat)					skipped
NorthEuralex Italic	WEATHER_4259	CATALAN	SPANISH	malign (distfeat)					skipped
NorthEuralex Italic	SHOW_3298	FRENCH	SPANISH	malign (distfeat)	1.0000	1.0000	1.0000	1.0000	ok
NorthEuralex Italic	THIN_(SLIM)_3401	CATALAN	SPANISH	malign (distfeat)	1.0000	1.0000	1.0000	1.0000	ok
NorthEuralex Italic	EGG_1262	LATIN	PORTUGUESE	malign (distfeat)	1.0000	1.0000	1.0000	1.0000	ok
NorthEuralex Italic	LIGHT_(RADIATION)_2287	LATIN	SPANISH	malign (distfeat)	0.5000	0.5000	0.5000	0.5000	ok
NorthEuralex Italic	EARTH_(SOIL)_1242	ITALIAN	LATIN	malign (distfeat)	1.0000	1.0000	1.0000	1.0000	ok
NorthEuralex Italic	KILL_2125	PORTUGUESE	SPANISH	malign (distfeat)	1.0000	1.0000	1.0000	1.0000	ok
NorthEuralex Italic	LIE_(FALSEHOOD)_2267	ROMANIAN	SPANISH	malign (distfeat)	1.0000	1.0000	1.0000	1.0000	ok
NorthEuralex Italic	STEAL_3609	PORTUGUESE	ROMANIAN	malign (distfeat)	1.0000	1.0000	1.0000	1.0000	ok
NorthEuralex Italic	SING_3331	LATIN	PORTUGUESE	malign (distfeat)	1.0000	1.0000	1.0000	1.0000	ok
NorthEuralex Italic	RING_3027	CATALAN	PORTUGUESE	malign (distfeat)	1.0000	1.0000	1.0000	1.0000	ok
NorthEuralex Italic	HEIGHT_1898	ITALIAN	LATIN	malign (distfeat)	0.6250	0.6250	0.6250	0.6250	ok
NorthEuralex Italic	DYE_1233	LATIN	PORTUGUESE	malign (distfeat)	1.0000	1.0000	1.0000	1.0000	ok
NorthEuralex Italic	WIN_4341	LATIN	SPANISH	malign (distfeat)	1.0000	1.0000	1.0000	1.0000	ok
NorthEuralex Italic	WALK_4195	CATALAN	PORTUGUESE	malign (distfeat)	1.0000	1.0000	1.0000	1.0000	ok
NorthEuralex Italic	CONVERSATION_3813	CATALAN	SPANISH	malign (distfeat)	1.0000	1.0000	1.0000	1.0000	ok
NorthEuralex Italic	BOX_530	ITALIAN	SPANISH	malign (distfeat)	1.0000	1.0000	1.0000	1.0000	ok
NorthEuralex Italic	DARK_999	ITALIAN	SPANISH	malign (distfeat)	1.0000	1.0000	1.0000	1.0000	ok
NorthEuralex Italic	FACE_1348	CATALAN	SPANISH	malign (distfeat)	1.0000	1.0000	1.0000	1.0000	ok
NorthEuralex Italic	FEATHER_1403	CATALAN	FRENCH	malign (distfeat)	1.0000	1.0000	1.0000	1.0000	ok
NorthEuralex Italic	SPEECH_3532	CATALAN	ROMANIAN	malign (distfeat)	1.0000	1.0000	1.0000	1.0000	ok
NorthEuralex Italic	CALCULATE_658	FRENCH	ITALIAN	malign (distfeat)	1.0000	1.0000	1.0000	1.0000	ok
NorthEuralex Italic	SEVEN_3210	ITALIAN	PORTUGUESE	malign (distfeat)	1.0000	1.0000	1.0000	1.0000	ok
NorthEuralex Italic	SEPARATE_3198	CATALAN	ITALIAN	malign (distfeat)	1.0000	1.0000	1.0000	1.0000	ok
NorthEuralex Italic	THUNDER_(VERB)_3972	FRENCH	ITALIAN	malign (distfeat)	0.6667	0.6667	0.6667	0.6667	ok
NorthEuralex Italic	LAIR_2171	ITALIAN	LATIN	malign (distfeat)	1.0000	1.0000	1.0000	1.0000	ok
NorthEuralex Italic	ARRIVE_186	FRENCH	ITALIAN	malign (distfeat)	1.0000	1.0000	1.0000	1.0000	ok
NorthEuralex Italic	DECEIVE_1028	CATALAN	PORTUGUESE	malign (distfeat)					skipped
NorthEuralex Italic	LIP_2307	FRENCH	SPANISH	malign (distfeat)	1.0000	1.0000	1.0000	1.0000	ok
NorthEuralex Italic	POUCH_2862	ITALIAN	PORTUGUESE	malign (distfeat)	1.0000	1.0000	1.0000	1.0000	ok
NorthEuralex Italic	DEAF_1015	CATALAN	FRENCH	malign (distfeat)	1.0000	1.0000	1.0000	1.0000	ok
NorthEuralex Italic	MOVE_(AFFECT_EMOTIONALLY)_2495	ITALIAN	SPANISH	malign (distfeat)					skipped
NorthEuralex Italic	STORY_3660	PORTUGUESE	SPANISH	malign (distfeat)	0.6667	0.6667	0.6667	0.6667	ok
NorthEuralex Italic	FAT_(OBESE)_1388	FRENCH	ITALIAN	malign (distfeat)	1.0000	1.0000	1.0000	1.0000	ok
NorthEuralex Italic	TEA_3827	CATALAN	SPANISH	malign (distfeat)	1.0000	1.0000	1.0000	1.0000	ok
NorthEuralex Italic	ALONE_133	FRENCH	ITALIAN	malign (distfeat)					skipped
NorthEuralex Italic	LIFE_2279	FRENCH	SPANISH	malign (distfeat)	1.0000	1.0000	1.0000	1.0000	ok
NorthEuralex Italic	WEEK_4264	FRENCH	ROMANIAN	malign (distfeat)	1.0000	1.0000	1.0000	1.0000	ok
NorthEuralex Italic	FOOD_1517	CATALAN	SPANISH	malign (distfeat)	1.0000	1.0000	1.0000	1.0000	ok
NorthEuralex Italic	WIND_4345	ITALIAN	SPANISH	malign (distfeat)	0.6667	0.6667	0.6667	0.6667	ok
NorthEuralex Italic	CURRENT_(STREAM)_969	ITALIAN	PORTUGUESE	malign (distfeat)	1.0000	1.0000	1.0000	1.0000	ok
NorthEuralex Italic	NAVEL_2548	CATALAN	PORTUGUESE	malign (distfeat)	1.0000	1.0000	1.0000	1.0000	ok
NorthEuralex Italic	GRAIN_1716	FRENCH	ITALIAN	malign (distfeat)	1.0000	1.0000	1.0000	1.0000	ok
NorthEuralex Italic	SAND_3140	ITALIAN	SPANISH	malign (distfeat)	1.0000	1.0000	1.0000	1.0000	ok
NorthEuralex Italic	FEEL_(TACTUALLY)_1411	FRENCH	PORTUGUESE	malign (distfeat)	1.0000	1.0000	1.0000	1.0000	ok
NorthEuralex Italic	ACHE_87	PORTUGUESE	SPANISH	malign (distfeat)					skipped
NorthEuralex Italic	PARENTS_2724	FRENCH	SPANISH	malign (distfeat)	0.5000	0.5000	0.5000	0.5000	ok
NorthEuralex Italic	VERY_4151	CATALAN	ITALIAN	malign (distfeat)	1.0000	1.0000	1.0000	1.0000	ok
NorthEuralex Italic	BEARD_336	FRENCH	ROMANIAN	malign (distfeat)	1.0000	1.0000	1.0000	1.0000	ok
NorthEuralex Italic	DEAF_1015	CATALAN	SPANISH	malign (distfeat)	1.0000	1.0000	1.0000	1.0000	ok
NorthEuralex Italic	RIPEN_3045	CATALAN	LATIN	malign (distfeat)	0.3636	0.3636	0.3636	0.3636	ok
NorthEuralex Italic	NOSE_2624	CATALAN	LATIN	malign (distfeat)	1.0000	1.0000	1.0000	1.0000	ok
NorthEuralex Italic	IRON_2079	LATIN	PORTUGUESE	malign (distfeat)	1.0000	1.0000	1.0000	1.0000	ok
NorthEuralex Italic	BUILD_618	ITALIAN	PORTUGUESE	malign (distfeat)					skipped
NorthEuralex Italic	ITEM_2082	CATALAN	SPANISH	malign (distfeat)	0.5714	0.5714	0.5714	0.5714	ok
NorthEuralex Italic	CLEVER_814	ITALIAN	PORTUGUESE	malign (distfeat)	1.0000	1.0000	1.0000	1.0000	ok
NorthEuralex Italic	COLLAR_864	CATALAN	FRENCH	malign (distfeat)	1.0000	1.0000	1.0000	1.0000	ok
NorthEuralex Italic	UNDERSTAND_4128	CATALAN	SPANISH	malign (distfeat)					skipped
NorthEuralex Italic	CEASE_1298	ITALIAN	ROMANIAN	malign (distfeat)					skipped
NorthEuralex Italic	DILIGENT_1080	ITALIAN	SPANISH	malign (distfeat)	1.0000	1.0000	1.0000	1.0000	ok
NorthEuralex Italic	DISTANCE_1113	ITALIAN	SPANISH	malign (distfeat)	1.0000	1.0000	1.0000	1.0000	ok
NorthEuralex Italic	TOUCH_4029	LATIN	PORTUGUESE	malign (distfeat)	0.7143	0.7143	0.7143	0.7143	ok
NorthEuralex Italic	FINE_OR_THIN_1043	ITALIAN	SPANISH	malign (distfeat)	1.0000	1.0000	1.0000	1.0000	ok
NorthEuralex Italic	LINE_2306	CATALAN	FRENCH	malign (distfeat)	1.0000	1.0000	1.0000	1.0000	ok
NorthEuralex Italic	SPIDER_3536	CATALAN	SPANISH	malign (distfeat)	1.0000	1.0000	1.0000	1.0000	ok
NorthEuralex Italic	HAPPINESS_1839	ITALIAN	PORTUGUESE	malign (distfeat)	0.7000	0.7000	0.7000	0.7000	ok
NorthEuralex Italic	GRASS_1738	FRENCH	ITALIAN	malign (distfeat)	1.0000	1.0000	1.0000	1.0000	ok
NorthEuralex Italic	OAR_2639	PORTUGUESE	SPANISH	malign (distfeat)	1.0000	1.0000	1.0000	1.0000	ok
NorthEuralex Italic	SING_3331	CATALAN	ROMANIAN	malign (distfeat)	1.0000	1.0000	1.0000	1.0000	ok
NorthEuralex Italic	SALT_3139	PORTUGUESE	SPANISH	malign (distfeat)	1.0000	1.0000	1.0000	1.0000	ok
NorthEuralex Italic	STRING_3681	ITALIAN	PORTUGUESE	malign (distfeat)	1.0000	1.0000	1.0000	1.0000	ok
NorthEuralex Italic	YEAR_4419	CATALAN	ROMANIAN	malign (distfeat)	1.0000	1.0000	1.0000	1.0000	ok
NorthEuralex Italic	TASTY_1049	FRENCH	LATIN	malign (distfeat)					skipped
NorthEuralex Italic	DESTROY_1069	FRENCH	SPANISH	malign (distfeat)					skipped
NorthEuralex Italic	KNIFE_2146	FRENCH	ITALIAN	malign (distfeat)	1.0000	1.0000	1.0000	1.0000	ok
NorthEuralex Italic	HONEY_1977	FRENCH	ITALIAN	malign (distfeat)					skipped
NorthEuralex Italic	CALCULATE_658	LATIN	PORTUGUESE	malign (distfeat)	1.0000	1.0000	1.0000	1.0000	ok
NorthEuralex Italic	POOR_2850	ITALIAN	PORTUGUESE	malign (distfeat)	1.0000	1.0000	1.0000	1.0000	ok
NorthEuralex Italic	BEAR_334	PORTUGUESE	SPANISH	malign (distfeat)	1.0000	1.0000	1.0000	1.0000	ok
NorthEuralex Italic	HOW_2002	ITALIAN	SPANISH	malign (distfeat)	1.0000	1.0000	1.0000	1.0000	ok
NorthEuralex Italic	HELP_(ASSISTANCE)_1903	CATALAN	PORTUGUESE	malign (distfeat)	0.6000	0.6000	0.6000	0.6000	ok
NorthEuralex Italic	ANT_171	CATALAN	LATIN	malign (distfeat)	1.0000	1.0000	1.0000	1.0000	ok
NorthEuralex Italic	CHARACTER_724	CATALAN	ROMANIAN	malign (distfeat)	1.0000	1.0000	1.0000	1.0000	ok
NorthEuralex Italic	BULL_622	FRENCH	SPANISH	malign (distfeat)	1.0000	1.0000	1.0000	1.0000	ok
NorthEuralex Italic	HOWL_2006	ITALIAN	LATIN	malign (distfeat)	1.0000	1.0000	1.0000	1.0000	ok
NorthEuralex Italic	CAUSE_TO_(LET)_2256	CATALAN	SPANISH	malign (distfeat)					skipped
NorthEuralex Italic	BIG_421	ITALIAN	PORTUGUESE	malign (distfeat)	1.0000	1.0000	1.0000	1.0000	ok
NorthEuralex Italic	PERSON_2009	PORTUGUESE	ROMANIAN	malign (distfeat)	1.0000	1.0000	1.0000	1.0000	ok
NorthEuralex Italic	CHARACTER_724	CATALAN	ITALIAN	malign (distfeat)	1.0000	1.0000	1.0000	1.0000	ok
NorthEuralex Italic	WORLD_4395	CATALAN	FRENCH	malign (distfeat)	1.0000	1.0000	1.0000	1.0000	ok
NorthEuralex Italic	INVITE_2078	ITALIAN	SPANISH	malign (distfeat)	1.0000	1.0000	1.0000	1.0000	ok
NorthEuralex Italic	MEDICINE_2398	FRENCH	SPANISH	malign (distfeat)	1.0000	1.0000	1.0000	1.0000	ok
NorthEuralex Italic	TWO_4115	PORTUGUESE	ROMANIAN	malign (distfeat)	1.0000	1.0000	1.0000	1.0000	ok
NorthEuralex Italic	HARE_1848	FRENCH	ITALIAN	malign (distfeat)	0.3333	0.3333	0.3333	0.3333	ok
NorthEuralex Italic	DRAW_MILK_2427	ITALIAN	LATIN	malign (distfeat)	1.0000	1.0000	1.0000	1.0000	ok
NorthEuralex Italic	TONE_(MUSIC)_4022	ITALIAN	PORTUGUESE	malign (distfeat)	0.5000	0.5000	0.5000	0.5000	ok
NorthEuralex Italic	JULY_25	ITALIAN	SPANISH	malign (distfeat)	1.0000	1.0000	1.0000	1.0000	ok
NorthEuralex Italic	TONE_(MUSIC)_4022	ROMANIAN	SPANISH	malign (distfeat)	1.0000	1.0000	1.0000	1.0000	ok
NorthEuralex Italic	SLEEP_3383	CATALAN	ROMANIAN	malign (distfeat)	1.0000	1.0000	1.0000	1.0000	ok
NorthEuralex Italic	GAME_1605	ITALIAN	PORTUGUESE	malign (distfeat)	1.0000	1.0000	1.0000	1.0000	ok
NorthEuralex Italic	CORRECT_(RIGHT)_921	PORTUGUESE	ROMANIAN	malign (distfeat)					skipped
NorthEuralex Italic	COUNTRY_931	PORTUGUESE	SPANISH	malign (distfeat)	1.0000	1.0000	1.0000	1.0000	ok
NorthEuralex Italic	STING_3635	ITALIAN	SPANISH	malign (distfeat)	1.0000	1.0000	1.0000	1.0000	ok
NorthEuralex Italic	REASON_2967	LATIN	ROMANIAN	malign (distfeat)					skipped
NorthEuralex Italic	SPIDER_3536	ITALIAN	SPANISH	malign (distfeat)	1.0000	1.0000	1.0000	1.0000	ok
NorthEuralex Italic	SMOKE_(EXHAUST)_3416	ITALIAN	LATIN	malign (distfeat)					skipped
NorthEuralex Italic	THROW_3967	CATALAN	FRENCH	malign (distfeat)	1.0000	1.0000	1.0000	1.0000	ok
NorthEuralex Italic	BRIDGE_582	LATIN	ROMANIAN	malign (distfeat)	1.0000	1.0000	1.0000	1.0000	ok
NorthEuralex Italic	COUNT_928	ITALIAN	SPANISH	malign (distfeat)	1.0000	1.0000	1.0000	1.0000	ok
NorthEuralex Italic	BUSINESS_638	CATALAN	SPANISH	malign (distfeat)					skipped
NorthEuralex Italic	SIX_3352	CATALAN	FRENCH	malign (distfeat)	1.0000	1.0000	1.0000	1.0000	ok
NorthEuralex Italic	POST_2847	LATIN	SPANISH	malign (distfeat)	0.7143	0.7143	0.7143	0.7143	ok
NorthEuralex Italic	DANCE_995	CATALAN	SPANISH	malign (distfeat)	1.0000	1.0000	1.0000	1.0000	ok
NorthEuralex Italic	KNOT_2163	CATALAN	LATIN	malign (distfeat)	0.6000	0.6000	0.6000	0.6000	ok
NorthEuralex Italic	GATE_1612	FRENCH	LATIN	malign (distfeat)	1.0000	1.0000	1.0000	1.0000	ok
NorthEuralex Italic	GAME_1605	FRENCH	ITALIAN	malign (distfeat)	1.0000	1.0000	1.0000	1.0000	ok
NorthEuralex Italic	TAKE_3797	CATALAN	FRENCH	malign (distfeat)	0.5714	0.5714	0.5714	0.5714	ok
NorthEuralex Italic	EAR_1240	CATALAN	ROMANIAN	malign (distfeat)	1.0000	1.0000	1.0000	1.0000	ok
NorthEuralex Italic	FOR_A_LONG_TIME_2334	ITALIAN	ROMANIAN	malign (distfeat)					skipped
NorthEuralex Italic	MEDICINE_2398	ITALIAN	SPANISH	malign (distfeat)	1.0000	1.0000	1.0000	1.0000	ok
NorthEuralex Italic	THOU_3945	CATALAN	FRENCH	malign (distfeat)	1.0000	1.0000	1.0000	1.0000	ok
NorthEuralex Italic	KNOW_(SOMETHING)_2164	CATALAN	FRENCH	malign (distfeat)					skipped
NorthEuralex Italic	CHIN_769	FRENCH	LATIN	malign (distfeat)	1.0000	1.0000	1.0000	1.0000	ok
NorthEuralex Italic	SWAY_3770	CATALAN	FRENCH	malign (distfeat)	0.6667	0.6667	0.6667	0.6667	ok
NorthEuralex Italic	COUNT_(QUANTITY)_927	PORTUGUESE	SPANISH	malign (distfeat)					skipped
NorthEuralex Italic	BREAK_(DESTROY_OR_GET_DESTROYED)_562	ITALIAN	LATIN	malign (distfeat)	1.0000	1.0000	1.0000	1.0000	ok
NorthEuralex Italic	AUNT_230	ITALIAN	PORTUGUESE	malign (distfeat)	1.0000	1.0000	1.0000	1.0000	ok
NorthEuralex Italic	COOK_(SOMETHING)_905	FRENCH	LATIN	malign (distfeat)					skipped
NorthEuralex Italic	INCREASE_2062	CATALAN	ROMANIAN	malign (distfeat)	1.0000	1.0000	1.0000	1.0000	ok
NorthEuralex Italic	FINGER_1446	ITALIAN	PORTUGUESE	malign (distfeat)	1.0000	1.0000	1.0000	1.0000	ok
NorthEuralex Italic	SLEEP_(STATE)_3384	ITALIAN	SPANISH	malign (distfeat)	0.6000	0.6000	0.6000	0.6000	ok
NorthEuralex Italic	UNCLE_4116	ITALIAN	SPANISH	malign (distfeat)	1.0000	1.0000	1.0000	1.0000	ok
NorthEuralex Italic	TUBE_2814	FRENCH	SPANISH	malign (distfeat)	1.0000	1.0000	1.0000	1.0000	ok
NorthEuralex Italic	HARD_1842	LATIN	SPANISH	malign (distfeat)	1.0000	1.0000	1.0000	1.0000	ok
NorthEuralex Italic	SISTER_3339	CATALAN	SPANISH	malign (distfeat)	1.0000	1.0000	1.0000	1.0000	ok
NorthEuralex Italic	BULL_622	CATALAN	PORTUGUESE	malign (distfeat)	1.0000	1.0000	1.0000	1.0000	ok
NorthEuralex Italic	FIND_1442	PORTUGUESE	SPANISH	malign (distfeat)	1.0000	1.0000	1.0000	1.0000	ok
NorthEuralex Italic	SEE_3161	CATALAN	SPANISH	malign (distfeat)	1.0000	1.0000	1.0000	1.0000	ok
NorthEuralex Italic	ALL_1325	CATALAN	PORTUGUESE	malign (distfeat)	0.5000	0.5000	0.5000	0.5000	ok
NorthEuralex Italic	SHINE_3249	PORTUGUESE	SPANISH	malign (distfeat)	1.0000	1.0000	1.0000	1.0000	ok
NorthEuralex Italic	LINE_2306	CATALAN	PORTUGUESE	malign (distfeat)	0.6000	0.6000	0.6000	0.6000	ok
NorthEuralex Italic	TENDON_3329	FRENCH	PORTUGUESE	malign (distfeat)	0.6000	0.6000	0.6000	0.6000	ok
NorthEuralex Italic	MISPLACE_2355	ITALIAN	ROMANIAN	malign (distfeat)					skipped
NorthEuralex Italic	SPIDER_3536	CATALAN	LATIN	malign (distfeat)	0.6667	0.6667	0.6667	0.6667	ok
NorthEuralex Italic	UNDERSTAND_4129	FRENCH	ITALIAN	malign (distfeat)	1.0000	1.0000	1.0000	1.0000	ok
NorthEuralex Italic	FALL_ASLEEP_1361	ITALIAN	SPANISH	malign (distfeat)	0.4167	0.4167	0.4167	0.4167	ok
NorthEuralex Italic	FUR_1601	ROMANIAN	SPANISH	malign (distfeat)	1.0000	1.0000	1.0000	1.0000	ok
NorthEuralex Italic	NAME_2527	ITALIAN	LATIN	malign (distfeat)					skipped
NorthEuralex Italic	HEAT_1886	ROMANIAN	SPANISH	malign (distfeat)	1.0000	1.0000	1.0000	1.0000	ok
NorthEuralex Italic	BULL_622	CATALAN	FRENCH	malign (distfeat)	1.0000	1.0000	1.0000	1.0000	ok
NorthEuralex Italic	BUSINESS_638	LATIN	SPANISH	malign (distfeat)					skipped
NorthEuralex Italic	ODOR_(SMELL)_2643	ITALIAN	LATIN	malign (distfeat)	1.0000	1.0000	1.0000	1.0000	ok
NorthEuralex Italic	BUDGE_(ONESELF)_612	LATIN	PORTUGUESE	malign (distfeat)	1.0000	1.0000	1.0000	1.0000	ok
NorthEuralex Italic	BREAK_(CLEAVE)_562	ROMANIAN	SPANISH	malign (distfeat)					skipped
NorthEuralex Italic	TREE_4061	CATALAN	PORTUGUESE	malign (distfeat)	1.0000	1.0000	1.0000	1.0000	ok
NorthEuralex Italic	WE_4247	FRENCH	PORTUGUESE	malign (distfeat)	1.0000	1.0000	1.0000	1.0000	ok
NorthEuralex Italic	FATHER_1395	FRENCH	PORTUGUESE	malign (distfeat)	1.0000	1.0000	1.0000	1.0000	ok
NorthEuralex Italic	BROTHER_604	LATIN	ROMANIAN	malign (distfeat)	1.0000	1.0000	1.0000	1.0000	ok
NorthEuralex Italic	WIND_4345	LATIN	SPANISH	malign (distfeat)					skipped
NorthEuralex Italic	CLOUD_853	CATALAN	LATIN	malign (distfeat)	1.0000	1.0000	1.0000	1.0000	ok
NorthEuralex Italic	FRESH_1578	ITALIAN	SPANISH	malign (distfeat)	1.0000	1.0000	1.0000	1.0000	ok
NorthEuralex Italic	CEASE_1297	FRENCH	ITALIAN	malign (distfeat)	1.0000	1.0000	1.0000	1.0000	ok
NorthEuralex Italic	CAVE_707	FRENCH	PORTUGUESE	malign (distfeat)	1.0000	1.0000	1.0000	1.0000	ok
NorthEuralex Italic	IDOL_1427	PORTUGUESE	SPANISH	malign (distfeat)	1.0000	1.0000	1.0000	1.0000	ok
NorthEuralex Italic	SKIN_3370	ITALIAN	LATIN	malign (distfeat)	1.0000	1.0000	1.0000	1.0000	ok
NorthEuralex Italic	DENSE_1056	ITALIAN	LATIN	malign (distfeat)					skipped
NorthEuralex Italic	KETTLE_2114	PORTUGUESE	SPANISH	malign (distfeat)	1.0000	1.0000	1.0000	1.0000	ok
NorthEuralex Italic	BOIL_(SOMETHING)_486	CATALAN	LATIN	malign (distfeat)	0.6667	0.6667	0.6667	0.6667	ok
NorthEuralex Italic	COAST_857	CATALAN	ITALIAN	malign (distfeat)	1.0000	1.0000	1.0000	1.0000	ok
NorthEuralex Italic	SOUP_3480	FRENCH	ITALIAN	malign (distfeat)	1.0000	1.0000	1.0000	1.0000	ok
NorthEuralex Italic	OPEN_(STATE)_2695	ITALIAN	PORTUGUESE	malign (distfeat)	1.0000	1.0000	1.0000	1.0000	ok
NorthEuralex Italic	LENGTH_2252	CATALAN	ITALIAN	malign (distfeat)					skipped
NorthEuralex Italic	GRIEF_1752	FRENCH	SPANISH	malign (distfeat)	1.0000	1.0000	1.0000	1.0000	ok
NorthEuralex Italic	OF_THIS_KIND_(SUCH)_3433	FRENCH	PORTUGUESE	malign (distfeat)	1.0000	1.0000	1.0000	1.0000	ok
NorthEuralex Italic	IRON_2079	CATALAN	LATIN	malign (distfeat)	1.0000	1.0000	1.0000	1.0000	ok
NorthEuralex Italic	LINE_2306	FRENCH	ROMANIAN	malign (distfeat)	1.0000	1.0000	1.0000	1.0000	ok
NorthEuralex Italic	SHOW_3298	LATIN	SPANISH	malign (distfeat)	1.0000	1.0000	1.0000	1.0000	ok
NorthEuralex Italic	DOOR_1149	FRENCH	ITALIAN	malign (distfeat)	1.0000	1.0000	1.0000	1.0000	ok
NorthEuralex Italic	NEST_2566	CATALAN	SPANISH	malign (distfeat)	1.0000	1.0000	1.0000	1.0000	ok
NorthEuralex Italic	THICK_3904	LATIN	SPANISH	malign (distfeat)					skipped
NorthEuralex Italic	ONLY_2685	ITALIAN	LATIN	malign (distfeat)	1.0000	1.0000	1.0000	1.0000	ok
NorthEuralex Italic	CHAT_(WITH_SOMEBODY)_726	ITALIAN	ROMANIAN	malign (distfeat)	1.0000	1.0000	1.0000	1.0000	ok
NorthEuralex Italic	APRIL_1	ITALIAN	SPANISH	malign (distfeat)	1.0000	1.0000	1.0000	1.0000	ok
NorthEuralex Italic	THINK_(REFLECT)_3924	FRENCH	PORTUGUESE	malign (distfeat)	1.0000	1.0000	1.0000	1.0000	ok
NorthEuralex Italic	COW_946	FRENCH	PORTUGUESE	malign (distfeat)	1.0000	1.0000	1.0000	1.0000	ok
NorthEuralex Italic	CHEST_569	ITALIAN	LATIN	malign (distfeat)	1.0000	1.0000	1.0000	1.0000	ok
NorthEuralex Italic	HARD_1842	FRENCH	LATIN	malign (distfeat)	1.0000	1.0000	1.0000	1.0000	ok
NorthEuralex Italic	WIFE_4329	PORTUGUESE	SPANISH	malign (distfeat)	1.0000	1.0000	1.0000	1.0000	ok
NorthEuralex Italic	DRAW_MILK_2428	PORTUGUESE	SPANISH	malign (distfeat)	1.0000	1.0000	1.0000	1.0000	ok
NorthEuralex Italic	PROMISE_2913	LATIN	PORTUGUESE	malign (distfeat)	1.0000	1.0000	1.0000	1.0000	ok
NorthEuralex Italic	CEASE_1298	CATALAN	SPANISH	malign (distfeat)	1.0000	1.0000	1.0000	1.0000	ok
NorthEuralex Italic	JUNE_29	ITALIAN	SPANISH	malign (distfeat)	1.0000	1.0000	1.0000	1.0000	ok
NorthEuralex Italic	RUN_3119	ITALIAN	LATIN	malign (distfeat)	1.0000	1.0000	1.0000	1.0000	ok
NorthEuralex Italic	MISPLACE_2355	FRENCH	ROMANIAN	malign (distfeat)					skipped
NorthEuralex Italic	FATHER_1395	LATIN	PORTUGUESE	malign (distfeat)	1.0000	1.0000	1.0000	1.0000	ok
NorthEuralex Italic	STRING_3681	PORTUGUESE	SPANISH	malign (distfeat)					skipped
NorthEuralex Italic	NEW_2577	ITALIAN	ROMANIAN	malign (distfeat)	0.6000	0.6000	0.6000	0.6000	ok
NorthEuralex Italic	ANT_171	ITALIAN	ROMANIAN	malign (distfeat)	1.0000	1.0000	1.0000	1.0000	ok
NorthEuralex Italic	NEEDLE_(FOR_SEWING)_2563	CATALAN	PORTUGUESE	malign (distfeat)	1.0000	1.0000	1.0000	1.0000	ok
NorthEuralex Italic	CROW_961	FRENCH	ITALIAN	malign (distfeat)	1.0000	1.0000	1.0000	1.0000	ok
NorthEuralex Italic	DRINK_1173	PORTUGUESE	SPANISH	malign (distfeat)	1.0000	1.0000	1.0000	1.0000	ok
NorthEuralex Italic	DECEMBER_5	FRENCH	SPANISH	malign (distfeat)	1.0000	1.0000	1.0000	1.0000	ok
NorthEuralex Italic	DAMAGE_(INJURY)_981	CATALAN	ITALIAN	malign (distfeat)	1.0000	1.0000	1.0000	1.0000	ok
NorthEuralex Italic	FAMILIAR_1372	PORTUGUESE	SPANISH	malign (distfeat)	1.0000	1.0000	1.0000	1.0000	ok
NorthEuralex Italic	MARCH_33	CATALAN	FRENCH	malign (distfeat)	1.0000	1.0000	1.0000	1.0000	ok
NorthEuralex Italic	MESSAGE_2419	CATALAN	SPANISH	malign (distfeat)	1.0000	1.0000	1.0000	1.0000	ok
NorthEuralex Italic	HAND_1805	ROMANIAN	SPANISH	malign (distfeat)	1.0000	1.0000	1.0000	1.0000	ok
NorthEuralex Italic	PRECIOUS_2887	CATALAN	ROMANIAN	malign (distfeat)					skipped
NorthEuralex Italic	GREY_1748	CATALAN	ITALIAN	malign (distfeat)	0.6000	0.6000	0.6000	0.6000	ok
NorthEuralex Italic	LIFT_2281	ITALIAN	LATIN	malign (distfeat)	1.0000	1.0000	1.0000	1.0000	ok
NorthEuralex Italic	WHY_4321	CATALAN	SPANISH	malign (distfeat)	1.0000	1.0000	1.0000	1.0000	ok
NorthEuralex Italic	VEIN_4149	ROMANIAN	SPANISH	malign (distfeat)	1.0000	1.0000	1.0000	1.0000	ok
NorthEuralex Italic	LADDER_2166	LATIN	ROMANIAN	malign (distfeat)					skipped
NorthEuralex Italic	BREAK_(DESTROY_OR_GET_DESTROYED)_562	LATIN	PORTUGUESE	malign (distfeat)	1.0000	1.0000	1.0000	1.0000	ok
NorthEuralex Italic	CONVEY_(A_MESSAGE)_902	ITALIAN	PORTUGUESE	malign (distfeat)	1.0000	1.0000	1.0000	1.0000	ok
NorthEuralex Italic	MEANING_2390	PORTUGUESE	SPANISH	malign (distfeat)	1.0000	1.0000	1.0000	1.0000	ok
NorthEuralex Italic	BOSS_513	PORTUGUESE	SPANISH	malign (distfeat)	1.0000	1.0000	1.0000	1.0000	ok
NorthEuralex Italic	ALONE_133	ITALIAN	PORTUGUESE	malign (distfeat)					skipped
NorthEuralex Italic	PIG_2798	CATALAN	PORTUGUESE	malign (distfeat)	0.6000	0.6000	0.6000	0.6000	ok
NorthEuralex Italic	DOOR_1149	CATALAN	SPANISH	malign (distfeat)	0.6667	0.6667	0.6667	0.6667	ok
NorthEuralex Italic	LID_(COVER,_CAP)_943	CATALAN	PORTUGUESE	malign (distfeat)	1.0000	1.0000	1.0000	1.0000	ok
NorthEuralex Italic	FEEL_(TACTUALLY)_1411	FRENCH	SPANISH	malign (distfeat)	1.0000	1.0000	1.0000	1.0000	ok
NorthEuralex Italic	SUN_3735	ITALIAN	SPANISH	malign (distfeat)	1.0000	1.0000	1.0000	1.0000	ok
NorthEuralex Italic	STATE_(POLITICS)_3600	CATALAN	PORTUGUESE	malign (distfeat)	0.6667	0.6667	0.6667	0.6667	ok
NorthEuralex Italic	APRIL_1	ROMANIAN	SPANISH	malign (distfeat)	1.0000	1.0000	1.0000	1.0000	ok
NorthEuralex Italic	CHIN_769	CATALAN	ITALIAN	malign (distfeat)	1.0000	1.0000	1.0000	1.0000	ok
NorthEuralex Italic	ENEMY_1312	CATALAN	LATIN	malign (distfeat)	1.0000	1.0000	1.0000	1.0000	ok
NorthEuralex Italic	BLOW_(WITH_MOUTH)_458	ITALIAN	ROMANIAN	malign (distfeat)					skipped
NorthEuralex Italic	RUN_3119	CATALAN	SPANISH	malign (distfeat)	1.0000	1.0000	1.0000	1.0000	ok
NorthEuralex Italic	END_(OF_SPACE)_1301	ITALIAN	SPANISH	malign (distfeat)					skipped
NorthEuralex Italic	STINGY_3639	FRENCH	ITALIAN	malign (distfeat)	1.0000	1.0000	1.0000	1.0000	ok
NorthEuralex Italic	DISH_1108	CATALAN	ROMANIAN	malign (distfeat)	1.0000	1.0000	1.0000	1.0000	ok
NorthEuralex Italic	BOOK_495	CATALAN	SPANISH	malign (distfeat)	1.0000	1.0000	1.0000	1.0000	ok
NorthEuralex Italic	NOTICE_(SOMETHING)_2629	ITALIAN	PORTUGUESE	malign (distfeat)	1.0000	1.0000	1.0000	1.0000	ok
NorthEuralex Italic	RIVER_3059	PORTUGUESE	ROMANIAN	malign (distfeat)	1.0000	1.0000	1.0000	1.0000	ok
NorthEuralex Italic	BOIL_(SOMETHING)_486	CATALAN	SPANISH	malign (distfeat)					skipped
NorthEuralex Italic	REPAIR_2998	FRENCH	PORTUGUESE	malign (distfeat)	1.0000	1.0000	1.0000	1.0000	ok
NorthEuralex Italic	HANDLE_1812	CATALAN	ITALIAN	malign (distfeat)	0.6667	0.6667	0.6667	0.6667	ok
NorthEuralex Italic	KNOT_2163	LATIN	SPANISH	malign (distfeat)	1.0000	1.0000	1.0000	1.0000	ok
NorthEuralex Italic	CROSS_960	ITALIAN	PORTUGUESE	malign (distfeat)	1.0000	1.0000	1.0000	1.0000	ok
NorthEuralex Italic	REASON_2967	CATALAN	ITALIAN	malign (distfeat)					skipped
NorthEuralex Italic	FALL_ASLEEP_1361	FRENCH	ITALIAN	malign (distfeat)					skipped
NorthEuralex Italic	INCREASE_2062	PORTUGUESE	SPANISH	malign (distfeat)					skipped
NorthEuralex Italic	FEVER_1421	FRENCH	LATIN	malign (distfeat)					skipped
NorthEuralex Italic	FOAM_1508	CATALAN	ITALIAN	malign (distfeat)					skipped
NorthEuralex Italic	SMOOTH_3420	ROMANIAN	SPANISH	malign (distfeat)					skipped
NorthEuralex Italic	BELLY_384	LATIN	SPANISH	malign (distfeat)					skipped
NorthEuralex Italic	FOOTPRINT_4047	CATALAN	FRENCH	malign (distfeat)	1.0000	1.0000	1.0000	1.0000	ok
NorthEuralex Italic	PICK_2778	PORTUGUESE	ROMANIAN	malign (distfeat)	1.0000	1.0000	1.0000	1.0000	ok
NorthEuralex Italic	SMOOTH_3420	CATALAN	SPANISH	malign (distfeat)	1.0000	1.0000	1.0000	1.0000	ok
NorthEuralex Italic	KNIFE_2146	ITALIAN	SPANISH	malign (distfeat)	1.0000	1.0000	1.0000	1.0000	ok
NorthEuralex Italic	FAULT_1398	ITALIAN	PORTUGUESE	malign (distfeat)	1.0000	1.0000	1.0000	1.0000	ok
NorthEuralex Italic	DAMP_993	CATALAN	PORTUGUESE	malign (distfeat)	0.6000	0.6000	0.6000	0.6000	ok
NorthEuralex Italic	SEPTEMBER_49	FRENCH	ROMANIAN	malign (distfeat)	1.0000	1.0000	1.0000	1.0000	ok
NorthEuralex Italic	BODY_484	FRENCH	ROMANIAN	malign (distfeat)	1.0000	1.0000	1.0000	1.0000	ok
NorthEuralex Italic	TIME_3983	ITALIAN	LATIN	malign (distfeat)	1.0000	1.0000	1.0000	1.0000	ok
NorthEuralex Italic	HIGH_78	ITALIAN	LATIN	malign (distfeat)	1.0000	1.0000	1.0000	1.0000	ok
NorthEuralex Italic	GRAIN_1716	LATIN	SPANISH	malign (distfeat)	1.0000	1.0000	1.0000	1.0000	ok
NorthEuralex Italic	THIRTY_3930	FRENCH	PORTUGUESE	malign (distfeat)	1.0000	1.0000	1.0000	1.0000	ok
NorthEuralex Italic	PROTECT_2916	FRENCH	ROMANIAN	malign (distfeat)	1.0000	1.0000	1.0000	1.0000	ok
NorthEuralex Italic	NINE_2600	FRENCH	SPANISH	malign (distfeat)	0.4000	0.4000	0.4000	0.4000	ok
NorthEuralex Italic	HORSE_1988	FRENCH	SPANISH	malign (distfeat)	1.0000	1.0000	1.0000	1.0000	ok
NorthEuralex Italic	HILL_1931	LATIN	PORTUGUESE	malign (distfeat)	0.6667	0.6667	0.6667	0.6667	ok
NorthEuralex Italic	BELIEVE_383	FRENCH	SPANISH	malign (distfeat)					skipped
NorthEuralex Italic	GATHER_1613	ITALIAN	SPANISH	malign (distfeat)					skipped
NorthEuralex Italic	SILVER_3324	CATALAN	PORTUGUESE	malign (distfeat)	1.0000	1.0000	1.0000	1.0000	ok
NorthEuralex Italic	PAW_2747	PORTUGUESE	SPANISH	malign (distfeat)	1.0000	1.0000	1.0000	1.0000	ok
NorthEuralex Italic	MEDICINE_2399	FRENCH	LATIN	malign (distfeat)	1.0000	1.0000	1.0000	1.0000	ok
NorthEuralex Italic	CEASE_1298	ROMANIAN	SPANISH	malign (distfeat)					skipped
NorthEuralex Italic	MEET_2403	ITALIAN	PORTUGUESE	malign (distfeat)	1.0000	1.0000	1.0000	1.0000	ok
NorthEuralex Italic	RAIN_(RAINING)_2943	CATALAN	FRENCH	malign (distfeat)					skipped
NorthEuralex Italic	WIN_4341	ITALIAN	SPANISH	malign (distfeat)	1.0000	1.0000	1.0000	1.0000	ok
NorthEuralex Italic	SING_3331	ROMANIAN	SPANISH	malign (distfeat)					skipped
NorthEuralex Italic	PHYSICIAN_1134	LATIN	SPANISH	malign (distfeat)	1.0000	1.0000	1.0000	1.0000	ok
NorthEuralex Italic	BETWEEN_419	LATIN	SPANISH	malign (distfeat)					skipped
NorthEuralex Italic	DECEMBER_5	FRENCH	PORTUGUESE	malign (distfeat)	1.0000	1.0000	1.0000	1.0000	ok
NorthEuralex Italic	LETTER_2259	CATALAN	SPANISH	malign (distfeat)	1.0000	1.0000	1.0000	1.0000	ok
NorthEuralex Italic	FOOD_1517	CATALAN	PORTUGUESE	malign (distfeat)					skipped
NorthEuralex Italic	LINE_2306	FRENCH	LATIN	malign (distfeat)	1.0000	1.0000	1.0000	1.0000	ok
NorthEuralex Italic	BOAT_480	CATALAN	ITALIAN	malign (distfeat)	0.5000	0.5000	0.5000	0.5000	ok
NorthEuralex Italic	DAMP_993	FRENCH	PORTUGUESE	malign (distfeat)	1.0000	1.0000	1.0000	1.0000	ok
NorthEuralex Italic	STORY_3659	LATIN	SPANISH	malign (distfeat)					skipped
NorthEuralex Italic	PRESERVE_2890	PORTUGUESE	SPANISH	malign (distfeat)	0.6667	0.6667	0.6667	0.6667	ok
NorthEuralex Italic	ODOR_(SMELL)_2643	ITALIAN	PORTUGUESE	malign (distfeat)	1.0000	1.0000	1.0000	1.0000	ok
NorthEuralex Italic	STRENGTH_3678	CATALAN	ROMANIAN	malign (distfeat)	1.0000	1.0000	1.0000	1.0000	ok
NorthEuralex Italic	WOOD_4375	ITALIAN	LATIN	malign (distfeat)	1.0000	1.0000	1.0000	1.0000	ok
NorthEuralex Italic	DECEMBER_5	ITALIAN	ROMANIAN	malign (distfeat)	1.0000	1.0000	1.0000	1.0000	ok
NorthEuralex Italic	SEVEN_3210	PORTUGUESE	SPANISH	malign (distfeat)	1.0000	1.0000	1.0000	1.0000	ok
NorthEuralex Italic	GAME_1605	CATALAN	PORTUGUESE	malign (distfeat)	0.5000	0.5000	0.5000	0.5000	ok
NorthEuralex Italic	LAUGHTER_2198	LATIN	SPANISH	malign (distfeat)	0.6000	0.6000	0.6000	0.6000	ok
NorthEuralex Italic	BOTHER_(HARASS)_517	CATALAN	ROMANIAN	malign (distfeat)	1.0000	1.0000	1.0000	1.0000	ok
NorthEuralex Italic	STRENGTH_3677	ITALIAN	PORTUGUESE	malign (distfeat)	0.7500	0.7500	0.7500	0.7500	ok
NorthEuralex Italic	AIR_129	FRENCH	LATIN	malign (distfeat)	1.0000	1.0000	1.0000	1.0000	ok
NorthEuralex Italic	GOLD_1700	LATIN	SPANISH	malign (distfeat)	0.5000	0.5000	0.5000	0.5000	ok
NorthEuralex Italic	RIPE_3042	LATIN	PORTUGUESE	malign (distfeat)	1.0000	1.0000	1.0000	1.0000	ok
NorthEuralex Italic	STIR_3643	LATIN	PORTUGUESE	malign (distfeat)	0.0000	0.0000	0.0000	0.0000	ok
NorthEuralex Italic	CHANGE_(BECOME_DIFFERENT)_719	ITALIAN	SPANISH	malign (distfeat)					skipped
NorthEuralex Italic	PERCH_(FISH)_2774	LATIN	SPANISH	malign (distfeat)	1.0000	1.0000	1.0000	1.0000	ok
NorthEuralex Italic	ODOR_(SMELL)_2643	PORTUGUESE	SPANISH	malign (distfeat)	1.0000	1.0000	1.0000	1.0000	ok
NorthEuralex Italic	DIFFERENT_1072	FRENCH	PORTUGUESE	malign (distfeat)	0.7500	0.7500	0.7500	0.7500	ok
NorthEuralex Italic	NEST_2566	ITALIAN	LATIN	malign (distfeat)	1.0000	1.0000	1.0000	1.0000	ok
NorthEuralex Italic	WIND_4345	CATALAN	SPANISH	malign (distfeat)	1.0000	1.0000	1.0000	1.0000	ok
NorthEuralex Italic	NOVEMBER_42	CATALAN	ITALIAN	malign (distfeat)	1.0000	1.0000	1.0000	1.0000	ok
NorthEuralex Italic	SLEEVE_3386	ITALIAN	LATIN	malign (distfeat)	1.0000	1.0000	1.0000	1.0000	ok
NorthEuralex Italic	PASS_2730	PORTUGUESE	SPANISH	malign (distfeat)	1.0000	1.0000	1.0000	1.0000	ok
NorthEuralex Italic	SIXTY_3355	ITALIAN	SPANISH	malign (distfeat)	1.0000	1.0000	1.0000	1.0000	ok
NorthEuralex Italic	NAKED_2523	FRENCH	ITALIAN	malign (distfeat)	1.0000	1.0000	1.0000	1.0000	ok
NorthEuralex Italic	DISEASE_2042	PORTUGUESE	SPANISH	malign (distfeat)	1.0000	1.0000	1.0000	1.0000	ok
NorthEuralex Italic	GATE_1612	ITALIAN	LATIN	malign (distfeat)	0.7143	0.7143	0.7143	0.7143	ok
NorthEuralex Italic	SOUTH_3499	FRENCH	ITALIAN	malign (distfeat)	1.0000	1.0000	1.0000	1.0000	ok
NorthEuralex Italic	SEE_3161	FRENCH	LATIN	malign (distfeat)					skipped
NorthEuralex Italic	FLOWER_1502	CATALAN	PORTUGUESE	malign (distfeat)	1.0000	1.0000	1.0000	1.0000	ok
NorthEuralex Italic	NET_2568	LATIN	SPANISH	malign (distfeat)	0.5000	0.5000	0.5000	0.5000	ok
NorthEuralex Italic	SLEEP_(STATE)_3384	CATALAN	ROMANIAN	malign (distfeat)	1.0000	1.0000	1.0000	1.0000	ok
NorthEuralex Italic	ACHE_87	ITALIAN	SPANISH	malign (distfeat)	1.0000	1.0000	1.0000	1.0000	ok
NorthEuralex Italic	NIGHT_2598	PORTUGUESE	SPANISH	malign (distfeat)	1.0000	1.0000	1.0000	1.0000	ok
NorthEuralex Italic	MONEY_2459	CATALAN	SPANISH	malign (distfeat)					skipped
NorthEuralex Italic	HANDLE_1812	ITALIAN	SPANISH	malign (distfeat)	0.5000	0.5000	0.5000	0.5000	ok
NorthEuralex Italic	STINGY_3639	FRENCH	PORTUGUESE	malign (distfeat)	1.0000	1.0000	1.0000	1.0000	ok
NorthEuralex Italic	PAIN_2716	ITALIAN	LATIN	malign (distfeat)	1.0000	1.0000	1.0000	1.0000	ok
NorthEuralex Italic	THREE_3957	FRENCH	PORTUGUESE	malign (distfeat)					skipped
NorthEuralex Italic	SUN_3735	ITALIAN	PORTUGUESE	malign (distfeat)	1.0000	1.0000	1.0000	1.0000	ok
NorthEuralex Italic	SUPPORT_(OF_OBJECT)_3738	CATALAN	PORTUGUESE	malign (distfeat)	1.0000	1.0000	1.0000	1.0000	ok
NorthEuralex Italic	HARD_1842	LATIN	ROMANIAN	malign (distfeat)	1.0000	1.0000	1.0000	1.0000	ok
NorthEuralex Italic	WOMAN_4370	LATIN	SPANISH	malign (distfeat)	0.6667	0.6667	0.6667	0.6667	ok
NorthEuralex Italic	TONGUE_4024	CATALAN	PORTUGUESE	malign (distfeat)	1.0000	1.0000	1.0000	1.0000	ok
NorthEuralex Italic	FIR_1457	CATALAN	PORTUGUESE	malign (distfeat)	1.0000	1.0000	1.0000	1.0000	ok
NorthEuralex Italic	COLD_862	CATALAN	ITALIAN	malign (distfeat)	0.6000	0.6000	0.6000	0.6000	ok
NorthEuralex Italic	MILK_2426	FRENCH	SPANISH	malign (distfeat)	1.0000	1.0000	1.0000	1.0000	ok
NorthEuralex Italic	WOUND_4402	CATALAN	PORTUGUESE	malign (distfeat)	1.0000	1.0000	1.0000	1.0000	ok
NorthEuralex Italic	PINE_2813	FRENCH	LATIN	malign (distfeat)	1.0000	1.0000	1.0000	1.0000	ok
NorthEuralex Italic	COOK_(SOMETHING)_905	FRENCH	SPANISH	malign (distfeat)	1.0000	1.0000	1.0000	1.0000	ok
NorthEuralex Italic	IDOL_1427	FRENCH	SPANISH	malign (distfeat)	1.0000	1.0000	1.0000	1.0000	ok
NorthEuralex Italic	NOVEMBER_42	PORTUGUESE	SPANISH	malign (distfeat)	0.5556	0.5556	0.5556	0.5556	ok
NorthEuralex Italic	HONEY_1977	CATALAN	SPANISH	malign (distfeat)	1.0000	1.0000	1.0000	1.0000	ok
NorthEuralex Italic	GRAIN_1716	FRENCH	SPANISH	malign (distfeat)	1.0000	1.0000	1.0000	1.0000	ok
NorthEuralex Italic	END_(OF_SPACE)_1299	CATALAN	SPANISH	malign (distfeat)	0.5000	0.5000	0.5000	0.5000	ok
NorthEuralex Italic	BELLY_384	FRENCH	PORTUGUESE	malign (distfeat)	1.0000	1.0000	1.0000	1.0000	ok
NorthEuralex Italic	BOW_521	LATIN	PORTUGUESE	malign (distfeat)	1.0000	1.0000	1.0000	1.0000	ok
NorthEuralex Italic	KEEP_2109	FRENCH	LATIN	malign (distfeat)					skipped
NorthEuralex Italic	TOUCH_4029	ITALIAN	LATIN	malign (distfeat)	0.7143	0.7143	0.7143	0.7143	ok
NorthEuralex Italic	CHEAP_733	CATALAN	PORTUGUESE	malign (distfeat)	1.0000	1.0000	1.0000	1.0000	ok
NorthEuralex Italic	TENDON_3329	PORTUGUESE	SPANISH	malign (distfeat)	1.0000	1.0000	1.0000	1.0000	ok
NorthEuralex Italic	SOLID_1463	CATALAN	FRENCH	malign (distfeat)	1.0000	1.0000	1.0000	1.0000	ok
NorthEuralex Italic	GET_2973	ITALIAN	SPANISH	malign (distfeat)	1.0000	1.0000	1.0000	1.0000	ok
NorthEuralex Italic	SEVENTY_3211	PORTUGUESE	SPANISH	malign (distfeat)	1.0000	1.0000	1.0000	1.0000	ok
NorthEuralex Italic	WARM_4216	CATALAN	LATIN	malign (distfeat)	0.7143	0.7143	0.7143	0.7143	ok
NorthEuralex Italic	SING_3331	PORTUGUESE	SPANISH	malign (distfeat)	1.0000	1.0000	1.0000	1.0000	ok
NorthEuralex Italic	JUMP_2107	PORTUGUESE	SPANISH	malign (distfeat)	1.0000	1.0000	1.0000	1.0000	ok
NorthEuralex Italic	END_(OF_SPACE)_1299	ITALIAN	ROMANIAN	malign (distfeat)	0.6000	0.6000	0.6000	0.6000	ok
NorthEuralex Italic	AMOUNT_149	ITALIAN	ROMANIAN	malign (distfeat)					skipped
NorthEuralex Italic	CURRENT_(STREAM)_969	PORTUGUESE	ROMANIAN	malign (distfeat)					skipped
NorthEuralex Italic	SPIRIT_3545	ITALIAN	PORTUGUESE	malign (distfeat)	1.0000	1.0000	1.0000	1.0000	ok
NorthEuralex Italic	HEIGHT_1898	CATALAN	ITALIAN	malign (distfeat)					skipped
NorthEuralex Italic	FLY_(INSECT)_1504	ITALIAN	ROMANIAN	malign (distfeat)	1.0000	1.0000	1.0000	1.0000	ok
NorthEuralex Italic	YOU_4433	LATIN	ROMANIAN	malign (distfeat)					skipped
NorthEuralex Italic	THREE_3957	CATALAN	ITALIAN	malign (distfeat)	1.0000	1.0000	1.0000	1.0000	ok
NorthEuralex Italic	BREAK_(CLEAVE)_563	PORTUGUESE	SPANISH	malign (distfeat)	1.0000	1.0000	1.0000	1.0000	ok
NorthEuralex Italic	KNOT_2163	ITALIAN	LATIN	malign (distfeat)	1.0000	1.0000	1.0000	1.0000	ok
NorthEuralex Italic	DESTROY_1069	ROMANIAN	SPANISH	malign (distfeat)					skipped
NorthEuralex Italic	THEY_3900	CATALAN	FRENCH	malign (distfeat)	1.0000	1.0000	1.0000	1.0000	ok
NorthEuralex Italic	DRESS_UP_1629	CATALAN	SPANISH	malign (distfeat)	1.0000	1.0000	1.0000	1.0000	ok
NorthEuralex Italic	THREE_3957	CATALAN	LATIN	malign (distfeat)	1.0000	1.0000	1.0000	1.0000	ok
NorthEuralex Italic	OPEN_2694	ITALIAN	PORTUGUESE	malign (distfeat)	1.0000	1.0000	1.0000	1.0000	ok
NorthEuralex Italic	SWAMP_3752	PORTUGUESE	SPANISH	malign (distfeat)	1.0000	1.0000	1.0000	1.0000	ok
NorthEuralex Italic	WHITE_4313	PORTUGUESE	SPANISH	malign (distfeat)	1.0000	1.0000	1.0000	1.0000	ok
NorthEuralex Italic	SPRINGTIME_3565	PORTUGUESE	ROMANIAN	malign (distfeat)	1.0000	1.0000	1.0000	1.0000	ok
NorthEuralex Italic	SWINDLE_738	ITALIAN	LATIN	malign (distfeat)	0.7500	0.7500	0.7500	0.7500	ok
NorthEuralex Italic	FAULT_1398	ITALIAN	LATIN	malign (distfeat)	1.0000	1.0000	1.0000	1.0000	ok
NorthEuralex Italic	TOUCH_4029	CATALAN	LATIN	malign (distfeat)	0.4286	0.4286	0.4286	0.4286	ok
NorthEuralex Italic	TASTE_1477	FRENCH	ITALIAN	malign (distfeat)	1.0000	1.0000	1.0000	1.0000	ok
NorthEuralex Italic	LEAF_2217	ITALIAN	PORTUGUESE	malign (distfeat)	1.0000	1.0000	1.0000	1.0000	ok
NorthEuralex Italic	KING_2131	FRENCH	SPANISH	malign (distfeat)					skipped
NorthEuralex Italic	MEASURE_2395	LATIN	PORTUGUESE	malign (distfeat)	1.0000	1.0000	1.0000	1.0000	ok
NorthEuralex Italic	TWO_4115	CATALAN	ROMANIAN	malign (distfeat)					skipped
NorthEuralex Italic	IRON_2079	ITALIAN	LATIN	malign (distfeat)	1.0000	1.0000	1.0000	1.0000	ok
NorthEuralex Italic	MASTER_2373	LATIN	ROMANIAN	malign (distfeat)					skipped
NorthEuralex Italic	STUPID_3698	CATALAN	PORTUGUESE	malign (distfeat)	0.7500	0.7500	0.7500	0.7500	ok
NorthEuralex Italic	CLAY_801	ITALIAN	PORTUGUESE	malign (distfeat)	1.0000	1.0000	1.0000	1.0000	ok
NorthEuralex Italic	MISTAKE_2454	FRENCH	ITALIAN	malign (distfeat)	1.0000	1.0000	1.0000	1.0000	ok
NorthEuralex Italic	IDOL_1427	CATALAN	ITALIAN	malign (distfeat)	1.0000	1.0000	1.0000	1.0000	ok
NorthEuralex Italic	MAKE_2366	LATIN	PORTUGUESE	malign (distfeat)	1.0000	1.0000	1.0000	1.0000	ok
NorthEuralex Italic	PINE_2813	PORTUGUESE	ROMANIAN	malign (distfeat)	1.0000	1.0000	1.0000	1.0000	ok
NorthEuralex Italic	OWN_2714	PORTUGUESE	ROMANIAN	malign (distfeat)					skipped
NorthEuralex Italic	CLOUD_853	PORTUGUESE	SPANISH	malign (distfeat)	1.0000	1.0000	1.0000	1.0000	ok
NorthEuralex Italic	DYE_1233	LATIN	SPANISH	malign (distfeat)	1.0000	1.0000	1.0000	1.0000	ok
NorthEuralex Italic	EVENING_1321	FRENCH	ITALIAN	malign (distfeat)					skipped
NorthEuralex Italic	HUNDRED_68	CATALAN	ITALIAN	malign (distfeat)	1.0000	1.0000	1.0000	1.0000	ok
NorthEuralex Italic	SEPTEMBER_49	LATIN	SPANISH	malign (distfeat)					skipped
NorthEuralex Italic	FACE_1348	CATALAN	PORTUGUESE	malign (distfeat)	1.0000	1.0000	1.0000	1.0000	ok
NorthEuralex Italic	HARD_1842	ROMANIAN	SPANISH	malign (distfeat)	1.0000	1.0000	1.0000	1.0000	ok
NorthEuralex Italic	CALCULATE_658	PORTUGUESE	ROMANIAN	malign (distfeat)					skipped
NorthEuralex Italic	SOLID_1463	FRENCH	LATIN	malign (distfeat)	1.0000	1.0000	1.0000	1.0000	ok
NorthEuralex Italic	SLEEP_3383	ITALIAN	ROMANIAN	malign (distfeat)	1.0000	1.0000	1.0000	1.0000	ok
NorthEuralex Italic	PHYSICIAN_1134	ITALIAN	ROMANIAN	malign (distfeat)	1.0000	1.0000	1.0000	1.0000	ok
NorthEuralex Italic	THROAT_3960	CATALAN	ITALIAN	malign (distfeat)	1.0000	1.0000	1.0000	1.0000	ok
NorthEuralex Italic	SOLID_1464	CATALAN	PORTUGUESE	malign (distfeat)	1.0000	1.0000	1.0000	1.0000	ok
NorthEuralex Italic	BUTTON_652	ITALIAN	SPANISH	malign (distfeat)	1.0000	1.0000	1.0000	1.0000	ok
NorthEuralex Italic	GROUND_1759	PORTUGUESE	SPANISH	malign (distfeat)	0.6000	0.6000	0.6000	0.6000	ok
NorthEuralex Italic	SOUR_3486	ROMANIAN	SPANISH	malign (distfeat)	1.0000	1.0000	1.0000	1.0000	ok
NorthEuralex Italic	SHARPEN_(SOMETHING)_3230	FRENCH	SPANISH	malign (distfeat)	1.0000	1.0000	1.0000	1.0000	ok
NorthEuralex Italic	BEARD_336	FRENCH	SPANISH	malign (distfeat)	1.0000	1.0000	1.0000	1.0000	ok
NorthEuralex Italic	SELL_3193	FRENCH	LATIN	malign (distfeat)	1.0000	1.0000	1.0000	1.0000	ok
NorthEuralex Italic	TREE_4061	FRENCH	LATIN	malign (distfeat)					skipped
NorthEuralex Italic	AND_151	CATALAN	SPANISH	malign (distfeat)	1.0000	1.0000	1.0000	1.0000	ok
NorthEuralex Italic	RAW_2963	CATALAN	FRENCH	malign (distfeat)	1.0000	1.0000	1.0000	1.0000	ok
NorthEuralex Italic	NAVEL_2548	ITALIAN	PORTUGUESE	malign (distfeat)	0.5000	0.5000	0.5000	0.5000	ok
NorthEuralex Italic	SHEEP_3236	PORTUGUESE	SPANISH	malign (distfeat)	1.0000	1.0000	1.0000	1.0000	ok
NorthEuralex Italic	SOUP_3480	CATALAN	PORTUGUESE	malign (distfeat)	1.0000	1.0000	1.0000	1.0000	ok
NorthEuralex Italic	HERE_1922	CATALAN	SPANISH	malign (distfeat)	1.0000	1.0000	1.0000	1.0000	ok
NorthEuralex Italic	VEIN_4149	LATIN	PORTUGUESE	malign (distfeat)	1.0000	1.0000	1.0000	1.0000	ok
NorthEuralex Italic	HEIGHT_1898	ITALIAN	SPANISH	malign (distfeat)					skipped
NorthEuralex Italic	MARCH_33	FRENCH	ROMANIAN	malign (distfeat)	1.0000	1.0000	1.0000	1.0000	ok
NorthEuralex Italic	STREAM_(FLOW_CONTINUOUSLY)_3673	CATALAN	FRENCH	malign (distfeat)					skipped
NorthEuralex Italic	BE_ALIVE_2315	LATIN	SPANISH	malign (distfeat)	1.0000	1.0000	1.0000	1.0000	ok
NorthEuralex Italic	SHAKE_3219	CATALAN	ITALIAN	malign (distfeat)	0.7143	0.7143	0.7143	0.7143	ok
NorthEuralex Italic	PIT_(POTHOLE)_2818	FRENCH	SPANISH	malign (distfeat)	1.0000	1.0000	1.0000	1.0000	ok
NorthEuralex Italic	SKIN_3370	ROMANIAN	SPANISH	malign (distfeat)	1.0000	1.0000	1.0000	1.0000	ok
NorthEuralex Italic	FINE_OR_THIN_1042	ROMANIAN	SPANISH	malign (distfeat)	1.0000	1.0000	1.0000	1.0000	ok
NorthEuralex Italic	THROW_3967	FRENCH	SPANISH	malign (distfeat)	1.0000	1.0000	1.0000	1.0000	ok
NorthEuralex Italic	DISH_1108	LATIN	ROMANIAN	malign (distfeat)	1.0000	1.0000	1.0000	1.0000	ok
NorthEuralex Italic	DAY_(NOT_NIGHT)_1012	LATIN	SPANISH	malign (distfeat+boot)	1.0000	1.0000	1.0000	1.0000	ok
NorthEuralex Italic	BELOW_OR_UNDER_4122	FRENCH	ROMANIAN	malign (distfeat+boot)	1.0000	1.0000	1.0000	1.0000	ok
NorthEuralex Italic	MAY_(MONTH)_34	CATALAN	PORTUGUESE	malign (distfeat+boot)					skipped
NorthEuralex Italic	KEEP_2109	FRENCH	PORTUGUESE	malign (distfeat+boot)	1.0000	1.0000	1.0000	1.0000	ok
NorthEuralex Italic	HINDER_1937	CATALAN	PORTUGUESE	malign (distfeat+boot)					skipped
NorthEuralex Italic	EARTH_(SOIL)_1242	FRENCH	SPANISH	malign (distfeat+boot)	0.6000	0.6000	0.6000	0.6000	ok
NorthEuralex Italic	CROSS_960	FRENCH	LATIN	malign (distfeat+boot)					skipped
NorthEuralex Italic	COMB_(VERB)_871	CATALAN	PORTUGUESE	malign (distfeat+boot)	0.5000	0.5000	0.5000	0.5000	ok
NorthEuralex Italic	SPEAK_3529	PORTUGUESE	SPANISH	malign (distfeat+boot)					skipped
NorthEuralex Italic	BIRCH_425	ITALIAN	LATIN	malign (distfeat+boot)	1.0000	1.0000	1.0000	1.0000	ok
NorthEuralex Italic	BE_ALIVE_2321	ITALIAN	LATIN	malign (distfeat+boot)	1.0000	1.0000	1.0000	1.0000	ok
NorthEuralex Italic	COOK_(SOMETHING)_905	LATIN	SPANISH	malign (distfeat+boot)	0.7778	0.7778	0.7778	0.7778	ok
NorthEuralex Italic	HEEL_1894	ITALIAN	SPANISH	malign (distfeat+boot)	1.0000	1.0000	1.0000	1.0000	ok
NorthEuralex Italic	HUNGER_2015	ITALIAN	LATIN	malign (distfeat+boot)	1.0000	1.0000	1.0000	1.0000	ok
NorthEuralex Italic	WHY_4320	ITALIAN	PORTUGUESE	malign (distfeat+boot)	1.0000	1.0000	1.0000	1.0000	ok
NorthEuralex Italic	BENEFIT_411	ROMANIAN	SPANISH	malign (distfeat+boot)	1.0000	1.0000	1.0000	1.0000	ok
NorthEuralex Italic	GRAIN_1716	CATALAN	SPANISH	malign (distfeat+boot)	1.0000	1.0000	1.0000	1.0000	ok
NorthEuralex Italic	SOUP_3480	ITALIAN	ROMANIAN	malign (distfeat+boot)	1.0000	1.0000	1.0000	1.0000	ok
NorthEuralex Italic	HERD_(SOMETHING)_1916	PORTUGUESE	SPANISH	malign (distfeat+boot)	1.0000	1.0000	1.0000	1.0000	ok
NorthEuralex Italic	TALK_3815	PORTUGUESE	SPANISH	malign (distfeat+boot)					skipped
NorthEuralex Italic	MEAT_2396	LATIN	SPANISH	malign (distfeat+boot)	0.6000	0.6000	0.6000	0.6000	ok
NorthEuralex Italic	ANIMAL_162	FRENCH	ROMANIAN	malign (distfeat+boot)	1.0000	1.0000	1.0000	1.0000	ok
NorthEuralex Italic	FEATHER_1402	ITALIAN	LATIN	malign (distfeat+boot)	1.0000	1.0000	1.0000	1.0000	ok
NorthEuralex Italic	SPEECH_3532	ITALIAN	SPANISH	malign (distfeat+boot)	1.0000	1.0000	1.0000	1.0000	ok
NorthEuralex Italic	POUCH_2863	LATIN	ROMANIAN	malign (distfeat+boot)	1.0000	1.0000	1.0000	1.0000	ok
NorthEuralex Italic	MEAT_2396	ITALIAN	PORTUGUESE	malign (distfeat+boot)	1.0000	1.0000	1.0000	1.0000	ok
NorthEuralex Italic	FAMILIAR_1372	ROMANIAN	SPANISH	malign (distfeat+boot)					skipped
NorthEuralex Italic	HAY_1851	LATIN	SPANISH	malign (distfeat+boot)	1.0000	1.0000	1.0000	1.0000	ok
NorthEuralex Italic	PLACE_(POSITION)_2825	CATALAN	ROMANIAN	malign (distfeat+boot)	1.0000	1.0000	1.0000	1.0000	ok
NorthEuralex Italic	CROSS_960	CATALAN	LATIN	malign (distfeat+boot)	1.0000	1.0000	1.0000	1.0000	ok
NorthEuralex Italic	CONVEY_(A_MESSAGE)_902	PORTUGUESE	SPANISH	malign (distfeat+boot)	1.0000	1.0000	1.0000	1.0000	ok
NorthEuralex Italic	SEE_3161	ROMANIAN	SPANISH	malign (distfeat+boot)					skipped
NorthEuralex Italic	COUNTRY_931	FRENCH	PORTUGUESE	malign (distfeat+boot)	1.0000	1.0000	1.0000	1.0000	ok
NorthEuralex Italic	RESCUE_3005	FRENCH	ITALIAN	malign (distfeat+boot)	0.4286	0.4286	0.4286	0.4286	ok
NorthEuralex Italic	PREPARE_2888	CATALAN	ITALIAN	malign (distfeat+boot)	0.4444	0.4444	0.4444	0.4444	ok
NorthEuralex Italic	LIGHT_(IGNITE)_2286	PORTUGUESE	SPANISH	malign (distfeat+boot)	1.0000	1.0000	1.0000	1.0000	ok
NorthEuralex Italic	BORDER_502	ITALIAN	PORTUGUESE	malign (distfeat+boot)					skipped
NorthEuralex Italic	THIRD_3927	CATALAN	SPANISH	malign (distfeat+boot)	0.7143	0.7143	0.7143	0.7143	ok
NorthEuralex Italic	DIFFERENT_1072	ITALIAN	ROMANIAN	malign (distfeat+boot)	1.0000	1.0000	1.0000	1.0000	ok
NorthEuralex Italic	SEEM_3169	CATALAN	FRENCH	malign (distfeat+boot)	1.0000	1.0000	1.0000	1.0000	ok
NorthEuralex Italic	CLEVER_814	ITALIAN	SPANISH	malign (distfeat+boot)	1.0000	1.0000	1.0000	1.0000	ok
NorthEuralex Italic	MOVE_(AFFECT_EMOTIONALLY)_2495	CATALAN	LATIN	malign (distfeat+boot)	1.0000	1.0000	1.0000	1.0000	ok
NorthEuralex Italic	RING_(MAKE_SOUND)_3028	FRENCH	ROMANIAN	malign (distfeat+boot)	1.0000	1.0000	1.0000	1.0000	ok
NorthEuralex Italic	GATE_1612	PORTUGUESE	ROMANIAN	malign (distfeat+boot)	1.0000	1.0000	1.0000	1.0000	ok
NorthEuralex Italic	CEASE_1302	CATALAN	SPANISH	malign (distfeat+boot)	1.0000	1.0000	1.0000	1.0000	ok
NorthEuralex Italic	BOW_521	FRENCH	PORTUGUESE	malign (distfeat+boot)	1.0000	1.0000	1.0000	1.0000	ok
NorthEuralex Italic	HORSE_1988	PORTUGUESE	SPANISH	malign (distfeat+boot)	1.0000	1.0000	1.0000	1.0000	ok
NorthEuralex Italic	MORNING_2475	CATALAN	PORTUGUESE	malign (distfeat+boot)	1.0000	1.0000	1.0000	1.0000	ok
NorthEuralex Italic	CLOTH_839	LATIN	SPANISH	malign (distfeat+boot)					skipped
NorthEuralex Italic	HUNGER_2015	LATIN	PORTUGUESE	malign (distfeat+boot)	1.0000	1.0000	1.0000	1.0000	ok
NorthEuralex Italic	CRADLE_948	FRENCH	PORTUGUESE	malign (distfeat+boot)	1.0000	1.0000	1.0000	1.0000	ok
NorthEuralex Italic	SELL_3193	CATALAN	LATIN	malign (distfeat+boot)	1.0000	1.0000	1.0000	1.0000	ok
NorthEuralex Italic	MEAT_2396	ITALIAN	SPANISH	malign (distfeat+boot)	1.0000	1.0000	1.0000	1.0000	ok
NorthEuralex Italic	TEAR_(OF_EYE)_3842	PORTUGUESE	ROMANIAN	malign (distfeat+boot)	1.0000	1.0000	1.0000	1.0000	ok
NorthEuralex Italic	RIVER_3060	FRENCH	ROMANIAN	malign (distfeat+boot)	1.0000	1.0000	1.0000	1.0000	ok
NorthEuralex Italic	FEVER_1421	FRENCH	ROMANIAN	malign (distfeat+boot)	1.0000	1.0000	1.0000	1.0000	ok
NorthEuralex Italic	SACK_3135	CATALAN	LATIN	malign (distfeat+boot)	1.0000	1.0000	1.0000	1.0000	ok
NorthEuralex Italic	RECOGNIZE_(SOMEBODY)_2977	FRENCH	ROMANIAN	malign (distfeat+boot)	0.8182	0.8182	0.8182	0.8182	ok
NorthEuralex Italic	HALF_1802	FRENCH	ITALIAN	malign (distfeat+boot)	0.3333	0.3333	0.3333	0.3333	ok
NorthEuralex Italic	LIP_2307	ITALIAN	SPANISH	malign (distfeat+boot)	1.0000	1.0000	1.0000	1.0000	ok
NorthEuralex Italic	CHARACTER_724	FRENCH	SPANISH	malign (distfeat+boot)	1.0000	1.0000	1.0000	1.0000	ok
NorthEuralex Italic	FISH_1470	CATALAN	SPANISH	malign (distfeat+boot)	1.0000	1.0000	1.0000	1.0000	ok
NorthEuralex Italic	KEEP_2109	FRENCH	ITALIAN	malign (distfeat+boot)	0.8000	0.8000	0.8000	0.8000	ok
NorthEuralex Italic	FIFTY_1422	CATALAN	ITALIAN	malign (distfeat+boot)	1.0000	1.0000	1.0000	1.0000	ok
NorthEuralex Italic	THOUSAND_76	ITALIAN	LATIN	malign (distfeat+boot)	1.0000	1.0000	1.0000	1.0000	ok
NorthEuralex Italic	SEE_3161	ITALIAN	PORTUGUESE	malign (distfeat+boot)	1.0000	1.0000	1.0000	1.0000	ok
NorthEuralex Italic	LOOK_FOR_2349	PORTUGUESE	SPANISH	malign (distfeat+boot)	1.0000	1.0000	1.0000	1.0000	ok
NorthEuralex Italic	HEIGHT_1898	PORTUGUESE	SPANISH	malign (distfeat+boot)	1.0000	1.0000	1.0000	1.0000	ok
NorthEuralex Italic	PARENTS_2724	PORTUGUESE	SPANISH	malign (distfeat+boot)	1.0000	1.0000	1.0000	1.0000	ok
NorthEuralex Italic	BRING_585	FRENCH	ITALIAN	malign (distfeat+boot)	1.0000	1.0000	1.0000	1.0000	ok
NorthEuralex Italic	HOWL_2006	ITALIAN	SPANISH	malign (distfeat+boot)	1.0000	1.0000	1.0000	1.0000	ok
NorthEuralex Italic	BIRD_429	ROMANIAN	SPANISH	malign (distfeat+boot)	1.0000	1.0000	1.0000	1.0000	ok
NorthEuralex Italic	ONE_TIME_2665	CATALAN	PORTUGUESE	malign (distfeat+boot)	0.7778	0.7778	0.7778	0.7778	ok
NorthEuralex Italic	SIT_3342	CATALAN	LATIN	malign (distfeat+boot)	0.6667	0.6667	0.6667	0.6667	ok
NorthEuralex Italic	LISTEN_2309	FRENCH	PORTUGUESE	malign (distfeat+boot)	0.7143	0.7143	0.7143	0.7143	ok
NorthEuralex Italic	CAP_686	FRENCH	PORTUGUESE	malign (distfeat+boot)	1.0000	1.0000	1.0000	1.0000	ok
NorthEuralex Italic	HANG_1820	FRENCH	PORTUGUESE	malign (distfeat+boot)	1.0000	1.0000	1.0000	1.0000	ok
NorthEuralex Italic	OLD_(AGED)_116	CATALAN	PORTUGUESE	malign (distfeat+boot)	1.0000	1.0000	1.0000	1.0000	ok
NorthEuralex Italic	HARDLY_1843	ITALIAN	SPANISH	malign (distfeat+boot)					skipped
NorthEuralex Italic	WEATHER_4259	CATALAN	SPANISH	malign (distfeat+boot)					skipped
NorthEuralex Italic	SHOW_3298	FRENCH	SPANISH	malign (distfeat+boot)	1.0000	1.0000	1.0000	1.0000	ok
NorthEuralex Italic	THIN_(SLIM)_3401	CATALAN	SPANISH	malign (distfeat+boot)	1.0000	1.0000	1.0000	1.0000	ok
NorthEuralex Italic	EGG_1262	LATIN	PORTUGUESE	malign (distfeat+boot)	1.0000	1.0000	1.0000	1.0000	ok
NorthEuralex Italic	LIGHT_(RADIATION)_2287	LATIN	SPANISH	malign (distfeat+boot)	1.0000	1.0000	1.0000	1.0000	ok
NorthEuralex Italic	EARTH_(SOIL)_1242	ITALIAN	LATIN	malign (distfeat+boot)	1.0000	1.0000	1.0000	1.0000	ok
NorthEuralex Italic	KILL_2125	PORTUGUESE	SPANISH	malign (distfeat+boot)	1.0000	1.0000	1.0000	1.0000	ok
NorthEuralex Italic	LIE_(FALSEHOOD)_2267	ROMANIAN	SPANISH	malign (distfeat+boot)	0.7500	0.7500	0.7500	0.7500	ok
NorthEuralex Italic	STEAL_3609	PORTUGUESE	ROMANIAN	malign (distfeat+boot)	1.0000	1.0000	1.0000	1.0000	ok
NorthEuralex Italic	SING_3331	LATIN	PORTUGUESE	malign (distfeat+boot)	1.0000	1.0000	1.0000	1.0000	ok
NorthEuralex Italic	RING_3027	CATALAN	PORTUGUESE	malign (distfeat+boot)	1.0000	1.0000	1.0000	1.0000	ok
NorthEuralex Italic	HEIGHT_1898	ITALIAN	LATIN	malign (distfeat+boot)	0.7500	0.7500	0.7500	0.7500	ok
NorthEuralex Italic	DYE_1233	LATIN	PORTUGUESE	malign (distfeat+boot)	1.0000	1.0000	1.0000	1.0000	ok
NorthEuralex Italic	WIN_4341	LATIN	SPANISH	malign (distfeat+boot)	1.0000	1.0000	1.0000	1.0000	ok
NorthEuralex Italic	WALK_4195	CATALAN	PORTUGUESE	malign (distfeat+boot)	1.0000	1.0000	1.0000	1.0000	ok
NorthEuralex Italic	CONVERSATION_3813	CATALAN	SPANISH	malign (distfeat+boot)	1.0000	1.0000	1.0000	1.0000	ok
NorthEuralex Italic	BOX_530	ITALIAN	SPANISH	malign (distfeat+boot)	1.0000	1.0000	1.0000	1.0000	ok
NorthEuralex Italic	DARK_999	ITALIAN	SPANISH	malign (distfeat+boot)	1.0000	1.0000	1.0000	1.0000	ok
NorthEuralex Italic	FACE_1348	CATALAN	SPANISH	malign (distfeat+boot)	1.0000	1.0000	1.0000	1.0000	ok
NorthEuralex Italic	FEATHER_1403	CATALAN	FRENCH	malign (distfeat+boot)	1.0000	1.0000	1.0000	1.0000	ok
NorthEuralex Italic	SPEECH_3532	CATALAN	ROMANIAN	malign (distfeat+boot)	1.0000	1.0000	1.0000	1.0000	ok
NorthEuralex Italic	CALCULATE_658	FRENCH	ITALIAN	malign (distfeat+boot)	1.0000	1.0000	1.0000	1.0000	ok
NorthEuralex Italic	SEVEN_3210	ITALIAN	PORTUGUESE	malign (distfeat+boot)	1.0000	1.0000	1.0000	1.0000	ok
NorthEuralex Italic	SEPARATE_3198	CATALAN	ITALIAN	malign (distfeat+boot)	1.0000	1.0000	1.0000	1.0000	ok
NorthEuralex Italic	THUNDER_(VERB)_3972	FRENCH	ITALIAN	malign (distfeat+boot)	0.6667	0.6667	0.6667	0.6667	ok
NorthEuralex Italic	LAIR_2171	ITALIAN	LATIN	malign (distfeat+boot)	1.0000	1.0000	1.0000	1.0000	ok
NorthEuralex Italic	ARRIVE_186	FRENCH	ITALIAN	malign (distfeat+boot)	1.0000	1.0000	1.0000	1.0000	ok
NorthEuralex Italic	DECEIVE_1028	CATALAN	PORTUGUESE	malign (distfeat+boot)	1.0000	1.0000	1.0000	1.0000	ok
NorthEuralex Italic	LIP_2307	FRENCH	SPANISH	malign (distfeat+boot)	1.0000	1.0000	1.0000	1.0000	ok
NorthEuralex Italic	POUCH_2862	ITALIAN	PORTUGUESE	malign (distfeat+boot)	0.6667	0.6667	0.6667	0.6667	ok
NorthEuralex Italic	DEAF_1015	CATALAN	FRENCH	malign (distfeat+boot)	1.0000	1.0000	1.0000	1.0000	ok
NorthEuralex Italic	MOVE_(AFFECT_EMOTIONALLY)_2495	ITALIAN	SPANISH	malign (distfeat+boot)					skipped
NorthEuralex Italic	STORY_3660	PORTUGUESE	SPANISH	malign (distfeat+boot)	0.6667	0.6667	0.6667	0.6667	ok
NorthEuralex Italic	FAT_(OBESE)_1388	FRENCH	ITALIAN	malign (distfeat+boot)	0.6000	0.6000	0.6000	0.6000	ok
NorthEuralex Italic	TEA_3827	CATALAN	SPANISH	malign (distfeat+boot)	1.0000	1.0000	1.0000	1.0000	ok
NorthEuralex Italic	ALONE_133	FRENCH	ITALIAN	malign (distfeat+boot)					skipped
NorthEuralex Italic	LIFE_2279	FRENCH	SPANISH	malign (distfeat+boot)	1.0000	1.0000	1.0000	1.0000	ok
NorthEuralex Italic	WEEK_4264	FRENCH	ROMANIAN	malign (distfeat+boot)	1.0000	1.0000	1.0000	1.0000	ok
NorthEuralex Italic	FOOD_1517	CATALAN	SPANISH	malign (distfeat+boot)	1.0000	1.0000	1.0000	1.0000	ok
NorthEuralex Italic	WIND_4345	ITALIAN	SPANISH	malign (distfeat+boot)	1.0000	1.0000	1.0000	1.0000	ok
NorthEuralex Italic	CURRENT_(STREAM)_969	ITALIAN	PORTUGUESE	malign (distfeat+boot)	1.0000	1.0000	1.0000	1.0000	ok
NorthEuralex Italic	NAVEL_2548	CATALAN	PORTUGUESE	malign (distfeat+boot)	0.7778	0.7778	0.7778	0.7778	ok
NorthEuralex Italic	GRAIN_1716	FRENCH	ITALIAN	malign (distfeat+boot)	0.6000	0.6000	0.6000	0.6000	ok
NorthEuralex Italic	SAND_3140	ITALIAN	SPANISH	malign (distfeat+boot)	1.0000	1.0000	1.0000	1.0000	ok
NorthEuralex Italic	FEEL_(TACTUALLY)_1411	FRENCH	PORTUGUESE	malign (distfeat+boot)	1.0000	1.0000	1.0000	1.0000	ok
NorthEuralex Italic	ACHE_87	PORTUGUESE	SPANISH	malign (distfeat+boot)					skipped
NorthEuralex Italic	PARENTS_2724	FRENCH	SPANISH	malign (distfeat+boot)	0.5000	0.5000	0.5000	0.5000	ok
NorthEuralex Italic	VERY_4151	CATALAN	ITALIAN	malign (distfeat+boot)	1.0000	1.0000	1.0000	1.0000	ok
NorthEuralex Italic	BEARD_336	FRENCH	ROMANIAN	malign (distfeat+boot)	1.0000	1.0000	1.0000	1.0000	ok
NorthEuralex Italic	DEAF_1015	CATALAN	SPANISH	malign (distfeat+boot)	1.0000	1.0000	1.0000	1.0000	ok
NorthEuralex Italic	RIPEN_3045	CATALAN	LATIN	malign (distfeat+boot)	0.4545	0.4545	0.4545	0.4545	ok
NorthEuralex Italic	NOSE_2624	CATALAN	LATIN	malign (distfeat+boot)	1.0000	1.0000	1.0000	1.0000	ok
NorthEuralex Italic	IRON_2079	LATIN	PORTUGUESE	malign (distfeat+boot)	1.0000	1.0000	1.0000	1.0000	ok
NorthEuralex Italic	BUILD_618	ITALIAN	PORTUGUESE	malign (distfeat+boot)					skipped
NorthEuralex Italic	ITEM_2082	CATALAN	SPANISH	malign (distfeat+boot)	1.0000	1.0000	1.0000	1.0000	ok
NorthEuralex Italic	CLEVER_814	ITALIAN	PORTUGUESE	malign (distfeat+boot)	1.0000	1.0000	1.0000	1.0000	ok
NorthEuralex Italic	COLLAR_864	CATALAN	FRENCH	malign (distfeat+boot)	1.0000	1.0000	1.0000	1.0000	ok
NorthEuralex Italic	UNDERSTAND_4128	CATALAN	SPANISH	malign (distfeat+boot)					skipped
NorthEuralex Italic	CEASE_1298	ITALIAN	ROMANIAN	malign (distfeat+boot)					skipped
NorthEuralex Italic	DILIGENT_1080	ITALIAN	SPANISH	malign (distfeat+boot)	1.0000	1.0000	1.0000	1.0000	ok
NorthEuralex Italic	DISTANCE_1113	ITALIAN	SPANISH	malign (distfeat+boot)	1.0000	1.0000	1.0000	1.0000	ok
NorthEuralex Italic	TOUCH_4029	LATIN	PORTUGUESE	malign (distfeat+boot)	0.7143	0.7143	0.7143	0.7143	ok
NorthEuralex Italic	FINE_OR_THIN_1043	ITALIAN	SPANISH	malign (distfeat+boot)	1.0000	1.0000	1.0000	1.0000	ok
NorthEuralex Italic	LINE_2306	CATALAN	FRENCH	malign (distfeat+boot)	1.0000	1.0000	1.0000	1.0000	ok
NorthEuralex Italic	SPIDER_3536	CATALAN	SPANISH	malign (distfeat+boot)	1.0000	1.0000	1.0000	1.0000	ok
NorthEuralex Italic	HAPPINESS_1839	ITALIAN	PORTUGUESE	malign (distfeat+boot)	1.0000	1.0000	1.0000	1.0000	ok
NorthEuralex Italic	GRASS_1738	FRENCH	ITALIAN	malign (distfeat+boot)	1.0000	1.0000	1.0000	1.0000	ok
NorthEuralex Italic	OAR_2639	PORTUGUESE	SPANISH	malign (distfeat+boot)	1.0000	1.0000	1.0000	1.0000	ok
NorthEuralex Italic	SING_3331	CATALAN	ROMANIAN	malign (distfeat+boot)	1.0000	1.0000	1.0000	1.0000	ok
NorthEuralex Italic	SALT_3139	PORTUGUESE	SPANISH	malign (distfeat+boot)	1.0000	1.0000	1.0000	1.0000	ok
NorthEuralex Italic	STRING_3681	ITALIAN	PORTUGUESE	malign (distfeat+boot)	0.6667	0.6667	0.6667	0.6667	ok
NorthEuralex Italic	YEAR_4419	CATALAN	ROMANIAN	malign (distfeat+boot)	1.0000	1.0000	1.0000	1.0000	ok
NorthEuralex Italic	TASTY_1049	FRENCH	LATIN	malign (distfeat+boot)					skipped
NorthEuralex Italic	DESTROY_1069	FRENCH	SPANISH	malign (distfeat+boot)					skipped
NorthEuralex Italic	KNIFE_2146	FRENCH	ITALIAN	malign (distfeat+boot)	1.0000	1.0000	1.0000	1.0000	ok
NorthEuralex Italic	HONEY_1977	FRENCH	ITALIAN	malign (distfeat+boot)					skipped
NorthEuralex Italic	CALCULATE_658	LATIN	PORTUGUESE	malign (distfeat+boot)	1.0000	1.0000	1.0000	1.0000	ok
NorthEuralex Italic	POOR_2850	ITALIAN	PORTUGUESE	malign (distfeat+boot)	1.0000	1.0000	1.0000	1.0000	ok
NorthEuralex Italic	BEAR_334	PORTUGUESE	SPANISH	malign (distfeat+boot)	1.0000	1.0000	1.0000	1.0000	ok
NorthEuralex Italic	HOW_2002	ITALIAN	SPANISH	malign (distfeat+boot)	1.0000	1.0000	1.0000	1.0000	ok
NorthEuralex Italic	HELP_(ASSISTANCE)_1903	CATALAN	PORTUGUESE	malign (distfeat+boot)	0.6000	0.6000	0.6000	0.6000	ok
NorthEuralex Italic	ANT_171	CATALAN	LATIN	malign (distfeat+boot)	1.0000	1.0000	1.0000	1.0000	ok
NorthEuralex Italic	CHARACTER_724	CATALAN	ROMANIAN	malign (distfeat+boot)	1.0000	1.0000	1.0000	1.0000	ok
NorthEuralex Italic	BULL_622	FRENCH	SPANISH	malign (distfeat+boot)	1.0000	1.0000	1.0000	1.0000	ok
NorthEuralex Italic	HOWL_2006	ITALIAN	LATIN	malign (distfeat+boot)	1.0000	1.0000	1.0000	1.0000	ok
NorthEuralex Italic	CAUSE_TO_(LET)_2256	CATALAN	SPANISH	malign (distfeat+boot)					skipped
NorthEuralex Italic	BIG_421	ITALIAN	PORTUGUESE	malign (distfeat+boot)	1.0000	1.0000	1.0000	1.0000	ok
NorthEuralex Italic	PERSON_2009	PORTUGUESE	ROMANIAN	malign (distfeat+boot)	1.0000	1.0000	1.0000	1.0000	ok
NorthEuralex Italic	CHARACTER_724	CATALAN	ITALIAN	malign (distfeat+boot)	1.0000	1.0000	1.0000	1.0000	ok
NorthEuralex Italic	WORLD_4395	CATALAN	FRENCH	malign (distfeat+boot)	1.0000	1.0000	1.0000	1.0000	ok
NorthEuralex Italic	INVITE_2078	ITALIAN	SPANISH	malign (distfeat+boot)	1.0000	1.0000	1.0000	1.0000	ok
NorthEuralex Italic	MEDICINE_2398	FRENCH	SPANISH	malign (distfeat+boot)	1.0000	1.0000	1.0000	1.0000	ok
NorthEuralex Italic	TWO_4115	PORTUGUESE	ROMANIAN	malign (distfeat+boot)	1.0000	1.0000	1.0000	1.0000	ok
NorthEuralex Italic	HARE_1848	FRENCH	ITALIAN	malign (distfeat+boot)	0.5000	0.5000	0.5000	0.5000	ok
NorthEuralex Italic	DRAW_MILK_2427	ITALIAN	LATIN	malign (distfeat+boot)	1.0000	1.0000	1.0000	1.0000	ok
NorthEuralex Italic	TONE_(MUSIC)_4022	ITALIAN	PORTUGUESE	malign (distfeat+boot)	1.0000	1.0000	1.0000	1.0000	ok
NorthEuralex Italic	JULY_25	ITALIAN	SPANISH	malign (distfeat+boot)	0.6000	0.6000	0.6000	0.6000	ok
NorthEuralex Italic	TONE_(MUSIC)_4022	ROMANIAN	SPANISH	malign (distfeat+boot)	1.0000	1.0000	1.0000	1.0000	ok
NorthEuralex Italic	SLEEP_3383	CATALAN	ROMANIAN	malign (distfeat+boot)	1.0000	1.0000	1.0000	1.0000	ok
NorthEuralex Italic	GAME_1605	ITALIAN	PORTUGUESE	malign (distfeat+boot)	1.0000	1.0000	1.0000	1.0000	ok
NorthEuralex Italic	CORRECT_(RIGHT)_921	PORTUGUESE	ROMANIAN	malign (distfeat+boot)	1.0000	1.0000	1.0000	1.0000	ok
NorthEuralex Italic	COUNTRY_931	PORTUGUESE	SPANISH	malign (distfeat+boot)	1.0000	1.0000	1.0000	1.0000	ok
NorthEuralex Italic	STING_3635	ITALIAN	SPANISH	malign (distfeat+boot)	1.0000	1.0000	1.0000	1.0000	ok
NorthEuralex Italic	REASON_2967	LATIN	ROMANIAN	malign (distfeat+boot)					skipped
NorthEuralex Italic	SPIDER_3536	ITALIAN	SPANISH	malign (distfeat+boot)	1.0000	1.0000	1.0000	1.0000	ok
NorthEuralex Italic	SMOKE_(EXHAUST)_3416	ITALIAN	LATIN	malign (distfeat+boot)					skipped
NorthEuralex Italic	THROW_3967	CATALAN	FRENCH	malign (distfeat+boot)	1.0000	1.0000	1.0000	1.0000	ok
NorthEuralex Italic	BRIDGE_582	LATIN	ROMANIAN	malign (distfeat+boot)	1.0000	1.0000	1.0000	1.0000	ok
NorthEuralex Italic	COUNT_928	ITALIAN	SPANISH	malign (distfeat+boot)	1.0000	1.0000	1.0000	1.0000	ok
NorthEuralex Italic	BUSINESS_638	CATALAN	SPANISH	malign (distfeat+boot)					skipped
NorthEuralex Italic	SIX_3352	CATALAN	FRENCH	malign (distfeat+boot)	1.0000	1.0000	1.0000	1.0000	ok
NorthEuralex Italic	POST_2847	LATIN	SPANISH	malign (distfeat+boot)	0.7143	0.7143	0.7143	0.7143	ok
NorthEuralex Italic	DANCE_995	CATALAN	SPANISH	malign (distfeat+boot)	1.0000	1.0000	1.0000	1.0000	ok
NorthEuralex Italic	KNOT_2163	CATALAN	LATIN	malign (distfeat+boot)	0.6000	0.6000	0.6000	0.6000	ok
NorthEuralex Italic	GATE_1612	FRENCH	LATIN	malign (distfeat+boot)	1.0000	1.0000	1.0000	1.0000	ok
NorthEuralex Italic	GAME_1605	FRENCH	ITALIAN	malign (distfeat+boot)	1.0000	1.0000	1.0000	1.0000	ok
NorthEuralex Italic	TAKE_3797	CATALAN	FRENCH	malign (distfeat+boot)	1.0000	1.0000	1.0000	1.0000	ok
NorthEuralex Italic	EAR_1240	CATALAN	ROMANIAN	malign (distfeat+boot)	1.0000	1.0000	1.0000	1.0000	ok
NorthEuralex Italic	FOR_A_LONG_TIME_2334	ITALIAN	ROMANIAN	malign (distfeat+boot)					skipped
NorthEuralex Italic	MEDICINE_2398	ITALIAN	SPANISH	malign (distfeat+boot)	1.0000	1.0000	1.0000	1.0000	ok
NorthEuralex Italic	THOU_3945	CATALAN	FRENCH	malign (distfeat+boot)	1.0000	1.0000	1.0000	1.0000	ok
NorthEuralex Italic	KNOW_(SOMETHING)_2164	CATALAN	FRENCH	malign (distfeat+boot)					skipped
NorthEuralex Italic	CHIN_769	FRENCH	LATIN	malign (distfeat+boot)	1.0000	1.0000	1.0000	1.0000	ok
NorthEuralex Italic	SWAY_3770	CATALAN	FRENCH	malign (distfeat+boot)	0.6667	0.6667	0.6667	0.6667	ok
NorthEuralex Italic	COUNT_(QUANTITY)_927	PORTUGUESE	SPANISH	malign (distfeat+boot)					skipped
NorthEuralex Italic	BREAK_(DESTROY_OR_GET_DESTROYED)_562	ITALIAN	LATIN	malign (distfeat+boot)	1.0000	1.0000	1.0000	1.0000	ok
NorthEuralex Italic	AUNT_230	ITALIAN	PORTUGUESE	malign (distfeat+boot)	1.0000	1.0000	1.0000	1.0000	ok
NorthEuralex Italic	COOK_(SOMETHING)_905	FRENCH	LATIN	malign (distfeat+boot)	0.0000	0.0000	0.0000	0.0000	ok
NorthEuralex Italic	INCREASE_2062	CATALAN	ROMANIAN	malign (distfeat+boot)	1.0000	1.0000	1.0000	1.0000	ok
NorthEuralex Italic	FINGER_1446	ITALIAN	PORTUGUESE	malign (distfeat+boot)	1.0000	1.0000	1.0000	1.0000	ok
NorthEuralex Italic	SLEEP_(STATE)_3384	ITALIAN	SPANISH	malign (distfeat+boot)	0.6000	0.6000	0.6000	0.6000	ok
NorthEuralex Italic	UNCLE_4116	ITALIAN	SPANISH	malign (distfeat+boot)	1.0000	1.0000	1.0000	1.0000	ok
NorthEuralex Italic	TUBE_2814	FRENCH	SPANISH	malign (distfeat+boot)	1.0000	1.0000	1.0000	1.0000	ok
NorthEuralex Italic	HARD_1842	LATIN	SPANISH	malign (distfeat+boot)	1.0000	1.0000	1.0000	1.0000	ok
NorthEuralex Italic	SISTER_3339	CATALAN	SPANISH	malign (distfeat+boot)	0.7143	0.7143	0.7143	0.7143	ok
NorthEuralex Italic	BULL_622	CATALAN	PORTUGUESE	malign (distfeat+boot)	1.0000	1.0000	1.0000	1.0000	ok
NorthEuralex Italic	FIND_1442	PORTUGUESE	SPANISH	malign (distfeat+boot)	0.5556	0.5556	0.5556	0.5556	ok
NorthEuralex Italic	SEE_3161	CATALAN	SPANISH	malign (distfeat+boot)	1.0000	1.0000	1.0000	1.0000	ok
NorthEuralex Italic	ALL_1325	CATALAN	PORTUGUESE	malign (distfeat+boot)	1.0000	1.0000	1.0000	1.0000	ok
NorthEuralex Italic	SHINE_3249	PORTUGUESE	SPANISH	malign (distfeat+boot)	1.0000	1.0000	1.0000	1.0000	ok
NorthEuralex Italic	LINE_2306	CATALAN	PORTUGUESE	malign (distfeat+boot)	0.6000	0.6000	0.6000	0.6000	ok
NorthEuralex Italic	TENDON_3329	FRENCH	PORTUGUESE	malign (distfeat+boot)	1.0000	1.0000	1.0000	1.0000	ok
NorthEuralex Italic	MISPLACE_2355	ITALIAN	ROMANIAN	malign (distfeat+boot)	1.0000	1.0000	1.0000	1.0000	ok
NorthEuralex Italic	SPIDER_3536	CATALAN	LATIN	malign (distfeat+boot)	0.6667	0.6667	0.6667	0.6667	ok
NorthEuralex Italic	UNDERSTAND_4129	FRENCH	ITALIAN	malign (distfeat+boot)	1.0000	1.0000	1.0000	1.0000	ok
NorthEuralex Italic	FALL_ASLEEP_1361	ITALIAN	SPANISH	malign (distfeat+boot)	0.8333	0.8333	0.8333	0.8333	ok
NorthEuralex Italic	FUR_1601	ROMANIAN	SPANISH	malign (distfeat+boot)	1.0000	1.0000	1.0000	1.0000	ok
NorthEuralex Italic	NAME_2527	ITALIAN	LATIN	malign (distfeat+boot)					skipped
NorthEuralex Italic	HEAT_1886	ROMANIAN	SPANISH	malign (distfeat+boot)	1.0000	1.0000	1.0000	1.0000	ok
NorthEuralex Italic	BULL_622	CATALAN	FRENCH	malign (distfeat+boot)	1.0000	1.0000	1.0000	1.0000	ok
NorthEuralex Italic	BUSINESS_638	LATIN	SPANISH	malign (distfeat+boot)					skipped
NorthEuralex Italic	ODOR_(SMELL)_2643	ITALIAN	LATIN	malign (distfeat+boot)	1.0000	1.0000	1.0000	1.0000	ok
NorthEuralex Italic	BUDGE_(ONESELF)_612	LATIN	PORTUGUESE	malign (distfeat+boot)	1.0000	1.0000	1.0000	1.0000	ok
NorthEuralex Italic	BREAK_(CLEAVE)_562	ROMANIAN	SPANISH	malign (distfeat+boot)					skipped
NorthEuralex Italic	TREE_4061	CATALAN	PORTUGUESE	malign (distfeat+boot)	1.0000	1.0000	1.0000	1.0000	ok
NorthEuralex Italic	WE_4247	FRENCH	PORTUGUESE	malign (distfeat+boot)	1.0000	1.0000	1.0000	1.0000	ok
NorthEuralex Italic	FATHER_1395	FRENCH	PORTUGUESE	malign (distfeat+boot)	1.0000	1.0000	1.0000	1.0000	ok
NorthEuralex Italic	BROTHER_604	LATIN	ROMANIAN	malign (distfeat+boot)	1.0000	1.0000	1.0000	1.0000	ok
NorthEuralex Italic	WIND_4345	LATIN	SPANISH	malign (distfeat+boot)	1.0000	1.0000	1.0000	1.0000	ok
NorthEuralex Italic	CLOUD_853	CATALAN	LATIN	malign (distfeat+boot)	1.0000	1.0000	1.0000	1.0000	ok
NorthEuralex Italic	FRESH_1578	ITALIAN	SPANISH	malign (distfeat+boot)	1.0000	1.0000	1.0000	1.0000	ok
NorthEuralex Italic	CEASE_1297	FRENCH	ITALIAN	malign (distfeat+boot)	1.0000	1.0000	1.0000	1.0000	ok
NorthEuralex Italic	CAVE_707	FRENCH	PORTUGUESE	malign (distfeat+boot)	1.0000	1.0000	1.0000	1.0000	ok
NorthEuralex Italic	IDOL_1427	PORTUGUESE	SPANISH	malign (distfeat+boot)	1.0000	1.0000	1.0000	1.0000	ok
NorthEuralex Italic	SKIN_3370	ITALIAN	LATIN	malign (distfeat+boot)	1.0000	1.0000	1.0000	1.0000	ok
NorthEuralex Italic	DENSE_1056	ITALIAN	LATIN	malign (distfeat+boot)	0.6667	0.6667	0.6667	0.6667	ok
NorthEuralex Italic	KETTLE_2114	PORTUGUESE	SPANISH	malign (distfeat+boot)	1.0000	1.0000	1.0000	1.0000	ok
NorthEuralex Italic	BOIL_(SOMETHING)_486	CATALAN	LATIN	malign (distfeat+boot)	1.0000	1.0000	1.0000	1.0000	ok
NorthEuralex Italic	COAST_857	CATALAN	ITALIAN	malign (distfeat+boot)	1.0000	1.0000	1.0000	1.0000	ok
NorthEuralex Italic	SOUP_3480	FRENCH	ITALIAN	malign (distfeat+boot)	1.0000	1.0000	1.0000	1.0000	ok
NorthEuralex Italic	OPEN_(STATE)_2695	ITALIAN	PORTUGUESE	malign (distfeat+boot)	1.0000	1.0000	1.0000	1.0000	ok
NorthEuralex Italic	LENGTH_2252	CATALAN	ITALIAN	malign (distfeat+boot)					skipped
NorthEuralex Italic	GRIEF_1752	FRENCH	SPANISH	malign (distfeat+boot)	1.0000	1.0000	1.0000	1.0000	ok
NorthEuralex Italic	OF_THIS_KIND_(SUCH)_3433	FRENCH	PORTUGUESE	malign (distfeat+boot)	1.0000	1.0000	1.0000	1.0000	ok
NorthEuralex Italic	IRON_2079	CATALAN	LATIN	malign (distfeat+boot)	1.0000	1.0000	1.0000	1.0000	ok
NorthEuralex Italic	LINE_2306	FRENCH	ROMANIAN	malign (distfeat+boot)	0.6000	0.6000	0.6000	0.6000	ok
NorthEuralex Italic	SHOW_3298	LATIN	SPANISH	malign (distfeat+boot)	1.0000	1.0000	1.0000	1.0000	ok
NorthEuralex Italic	DOOR_1149	FRENCH	ITALIAN	malign (distfeat+boot)	1.0000	1.0000	1.0000	1.0000	ok
NorthEuralex Italic	NEST_2566	CATALAN	SPANISH	malign (distfeat+boot)	1.0000	1.0000	1.0000	1.0000	ok
NorthEuralex Italic	THICK_3904	LATIN	SPANISH	malign (distfeat+boot)	0.2857	0.2857	0.2857	0.2857	ok
NorthEuralex Italic	ONLY_2685	ITALIAN	LATIN	malign (distfeat+boot)	1.0000	1.0000	1.0000	1.0000	ok
NorthEuralex Italic	CHAT_(WITH_SOMEBODY)_726	ITALIAN	ROMANIAN	malign (distfeat+boot)	1.0000	1.0000	1.0000	1.0000	ok
NorthEuralex Italic	APRIL_1	ITALIAN	SPANISH	malign (distfeat+boot)	1.0000	1.0000	1.0000	1.0000	ok
NorthEuralex Italic	THINK_(REFLECT)_3924	FRENCH	PORTUGUESE	malign (distfeat+boot)	1.0000	1.0000	1.0000	1.0000	ok
NorthEuralex Italic	COW_946	FRENCH	PORTUGUESE	malign (distfeat+boot)	0.5000	0.5000	0.5000	0.5000	ok
NorthEuralex Italic	CHEST_569	ITALIAN	LATIN	malign (distfeat+boot)	1.0000	1.0000	1.0000	1.0000	ok
NorthEuralex Italic	HARD_1842	FRENCH	LATIN	malign (distfeat+boot)	1.0000	1.0000	1.0000	1.0000	ok
NorthEuralex Italic	WIFE_4329	PORTUGUESE	SPANISH	malign (distfeat+boot)	1.0000	1.0000	1.0000	1.0000	ok
NorthEuralex Italic	DRAW_MILK_2428	PORTUGUESE	SPANISH	malign (distfeat+boot)	1.0000	1.0000	1.0000	1.0000	ok
NorthEuralex Italic	PROMISE_2913	LATIN	PORTUGUESE	malign (distfeat+boot)	1.0000	1.0000	1.0000	1.0000	ok
NorthEuralex Italic	CEASE_1298	CATALAN	SPANISH	malign (distfeat+boot)	1.0000	1.0000	1.0000	1.0000	ok
NorthEuralex Italic	JUNE_29	ITALIAN	SPANISH	malign (distfeat+boot)	0.6000	0.6000	0.6000	0.6000	ok
NorthEuralex Italic	RUN_3119	ITALIAN	LATIN	malign (distfeat+boot)	1.0000	1.0000	1.0000	1.0000	ok
NorthEuralex Italic	MISPLACE_2355	FRENCH	ROMANIAN	malign (distfeat+boot)					skipped
NorthEuralex Italic	FATHER_1395	LATIN	PORTUGUESE	malign (distfeat+boot)	1.0000	1.0000	1.0000	1.0000	ok
NorthEuralex Italic	STRING_3681	PORTUGUESE	SPANISH	malign (distfeat+boot)	0.7143	0.7143	0.7143	0.7143	ok
NorthEuralex Italic	NEW_2577	ITALIAN	ROMANIAN	malign (distfeat+boot)	0.6000	0.6000	0.6000	0.6000	ok
NorthEuralex Italic	ANT_171	ITALIAN	ROMANIAN	malign (distfeat+boot)	1.0000	1.0000	1.0000	1.0000	ok
NorthEuralex Italic	NEEDLE_(FOR_SEWING)_2563	CATALAN	PORTUGUESE	malign (distfeat+boot)	1.0000	1.0000	1.0000	1.0000	ok
NorthEuralex Italic	CROW_961	FRENCH	ITALIAN	malign (distfeat+boot)	0.7500	0.7500	0.7500	0.7500	ok
NorthEuralex Italic	DRINK_1173	PORTUGUESE	SPANISH	malign (distfeat+boot)	1.0000	1.0000	1.0000	1.0000	ok
NorthEuralex Italic	DECEMBER_5	FRENCH	SPANISH	malign (distfeat+boot)	0.7778	0.7778	0.7778	0.7778	ok
NorthEuralex Italic	DAMAGE_(INJURY)_981	CATALAN	ITALIAN	malign (distfeat+boot)	1.0000	1.0000	1.0000	1.0000	ok
NorthEuralex Italic	FAMILIAR_1372	PORTUGUESE	SPANISH	malign (distfeat+boot)	1.0000	1.0000	1.0000	1.0000	ok
NorthEuralex Italic	MARCH_33	CATALAN	FRENCH	malign (distfeat+boot)	1.0000	1.0000	1.0000	1.0000	ok
NorthEuralex Italic	MESSAGE_2419	CATALAN	SPANISH	malign (distfeat+boot)	1.0000	1.0000	1.0000	1.0000	ok
NorthEuralex Italic	HAND_1805	ROMANIAN	SPANISH	malign (distfeat+boot)	1.0000	1.0000	1.0000	1.0000	ok
NorthEuralex Italic	PRECIOUS_2887	CATALAN	ROMANIAN	malign (distfeat+boot)					skipped
NorthEuralex Italic	GREY_1748	CATALAN	ITALIAN	malign (distfeat+boot)	1.0000	1.0000	1.0000	1.0000	ok
NorthEuralex Italic	LIFT_2281	ITALIAN	LATIN	malign (distfeat+boot)	1.0000	1.0000	1.0000	1.0000	ok
NorthEuralex Italic	WHY_4321	CATALAN	SPANISH	malign (distfeat+boot)	1.0000	1.0000	1.0000	1.0000	ok
NorthEuralex Italic	VEIN_4149	ROMANIAN	SPANISH	malign (distfeat+boot)	1.0000	1.0000	1.0000	1.0000	ok
NorthEuralex Italic	LADDER_2166	LATIN	ROMANIAN	malign (distfeat+boot)					skipped
NorthEuralex Italic	BREAK_(DESTROY_OR_GET_DESTROYED)_562	LATIN	PORTUGUESE	malign (distfeat+boot)	1.0000	1.0000	1.0000	1.0000	ok
NorthEuralex Italic	CONVEY_(A_MESSAGE)_902	ITALIAN	PORTUGUESE	malign (distfeat+boot)	1.0000	1.0000	1.0000	1.0000	ok
NorthEuralex Italic	MEANING_2390	PORTUGUESE	SPANISH	malign (distfeat+boot)	1.0000	1.0000	1.0000	1.0000	ok
NorthEuralex Italic	BOSS_513	PORTUGUESE	SPANISH	malign (distfeat+boot)	1.0000	1.0000	1.0000	1.0000	ok
NorthEuralex Italic	ALONE_133	ITALIAN	PORTUGUESE	malign (distfeat+boot)					skipped
NorthEuralex Italic	PIG_2798	CATALAN	PORTUGUESE	malign (distfeat+boot)	1.0000	1.0000	1.0000	1.0000	ok
NorthEuralex Italic	DOOR_1149	CATALAN	SPANISH	malign (distfeat+boot)	0.6667	0.6667	0.6667	0.6667	ok
NorthEuralex Italic	LID_(COVER,_CAP)_943	CATALAN	PORTUGUESE	malign (distfeat+boot)	1.0000	1.0000	1.0000	1.0000	ok
NorthEuralex Italic	FEEL_(TACTUALLY)_1411	FRENCH	SPANISH	malign (distfeat+boot)	0.6667	0.6667	0.6667	0.6667	ok
NorthEuralex Italic	SUN_3735	ITALIAN	SPANISH	malign (distfeat+boot)	1.0000	1.0000	1.0000	1.0000	ok
NorthEuralex Italic	STATE_(POLITICS)_3600	CATALAN	PORTUGUESE	malign (distfeat+boot)	1.0000	1.0000	1.0000	1.0000	ok
NorthEuralex Italic	APRIL_1	ROMANIAN	SPANISH	malign (distfeat+boot)	1.0000	1.0000	1.0000	1.0000	ok
NorthEuralex Italic	CHIN_769	CATALAN	ITALIAN	malign (distfeat+boot)	1.0000	1.0000	1.0000	1.0000	ok
NorthEuralex Italic	ENEMY_1312	CATALAN	LATIN	malign (distfeat+boot)	1.0000	1.0000	1.0000	1.0000	ok
NorthEuralex Italic	BLOW_(WITH_MOUTH)_458	ITALIAN	ROMANIAN	malign (distfeat+boot)					skipped
NorthEuralex Italic	RUN_3119	CATALAN	SPANISH	malign (distfeat+boot)	1.0000	1.0000	1.0000	1.0000	ok
NorthEuralex Italic	END_(OF_SPACE)_1301	ITALIAN	SPANISH	malign (distfeat+boot)	0.8000	0.8000	0.8000	0.8000	ok
NorthEuralex Italic	STINGY_3639	FRENCH	ITALIAN	malign (distfeat+boot)	1.0000	1.0000	1.0000	1.0000	ok
NorthEuralex Italic	DISH_1108	CATALAN	ROMANIAN	malign (distfeat+boot)	1.0000	1.0000	1.0000	1.0000	ok
NorthEuralex Italic	BOOK_495	CATALAN	SPANISH	malign (distfeat+boot)	1.0000	1.0000	1.0000	1.0000	ok
NorthEuralex Italic	NOTICE_(SOMETHING)_2629	ITALIAN	PORTUGUESE	malign (distfeat+boot)	1.0000	1.0000	1.0000	1.0000	ok
NorthEuralex Italic	RIVER_3059	PORTUGUESE	ROMANIAN	malign (distfeat+boot)	1.0000	1.0000	1.0000	1.0000	ok
NorthEuralex Italic	BOIL_(SOMETHING)_486	CATALAN	SPANISH	malign (distfeat+boot)	1.0000	1.0000	1.0000	1.0000	ok
NorthEuralex Italic	REPAIR_2998	FRENCH	PORTUGUESE	malign (distfeat+boot)	1.0000	1.0000	1.0000	1.0000	ok
NorthEuralex Italic	HANDLE_1812	CATALAN	ITALIAN	malign (distfeat+boot)	1.0000	1.0000	1.0000	1.0000	ok
NorthEuralex Italic	KNOT_2163	LATIN	SPANISH	malign (distfeat+boot)	1.0000	1.0000	1.0000	1.0000	ok
NorthEuralex Italic	CROSS_960	ITALIAN	PORTUGUESE	malign (distfeat+boot)	1.0000	1.0000	1.0000	1.0000	ok
NorthEuralex Italic	REASON_2967	CATALAN	ITALIAN	malign (distfeat+boot)					skipped
NorthEuralex Italic	FALL_ASLEEP_1361	FRENCH	ITALIAN	malign (distfeat+boot)	0.8462	0.8462	0.8462	0.8462	ok
NorthEuralex Italic	INCREASE_2062	PORTUGUESE	SPANISH	malign (distfeat+boot)					skipped
NorthEuralex Italic	FEVER_1421	FRENCH	LATIN	malign (distfeat+boot)	1.0000	1.0000	1.0000	1.0000	ok
NorthEuralex Italic	FOAM_1508	CATALAN	ITALIAN	malign (distfeat+boot)	1.0000	1.0000	1.0000	1.0000	ok
NorthEuralex Italic	SMOOTH_3420	ROMANIAN	SPANISH	malign (distfeat+boot)	1.0000	1.0000	1.0000	1.0000	ok
NorthEuralex Italic	BELLY_384	LATIN	SPANISH	malign (distfeat+boot)	1.0000	1.0000	1.0000	1.0000	ok
NorthEuralex Italic	FOOTPRINT_4047	CATALAN	FRENCH	malign (distfeat+boot)	1.0000	1.0000	1.0000	1.0000	ok
NorthEuralex Italic	PICK_2778	PORTUGUESE	ROMANIAN	malign (distfeat+boot)	1.0000	1.0000	1.0000	1.0000	ok
NorthEuralex Italic	SMOOTH_3420	CATALAN	SPANISH	malign (distfeat+boot)	1.0000	1.0000	1.0000	1.0000	ok
NorthEuralex Italic	KNIFE_2146	ITALIAN	SPANISH	malign (distfeat+boot)	1.0000	1.0000	1.0000	1.0000	ok
NorthEuralex Italic	FAULT_1398	ITALIAN	PORTUGUESE	malign (distfeat+boot)	1.0000	1.0000	1.0000	1.0000	ok
NorthEuralex Italic	DAMP_993	CATALAN	PORTUGUESE	malign (distfeat+boot)	1.0000	1.0000	1.0000	1.0000	ok
NorthEuralex Italic	SEPTEMBER_49	FRENCH	ROMANIAN	malign (distfeat+boot)	0.8000	0.8000	0.8000	0.8000	ok
NorthEuralex Italic	BODY_484	FRENCH	ROMANIAN	malign (distfeat+boot)	1.0000	1.0000	1.0000	1.0000	ok
NorthEuralex Italic	TIME_3983	ITALIAN	LATIN	malign (distfeat+boot)	1.0000	1.0000	1.0000	1.0000	ok
NorthEuralex Italic	HIGH_78	ITALIAN	LATIN	malign (distfeat+boot)	1.0000	1.0000	1.0000	1.0000	ok
NorthEuralex Italic	GRAIN_1716	LATIN	SPANISH	malign (distfeat+boot)	1.0000	1.0000	1.0000	1.0000	ok
NorthEuralex Italic	THIRTY_3930	FRENCH	PORTUGUESE	malign (distfeat+boot)	1.0000	1.0000	1.0000	1.0000	ok
NorthEuralex Italic	PROTECT_2916	FRENCH	ROMANIAN	malign (distfeat+boot)	1.0000	1.0000	1.0000	1.0000	ok
NorthEuralex Italic	NINE_2600	FRENCH	SPANISH	malign (distfeat+boot)	0.6000	0.6000	0.6000	0.6000	ok
NorthEuralex Italic	HORSE_1988	FRENCH	SPANISH	malign (distfeat+boot)	1.0000	1.0000	1.0000	1.0000	ok
NorthEuralex Italic	HILL_1931	LATIN	PORTUGUESE	malign (distfeat+boot)	0.6667	0.6667	0.6667	0.6667	ok
NorthEuralex Italic	BELIEVE_383	FRENCH	SPANISH	malign (distfeat+boot)					skipped
NorthEuralex Italic	GATHER_1613	ITALIAN	SPANISH	malign (distfeat+boot)					skipped
NorthEuralex Italic	SILVER_3324	CATALAN	PORTUGUESE	malign (distfeat+boot)	1.0000	1.0000	1.0000	1.0000	ok
NorthEuralex Italic	PAW_2747	PORTUGUESE	SPANISH	malign (distfeat+boot)	1.0000	1.0000	1.0000	1.0000	ok
NorthEuralex Italic	MEDICINE_2399	FRENCH	LATIN	malign (distfeat+boot)	1.0000	1.0000	1.0000	1.0000	ok
NorthEuralex Italic	CEASE_1298	ROMANIAN	SPANISH	malign (distfeat+boot)					skipped
NorthEuralex Italic	MEET_2403	ITALIAN	PORTUGUESE	malign (distfeat+boot)	0.8000	0.8000	0.8000	0.8000	ok
NorthEuralex Italic	RAIN_(RAINING)_2943	CATALAN	FRENCH	malign (distfeat+boot)					skipped
NorthEuralex Italic	WIN_4341	ITALIAN	SPANISH	malign (distfeat+boot)	1.0000	1.0000	1.0000	1.0000	ok
NorthEuralex Italic	SING_3331	ROMANIAN	SPANISH	malign (distfeat+boot)					skipped
NorthEuralex Italic	PHYSICIAN_1134	LATIN	SPANISH	malign (distfeat+boot)	1.0000	1.0000	1.0000	1.0000	ok
NorthEuralex Italic	BETWEEN_419	LATIN	SPANISH	malign (distfeat+boot)	1.0000	1.0000	1.0000	1.0000	ok
NorthEuralex Italic	DECEMBER_5	FRENCH	PORTUGUESE	malign (distfeat+boot)	1.0000	1.0000	1.0000	1.0000	ok
NorthEuralex Italic	LETTER_2259	CATALAN	SPANISH	malign (distfeat+boot)	1.0000	1.0000	1.0000	1.0000	ok
NorthEuralex Italic	FOOD_1517	CATALAN	PORTUGUESE	malign (distfeat+boot)					skipped
NorthEuralex Italic	LINE_2306	FRENCH	LATIN	malign (distfeat+boot)	1.0000	1.0000	1.0000	1.0000	ok
NorthEuralex Italic	BOAT_480	CATALAN	ITALIAN	malign (distfeat+boot)	0.5000	0.5000	0.5000	0.5000	ok
NorthEuralex Italic	DAMP_993	FRENCH	PORTUGUESE	malign (distfeat+boot)	1.0000	1.0000	1.0000	1.0000	ok
NorthEuralex Italic	STORY_3659	LATIN	SPANISH	malign (distfeat+boot)					skipped
NorthEuralex Italic	PRESERVE_2890	PORTUGUESE	SPANISH	malign (distfeat+boot)	0.6667	0.6667	0.6667	0.6667	ok
NorthEuralex Italic	ODOR_(SMELL)_2643	ITALIAN	PORTUGUESE	malign (distfeat+boot)	1.0000	1.0000	1.0000	1.0000	ok
NorthEuralex Italic	STRENGTH_3678	CATALAN	ROMANIAN	malign (distfeat+boot)	1.0000	1.0000	1.0000	1.0000	ok
NorthEuralex Italic	WOOD_4375	ITALIAN	LATIN	malign (distfeat+boot)	0.6000	0.6000	0.6000	0.6000	ok
NorthEuralex Italic	DECEMBER_5	ITALIAN	ROMANIAN	malign (distfeat+boot)	1.0000	1.0000	1.0000	1.0000	ok
NorthEuralex Italic	SEVEN_3210	PORTUGUESE	SPANISH	malign (distfeat+boot)	1.0000	1.0000	1.0000	1.0000	ok
NorthEuralex Italic	GAME_1605	CATALAN	PORTUGUESE	malign (distfeat+boot)	1.0000	1.0000	1.0000	1.0000	ok
NorthEuralex Italic	LAUGHTER_2198	LATIN	SPANISH	malign (distfeat+boot)	1.0000	1.0000	1.0000	1.0000	ok
NorthEuralex Italic	BOTHER_(HARASS)_517	CATALAN	ROMANIAN	malign (distfeat+boot)	1.0000	1.0000	1.0000	1.0000	ok
NorthEuralex Italic	STRENGTH_3677	ITALIAN	PORTUGUESE	malign (distfeat+boot)	0.7500	0.7500	0.7500	0.7500	ok
NorthEuralex Italic	AIR_129	FRENCH	LATIN	malign (distfeat+boot)	0.3333	0.3333	0.3333	0.3333	ok
NorthEuralex Italic	GOLD_1700	LATIN	SPANISH	malign (distfeat+boot)	0.5000	0.5000	0.5000	0.5000	ok
NorthEuralex Italic	RIPE_3042	LATIN	PORTUGUESE	malign (distfeat+boot)	1.0000	1.0000	1.0000	1.0000	ok
NorthEuralex Italic	STIR_3643	LATIN	PORTUGUESE	malign (distfeat+boot)	1.0000	1.0000	1.0000	1.0000	ok
NorthEuralex Italic	CHANGE_(BECOME_DIFFERENT)_719	ITALIAN	SPANISH	malign (distfeat+boot)					skipped
NorthEuralex Italic	PERCH_(FISH)_2774	LATIN	SPANISH	malign (distfeat+boot)	1.0000	1.0000	1.0000	1.0000	ok
NorthEuralex Italic	ODOR_(SMELL)_2643	PORTUGUESE	SPANISH	malign (distfeat+boot)	1.0000	1.0000	1.0000	1.0000	ok
NorthEuralex Italic	DIFFERENT_1072	FRENCH	PORTUGUESE	malign (distfeat+boot)	0.7500	0.7500	0.7500	0.7500	ok
NorthEuralex Italic	NEST_2566	ITALIAN	LATIN	malign (distfeat+boot)	1.0000	1.0000	1.0000	1.0000	ok
NorthEuralex Italic	WIND_4345	CATALAN	SPANISH	malign (distfeat+boot)	1.0000	1.0000	1.0000	1.0000	ok
NorthEuralex Italic	NOVEMBER_42	CATALAN	ITALIAN	malign (distfeat+boot)	1.0000	1.0000	1.0000	1.0000	ok
NorthEuralex Italic	SLEEVE_3386	ITALIAN	LATIN	malign (distfeat+boot)	1.0000	1.0000	1.0000	1.0000	ok
NorthEuralex Italic	PASS_2730	PORTUGUESE	SPANISH	malign (distfeat+boot)	1.0000	1.0000	1.0000	1.0000	ok
NorthEuralex Italic	SIXTY_3355	ITALIAN	SPANISH	malign (distfeat+boot)	1.0000	1.0000	1.0000	1.0000	ok
NorthEuralex Italic	NAKED_2523	FRENCH	ITALIAN	malign (distfeat+boot)	0.5000	0.5000	0.5000	0.5000	ok
NorthEuralex Italic	DISEASE_2042	PORTUGUESE	SPANISH	malign (distfeat+boot)	0.8182	0.8182	0.8182	0.8182	ok
NorthEuralex Italic	GATE_1612	ITALIAN	LATIN	malign (distfeat+boot)	0.7143	0.7143	0.7143	0.7143	ok
NorthEuralex Italic	SOUTH_3499	FRENCH	ITALIAN	malign (distfeat+boot)	1.0000	1.0000	1.0000	1.0000	ok
NorthEuralex Italic	SEE_3161	FRENCH	LATIN	malign (distfeat+boot)					skipped
NorthEuralex Italic	FLOWER_1502	CATALAN	PORTUGUESE	malign (distfeat+boot)	1.0000	1.0000	1.0000	1.0000	ok
NorthEuralex Italic	NET_2568	LATIN	SPANISH	malign (distfeat+boot)	1.0000	1.0000	1.0000	1.0000	ok
NorthEuralex Italic	SLEEP_(STATE)_3384	CATALAN	ROMANIAN	malign (distfeat+boot)	1.0000	1.0000	1.0000	1.0000	ok
NorthEuralex Italic	ACHE_87	ITALIAN	SPANISH	malign (distfeat+boot)	1.0000	1.0000	1.0000	1.0000	ok
NorthEuralex Italic	NIGHT_2598	PORTUGUESE	SPANISH	malign (distfeat+boot)	0.6000	0.6000	0.6000	0.6000	ok
NorthEuralex Italic	MONEY_2459	CATALAN	SPANISH	malign (distfeat+boot)					skipped
NorthEuralex Italic	HANDLE_1812	ITALIAN	SPANISH	malign (distfeat+boot)	1.0000	1.0000	1.0000	1.0000	ok
NorthEuralex Italic	STINGY_3639	FRENCH	PORTUGUESE	malign (distfeat+boot)	1.0000	1.0000	1.0000	1.0000	ok
NorthEuralex Italic	PAIN_2716	ITALIAN	LATIN	malign (distfeat+boot)	1.0000	1.0000	1.0000	1.0000	ok
NorthEuralex Italic	THREE_3957	FRENCH	PORTUGUESE	malign (distfeat+boot)					skipped
NorthEuralex Italic	SUN_3735	ITALIAN	PORTUGUESE	malign (distfeat+boot)	1.0000	1.0000	1.0000	1.0000	ok
NorthEuralex Italic	SUPPORT_(OF_OBJECT)_3738	CATALAN	PORTUGUESE	malign (distfeat+boot)	1.0000	1.0000	1.0000	1.0000	ok
NorthEuralex Italic	HARD_1842	LATIN	ROMANIAN	malign (distfeat+boot)	1.0000	1.0000	1.0000	1.0000	ok
NorthEuralex Italic	WOMAN_4370	LATIN	SPANISH	malign (distfeat+boot)	0.6667	0.6667	0.6667	0.6667	ok
NorthEuralex Italic	TONGUE_4024	CATALAN	PORTUGUESE	malign (distfeat+boot)	1.0000	1.0000	1.0000	1.0000	ok
NorthEuralex Italic	FIR_1457	CATALAN	PORTUGUESE	malign (distfeat+boot)	1.0000	1.0000	1.0000	1.0000	ok
NorthEuralex Italic	COLD_862	CATALAN	ITALIAN	malign (distfeat+boot)	1.0000	1.0000	1.0000	1.0000	ok
NorthEuralex Italic	MILK_2426	FRENCH	SPANISH	malign (distfeat+boot)	1.0000	1.0000	1.0000	1.0000	ok
NorthEuralex Italic	WOUND_4402	CATALAN	PORTUGUESE	malign (distfeat+boot)	1.0000	1.0000	1.0000	1.0000	ok
NorthEuralex Italic	PINE_2813	FRENCH	LATIN	malign (distfeat+boot)	1.0000	1.0000	1.0000	1.0000	ok
NorthEuralex Italic	COOK_(SOMETHING)_905	FRENCH	SPANISH	malign (distfeat+boot)	1.0000	1.0000	1.0000	1.0000	ok
NorthEuralex Italic	IDOL_1427	FRENCH	SPANISH	malign (distfeat+boot)	1.0000	1.0000	1.0000	1.0000	ok
NorthEuralex Italic	NOVEMBER_42	PORTUGUESE	SPANISH	malign (distfeat+boot)	0.7778	0.7778	0.7778	0.7778	ok
NorthEuralex Italic	HONEY_1977	CATALAN	SPANISH	malign (distfeat+boot)	1.0000	1.0000	1.0000	1.0000	ok
NorthEuralex Italic	GRAIN_1716	FRENCH	SPANISH	malign (distfeat+boot)	0.6000	0.6000	0.6000	0.6000	ok
NorthEuralex Italic	END_(OF_SPACE)_1299	CATALAN	SPANISH	malign (distfeat+boot)	1.0000	1.0000	1.0000	1.0000	ok
NorthEuralex Italic	BELLY_384	FRENCH	PORTUGUESE	malign (distfeat+boot)	1.0000	1.0000	1.0000	1.0000	ok
NorthEuralex Italic	BOW_521	LATIN	PORTUGUESE	malign (distfeat+boot)	1.0000	1.0000	1.0000	1.0000	ok
NorthEuralex Italic	KEEP_2109	FRENCH	LATIN	malign (distfeat+boot)	0.7778	0.7778	0.7778	0.7778	ok
NorthEuralex Italic	TOUCH_4029	ITALIAN	LATIN	malign (distfeat+boot)	0.7143	0.7143	0.7143	0.7143	ok
NorthEuralex Italic	CHEAP_733	CATALAN	PORTUGUESE	malign (distfeat+boot)	1.0000	1.0000	1.0000	1.0000	ok
NorthEuralex Italic	TENDON_3329	PORTUGUESE	SPANISH	malign (distfeat+boot)	1.0000	1.0000	1.0000	1.0000	ok
NorthEuralex Italic	SOLID_1463	CATALAN	FRENCH	malign (distfeat+boot)	1.0000	1.0000	1.0000	1.0000	ok
NorthEuralex Italic	GET_2973	ITALIAN	SPANISH	malign (distfeat+boot)	1.0000	1.0000	1.0000	1.0000	ok
NorthEuralex Italic	SEVENTY_3211	PORTUGUESE	SPANISH	malign (distfeat+boot)	1.0000	1.0000	1.0000	1.0000	ok
NorthEuralex Italic	WARM_4216	CATALAN	LATIN	malign (distfeat+boot)	0.7143	0.7143	0.7143	0.7143	ok
NorthEuralex Italic	SING_3331	PORTUGUESE	SPANISH	malign (distfeat+boot)	0.6667	0.6667	0.6667	0.6667	ok
NorthEuralex Italic	JUMP_2107	PORTUGUESE	SPANISH	malign (distfeat+boot)	1.0000	1.0000	1.0000	1.0000	ok
NorthEuralex Italic	END_(OF_SPACE)_1299	ITALIAN	ROMANIAN	malign (distfeat+boot)	1.0000	1.0000	1.0000	1.0000	ok
NorthEuralex Italic	AMOUNT_149	ITALIAN	ROMANIAN	malign (distfeat+boot)	1.0000	1.0000	1.0000	1.0000	ok
NorthEuralex Italic	CURRENT_(STREAM)_969	PORTUGUESE	ROMANIAN	malign (distfeat+boot)	1.0000	1.0000	1.0000	1.0000	ok
NorthEuralex Italic	SPIRIT_3545	ITALIAN	PORTUGUESE	malign (distfeat+boot)	1.0000	1.0000	1.0000	1.0000	ok
NorthEuralex Italic	HEIGHT_1898	CATALAN	ITALIAN	malign (distfeat+boot)					skipped
NorthEuralex Italic	FLY_(INSECT)_1504	ITALIAN	ROMANIAN	malign (distfeat+boot)	1.0000	1.0000	1.0000	1.0000	ok
NorthEuralex Italic	YOU_4433	LATIN	ROMANIAN	malign (distfeat+boot)					skipped
NorthEuralex Italic	THREE_3957	CATALAN	ITALIAN	malign (distfeat+boot)	1.0000	1.0000	1.0000	1.0000	ok
NorthEuralex Italic	BREAK_(CLEAVE)_563	PORTUGUESE	SPANISH	malign (distfeat+boot)	1.0000	1.0000	1.0000	1.0000	ok
NorthEuralex Italic	KNOT_2163	ITALIAN	LATIN	malign (distfeat+boot)	1.0000	1.0000	1.0000	1.0000	ok
NorthEuralex Italic	DESTROY_1069	ROMANIAN	SPANISH	malign (distfeat+boot)					skipped
NorthEuralex Italic	THEY_3900	CATALAN	FRENCH	malign (distfeat+boot)	1.0000	1.0000	1.0000	1.0000	ok
NorthEuralex Italic	DRESS_UP_1629	CATALAN	SPANISH	malign (distfeat+boot)	1.0000	1.0000	1.0000	1.0000	ok
NorthEuralex Italic	THREE_3957	CATALAN	LATIN	malign (distfeat+boot)	1.0000	1.0000	1.0000	1.0000	ok
NorthEuralex Italic	OPEN_2694	ITALIAN	PORTUGUESE	malign (distfeat+boot)	1.0000	1.0000	1.0000	1.0000	ok
NorthEuralex Italic	SWAMP_3752	PORTUGUESE	SPANISH	malign (distfeat+boot)	0.7143	0.7143	0.7143	0.7143	ok
NorthEuralex Italic	WHITE_4313	PORTUGUESE	SPANISH	malign (distfeat+boot)	0.6667	0.6667	0.6667	0.6667	ok
NorthEuralex Italic	SPRINGTIME_3565	PORTUGUESE	ROMANIAN	malign (distfeat+boot)	1.0000	1.0000	1.0000	1.0000	ok
NorthEuralex Italic	SWINDLE_738	ITALIAN	LATIN	malign (distfeat+boot)	0.7500	0.7500	0.7500	0.7500	ok
NorthEuralex Italic	FAULT_1398	ITALIAN	LATIN	malign (distfeat+boot)	1.0000	1.0000	1.0000	1.0000	ok
NorthEuralex Italic	TOUCH_4029	CATALAN	LATIN	malign (distfeat+boot)	0.4286	0.4286	0.4286	0.4286	ok
NorthEuralex Italic	TASTE_1477	FRENCH	ITALIAN	malign (distfeat+boot)	1.0000	1.0000	1.0000	1.0000	ok
NorthEuralex Italic	LEAF_2217	ITALIAN	PORTUGUESE	malign (distfeat+boot)	1.0000	1.0000	1.0000	1.0000	ok
NorthEuralex Italic	KING_2131	FRENCH	SPANISH	malign (distfeat+boot)					skipped
NorthEuralex Italic	MEASURE_2395	LATIN	PORTUGUESE	malign (distfeat+boot)	1.0000	1.0000	1.0000	1.0000	ok
NorthEuralex Italic	TWO_4115	CATALAN	ROMANIAN	malign (distfeat+boot)					skipped
NorthEuralex Italic	IRON_2079	ITALIAN	LATIN	malign (distfeat+boot)	1.0000	1.0000	1.0000	1.0000	ok
NorthEuralex Italic	MASTER_2373	LATIN	ROMANIAN	malign (distfeat+boot)	1.0000	1.0000	1.0000	1.0000	ok
NorthEuralex Italic	STUPID_3698	CATALAN	PORTUGUESE	malign (distfeat+boot)	1.0000	1.0000	1.0000	1.0000	ok
NorthEuralex Italic	CLAY_801	ITALIAN	PORTUGUESE	malign (distfeat+boot)	1.0000	1.0000	1.0000	1.0000	ok
NorthEuralex Italic	MISTAKE_2454	FRENCH	ITALIAN	malign (distfeat+boot)	1.0000	1.0000	1.0000	1.0000	ok
NorthEuralex Italic	IDOL_1427	CATALAN	ITALIAN	malign (distfeat+boot)	1.0000	1.0000	1.0000	1.0000	ok
NorthEuralex Italic	MAKE_2366	LATIN	PORTUGUESE	malign (distfeat+boot)	1.0000	1.0000	1.0000	1.0000	ok
NorthEuralex Italic	PINE_2813	PORTUGUESE	ROMANIAN	malign (distfeat+boot)	1.0000	1.0000	1.0000	1.0000	ok
NorthEuralex Italic	OWN_2714	PORTUGUESE	ROMANIAN	malign (distfeat+boot)					skipped
NorthEuralex Italic	CLOUD_853	PORTUGUESE	SPANISH	malign (distfeat+boot)	1.0000	1.0000	1.0000	1.0000	ok
NorthEuralex Italic	DYE_1233	LATIN	SPANISH	malign (distfeat+boot)	0.7143	0.7143	0.7143	0.7143	ok
NorthEuralex Italic	EVENING_1321	FRENCH	ITALIAN	malign (distfeat+boot)					skipped
NorthEuralex Italic	HUNDRED_68	CATALAN	ITALIAN	malign (distfeat+boot)	1.0000	1.0000	1.0000	1.0000	ok
NorthEuralex Italic	SEPTEMBER_49	LATIN	SPANISH	malign (distfeat+boot)	1.0000	1.0000	1.0000	1.0000	ok
NorthEuralex Italic	FACE_1348	CATALAN	PORTUGUESE	malign (distfeat+boot)	1.0000	1.0000	1.0000	1.0000	ok
NorthEuralex Italic	HARD_1842	ROMANIAN	SPANISH	malign (distfeat+boot)	1.0000	1.0000	1.0000	1.0000	ok
NorthEuralex Italic	CALCULATE_658	PORTUGUESE	ROMANIAN	malign (distfeat+boot)					skipped
NorthEuralex Italic	SOLID_1463	FRENCH	LATIN	malign (distfeat+boot)	1.0000	1.0000	1.0000	1.0000	ok
NorthEuralex Italic	SLEEP_3383	ITALIAN	ROMANIAN	malign (distfeat+boot)	1.0000	1.0000	1.0000	1.0000	ok
NorthEuralex Italic	PHYSICIAN_1134	ITALIAN	ROMANIAN	malign (distfeat+boot)	1.0000	1.0000	1.0000	1.0000	ok
NorthEuralex Italic	THROAT_3960	CATALAN	ITALIAN	malign (distfeat+boot)	1.0000	1.0000	1.0000	1.0000	ok
NorthEuralex Italic	SOLID_1464	CATALAN	PORTUGUESE	malign (distfeat+boot)	1.0000	1.0000	1.0000	1.0000	ok
NorthEuralex Italic	BUTTON_652	ITALIAN	SPANISH	malign (distfeat+boot)	1.0000	1.0000	1.0000	1.0000	ok
NorthEuralex Italic	GROUND_1759	PORTUGUESE	SPANISH	malign (distfeat+boot)	0.6000	0.6000	0.6000	0.6000	ok
NorthEuralex Italic	SOUR_3486	ROMANIAN	SPANISH	malign (distfeat+boot)	1.0000	1.0000	1.0000	1.0000	ok
NorthEuralex Italic	SHARPEN_(SOMETHING)_3230	FRENCH	SPANISH	malign (distfeat+boot)	1.0000	1.0000	1.0000	1.0000	ok
NorthEuralex Italic	BEARD_336	FRENCH	SPANISH	malign (distfeat+boot)	1.0000	1.0000	1.0000	1.0000	ok
NorthEuralex Italic	SELL_3193	FRENCH	LATIN	malign (distfeat+boot)	1.0000	1.0000	1.0000	1.0000	ok
NorthEuralex Italic	TREE_4061	FRENCH	LATIN	malign (distfeat+boot)					skipped
NorthEuralex Italic	AND_151	CATALAN	SPANISH	malign (distfeat+boot)	1.0000	1.0000	1.0000	1.0000	ok
NorthEuralex Italic	RAW_2963	CATALAN	FRENCH	malign (distfeat+boot)	1.0000	1.0000	1.0000	1.0000	ok
NorthEuralex Italic	NAVEL_2548	ITALIAN	PORTUGUESE	malign (distfeat+boot)	0.7500	0.7500	0.7500	0.7500	ok
NorthEuralex Italic	SHEEP_3236	PORTUGUESE	SPANISH	malign (distfeat+boot)	1.0000	1.0000	1.0000	1.0000	ok
NorthEuralex Italic	SOUP_3480	CATALAN	PORTUGUESE	malign (distfeat+boot)	1.0000	1.0000	1.0000	1.0000	ok
NorthEuralex Italic	HERE_1922	CATALAN	SPANISH	malign (distfeat+boot)	1.0000	1.0000	1.0000	1.0000	ok
NorthEuralex Italic	VEIN_4149	LATIN	PORTUGUESE	malign (distfeat+boot)	1.0000	1.0000	1.0000	1.0000	ok
NorthEuralex Italic	HEIGHT_1898	ITALIAN	SPANISH	malign (distfeat+boot)					skipped
NorthEuralex Italic	MARCH_33	FRENCH	ROMANIAN	malign (distfeat+boot)	0.6667	0.6667	0.6667	0.6667	ok
NorthEuralex Italic	STREAM_(FLOW_CONTINUOUSLY)_3673	CATALAN	FRENCH	malign (distfeat+boot)					skipped
NorthEuralex Italic	BE_ALIVE_2315	LATIN	SPANISH	malign (distfeat+boot)	1.0000	1.0000	1.0000	1.0000	ok
NorthEuralex Italic	SHAKE_3219	CATALAN	ITALIAN	malign (distfeat+boot)	0.7143	0.7143	0.7143	0.7143	ok
NorthEuralex Italic	PIT_(POTHOLE)_2818	FRENCH	SPANISH	malign (distfeat+boot)	1.0000	1.0000	1.0000	1.0000	ok
NorthEuralex Italic	SKIN_3370	ROMANIAN	SPANISH	malign (distfeat+boot)	1.0000	1.0000	1.0000	1.0000	ok
NorthEuralex Italic	FINE_OR_THIN_1042	ROMANIAN	SPANISH	malign (distfeat+boot)	1.0000	1.0000	1.0000	1.0000	ok
NorthEuralex Italic	THROW_3967	FRENCH	SPANISH	malign (distfeat+boot)	0.6667	0.6667	0.6667	0.6667	ok
NorthEuralex Italic	DISH_1108	LATIN	ROMANIAN	malign (distfeat+boot)	1.0000	1.0000	1.0000	1.0000	ok
Lexibank Turkish-Azeri	savelyevturkic_739	Turkish	Azeri	LingPy SCA	1.0000	1.0000	1.0000	1.0000	ok
Lexibank Turkish-Azeri	savelyevturkic_90	Turkish	Azeri	LingPy SCA	1.0000	1.0000	1.0000	1.0000	ok
Lexibank Turkish-Azeri	savelyevturkic_410	Turkish	Azeri	LingPy SCA	1.0000	1.0000	1.0000	1.0000	ok
Lexibank Turkish-Azeri	savelyevturkic_95	Turkish	Azeri	LingPy SCA	1.0000	1.0000	1.0000	1.0000	ok
Lexibank Turkish-Azeri	savelyevturkic_442	Turkish	Azeri	LingPy SCA					skipped
Lexibank Turkish-Azeri	savelyevturkic_63	Turkish	Azeri	LingPy SCA	1.0000	1.0000	1.0000	1.0000	ok
Lexibank Turkish-Azeri	savelyevturkic_640	Turkish	Azeri	LingPy SCA					skipped
Lexibank Turkish-Azeri	savelyevturkic_744	Turkish	Azeri	LingPy SCA					skipped
Lexibank Turkish-Azeri	savelyevturkic_751	Turkish	Azeri	LingPy SCA	1.0000	1.0000	1.0000	1.0000	ok
Lexibank Turkish-Azeri	savelyevturkic_247	Turkish	Azeri	LingPy SCA	1.0000	1.0000	1.0000	1.0000	ok
Lexibank Turkish-Azeri	savelyevturkic_289	Turkish	Azeri	LingPy SCA					skipped
Lexibank Turkish-Azeri	savelyevturkic_491	Turkish	Azeri	LingPy SCA	1.0000	1.0000	1.0000	1.0000	ok
Lexibank Turkish-Azeri	savelyevturkic_488	Turkish	Azeri	LingPy SCA	1.0000	1.0000	1.0000	1.0000	ok
Lexibank Turkish-Azeri	savelyevturkic_154	Turkish	Azeri	LingPy SCA	1.0000	1.0000	1.0000	1.0000	ok
Lexibank Turkish-Azeri	savelyevturkic_152	Turkish	Azeri	LingPy SCA	1.0000	1.0000	1.0000	1.0000	ok
Lexibank Turkish-Azeri	savelyevturkic_754	Turkish	Azeri	LingPy SCA					skipped
Lexibank Turkish-Azeri	savelyevturkic_161	Turkish	Azeri	LingPy SCA					skipped
Lexibank Turkish-Azeri	savelyevturkic_169	Turkish	Azeri	LingPy SCA	1.0000	1.0000	1.0000	1.0000	ok
Lexibank Turkish-Azeri	savelyevturkic_624	Turkish	Azeri	LingPy SCA	1.0000	1.0000	1.0000	1.0000	ok
Lexibank Turkish-Azeri	savelyevturkic_93	Turkish	Azeri	LingPy SCA	1.0000	1.0000	1.0000	1.0000	ok
Lexibank Turkish-Azeri	savelyevturkic_660	Turkish	Azeri	LingPy SCA	1.0000	1.0000	1.0000	1.0000	ok
Lexibank Turkish-Azeri	savelyevturkic_755	Turkish	Azeri	LingPy SCA	1.0000	1.0000	1.0000	1.0000	ok
Lexibank Turkish-Azeri	savelyevturkic_217	Turkish	Azeri	LingPy SCA	1.0000	1.0000	1.0000	1.0000	ok
Lexibank Turkish-Azeri	savelyevturkic_545	Turkish	Azeri	LingPy SCA	1.0000	1.0000	1.0000	1.0000	ok
Lexibank Turkish-Azeri	savelyevturkic_34	Turkish	Azeri	LingPy SCA	1.0000	1.0000	1.0000	1.0000	ok
Lexibank Turkish-Azeri	savelyevturkic_522	Turkish	Azeri	LingPy SCA					skipped
Lexibank Turkish-Azeri	savelyevturkic_384	Turkish	Azeri	LingPy SCA	1.0000	1.0000	1.0000	1.0000	ok
Lexibank Turkish-Azeri	savelyevturkic_37	Turkish	Azeri	LingPy SCA	1.0000	1.0000	1.0000	1.0000	ok
Lexibank Turkish-Azeri	savelyevturkic_480	Turkish	Azeri	LingPy SCA	1.0000	1.0000	1.0000	1.0000	ok
Lexibank Turkish-Azeri	savelyevturkic_762	Turkish	Azeri	LingPy SCA	1.0000	1.0000	1.0000	1.0000	ok
Lexibank Turkish-Azeri	savelyevturkic_562	Turkish	Azeri	LingPy SCA					skipped
Lexibank Turkish-Azeri	savelyevturkic_301	Turkish	Azeri	LingPy SCA	1.0000	1.0000	1.0000	1.0000	ok
Lexibank Turkish-Azeri	savelyevturkic_9	Turkish	Azeri	LingPy SCA	1.0000	1.0000	1.0000	1.0000	ok
Lexibank Turkish-Azeri	savelyevturkic_33	Turkish	Azeri	LingPy SCA	1.0000	1.0000	1.0000	1.0000	ok
Lexibank Turkish-Azeri	savelyevturkic_763	Turkish	Azeri	LingPy SCA	1.0000	1.0000	1.0000	1.0000	ok
Lexibank Turkish-Azeri	savelyevturkic_108	Turkish	Azeri	LingPy SCA	1.0000	1.0000	1.0000	1.0000	ok
Lexibank Turkish-Azeri	savelyevturkic_115	Turkish	Azeri	LingPy SCA	1.0000	1.0000	1.0000	1.0000	ok
Lexibank Turkish-Azeri	savelyevturkic_769	Turkish	Azeri	LingPy SCA	1.0000	1.0000	1.0000	1.0000	ok
Lexibank Turkish-Azeri	savelyevturkic_51	Turkish	Azeri	LingPy SCA	1.0000	1.0000	1.0000	1.0000	ok
Lexibank Turkish-Azeri	savelyevturkic_142	Turkish	Azeri	LingPy SCA	1.0000	1.0000	1.0000	1.0000	ok
Lexibank Turkish-Azeri	savelyevturkic_47	Turkish	Azeri	LingPy SCA	1.0000	1.0000	1.0000	1.0000	ok
Lexibank Turkish-Azeri	savelyevturkic_3	Turkish	Azeri	LingPy SCA	1.0000	1.0000	1.0000	1.0000	ok
Lexibank Turkish-Azeri	savelyevturkic_148	Turkish	Azeri	LingPy SCA	1.0000	1.0000	1.0000	1.0000	ok
Lexibank Turkish-Azeri	savelyevturkic_80	Turkish	Azeri	LingPy SCA	1.0000	1.0000	1.0000	1.0000	ok
Lexibank Turkish-Azeri	savelyevturkic_661	Turkish	Azeri	LingPy SCA					skipped
Lexibank Turkish-Azeri	savelyevturkic_612	Turkish	Azeri	LingPy SCA	1.0000	1.0000	1.0000	1.0000	ok
Lexibank Turkish-Azeri	savelyevturkic_398	Turkish	Azeri	LingPy SCA	1.0000	1.0000	1.0000	1.0000	ok
Lexibank Turkish-Azeri	savelyevturkic_441	Turkish	Azeri	LingPy SCA					skipped
Lexibank Turkish-Azeri	savelyevturkic_405	Turkish	Azeri	LingPy SCA	1.0000	1.0000	1.0000	1.0000	ok
Lexibank Turkish-Azeri	savelyevturkic_772	Turkish	Azeri	LingPy SCA	1.0000	1.0000	1.0000	1.0000	ok
Lexibank Turkish-Azeri	savelyevturkic_610	Turkish	Azeri	LingPy SCA	1.0000	1.0000	1.0000	1.0000	ok
Lexibank Turkish-Azeri	savelyevturkic_28	Turkish	Azeri	LingPy SCA					skipped
Lexibank Turkish-Azeri	savelyevturkic_339	Turkish	Azeri	LingPy SCA					skipped
Lexibank Turkish-Azeri	savelyevturkic_447	Turkish	Azeri	LingPy SCA	1.0000	1.0000	1.0000	1.0000	ok
Lexibank Turkish-Azeri	savelyevturkic_675	Turkish	Azeri	LingPy SCA	1.0000	1.0000	1.0000	1.0000	ok
Lexibank Turkish-Azeri	savelyevturkic_323	Turkish	Azeri	LingPy SCA	1.0000	1.0000	1.0000	1.0000	ok
Lexibank Turkish-Azeri	savelyevturkic_631	Turkish	Azeri	LingPy SCA					skipped
Lexibank Turkish-Azeri	savelyevturkic_21	Turkish	Azeri	LingPy SCA	1.0000	1.0000	1.0000	1.0000	ok
Lexibank Turkish-Azeri	savelyevturkic_267	Turkish	Azeri	LingPy SCA	1.0000	1.0000	1.0000	1.0000	ok
Lexibank Turkish-Azeri	savelyevturkic_795	Turkish	Azeri	LingPy SCA					skipped
Lexibank Turkish-Azeri	savelyevturkic_279	Turkish	Azeri	LingPy SCA	1.0000	1.0000	1.0000	1.0000	ok
Lexibank Turkish-Azeri	savelyevturkic_158	Turkish	Azeri	LingPy SCA	1.0000	1.0000	1.0000	1.0000	ok
Lexibank Turkish-Azeri	savelyevturkic_424	Turkish	Azeri	LingPy SCA	1.0000	1.0000	1.0000	1.0000	ok
Lexibank Turkish-Azeri	savelyevturkic_69	Turkish	Azeri	LingPy SCA	1.0000	1.0000	1.0000	1.0000	ok
Lexibank Turkish-Azeri	savelyevturkic_70	Turkish	Azeri	LingPy SCA	1.0000	1.0000	1.0000	1.0000	ok
Lexibank Turkish-Azeri	savelyevturkic_565	Turkish	Azeri	LingPy SCA	1.0000	1.0000	1.0000	1.0000	ok
Lexibank Turkish-Azeri	savelyevturkic_798	Turkish	Azeri	LingPy SCA	1.0000	1.0000	1.0000	1.0000	ok
Lexibank Turkish-Azeri	savelyevturkic_260	Turkish	Azeri	LingPy SCA					skipped
Lexibank Turkish-Azeri	savelyevturkic_484	Turkish	Azeri	LingPy SCA	1.0000	1.0000	1.0000	1.0000	ok
Lexibank Turkish-Azeri	savelyevturkic_273	Turkish	Azeri	LingPy SCA	1.0000	1.0000	1.0000	1.0000	ok
Lexibank Turkish-Azeri	savelyevturkic_804	Turkish	Azeri	LingPy SCA	1.0000	1.0000	1.0000	1.0000	ok
Lexibank Turkish-Azeri	savelyevturkic_78	Turkish	Azeri	LingPy SCA	1.0000	1.0000	1.0000	1.0000	ok
Lexibank Turkish-Azeri	savelyevturkic_305	Turkish	Azeri	LingPy SCA	1.0000	1.0000	1.0000	1.0000	ok
Lexibank Turkish-Azeri	savelyevturkic_182	Turkish	Azeri	LingPy SCA	1.0000	1.0000	1.0000	1.0000	ok
Lexibank Turkish-Azeri	savelyevturkic_817	Turkish	Azeri	LingPy SCA					skipped
Lexibank Turkish-Azeri	savelyevturkic_280	Turkish	Azeri	LingPy SCA					skipped
Lexibank Turkish-Azeri	savelyevturkic_823	Turkish	Azeri	LingPy SCA	1.0000	1.0000	1.0000	1.0000	ok
Lexibank Turkish-Azeri	savelyevturkic_355	Turkish	Azeri	LingPy SCA	1.0000	1.0000	1.0000	1.0000	ok
Lexibank Turkish-Azeri	savelyevturkic_275	Turkish	Azeri	LingPy SCA	1.0000	1.0000	1.0000	1.0000	ok
Lexibank Turkish-Azeri	savelyevturkic_834	Turkish	Azeri	LingPy SCA	1.0000	1.0000	1.0000	1.0000	ok
Lexibank Turkish-Azeri	savelyevturkic_541	Turkish	Azeri	LingPy SCA	1.0000	1.0000	1.0000	1.0000	ok
Lexibank Turkish-Azeri	savelyevturkic_166	Turkish	Azeri	LingPy SCA	1.0000	1.0000	1.0000	1.0000	ok
Lexibank Turkish-Azeri	savelyevturkic_167	Turkish	Azeri	LingPy SCA	1.0000	1.0000	1.0000	1.0000	ok
Lexibank Turkish-Azeri	savelyevturkic_651	Turkish	Azeri	LingPy SCA	1.0000	1.0000	1.0000	1.0000	ok
Lexibank Turkish-Azeri	savelyevturkic_835	Turkish	Azeri	LingPy SCA					skipped
Lexibank Turkish-Azeri	savelyevturkic_109	Turkish	Azeri	LingPy SCA	1.0000	1.0000	1.0000	1.0000	ok
Lexibank Turkish-Azeri	savelyevturkic_288	Turkish	Azeri	LingPy SCA	1.0000	1.0000	1.0000	1.0000	ok
Lexibank Turkish-Azeri	savelyevturkic_66	Turkish	Azeri	LingPy SCA	1.0000	1.0000	1.0000	1.0000	ok
Lexibank Turkish-Azeri	savelyevturkic_307	Turkish	Azeri	LingPy SCA	1.0000	1.0000	1.0000	1.0000	ok
Lexibank Turkish-Azeri	savelyevturkic_849	Turkish	Azeri	LingPy SCA	1.0000	1.0000	1.0000	1.0000	ok
Lexibank Turkish-Azeri	savelyevturkic_187	Turkish	Azeri	LingPy SCA	1.0000	1.0000	1.0000	1.0000	ok
Lexibank Turkish-Azeri	savelyevturkic_571	Turkish	Azeri	LingPy SCA					skipped
Lexibank Turkish-Azeri	savelyevturkic_527	Turkish	Azeri	LingPy SCA	1.0000	1.0000	1.0000	1.0000	ok
Lexibank Turkish-Azeri	savelyevturkic_851	Turkish	Azeri	LingPy SCA	1.0000	1.0000	1.0000	1.0000	ok
Lexibank Turkish-Azeri	savelyevturkic_855	Turkish	Azeri	LingPy SCA	1.0000	1.0000	1.0000	1.0000	ok
Lexibank Turkish-Azeri	savelyevturkic_248	Turkish	Azeri	LingPy SCA	1.0000	1.0000	1.0000	1.0000	ok
Lexibank Turkish-Azeri	savelyevturkic_665	Turkish	Azeri	LingPy SCA	1.0000	1.0000	1.0000	1.0000	ok
Lexibank Turkish-Azeri	savelyevturkic_67	Turkish	Azeri	LingPy SCA					skipped
Lexibank Turkish-Azeri	savelyevturkic_362	Turkish	Azeri	LingPy SCA	1.0000	1.0000	1.0000	1.0000	ok
Lexibank Turkish-Azeri	savelyevturkic_557	Turkish	Azeri	LingPy SCA	1.0000	1.0000	1.0000	1.0000	ok
Lexibank Turkish-Azeri	savelyevturkic_512	Turkish	Azeri	LingPy SCA	1.0000	1.0000	1.0000	1.0000	ok
Lexibank Turkish-Azeri	savelyevturkic_862	Turkish	Azeri	LingPy SCA	1.0000	1.0000	1.0000	1.0000	ok
Lexibank Turkish-Azeri	savelyevturkic_214	Turkish	Azeri	LingPy SCA	1.0000	1.0000	1.0000	1.0000	ok
Lexibank Turkish-Azeri	savelyevturkic_461	Turkish	Azeri	LingPy SCA	1.0000	1.0000	1.0000	1.0000	ok
Lexibank Turkish-Azeri	savelyevturkic_868	Turkish	Azeri	LingPy SCA	1.0000	1.0000	1.0000	1.0000	ok
Lexibank Turkish-Azeri	savelyevturkic_96	Turkish	Azeri	LingPy SCA	1.0000	1.0000	1.0000	1.0000	ok
Lexibank Turkish-Azeri	savelyevturkic_321	Turkish	Azeri	LingPy SCA					skipped
Lexibank Turkish-Azeri	savelyevturkic_106	Turkish	Azeri	LingPy SCA	1.0000	1.0000	1.0000	1.0000	ok
Lexibank Turkish-Azeri	savelyevturkic_501	Turkish	Azeri	LingPy SCA	1.0000	1.0000	1.0000	1.0000	ok
Lexibank Turkish-Azeri	savelyevturkic_314	Turkish	Azeri	LingPy SCA	1.0000	1.0000	1.0000	1.0000	ok
Lexibank Turkish-Azeri	savelyevturkic_257	Turkish	Azeri	LingPy SCA	1.0000	1.0000	1.0000	1.0000	ok
Lexibank Turkish-Azeri	savelyevturkic_786	Turkish	Azeri	LingPy SCA					skipped
Lexibank Turkish-Azeri	savelyevturkic_12	Turkish	Azeri	LingPy SCA	1.0000	1.0000	1.0000	1.0000	ok
Lexibank Turkish-Azeri	savelyevturkic_72	Turkish	Azeri	LingPy SCA	1.0000	1.0000	1.0000	1.0000	ok
Lexibank Turkish-Azeri	savelyevturkic_872	Turkish	Azeri	LingPy SCA					skipped
Lexibank Turkish-Azeri	savelyevturkic_878	Turkish	Azeri	LingPy SCA	1.0000	1.0000	1.0000	1.0000	ok
Lexibank Turkish-Azeri	savelyevturkic_348	Turkish	Azeri	LingPy SCA	1.0000	1.0000	1.0000	1.0000	ok
Lexibank Turkish-Azeri	savelyevturkic_884	Turkish	Azeri	LingPy SCA	1.0000	1.0000	1.0000	1.0000	ok
Lexibank Turkish-Azeri	savelyevturkic_885	Turkish	Azeri	LingPy SCA	1.0000	1.0000	1.0000	1.0000	ok
Lexibank Turkish-Azeri	savelyevturkic_8	Turkish	Azeri	LingPy SCA	1.0000	1.0000	1.0000	1.0000	ok
Lexibank Turkish-Azeri	savelyevturkic_380	Turkish	Azeri	LingPy SCA	1.0000	1.0000	1.0000	1.0000	ok
Lexibank Turkish-Azeri	savelyevturkic_129	Turkish	Azeri	LingPy SCA	1.0000	1.0000	1.0000	1.0000	ok
Lexibank Turkish-Azeri	savelyevturkic_218	Turkish	Azeri	LingPy SCA	1.0000	1.0000	1.0000	1.0000	ok
Lexibank Turkish-Azeri	savelyevturkic_220	Turkish	Azeri	LingPy SCA					skipped
Lexibank Turkish-Azeri	savelyevturkic_436	Turkish	Azeri	LingPy SCA					skipped
Lexibank Turkish-Azeri	savelyevturkic_81	Turkish	Azeri	LingPy SCA	1.0000	1.0000	1.0000	1.0000	ok
Lexibank Turkish-Azeri	savelyevturkic_283	Turkish	Azeri	LingPy SCA	1.0000	1.0000	1.0000	1.0000	ok
Lexibank Turkish-Azeri	savelyevturkic_35	Turkish	Azeri	LingPy SCA	1.0000	1.0000	1.0000	1.0000	ok
Lexibank Turkish-Azeri	savelyevturkic_900	Turkish	Azeri	LingPy SCA	1.0000	1.0000	1.0000	1.0000	ok
Lexibank Turkish-Azeri	savelyevturkic_589	Turkish	Azeri	LingPy SCA	1.0000	1.0000	1.0000	1.0000	ok
Lexibank Turkish-Azeri	savelyevturkic_905	Turkish	Azeri	LingPy SCA	1.0000	1.0000	1.0000	1.0000	ok
Lexibank Turkish-Azeri	savelyevturkic_906	Turkish	Azeri	LingPy SCA	1.0000	1.0000	1.0000	1.0000	ok
Lexibank Turkish-Azeri	savelyevturkic_360	Turkish	Azeri	LingPy SCA	1.0000	1.0000	1.0000	1.0000	ok
Lexibank Turkish-Azeri	savelyevturkic_908	Turkish	Azeri	LingPy SCA	1.0000	1.0000	1.0000	1.0000	ok
Lexibank Turkish-Azeri	savelyevturkic_102	Turkish	Azeri	LingPy SCA	0.6000	0.6000	0.6000	0.6000	ok
Lexibank Turkish-Azeri	savelyevturkic_349	Turkish	Azeri	LingPy SCA	1.0000	1.0000	1.0000	1.0000	ok
Lexibank Turkish-Azeri	savelyevturkic_581	Turkish	Azeri	LingPy SCA	1.0000	1.0000	1.0000	1.0000	ok
Lexibank Turkish-Azeri	savelyevturkic_331	Turkish	Azeri	LingPy SCA	1.0000	1.0000	1.0000	1.0000	ok
Lexibank Turkish-Azeri	savelyevturkic_642	Turkish	Azeri	LingPy SCA	1.0000	1.0000	1.0000	1.0000	ok
Lexibank Turkish-Azeri	savelyevturkic_25	Turkish	Azeri	LingPy SCA	1.0000	1.0000	1.0000	1.0000	ok
Lexibank Turkish-Azeri	savelyevturkic_891	Turkish	Azeri	LingPy SCA	1.0000	1.0000	1.0000	1.0000	ok
Lexibank Turkish-Azeri	savelyevturkic_681	Turkish	Azeri	LingPy SCA	1.0000	1.0000	1.0000	1.0000	ok
Lexibank Turkish-Azeri	savelyevturkic_143	Turkish	Azeri	LingPy SCA	1.0000	1.0000	1.0000	1.0000	ok
Lexibank Turkish-Azeri	savelyevturkic_399	Turkish	Azeri	LingPy SCA	1.0000	1.0000	1.0000	1.0000	ok
Lexibank Turkish-Azeri	savelyevturkic_524	Turkish	Azeri	LingPy SCA					skipped
Lexibank Turkish-Azeri	savelyevturkic_395	Turkish	Azeri	LingPy SCA					skipped
Lexibank Turkish-Azeri	savelyevturkic_359	Turkish	Azeri	LingPy SCA	1.0000	1.0000	1.0000	1.0000	ok
Lexibank Turkish-Azeri	savelyevturkic_449	Turkish	Azeri	LingPy SCA	1.0000	1.0000	1.0000	1.0000	ok
Lexibank Turkish-Azeri	savelyevturkic_31	Turkish	Azeri	LingPy SCA	1.0000	1.0000	1.0000	1.0000	ok
Lexibank Turkish-Azeri	savelyevturkic_24	Turkish	Azeri	LingPy SCA					skipped
Lexibank Turkish-Azeri	savelyevturkic_459	Turkish	Azeri	LingPy SCA	1.0000	1.0000	1.0000	1.0000	ok
Lexibank Turkish-Azeri	savelyevturkic_682	Turkish	Azeri	LingPy SCA	1.0000	1.0000	1.0000	1.0000	ok
Lexibank Turkish-Azeri	savelyevturkic_586	Turkish	Azeri	LingPy SCA	1.0000	1.0000	1.0000	1.0000	ok
Lexibank Turkish-Azeri	savelyevturkic_294	Turkish	Azeri	LingPy SCA	1.0000	1.0000	1.0000	1.0000	ok
Lexibank Turkish-Azeri	savelyevturkic_255	Turkish	Azeri	LingPy SCA	1.0000	1.0000	1.0000	1.0000	ok
Lexibank Turkish-Azeri	savelyevturkic_560	Turkish	Azeri	LingPy SCA	1.0000	1.0000	1.0000	1.0000	ok
Lexibank Turkish-Azeri	savelyevturkic_475	Turkish	Azeri	LingPy SCA	1.0000	1.0000	1.0000	1.0000	ok
Lexibank Turkish-Azeri	savelyevturkic_596	Turkish	Azeri	LingPy SCA	1.0000	1.0000	1.0000	1.0000	ok
Lexibank Turkish-Azeri	savelyevturkic_683	Turkish	Azeri	LingPy SCA	1.0000	1.0000	1.0000	1.0000	ok
Lexibank Turkish-Azeri	savelyevturkic_911	Turkish	Azeri	LingPy SCA	1.0000	1.0000	1.0000	1.0000	ok
Lexibank Turkish-Azeri	savelyevturkic_438	Turkish	Azeri	LingPy SCA	1.0000	1.0000	1.0000	1.0000	ok
Lexibank Turkish-Azeri	savelyevturkic_57	Turkish	Azeri	LingPy SCA	1.0000	1.0000	1.0000	1.0000	ok
Lexibank Turkish-Azeri	savelyevturkic_105	Turkish	Azeri	LingPy SCA					skipped
Lexibank Turkish-Azeri	savelyevturkic_635	Turkish	Azeri	LingPy SCA	1.0000	1.0000	1.0000	1.0000	ok
Lexibank Turkish-Azeri	savelyevturkic_689	Turkish	Azeri	LingPy SCA	1.0000	1.0000	1.0000	1.0000	ok
Lexibank Turkish-Azeri	savelyevturkic_50	Turkish	Azeri	LingPy SCA	1.0000	1.0000	1.0000	1.0000	ok
Lexibank Turkish-Azeri	savelyevturkic_206	Turkish	Azeri	LingPy SCA	1.0000	1.0000	1.0000	1.0000	ok
Lexibank Turkish-Azeri	savelyevturkic_17	Turkish	Azeri	LingPy SCA	1.0000	1.0000	1.0000	1.0000	ok
Lexibank Turkish-Azeri	savelyevturkic_139	Turkish	Azeri	LingPy SCA	1.0000	1.0000	1.0000	1.0000	ok
Lexibank Turkish-Azeri	savelyevturkic_245	Turkish	Azeri	LingPy SCA	1.0000	1.0000	1.0000	1.0000	ok
Lexibank Turkish-Azeri	savelyevturkic_240	Turkish	Azeri	LingPy SCA	1.0000	1.0000	1.0000	1.0000	ok
Lexibank Turkish-Azeri	savelyevturkic_52	Turkish	Azeri	LingPy SCA	1.0000	1.0000	1.0000	1.0000	ok
Lexibank Turkish-Azeri	savelyevturkic_694	Turkish	Azeri	LingPy SCA	1.0000	1.0000	1.0000	1.0000	ok
Lexibank Turkish-Azeri	savelyevturkic_703	Turkish	Azeri	LingPy SCA					skipped
Lexibank Turkish-Azeri	savelyevturkic_453	Turkish	Azeri	LingPy SCA	1.0000	1.0000	1.0000	1.0000	ok
Lexibank Turkish-Azeri	savelyevturkic_606	Turkish	Azeri	LingPy SCA	1.0000	1.0000	1.0000	1.0000	ok
Lexibank Turkish-Azeri	savelyevturkic_707	Turkish	Azeri	LingPy SCA	1.0000	1.0000	1.0000	1.0000	ok
Lexibank Turkish-Azeri	savelyevturkic_82	Turkish	Azeri	LingPy SCA	1.0000	1.0000	1.0000	1.0000	ok
Lexibank Turkish-Azeri	savelyevturkic_445	Turkish	Azeri	LingPy SCA	1.0000	1.0000	1.0000	1.0000	ok
Lexibank Turkish-Azeri	savelyevturkic_98	Turkish	Azeri	LingPy SCA	1.0000	1.0000	1.0000	1.0000	ok
Lexibank Turkish-Azeri	savelyevturkic_718	Turkish	Azeri	LingPy SCA	1.0000	1.0000	1.0000	1.0000	ok
Lexibank Turkish-Azeri	savelyevturkic_516	Turkish	Azeri	LingPy SCA	1.0000	1.0000	1.0000	1.0000	ok
Lexibank Turkish-Azeri	savelyevturkic_719	Turkish	Azeri	LingPy SCA					skipped
Lexibank Turkish-Azeri	savelyevturkic_407	Turkish	Azeri	LingPy SCA					skipped
Lexibank Turkish-Azeri	savelyevturkic_468	Turkish	Azeri	LingPy SCA	1.0000	1.0000	1.0000	1.0000	ok
Lexibank Turkish-Azeri	savelyevturkic_599	Turkish	Azeri	LingPy SCA					skipped
Lexibank Turkish-Azeri	savelyevturkic_618	Turkish	Azeri	LingPy SCA	1.0000	1.0000	1.0000	1.0000	ok
Lexibank Turkish-Azeri	savelyevturkic_540	Turkish	Azeri	LingPy SCA	1.0000	1.0000	1.0000	1.0000	ok
Lexibank Turkish-Azeri	savelyevturkic_728	Turkish	Azeri	LingPy SCA	1.0000	1.0000	1.0000	1.0000	ok
Lexibank Turkish-Azeri	savelyevturkic_474	Turkish	Azeri	LingPy SCA	1.0000	1.0000	1.0000	1.0000	ok
Lexibank Turkish-Azeri	savelyevturkic_141	Turkish	Azeri	LingPy SCA	1.0000	1.0000	1.0000	1.0000	ok
Lexibank Turkish-Azeri	savelyevturkic_7	Turkish	Azeri	LingPy SCA					skipped
Lexibank Turkish-Azeri	savelyevturkic_327	Turkish	Azeri	LingPy SCA	1.0000	1.0000	1.0000	1.0000	ok
Lexibank Turkish-Azeri	savelyevturkic_197	Turkish	Azeri	LingPy SCA					skipped
Lexibank Turkish-Azeri	savelyevturkic_464	Turkish	Azeri	LingPy SCA	1.0000	1.0000	1.0000	1.0000	ok
Lexibank Turkish-Azeri	savelyevturkic_732	Turkish	Azeri	LingPy SCA	1.0000	1.0000	1.0000	1.0000	ok
Lexibank Turkish-Azeri	savelyevturkic_418	Turkish	Azeri	LingPy SCA	1.0000	1.0000	1.0000	1.0000	ok
Lexibank Turkish-Azeri	savelyevturkic_737	Turkish	Azeri	LingPy SCA	1.0000	1.0000	1.0000	1.0000	ok
Lexibank Turkish-Azeri	savelyevturkic_74	Turkish	Azeri	LingPy SCA					skipped
Lexibank Turkish-Azeri	savelyevturkic_421	Turkish	Azeri	LingPy SCA	1.0000	1.0000	1.0000	1.0000	ok
Lexibank Turkish-Azeri	savelyevturkic_163	Turkish	Azeri	LingPy SCA	1.0000	1.0000	1.0000	1.0000	ok
Lexibank Turkish-Azeri	savelyevturkic_199	Turkish	Azeri	LingPy SCA	1.0000	1.0000	1.0000	1.0000	ok
Lexibank Turkish-Azeri	savelyevturkic_38	Turkish	Azeri	LingPy SCA	1.0000	1.0000	1.0000	1.0000	ok
Lexibank Turkish-Azeri	savelyevturkic_39	Turkish	Azeri	LingPy SCA	1.0000	1.0000	1.0000	1.0000	ok
Lexibank Turkish-Azeri	savelyevturkic_739	Turkish	Azeri	malign (identity)	1.0000	1.0000	1.0000	1.0000	ok
Lexibank Turkish-Azeri	savelyevturkic_90	Turkish	Azeri	malign (identity)	1.0000	1.0000	1.0000	1.0000	ok
Lexibank Turkish-Azeri	savelyevturkic_410	Turkish	Azeri	malign (identity)	1.0000	1.0000	1.0000	1.0000	ok
Lexibank Turkish-Azeri	savelyevturkic_95	Turkish	Azeri	malign (identity)	1.0000	1.0000	1.0000	1.0000	ok
Lexibank Turkish-Azeri	savelyevturkic_442	Turkish	Azeri	malign (identity)					skipped
Lexibank Turkish-Azeri	savelyevturkic_63	Turkish	Azeri	malign (identity)	1.0000	1.0000	1.0000	1.0000	ok
Lexibank Turkish-Azeri	savelyevturkic_640	Turkish	Azeri	malign (identity)					skipped
Lexibank Turkish-Azeri	savelyevturkic_744	Turkish	Azeri	malign (identity)					skipped
Lexibank Turkish-Azeri	savelyevturkic_751	Turkish	Azeri	malign (identity)	1.0000	1.0000	1.0000	1.0000	ok
Lexibank Turkish-Azeri	savelyevturkic_247	Turkish	Azeri	malign (identity)	1.0000	1.0000	1.0000	1.0000	ok
Lexibank Turkish-Azeri	savelyevturkic_289	Turkish	Azeri	malign (identity)					skipped
Lexibank Turkish-Azeri	savelyevturkic_491	Turkish	Azeri	malign (identity)	1.0000	1.0000	1.0000	1.0000	ok
Lexibank Turkish-Azeri	savelyevturkic_488	Turkish	Azeri	malign (identity)	1.0000	1.0000	1.0000	1.0000	ok
Lexibank Turkish-Azeri	savelyevturkic_154	Turkish	Azeri	malign (identity)	1.0000	1.0000	1.0000	1.0000	ok
Lexibank Turkish-Azeri	savelyevturkic_152	Turkish	Azeri	malign (identity)	1.0000	1.0000	1.0000	1.0000	ok
Lexibank Turkish-Azeri	savelyevturkic_754	Turkish	Azeri	malign (identity)					skipped
Lexibank Turkish-Azeri	savelyevturkic_161	Turkish	Azeri	malign (identity)					skipped
Lexibank Turkish-Azeri	savelyevturkic_169	Turkish	Azeri	malign (identity)	0.5714	0.5714	0.5714	0.5714	ok
Lexibank Turkish-Azeri	savelyevturkic_624	Turkish	Azeri	malign (identity)	1.0000	1.0000	1.0000	1.0000	ok
Lexibank Turkish-Azeri	savelyevturkic_93	Turkish	Azeri	malign (identity)	1.0000	1.0000	1.0000	1.0000	ok
Lexibank Turkish-Azeri	savelyevturkic_660	Turkish	Azeri	malign (identity)	1.0000	1.0000	1.0000	1.0000	ok
Lexibank Turkish-Azeri	savelyevturkic_755	Turkish	Azeri	malign (identity)	1.0000	1.0000	1.0000	1.0000	ok
Lexibank Turkish-Azeri	savelyevturkic_217	Turkish	Azeri	malign (identity)	1.0000	1.0000	1.0000	1.0000	ok
Lexibank Turkish-Azeri	savelyevturkic_545	Turkish	Azeri	malign (identity)	1.0000	1.0000	1.0000	1.0000	ok
Lexibank Turkish-Azeri	savelyevturkic_34	Turkish	Azeri	malign (identity)	1.0000	1.0000	1.0000	1.0000	ok
Lexibank Turkish-Azeri	savelyevturkic_522	Turkish	Azeri	malign (identity)					skipped
Lexibank Turkish-Azeri	savelyevturkic_384	Turkish	Azeri	malign (identity)	1.0000	1.0000	1.0000	1.0000	ok
Lexibank Turkish-Azeri	savelyevturkic_37	Turkish	Azeri	malign (identity)	1.0000	1.0000	1.0000	1.0000	ok
Lexibank Turkish-Azeri	savelyevturkic_480	Turkish	Azeri	malign (identity)	1.0000	1.0000	1.0000	1.0000	ok
Lexibank Turkish-Azeri	savelyevturkic_762	Turkish	Azeri	malign (identity)	1.0000	1.0000	1.0000	1.0000	ok
Lexibank Turkish-Azeri	savelyevturkic_562	Turkish	Azeri	malign (identity)					skipped
Lexibank Turkish-Azeri	savelyevturkic_301	Turkish	Azeri	malign (identity)	1.0000	1.0000	1.0000	1.0000	ok
Lexibank Turkish-Azeri	savelyevturkic_9	Turkish	Azeri	malign (identity)	1.0000	1.0000	1.0000	1.0000	ok
Lexibank Turkish-Azeri	savelyevturkic_33	Turkish	Azeri	malign (identity)	1.0000	1.0000	1.0000	1.0000	ok
Lexibank Turkish-Azeri	savelyevturkic_763	Turkish	Azeri	malign (identity)	1.0000	1.0000	1.0000	1.0000	ok
Lexibank Turkish-Azeri	savelyevturkic_108	Turkish	Azeri	malign (identity)	1.0000	1.0000	1.0000	1.0000	ok
Lexibank Turkish-Azeri	savelyevturkic_115	Turkish	Azeri	malign (identity)	1.0000	1.0000	1.0000	1.0000	ok
Lexibank Turkish-Azeri	savelyevturkic_769	Turkish	Azeri	malign (identity)	1.0000	1.0000	1.0000	1.0000	ok
Lexibank Turkish-Azeri	savelyevturkic_51	Turkish	Azeri	malign (identity)	1.0000	1.0000	1.0000	1.0000	ok
Lexibank Turkish-Azeri	savelyevturkic_142	Turkish	Azeri	malign (identity)	1.0000	1.0000	1.0000	1.0000	ok
Lexibank Turkish-Azeri	savelyevturkic_47	Turkish	Azeri	malign (identity)	1.0000	1.0000	1.0000	1.0000	ok
Lexibank Turkish-Azeri	savelyevturkic_3	Turkish	Azeri	malign (identity)	1.0000	1.0000	1.0000	1.0000	ok
Lexibank Turkish-Azeri	savelyevturkic_148	Turkish	Azeri	malign (identity)	1.0000	1.0000	1.0000	1.0000	ok
Lexibank Turkish-Azeri	savelyevturkic_80	Turkish	Azeri	malign (identity)	1.0000	1.0000	1.0000	1.0000	ok
Lexibank Turkish-Azeri	savelyevturkic_661	Turkish	Azeri	malign (identity)					skipped
Lexibank Turkish-Azeri	savelyevturkic_612	Turkish	Azeri	malign (identity)	1.0000	1.0000	1.0000	1.0000	ok
Lexibank Turkish-Azeri	savelyevturkic_398	Turkish	Azeri	malign (identity)	1.0000	1.0000	1.0000	1.0000	ok
Lexibank Turkish-Azeri	savelyevturkic_441	Turkish	Azeri	malign (identity)					skipped
Lexibank Turkish-Azeri	savelyevturkic_405	Turkish	Azeri	malign (identity)	1.0000	1.0000	1.0000	1.0000	ok
Lexibank Turkish-Azeri	savelyevturkic_772	Turkish	Azeri	malign (identity)	1.0000	1.0000	1.0000	1.0000	ok
Lexibank Turkish-Azeri	savelyevturkic_610	Turkish	Azeri	malign (identity)	1.0000	1.0000	1.0000	1.0000	ok
Lexibank Turkish-Azeri	savelyevturkic_28	Turkish	Azeri	malign (identity)					skipped
Lexibank Turkish-Azeri	savelyevturkic_339	Turkish	Azeri	malign (identity)					skipped
Lexibank Turkish-Azeri	savelyevturkic_447	Turkish	Azeri	malign (identity)	1.0000	1.0000	1.0000	1.0000	ok
Lexibank Turkish-Azeri	savelyevturkic_675	Turkish	Azeri	malign (identity)	1.0000	1.0000	1.0000	1.0000	ok
Lexibank Turkish-Azeri	savelyevturkic_323	Turkish	Azeri	malign (identity)	1.0000	1.0000	1.0000	1.0000	ok
Lexibank Turkish-Azeri	savelyevturkic_631	Turkish	Azeri	malign (identity)					skipped
Lexibank Turkish-Azeri	savelyevturkic_21	Turkish	Azeri	malign (identity)	1.0000	1.0000	1.0000	1.0000	ok
Lexibank Turkish-Azeri	savelyevturkic_267	Turkish	Azeri	malign (identity)	1.0000	1.0000	1.0000	1.0000	ok
Lexibank Turkish-Azeri	savelyevturkic_795	Turkish	Azeri	malign (identity)					skipped
Lexibank Turkish-Azeri	savelyevturkic_279	Turkish	Azeri	malign (identity)	1.0000	1.0000	1.0000	1.0000	ok
Lexibank Turkish-Azeri	savelyevturkic_158	Turkish	Azeri	malign (identity)	1.0000	1.0000	1.0000	1.0000	ok
Lexibank Turkish-Azeri	savelyevturkic_424	Turkish	Azeri	malign (identity)	1.0000	1.0000	1.0000	1.0000	ok
Lexibank Turkish-Azeri	savelyevturkic_69	Turkish	Azeri	malign (identity)	1.0000	1.0000	1.0000	1.0000	ok
Lexibank Turkish-Azeri	savelyevturkic_70	Turkish	Azeri	malign (identity)	1.0000	1.0000	1.0000	1.0000	ok
Lexibank Turkish-Azeri	savelyevturkic_565	Turkish	Azeri	malign (identity)	1.0000	1.0000	1.0000	1.0000	ok
Lexibank Turkish-Azeri	savelyevturkic_798	Turkish	Azeri	malign (identity)	1.0000	1.0000	1.0000	1.0000	ok
Lexibank Turkish-Azeri	savelyevturkic_260	Turkish	Azeri	malign (identity)					skipped
Lexibank Turkish-Azeri	savelyevturkic_484	Turkish	Azeri	malign (identity)	1.0000	1.0000	1.0000	1.0000	ok
Lexibank Turkish-Azeri	savelyevturkic_273	Turkish	Azeri	malign (identity)	1.0000	1.0000	1.0000	1.0000	ok
Lexibank Turkish-Azeri	savelyevturkic_804	Turkish	Azeri	malign (identity)	1.0000	1.0000	1.0000	1.0000	ok
Lexibank Turkish-Azeri	savelyevturkic_78	Turkish	Azeri	malign (identity)	1.0000	1.0000	1.0000	1.0000	ok
Lexibank Turkish-Azeri	savelyevturkic_305	Turkish	Azeri	malign (identity)	1.0000	1.0000	1.0000	1.0000	ok
Lexibank Turkish-Azeri	savelyevturkic_182	Turkish	Azeri	malign (identity)	1.0000	1.0000	1.0000	1.0000	ok
Lexibank Turkish-Azeri	savelyevturkic_817	Turkish	Azeri	malign (identity)					skipped
Lexibank Turkish-Azeri	savelyevturkic_280	Turkish	Azeri	malign (identity)					skipped
Lexibank Turkish-Azeri	savelyevturkic_823	Turkish	Azeri	malign (identity)	1.0000	1.0000	1.0000	1.0000	ok
Lexibank Turkish-Azeri	savelyevturkic_355	Turkish	Azeri	malign (identity)	0.6000	0.6000	0.6000	0.6000	ok
Lexibank Turkish-Azeri	savelyevturkic_275	Turkish	Azeri	malign (identity)	1.0000	1.0000	1.0000	1.0000	ok
Lexibank Turkish-Azeri	savelyevturkic_834	Turkish	Azeri	malign (identity)	1.0000	1.0000	1.0000	1.0000	ok
Lexibank Turkish-Azeri	savelyevturkic_541	Turkish	Azeri	malign (identity)	1.0000	1.0000	1.0000	1.0000	ok
Lexibank Turkish-Azeri	savelyevturkic_166	Turkish	Azeri	malign (identity)	1.0000	1.0000	1.0000	1.0000	ok
Lexibank Turkish-Azeri	savelyevturkic_167	Turkish	Azeri	malign (identity)	0.5714	0.5714	0.5714	0.5714	ok
Lexibank Turkish-Azeri	savelyevturkic_651	Turkish	Azeri	malign (identity)	1.0000	1.0000	1.0000	1.0000	ok
Lexibank Turkish-Azeri	savelyevturkic_835	Turkish	Azeri	malign (identity)					skipped
Lexibank Turkish-Azeri	savelyevturkic_109	Turkish	Azeri	malign (identity)	1.0000	1.0000	1.0000	1.0000	ok
Lexibank Turkish-Azeri	savelyevturkic_288	Turkish	Azeri	malign (identity)	0.6667	0.6667	0.6667	0.6667	ok
Lexibank Turkish-Azeri	savelyevturkic_66	Turkish	Azeri	malign (identity)	1.0000	1.0000	1.0000	1.0000	ok
Lexibank Turkish-Azeri	savelyevturkic_307	Turkish	Azeri	malign (identity)	1.0000	1.0000	1.0000	1.0000	ok
Lexibank Turkish-Azeri	savelyevturkic_849	Turkish	Azeri	malign (identity)	1.0000	1.0000	1.0000	1.0000	ok
Lexibank Turkish-Azeri	savelyevturkic_187	Turkish	Azeri	malign (identity)	1.0000	1.0000	1.0000	1.0000	ok
Lexibank Turkish-Azeri	savelyevturkic_571	Turkish	Azeri	malign (identity)					skipped
Lexibank Turkish-Azeri	savelyevturkic_527	Turkish	Azeri	malign (identity)	1.0000	1.0000	1.0000	1.0000	ok
Lexibank Turkish-Azeri	savelyevturkic_851	Turkish	Azeri	malign (identity)	1.0000	1.0000	1.0000	1.0000	ok
Lexibank Turkish-Azeri	savelyevturkic_855	Turkish	Azeri	malign (identity)	1.0000	1.0000	1.0000	1.0000	ok
Lexibank Turkish-Azeri	savelyevturkic_248	Turkish	Azeri	malign (identity)	1.0000	1.0000	1.0000	1.0000	ok
Lexibank Turkish-Azeri	savelyevturkic_665	Turkish	Azeri	malign (identity)	1.0000	1.0000	1.0000	1.0000	ok
Lexibank Turkish-Azeri	savelyevturkic_67	Turkish	Azeri	malign (identity)					skipped
Lexibank Turkish-Azeri	savelyevturkic_362	Turkish	Azeri	malign (identity)	1.0000	1.0000	1.0000	1.0000	ok
Lexibank Turkish-Azeri	savelyevturkic_557	Turkish	Azeri	malign (identity)	1.0000	1.0000	1.0000	1.0000	ok
Lexibank Turkish-Azeri	savelyevturkic_512	Turkish	Azeri	malign (identity)	1.0000	1.0000	1.0000	1.0000	ok
Lexibank Turkish-Azeri	savelyevturkic_862	Turkish	Azeri	malign (identity)	1.0000	1.0000	1.0000	1.0000	ok
Lexibank Turkish-Azeri	savelyevturkic_214	Turkish	Azeri	malign (identity)	1.0000	1.0000	1.0000	1.0000	ok
Lexibank Turkish-Azeri	savelyevturkic_461	Turkish	Azeri	malign (identity)	1.0000	1.0000	1.0000	1.0000	ok
Lexibank Turkish-Azeri	savelyevturkic_868	Turkish	Azeri	malign (identity)	1.0000	1.0000	1.0000	1.0000	ok
Lexibank Turkish-Azeri	savelyevturkic_96	Turkish	Azeri	malign (identity)	1.0000	1.0000	1.0000	1.0000	ok
Lexibank Turkish-Azeri	savelyevturkic_321	Turkish	Azeri	malign (identity)					skipped
Lexibank Turkish-Azeri	savelyevturkic_106	Turkish	Azeri	malign (identity)	1.0000	1.0000	1.0000	1.0000	ok
Lexibank Turkish-Azeri	savelyevturkic_501	Turkish	Azeri	malign (identity)	1.0000	1.0000	1.0000	1.0000	ok
Lexibank Turkish-Azeri	savelyevturkic_314	Turkish	Azeri	malign (identity)	1.0000	1.0000	1.0000	1.0000	ok
Lexibank Turkish-Azeri	savelyevturkic_257	Turkish	Azeri	malign (identity)	1.0000	1.0000	1.0000	1.0000	ok
Lexibank Turkish-Azeri	savelyevturkic_786	Turkish	Azeri	malign (identity)					skipped
Lexibank Turkish-Azeri	savelyevturkic_12	Turkish	Azeri	malign (identity)	1.0000	1.0000	1.0000	1.0000	ok
Lexibank Turkish-Azeri	savelyevturkic_72	Turkish	Azeri	malign (identity)	1.0000	1.0000	1.0000	1.0000	ok
Lexibank Turkish-Azeri	savelyevturkic_872	Turkish	Azeri	malign (identity)					skipped
Lexibank Turkish-Azeri	savelyevturkic_878	Turkish	Azeri	malign (identity)	1.0000	1.0000	1.0000	1.0000	ok
Lexibank Turkish-Azeri	savelyevturkic_348	Turkish	Azeri	malign (identity)	1.0000	1.0000	1.0000	1.0000	ok
Lexibank Turkish-Azeri	savelyevturkic_884	Turkish	Azeri	malign (identity)	1.0000	1.0000	1.0000	1.0000	ok
Lexibank Turkish-Azeri	savelyevturkic_885	Turkish	Azeri	malign (identity)	1.0000	1.0000	1.0000	1.0000	ok
Lexibank Turkish-Azeri	savelyevturkic_8	Turkish	Azeri	malign (identity)	1.0000	1.0000	1.0000	1.0000	ok
Lexibank Turkish-Azeri	savelyevturkic_380	Turkish	Azeri	malign (identity)	1.0000	1.0000	1.0000	1.0000	ok
Lexibank Turkish-Azeri	savelyevturkic_129	Turkish	Azeri	malign (identity)	1.0000	1.0000	1.0000	1.0000	ok
Lexibank Turkish-Azeri	savelyevturkic_218	Turkish	Azeri	malign (identity)	1.0000	1.0000	1.0000	1.0000	ok
Lexibank Turkish-Azeri	savelyevturkic_220	Turkish	Azeri	malign (identity)					skipped
Lexibank Turkish-Azeri	savelyevturkic_436	Turkish	Azeri	malign (identity)					skipped
Lexibank Turkish-Azeri	savelyevturkic_81	Turkish	Azeri	malign (identity)	1.0000	1.0000	1.0000	1.0000	ok
Lexibank Turkish-Azeri	savelyevturkic_283	Turkish	Azeri	malign (identity)	1.0000	1.0000	1.0000	1.0000	ok
Lexibank Turkish-Azeri	savelyevturkic_35	Turkish	Azeri	malign (identity)	1.0000	1.0000	1.0000	1.0000	ok
Lexibank Turkish-Azeri	savelyevturkic_900	Turkish	Azeri	malign (identity)	1.0000	1.0000	1.0000	1.0000	ok
Lexibank Turkish-Azeri	savelyevturkic_589	Turkish	Azeri	malign (identity)	1.0000	1.0000	1.0000	1.0000	ok
Lexibank Turkish-Azeri	savelyevturkic_905	Turkish	Azeri	malign (identity)	1.0000	1.0000	1.0000	1.0000	ok
Lexibank Turkish-Azeri	savelyevturkic_906	Turkish	Azeri	malign (identity)					skipped
Lexibank Turkish-Azeri	savelyevturkic_360	Turkish	Azeri	malign (identity)	0.3333	0.3333	0.3333	0.3333	ok
Lexibank Turkish-Azeri	savelyevturkic_908	Turkish	Azeri	malign (identity)	1.0000	1.0000	1.0000	1.0000	ok
Lexibank Turkish-Azeri	savelyevturkic_102	Turkish	Azeri	malign (identity)	1.0000	1.0000	1.0000	1.0000	ok
Lexibank Turkish-Azeri	savelyevturkic_349	Turkish	Azeri	malign (identity)	1.0000	1.0000	1.0000	1.0000	ok
Lexibank Turkish-Azeri	savelyevturkic_581	Turkish	Azeri	malign (identity)	1.0000	1.0000	1.0000	1.0000	ok
Lexibank Turkish-Azeri	savelyevturkic_331	Turkish	Azeri	malign (identity)	1.0000	1.0000	1.0000	1.0000	ok
Lexibank Turkish-Azeri	savelyevturkic_642	Turkish	Azeri	malign (identity)	1.0000	1.0000	1.0000	1.0000	ok
Lexibank Turkish-Azeri	savelyevturkic_25	Turkish	Azeri	malign (identity)	1.0000	1.0000	1.0000	1.0000	ok
Lexibank Turkish-Azeri	savelyevturkic_891	Turkish	Azeri	malign (identity)	1.0000	1.0000	1.0000	1.0000	ok
Lexibank Turkish-Azeri	savelyevturkic_681	Turkish	Azeri	malign (identity)	1.0000	1.0000	1.0000	1.0000	ok
Lexibank Turkish-Azeri	savelyevturkic_143	Turkish	Azeri	malign (identity)	1.0000	1.0000	1.0000	1.0000	ok
Lexibank Turkish-Azeri	savelyevturkic_399	Turkish	Azeri	malign (identity)	1.0000	1.0000	1.0000	1.0000	ok
Lexibank Turkish-Azeri	savelyevturkic_524	Turkish	Azeri	malign (identity)					skipped
Lexibank Turkish-Azeri	savelyevturkic_395	Turkish	Azeri	malign (identity)					skipped
Lexibank Turkish-Azeri	savelyevturkic_359	Turkish	Azeri	malign (identity)	1.0000	1.0000	1.0000	1.0000	ok
Lexibank Turkish-Azeri	savelyevturkic_449	Turkish	Azeri	malign (identity)	1.0000	1.0000	1.0000	1.0000	ok
Lexibank Turkish-Azeri	savelyevturkic_31	Turkish	Azeri	malign (identity)	1.0000	1.0000	1.0000	1.0000	ok
Lexibank Turkish-Azeri	savelyevturkic_24	Turkish	Azeri	malign (identity)					skipped
Lexibank Turkish-Azeri	savelyevturkic_459	Turkish	Azeri	malign (identity)	0.5000	0.5000	0.5000	0.5000	ok
Lexibank Turkish-Azeri	savelyevturkic_682	Turkish	Azeri	malign (identity)	1.0000	1.0000	1.0000	1.0000	ok
Lexibank Turkish-Azeri	savelyevturkic_586	Turkish	Azeri	malign (identity)	1.0000	1.0000	1.0000	1.0000	ok
Lexibank Turkish-Azeri	savelyevturkic_294	Turkish	Azeri	malign (identity)	1.0000	1.0000	1.0000	1.0000	ok
Lexibank Turkish-Azeri	savelyevturkic_255	Turkish	Azeri	malign (identity)	1.0000	1.0000	1.0000	1.0000	ok
Lexibank Turkish-Azeri	savelyevturkic_560	Turkish	Azeri	malign (identity)	1.0000	1.0000	1.0000	1.0000	ok
Lexibank Turkish-Azeri	savelyevturkic_475	Turkish	Azeri	malign (identity)	1.0000	1.0000	1.0000	1.0000	ok
Lexibank Turkish-Azeri	savelyevturkic_596	Turkish	Azeri	malign (identity)	1.0000	1.0000	1.0000	1.0000	ok
Lexibank Turkish-Azeri	savelyevturkic_683	Turkish	Azeri	malign (identity)	1.0000	1.0000	1.0000	1.0000	ok
Lexibank Turkish-Azeri	savelyevturkic_911	Turkish	Azeri	malign (identity)	1.0000	1.0000	1.0000	1.0000	ok
Lexibank Turkish-Azeri	savelyevturkic_438	Turkish	Azeri	malign (identity)	1.0000	1.0000	1.0000	1.0000	ok
Lexibank Turkish-Azeri	savelyevturkic_57	Turkish	Azeri	malign (identity)	1.0000	1.0000	1.0000	1.0000	ok
Lexibank Turkish-Azeri	savelyevturkic_105	Turkish	Azeri	malign (identity)					skipped
Lexibank Turkish-Azeri	savelyevturkic_635	Turkish	Azeri	malign (identity)	1.0000	1.0000	1.0000	1.0000	ok
Lexibank Turkish-Azeri	savelyevturkic_689	Turkish	Azeri	malign (identity)	1.0000	1.0000	1.0000	1.0000	ok
Lexibank Turkish-Azeri	savelyevturkic_50	Turkish	Azeri	malign (identity)	1.0000	1.0000	1.0000	1.0000	ok
Lexibank Turkish-Azeri	savelyevturkic_206	Turkish	Azeri	malign (identity)	1.0000	1.0000	1.0000	1.0000	ok
Lexibank Turkish-Azeri	savelyevturkic_17	Turkish	Azeri	malign (identity)	1.0000	1.0000	1.0000	1.0000	ok
Lexibank Turkish-Azeri	savelyevturkic_139	Turkish	Azeri	malign (identity)	1.0000	1.0000	1.0000	1.0000	ok
Lexibank Turkish-Azeri	savelyevturkic_245	Turkish	Azeri	malign (identity)	1.0000	1.0000	1.0000	1.0000	ok
Lexibank Turkish-Azeri	savelyevturkic_240	Turkish	Azeri	malign (identity)	1.0000	1.0000	1.0000	1.0000	ok
Lexibank Turkish-Azeri	savelyevturkic_52	Turkish	Azeri	malign (identity)	1.0000	1.0000	1.0000	1.0000	ok
Lexibank Turkish-Azeri	savelyevturkic_694	Turkish	Azeri	malign (identity)	1.0000	1.0000	1.0000	1.0000	ok
Lexibank Turkish-Azeri	savelyevturkic_703	Turkish	Azeri	malign (identity)					skipped
Lexibank Turkish-Azeri	savelyevturkic_453	Turkish	Azeri	malign (identity)	1.0000	1.0000	1.0000	1.0000	ok
Lexibank Turkish-Azeri	savelyevturkic_606	Turkish	Azeri	malign (identity)	1.0000	1.0000	1.0000	1.0000	ok
Lexibank Turkish-Azeri	savelyevturkic_707	Turkish	Azeri	malign (identity)	1.0000	1.0000	1.0000	1.0000	ok
Lexibank Turkish-Azeri	savelyevturkic_82	Turkish	Azeri	malign (identity)	1.0000	1.0000	1.0000	1.0000	ok
Lexibank Turkish-Azeri	savelyevturkic_445	Turkish	Azeri	malign (identity)	1.0000	1.0000	1.0000	1.0000	ok
Lexibank Turkish-Azeri	savelyevturkic_98	Turkish	Azeri	malign (identity)	1.0000	1.0000	1.0000	1.0000	ok
Lexibank Turkish-Azeri	savelyevturkic_718	Turkish	Azeri	malign (identity)	1.0000	1.0000	1.0000	1.0000	ok
Lexibank Turkish-Azeri	savelyevturkic_516	Turkish	Azeri	malign (identity)	1.0000	1.0000	1.0000	1.0000	ok
Lexibank Turkish-Azeri	savelyevturkic_719	Turkish	Azeri	malign (identity)					skipped
Lexibank Turkish-Azeri	savelyevturkic_407	Turkish	Azeri	malign (identity)					skipped
Lexibank Turkish-Azeri	savelyevturkic_468	Turkish	Azeri	malign (identity)	1.0000	1.0000	1.0000	1.0000	ok
Lexibank Turkish-Azeri	savelyevturkic_599	Turkish	Azeri	malign (identity)					skipped
Lexibank Turkish-Azeri	savelyevturkic_618	Turkish	Azeri	malign (identity)	1.0000	1.0000	1.0000	1.0000	ok
Lexibank Turkish-Azeri	savelyevturkic_540	Turkish	Azeri	malign (identity)	1.0000	1.0000	1.0000	1.0000	ok
Lexibank Turkish-Azeri	savelyevturkic_728	Turkish	Azeri	malign (identity)	1.0000	1.0000	1.0000	1.0000	ok
Lexibank Turkish-Azeri	savelyevturkic_474	Turkish	Azeri	malign (identity)	1.0000	1.0000	1.0000	1.0000	ok
Lexibank Turkish-Azeri	savelyevturkic_141	Turkish	Azeri	malign (identity)	1.0000	1.0000	1.0000	1.0000	ok
Lexibank Turkish-Azeri	savelyevturkic_7	Turkish	Azeri	malign (identity)					skipped
Lexibank Turkish-Azeri	savelyevturkic_327	Turkish	Azeri	malign (identity)	1.0000	1.0000	1.0000	1.0000	ok
Lexibank Turkish-Azeri	savelyevturkic_197	Turkish	Azeri	malign (identity)					skipped
Lexibank Turkish-Azeri	savelyevturkic_464	Turkish	Azeri	malign (identity)	1.0000	1.0000	1.0000	1.0000	ok
Lexibank Turkish-Azeri	savelyevturkic_732	Turkish	Azeri	malign (identity)	1.0000	1.0000	1.0000	1.0000	ok
Lexibank Turkish-Azeri	savelyevturkic_418	Turkish	Azeri	malign (identity)	1.0000	1.0000	1.0000	1.0000	ok
Lexibank Turkish-Azeri	savelyevturkic_737	Turkish	Azeri	malign (identity)	1.0000	1.0000	1.0000	1.0000	ok
Lexibank Turkish-Azeri	savelyevturkic_74	Turkish	Azeri	malign (identity)					skipped
Lexibank Turkish-Azeri	savelyevturkic_421	Turkish	Azeri	malign (identity)	1.0000	1.0000	1.0000	1.0000	ok
Lexibank Turkish-Azeri	savelyevturkic_163	Turkish	Azeri	malign (identity)	1.0000	1.0000	1.0000	1.0000	ok
Lexibank Turkish-Azeri	savelyevturkic_199	Turkish	Azeri	malign (identity)	1.0000	1.0000	1.0000	1.0000	ok
Lexibank Turkish-Azeri	savelyevturkic_38	Turkish	Azeri	malign (identity)	1.0000	1.0000	1.0000	1.0000	ok
Lexibank Turkish-Azeri	savelyevturkic_39	Turkish	Azeri	malign (identity)	1.0000	1.0000	1.0000	1.0000	ok
Lexibank Turkish-Azeri	savelyevturkic_739	Turkish	Azeri	malign (learned)	1.0000	1.0000	1.0000	1.0000	ok
Lexibank Turkish-Azeri	savelyevturkic_90	Turkish	Azeri	malign (learned)	1.0000	1.0000	1.0000	1.0000	ok
Lexibank Turkish-Azeri	savelyevturkic_410	Turkish	Azeri	malign (learned)	1.0000	1.0000	1.0000	1.0000	ok
Lexibank Turkish-Azeri	savelyevturkic_95	Turkish	Azeri	malign (learned)	1.0000	1.0000	1.0000	1.0000	ok
Lexibank Turkish-Azeri	savelyevturkic_442	Turkish	Azeri	malign (learned)					skipped
Lexibank Turkish-Azeri	savelyevturkic_63	Turkish	Azeri	malign (learned)	1.0000	1.0000	1.0000	1.0000	ok
Lexibank Turkish-Azeri	savelyevturkic_640	Turkish	Azeri	malign (learned)					skipped
Lexibank Turkish-Azeri	savelyevturkic_744	Turkish	Azeri	malign (learned)					skipped
Lexibank Turkish-Azeri	savelyevturkic_751	Turkish	Azeri	malign (learned)	1.0000	1.0000	1.0000	1.0000	ok
Lexibank Turkish-Azeri	savelyevturkic_247	Turkish	Azeri	malign (learned)	1.0000	1.0000	1.0000	1.0000	ok
Lexibank Turkish-Azeri	savelyevturkic_289	Turkish	Azeri	malign (learned)					skipped
Lexibank Turkish-Azeri	savelyevturkic_491	Turkish	Azeri	malign (learned)					skipped
Lexibank Turkish-Azeri	savelyevturkic_488	Turkish	Azeri	malign (learned)	1.0000	1.0000	1.0000	1.0000	ok
Lexibank Turkish-Azeri	savelyevturkic_154	Turkish	Azeri	malign (learned)	1.0000	1.0000	1.0000	1.0000	ok
Lexibank Turkish-Azeri	savelyevturkic_152	Turkish	Azeri	malign (learned)	1.0000	1.0000	1.0000	1.0000	ok
Lexibank Turkish-Azeri	savelyevturkic_754	Turkish	Azeri	malign (learned)					skipped
Lexibank Turkish-Azeri	savelyevturkic_161	Turkish	Azeri	malign (learned)					skipped
Lexibank Turkish-Azeri	savelyevturkic_169	Turkish	Azeri	malign (learned)					skipped
Lexibank Turkish-Azeri	savelyevturkic_624	Turkish	Azeri	malign (learned)	1.0000	1.0000	1.0000	1.0000	ok
Lexibank Turkish-Azeri	savelyevturkic_93	Turkish	Azeri	malign (learned)	1.0000	1.0000	1.0000	1.0000	ok
Lexibank Turkish-Azeri	savelyevturkic_660	Turkish	Azeri	malign (learned)	1.0000	1.0000	1.0000	1.0000	ok
Lexibank Turkish-Azeri	savelyevturkic_755	Turkish	Azeri	malign (learned)	1.0000	1.0000	1.0000	1.0000	ok
Lexibank Turkish-Azeri	savelyevturkic_217	Turkish	Azeri	malign (learned)	1.0000	1.0000	1.0000	1.0000	ok
Lexibank Turkish-Azeri	savelyevturkic_545	Turkish	Azeri	malign (learned)	1.0000	1.0000	1.0000	1.0000	ok
Lexibank Turkish-Azeri	savelyevturkic_34	Turkish	Azeri	malign (learned)	1.0000	1.0000	1.0000	1.0000	ok
Lexibank Turkish-Azeri	savelyevturkic_522	Turkish	Azeri	malign (learned)					skipped
Lexibank Turkish-Azeri	savelyevturkic_384	Turkish	Azeri	malign (learned)	1.0000	1.0000	1.0000	1.0000	ok
Lexibank Turkish-Azeri	savelyevturkic_37	Turkish	Azeri	malign (learned)	1.0000	1.0000	1.0000	1.0000	ok
Lexibank Turkish-Azeri	savelyevturkic_480	Turkish	Azeri	malign (learned)	1.0000	1.0000	1.0000	1.0000	ok
Lexibank Turkish-Azeri	savelyevturkic_762	Turkish	Azeri	malign (learned)	1.0000	1.0000	1.0000	1.0000	ok
Lexibank Turkish-Azeri	savelyevturkic_562	Turkish	Azeri	malign (learned)					skipped
Lexibank Turkish-Azeri	savelyevturkic_301	Turkish	Azeri	malign (learned)	1.0000	1.0000	1.0000	1.0000	ok
Lexibank Turkish-Azeri	savelyevturkic_9	Turkish	Azeri	malign (learned)	1.0000	1.0000	1.0000	1.0000	ok
Lexibank Turkish-Azeri	savelyevturkic_33	Turkish	Azeri	malign (learned)	1.0000	1.0000	1.0000	1.0000	ok
Lexibank Turkish-Azeri	savelyevturkic_763	Turkish	Azeri	malign (learned)	1.0000	1.0000	1.0000	1.0000	ok
Lexibank Turkish-Azeri	savelyevturkic_108	Turkish	Azeri	malign (learned)	1.0000	1.0000	1.0000	1.0000	ok
Lexibank Turkish-Azeri	savelyevturkic_115	Turkish	Azeri	malign (learned)	1.0000	1.0000	1.0000	1.0000	ok
Lexibank Turkish-Azeri	savelyevturkic_769	Turkish	Azeri	malign (learned)	1.0000	1.0000	1.0000	1.0000	ok
Lexibank Turkish-Azeri	savelyevturkic_51	Turkish	Azeri	malign (learned)	1.0000	1.0000	1.0000	1.0000	ok
Lexibank Turkish-Azeri	savelyevturkic_142	Turkish	Azeri	malign (learned)	1.0000	1.0000	1.0000	1.0000	ok
Lexibank Turkish-Azeri	savelyevturkic_47	Turkish	Azeri	malign (learned)	1.0000	1.0000	1.0000	1.0000	ok
Lexibank Turkish-Azeri	savelyevturkic_3	Turkish	Azeri	malign (learned)	1.0000	1.0000	1.0000	1.0000	ok
Lexibank Turkish-Azeri	savelyevturkic_148	Turkish	Azeri	malign (learned)	1.0000	1.0000	1.0000	1.0000	ok
Lexibank Turkish-Azeri	savelyevturkic_80	Turkish	Azeri	malign (learned)	1.0000	1.0000	1.0000	1.0000	ok
Lexibank Turkish-Azeri	savelyevturkic_661	Turkish	Azeri	malign (learned)					skipped
Lexibank Turkish-Azeri	savelyevturkic_612	Turkish	Azeri	malign (learned)	1.0000	1.0000	1.0000	1.0000	ok
Lexibank Turkish-Azeri	savelyevturkic_398	Turkish	Azeri	malign (learned)	1.0000	1.0000	1.0000	1.0000	ok
Lexibank Turkish-Azeri	savelyevturkic_441	Turkish	Azeri	malign (learned)					skipped
Lexibank Turkish-Azeri	savelyevturkic_405	Turkish	Azeri	malign (learned)	1.0000	1.0000	1.0000	1.0000	ok
Lexibank Turkish-Azeri	savelyevturkic_772	Turkish	Azeri	malign (learned)	1.0000	1.0000	1.0000	1.0000	ok
Lexibank Turkish-Azeri	savelyevturkic_610	Turkish	Azeri	malign (learned)	1.0000	1.0000	1.0000	1.0000	ok
Lexibank Turkish-Azeri	savelyevturkic_28	Turkish	Azeri	malign (learned)					skipped
Lexibank Turkish-Azeri	savelyevturkic_339	Turkish	Azeri	malign (learned)					skipped
Lexibank Turkish-Azeri	savelyevturkic_447	Turkish	Azeri	malign (learned)	1.0000	1.0000	1.0000	1.0000	ok
Lexibank Turkish-Azeri	savelyevturkic_675	Turkish	Azeri	malign (learned)	1.0000	1.0000	1.0000	1.0000	ok
Lexibank Turkish-Azeri	savelyevturkic_323	Turkish	Azeri	malign (learned)	1.0000	1.0000	1.0000	1.0000	ok
Lexibank Turkish-Azeri	savelyevturkic_631	Turkish	Azeri	malign (learned)					skipped
Lexibank Turkish-Azeri	savelyevturkic_21	Turkish	Azeri	malign (learned)	1.0000	1.0000	1.0000	1.0000	ok
Lexibank Turkish-Azeri	savelyevturkic_267	Turkish	Azeri	malign (learned)	1.0000	1.0000	1.0000	1.0000	ok
Lexibank Turkish-Azeri	savelyevturkic_795	Turkish	Azeri	malign (learned)					skipped
Lexibank Turkish-Azeri	savelyevturkic_279	Turkish	Azeri	malign (learned)	1.0000	1.0000	1.0000	1.0000	ok
Lexibank Turkish-Azeri	savelyevturkic_158	Turkish	Azeri	malign (learned)	1.0000	1.0000	1.0000	1.0000	ok
Lexibank Turkish-Azeri	savelyevturkic_424	Turkish	Azeri	malign (learned)	1.0000	1.0000	1.0000	1.0000	ok
Lexibank Turkish-Azeri	savelyevturkic_69	Turkish	Azeri	malign (learned)	1.0000	1.0000	1.0000	1.0000	ok
Lexibank Turkish-Azeri	savelyevturkic_70	Turkish	Azeri	malign (learned)	1.0000	1.0000	1.0000	1.0000	ok
Lexibank Turkish-Azeri	savelyevturkic_565	Turkish	Azeri	malign (learned)	1.0000	1.0000	1.0000	1.0000	ok
Lexibank Turkish-Azeri	savelyevturkic_798	Turkish	Azeri	malign (learned)	1.0000	1.0000	1.0000	1.0000	ok
Lexibank Turkish-Azeri	savelyevturkic_260	Turkish	Azeri	malign (learned)					skipped
Lexibank Turkish-Azeri	savelyevturkic_484	Turkish	Azeri	malign (learned)	1.0000	1.0000	1.0000	1.0000	ok
Lexibank Turkish-Azeri	savelyevturkic_273	Turkish	Azeri	malign (learned)	1.0000	1.0000	1.0000	1.0000	ok
Lexibank Turkish-Azeri	savelyevturkic_804	Turkish	Azeri	malign (learned)	1.0000	1.0000	1.0000	1.0000	ok
Lexibank Turkish-Azeri	savelyevturkic_78	Turkish	Azeri	malign (learned)	1.0000	1.0000	1.0000	1.0000	ok
Lexibank Turkish-Azeri	savelyevturkic_305	Turkish	Azeri	malign (learned)	1.0000	1.0000	1.0000	1.0000	ok
Lexibank Turkish-Azeri	savelyevturkic_182	Turkish	Azeri	malign (learned)	1.0000	1.0000	1.0000	1.0000	ok
Lexibank Turkish-Azeri	savelyevturkic_817	Turkish	Azeri	malign (learned)					skipped
Lexibank Turkish-Azeri	savelyevturkic_280	Turkish	Azeri	malign (learned)					skipped
Lexibank Turkish-Azeri	savelyevturkic_823	Turkish	Azeri	malign (learned)	1.0000	1.0000	1.0000	1.0000	ok
Lexibank Turkish-Azeri	savelyevturkic_355	Turkish	Azeri	malign (learned)	1.0000	1.0000	1.0000	1.0000	ok
Lexibank Turkish-Azeri	savelyevturkic_275	Turkish	Azeri	malign (learned)	1.0000	1.0000	1.0000	1.0000	ok
Lexibank Turkish-Azeri	savelyevturkic_834	Turkish	Azeri	malign (learned)	1.0000	1.0000	1.0000	1.0000	ok
Lexibank Turkish-Azeri	savelyevturkic_541	Turkish	Azeri	malign (learned)	1.0000	1.0000	1.0000	1.0000	ok
Lexibank Turkish-Azeri	savelyevturkic_166	Turkish	Azeri	malign (learned)	1.0000	1.0000	1.0000	1.0000	ok
Lexibank Turkish-Azeri	savelyevturkic_167	Turkish	Azeri	malign (learned)					skipped
Lexibank Turkish-Azeri	savelyevturkic_651	Turkish	Azeri	malign (learned)	1.0000	1.0000	1.0000	1.0000	ok
Lexibank Turkish-Azeri	savelyevturkic_835	Turkish	Azeri	malign (learned)					skipped
Lexibank Turkish-Azeri	savelyevturkic_109	Turkish	Azeri	malign (learned)	1.0000	1.0000	1.0000	1.0000	ok
Lexibank Turkish-Azeri	savelyevturkic_288	Turkish	Azeri	malign (learned)	1.0000	1.0000	1.0000	1.0000	ok
Lexibank Turkish-Azeri	savelyevturkic_66	Turkish	Azeri	malign (learned)	1.0000	1.0000	1.0000	1.0000	ok
Lexibank Turkish-Azeri	savelyevturkic_307	Turkish	Azeri	malign (learned)	1.0000	1.0000	1.0000	1.0000	ok
Lexibank Turkish-Azeri	savelyevturkic_849	Turkish	Azeri	malign (learned)	1.0000	1.0000	1.0000	1.0000	ok
Lexibank Turkish-Azeri	savelyevturkic_187	Turkish	Azeri	malign (learned)	1.0000	1.0000	1.0000	1.0000	ok
Lexibank Turkish-Azeri	savelyevturkic_571	Turkish	Azeri	malign (learned)					skipped
Lexibank Turkish-Azeri	savelyevturkic_527	Turkish	Azeri	malign (learned)	1.0000	1.0000	1.0000	1.0000	ok
Lexibank Turkish-Azeri	savelyevturkic_851	Turkish	Azeri	malign (learned)	1.0000	1.0000	1.0000	1.0000	ok
Lexibank Turkish-Azeri	savelyevturkic_855	Turkish	Azeri	malign (learned)	1.0000	1.0000	1.0000	1.0000	ok
Lexibank Turkish-Azeri	savelyevturkic_248	Turkish	Azeri	malign (learned)	1.0000	1.0000	1.0000	1.0000	ok
Lexibank Turkish-Azeri	savelyevturkic_665	Turkish	Azeri	malign (learned)	1.0000	1.0000	1.0000	1.0000	ok
Lexibank Turkish-Azeri	savelyevturkic_67	Turkish	Azeri	malign (learned)					skipped
Lexibank Turkish-Azeri	savelyevturkic_362	Turkish	Azeri	malign (learned)	1.0000	1.0000	1.0000	1.0000	ok
Lexibank Turkish-Azeri	savelyevturkic_557	Turkish	Azeri	malign (learned)	1.0000	1.0000	1.0000	1.0000	ok
Lexibank Turkish-Azeri	savelyevturkic_512	Turkish	Azeri	malign (learned)	1.0000	1.0000	1.0000	1.0000	ok
Lexibank Turkish-Azeri	savelyevturkic_862	Turkish	Azeri	malign (learned)	1.0000	1.0000	1.0000	1.0000	ok
Lexibank Turkish-Azeri	savelyevturkic_214	Turkish	Azeri	malign (learned)	1.0000	1.0000	1.0000	1.0000	ok
Lexibank Turkish-Azeri	savelyevturkic_461	Turkish	Azeri	malign (learned)	1.0000	1.0000	1.0000	1.0000	ok
Lexibank Turkish-Azeri	savelyevturkic_868	Turkish	Azeri	malign (learned)	1.0000	1.0000	1.0000	1.0000	ok
Lexibank Turkish-Azeri	savelyevturkic_96	Turkish	Azeri	malign (learned)	1.0000	1.0000	1.0000	1.0000	ok
Lexibank Turkish-Azeri	savelyevturkic_321	Turkish	Azeri	malign (learned)					skipped
Lexibank Turkish-Azeri	savelyevturkic_106	Turkish	Azeri	malign (learned)	1.0000	1.0000	1.0000	1.0000	ok
Lexibank Turkish-Azeri	savelyevturkic_501	Turkish	Azeri	malign (learned)	1.0000	1.0000	1.0000	1.0000	ok
Lexibank Turkish-Azeri	savelyevturkic_314	Turkish	Azeri	malign (learned)	1.0000	1.0000	1.0000	1.0000	ok
Lexibank Turkish-Azeri	savelyevturkic_257	Turkish	Azeri	malign (learned)	1.0000	1.0000	1.0000	1.0000	ok
Lexibank Turkish-Azeri	savelyevturkic_786	Turkish	Azeri	malign (learned)					skipped
Lexibank Turkish-Azeri	savelyevturkic_12	Turkish	Azeri	malign (learned)	1.0000	1.0000	1.0000	1.0000	ok
Lexibank Turkish-Azeri	savelyevturkic_72	Turkish	Azeri	malign (learned)	1.0000	1.0000	1.0000	1.0000	ok
Lexibank Turkish-Azeri	savelyevturkic_872	Turkish	Azeri	malign (learned)					skipped
Lexibank Turkish-Azeri	savelyevturkic_878	Turkish	Azeri	malign (learned)	1.0000	1.0000	1.0000	1.0000	ok
Lexibank Turkish-Azeri	savelyevturkic_348	Turkish	Azeri	malign (learned)	1.0000	1.0000	1.0000	1.0000	ok
Lexibank Turkish-Azeri	savelyevturkic_884	Turkish	Azeri	malign (learned)	1.0000	1.0000	1.0000	1.0000	ok
Lexibank Turkish-Azeri	savelyevturkic_885	Turkish	Azeri	malign (learned)	1.0000	1.0000	1.0000	1.0000	ok
Lexibank Turkish-Azeri	savelyevturkic_8	Turkish	Azeri	malign (learned)	1.0000	1.0000	1.0000	1.0000	ok
Lexibank Turkish-Azeri	savelyevturkic_380	Turkish	Azeri	malign (learned)	1.0000	1.0000	1.0000	1.0000	ok
Lexibank Turkish-Azeri	savelyevturkic_129	Turkish	Azeri	malign (learned)	1.0000	1.0000	1.0000	1.0000	ok
Lexibank Turkish-Azeri	savelyevturkic_218	Turkish	Azeri	malign (learned)	1.0000	1.0000	1.0000	1.0000	ok
Lexibank Turkish-Azeri	savelyevturkic_220	Turkish	Azeri	malign (learned)					skipped
Lexibank Turkish-Azeri	savelyevturkic_436	Turkish	Azeri	malign (learned)					skipped
Lexibank Turkish-Azeri	savelyevturkic_81	Turkish	Azeri	malign (learned)	1.0000	1.0000	1.0000	1.0000	ok
Lexibank Turkish-Azeri	savelyevturkic_283	Turkish	Azeri	malign (learned)	1.0000	1.0000	1.0000	1.0000	ok
Lexibank Turkish-Azeri	savelyevturkic_35	Turkish	Azeri	malign (learned)	1.0000	1.0000	1.0000	1.0000	ok
Lexibank Turkish-Azeri	savelyevturkic_900	Turkish	Azeri	malign (learned)	1.0000	1.0000	1.0000	1.0000	ok
Lexibank Turkish-Azeri	savelyevturkic_589	Turkish	Azeri	malign (learned)	1.0000	1.0000	1.0000	1.0000	ok
Lexibank Turkish-Azeri	savelyevturkic_905	Turkish	Azeri	malign (learned)	1.0000	1.0000	1.0000	1.0000	ok
Lexibank Turkish-Azeri	savelyevturkic_906	Turkish	Azeri	malign (learned)					skipped
Lexibank Turkish-Azeri	savelyevturkic_360	Turkish	Azeri	malign (learned)	1.0000	1.0000	1.0000	1.0000	ok
Lexibank Turkish-Azeri	savelyevturkic_908	Turkish	Azeri	malign (learned)	1.0000	1.0000	1.0000	1.0000	ok
Lexibank Turkish-Azeri	savelyevturkic_102	Turkish	Azeri	malign (learned)	1.0000	1.0000	1.0000	1.0000	ok
Lexibank Turkish-Azeri	savelyevturkic_349	Turkish	Azeri	malign (learned)	1.0000	1.0000	1.0000	1.0000	ok
Lexibank Turkish-Azeri	savelyevturkic_581	Turkish	Azeri	malign (learned)	1.0000	1.0000	1.0000	1.0000	ok
Lexibank Turkish-Azeri	savelyevturkic_331	Turkish	Azeri	malign (learned)	1.0000	1.0000	1.0000	1.0000	ok
Lexibank Turkish-Azeri	savelyevturkic_642	Turkish	Azeri	malign (learned)	1.0000	1.0000	1.0000	1.0000	ok
Lexibank Turkish-Azeri	savelyevturkic_25	Turkish	Azeri	malign (learned)	1.0000	1.0000	1.0000	1.0000	ok
Lexibank Turkish-Azeri	savelyevturkic_891	Turkish	Azeri	malign (learned)	1.0000	1.0000	1.0000	1.0000	ok
Lexibank Turkish-Azeri	savelyevturkic_681	Turkish	Azeri	malign (learned)	1.0000	1.0000	1.0000	1.0000	ok
Lexibank Turkish-Azeri	savelyevturkic_143	Turkish	Azeri	malign (learned)	1.0000	1.0000	1.0000	1.0000	ok
Lexibank Turkish-Azeri	savelyevturkic_399	Turkish	Azeri	malign (learned)	1.0000	1.0000	1.0000	1.0000	ok
Lexibank Turkish-Azeri	savelyevturkic_524	Turkish	Azeri	malign (learned)					skipped
Lexibank Turkish-Azeri	savelyevturkic_395	Turkish	Azeri	malign (learned)					skipped
Lexibank Turkish-Azeri	savelyevturkic_359	Turkish	Azeri	malign (learned)	1.0000	1.0000	1.0000	1.0000	ok
Lexibank Turkish-Azeri	savelyevturkic_449	Turkish	Azeri	malign (learned)	1.0000	1.0000	1.0000	1.0000	ok
Lexibank Turkish-Azeri	savelyevturkic_31	Turkish	Azeri	malign (learned)	1.0000	1.0000	1.0000	1.0000	ok
Lexibank Turkish-Azeri	savelyevturkic_24	Turkish	Azeri	malign (learned)					skipped
Lexibank Turkish-Azeri	savelyevturkic_459	Turkish	Azeri	malign (learned)					skipped
Lexibank Turkish-Azeri	savelyevturkic_682	Turkish	Azeri	malign (learned)	1.0000	1.0000	1.0000	1.0000	ok
Lexibank Turkish-Azeri	savelyevturkic_586	Turkish	Azeri	malign (learned)	1.0000	1.0000	1.0000	1.0000	ok
Lexibank Turkish-Azeri	savelyevturkic_294	Turkish	Azeri	malign (learned)	1.0000	1.0000	1.0000	1.0000	ok
Lexibank Turkish-Azeri	savelyevturkic_255	Turkish	Azeri	malign (learned)	1.0000	1.0000	1.0000	1.0000	ok
Lexibank Turkish-Azeri	savelyevturkic_560	Turkish	Azeri	malign (learned)	1.0000	1.0000	1.0000	1.0000	ok
Lexibank Turkish-Azeri	savelyevturkic_475	Turkish	Azeri	malign (learned)	1.0000	1.0000	1.0000	1.0000	ok
Lexibank Turkish-Azeri	savelyevturkic_596	Turkish	Azeri	malign (learned)	1.0000	1.0000	1.0000	1.0000	ok
Lexibank Turkish-Azeri	savelyevturkic_683	Turkish	Azeri	malign (learned)	1.0000	1.0000	1.0000	1.0000	ok
Lexibank Turkish-Azeri	savelyevturkic_911	Turkish	Azeri	malign (learned)	1.0000	1.0000	1.0000	1.0000	ok
Lexibank Turkish-Azeri	savelyevturkic_438	Turkish	Azeri	malign (learned)	1.0000	1.0000	1.0000	1.0000	ok
Lexibank Turkish-Azeri	savelyevturkic_57	Turkish	Azeri	malign (learned)	1.0000	1.0000	1.0000	1.0000	ok
Lexibank Turkish-Azeri	savelyevturkic_105	Turkish	Azeri	malign (learned)					skipped
Lexibank Turkish-Azeri	savelyevturkic_635	Turkish	Azeri	malign (learned)	1.0000	1.0000	1.0000	1.0000	ok
Lexibank Turkish-Azeri	savelyevturkic_689	Turkish	Azeri	malign (learned)	1.0000	1.0000	1.0000	1.0000	ok
Lexibank Turkish-Azeri	savelyevturkic_50	Turkish	Azeri	malign (learned)	1.0000	1.0000	1.0000	1.0000	ok
Lexibank Turkish-Azeri	savelyevturkic_206	Turkish	Azeri	malign (learned)	1.0000	1.0000	1.0000	1.0000	ok
Lexibank Turkish-Azeri	savelyevturkic_17	Turkish	Azeri	malign (learned)	1.0000	1.0000	1.0000	1.0000	ok
Lexibank Turkish-Azeri	savelyevturkic_139	Turkish	Azeri	malign (learned)	1.0000	1.0000	1.0000	1.0000	ok
Lexibank Turkish-Azeri	savelyevturkic_245	Turkish	Azeri	malign (learned)	1.0000	1.0000	1.0000	1.0000	ok
Lexibank Turkish-Azeri	savelyevturkic_240	Turkish	Azeri	malign (learned)	1.0000	1.0000	1.0000	1.0000	ok
Lexibank Turkish-Azeri	savelyevturkic_52	Turkish	Azeri	malign (learned)	1.0000	1.0000	1.0000	1.0000	ok
Lexibank Turkish-Azeri	savelyevturkic_694	Turkish	Azeri	malign (learned)	1.0000	1.0000	1.0000	1.0000	ok
Lexibank Turkish-Azeri	savelyevturkic_703	Turkish	Azeri	malign (learned)					skipped
Lexibank Turkish-Azeri	savelyevturkic_453	Turkish	Azeri	malign (learned)	1.0000	1.0000	1.0000	1.0000	ok
Lexibank Turkish-Azeri	savelyevturkic_606	Turkish	Azeri	malign (learned)	1.0000	1.0000	1.0000	1.0000	ok
Lexibank Turkish-Azeri	savelyevturkic_707	Turkish	Azeri	malign (learned)	1.0000	1.0000	1.0000	1.0000	ok
Lexibank Turkish-Azeri	savelyevturkic_82	Turkish	Azeri	malign (learned)	1.0000	1.0000	1.0000	1.0000	ok
Lexibank Turkish-Azeri	savelyevturkic_445	Turkish	Azeri	malign (learned)	1.0000	1.0000	1.0000	1.0000	ok
Lexibank Turkish-Azeri	savelyevturkic_98	Turkish	Azeri	malign (learned)	1.0000	1.0000	1.0000	1.0000	ok
Lexibank Turkish-Azeri	savelyevturkic_718	Turkish	Azeri	malign (learned)	1.0000	1.0000	1.0000	1.0000	ok
Lexibank Turkish-Azeri	savelyevturkic_516	Turkish	Azeri	malign (learned)	1.0000	1.0000	1.0000	1.0000	ok
Lexibank Turkish-Azeri	savelyevturkic_719	Turkish	Azeri	malign (learned)					skipped
Lexibank Turkish-Azeri	savelyevturkic_407	Turkish	Azeri	malign (learned)					skipped
Lexibank Turkish-Azeri	savelyevturkic_468	Turkish	Azeri	malign (learned)	1.0000	1.0000	1.0000	1.0000	ok
Lexibank Turkish-Azeri	savelyevturkic_599	Turkish	Azeri	malign (learned)					skipped
Lexibank Turkish-Azeri	savelyevturkic_618	Turkish	Azeri	malign (learned)	1.0000	1.0000	1.0000	1.0000	ok
Lexibank Turkish-Azeri	savelyevturkic_540	Turkish	Azeri	malign (learned)	1.0000	1.0000	1.0000	1.0000	ok
Lexibank Turkish-Azeri	savelyevturkic_728	Turkish	Azeri	malign (learned)	1.0000	1.0000	1.0000	1.0000	ok
Lexibank Turkish-Azeri	savelyevturkic_474	Turkish	Azeri	malign (learned)	1.0000	1.0000	1.0000	1.0000	ok
Lexibank Turkish-Azeri	savelyevturkic_141	Turkish	Azeri	malign (learned)	1.0000	1.0000	1.0000	1.0000	ok
Lexibank Turkish-Azeri	savelyevturkic_7	Turkish	Azeri	malign (learned)					skipped
Lexibank Turkish-Azeri	savelyevturkic_327	Turkish	Azeri	malign (learned)	1.0000	1.0000	1.0000	1.0000	ok
Lexibank Turkish-Azeri	savelyevturkic_197	Turkish	Azeri	malign (learned)					skipped
Lexibank Turkish-Azeri	savelyevturkic_464	Turkish	Azeri	malign (learned)	1.0000	1.0000	1.0000	1.0000	ok
Lexibank Turkish-Azeri	savelyevturkic_732	Turkish	Azeri	malign (learned)	1.0000	1.0000	1.0000	1.0000	ok
Lexibank Turkish-Azeri	savelyevturkic_418	Turkish	Azeri	malign (learned)	1.0000	1.0000	1.0000	1.0000	ok
Lexibank Turkish-Azeri	savelyevturkic_737	Turkish	Azeri	malign (learned)	1.0000	1.0000	1.0000	1.0000	ok
Lexibank Turkish-Azeri	savelyevturkic_74	Turkish	Azeri	malign (learned)					skipped
Lexibank Turkish-Azeri	savelyevturkic_421	Turkish	Azeri	malign (learned)	1.0000	1.0000	1.0000	1.0000	ok
Lexibank Turkish-Azeri	savelyevturkic_163	Turkish	Azeri	malign (learned)	1.0000	1.0000	1.0000	1.0000	ok
Lexibank Turkish-Azeri	savelyevturkic_199	Turkish	Azeri	malign (learned)	1.0000	1.0000	1.0000	1.0000	ok
Lexibank Turkish-Azeri	savelyevturkic_38	Turkish	Azeri	malign (learned)	1.0000	1.0000	1.0000	1.0000	ok
Lexibank Turkish-Azeri	savelyevturkic_39	Turkish	Azeri	malign (learned)	1.0000	1.0000	1.0000	1.0000	ok
Lexibank Turkish-Azeri	savelyevturkic_739	Turkish	Azeri	malign (SCA matrix)	1.0000	1.0000	1.0000	1.0000	ok
Lexibank Turkish-Azeri	savelyevturkic_90	Turkish	Azeri	malign (SCA matrix)	1.0000	1.0000	1.0000	1.0000	ok
Lexibank Turkish-Azeri	savelyevturkic_410	Turkish	Azeri	malign (SCA matrix)	1.0000	1.0000	1.0000	1.0000	ok
Lexibank Turkish-Azeri	savelyevturkic_95	Turkish	Azeri	malign (SCA matrix)	1.0000	1.0000	1.0000	1.0000	ok
Lexibank Turkish-Azeri	savelyevturkic_442	Turkish	Azeri	malign (SCA matrix)					skipped
Lexibank Turkish-Azeri	savelyevturkic_63	Turkish	Azeri	malign (SCA matrix)	1.0000	1.0000	1.0000	1.0000	ok
Lexibank Turkish-Azeri	savelyevturkic_640	Turkish	Azeri	malign (SCA matrix)					skipped
Lexibank Turkish-Azeri	savelyevturkic_744	Turkish	Azeri	malign (SCA matrix)					skipped
Lexibank Turkish-Azeri	savelyevturkic_751	Turkish	Azeri	malign (SCA matrix)	1.0000	1.0000	1.0000	1.0000	ok
Lexibank Turkish-Azeri	savelyevturkic_247	Turkish	Azeri	malign (SCA matrix)	1.0000	1.0000	1.0000	1.0000	ok
Lexibank Turkish-Azeri	savelyevturkic_289	Turkish	Azeri	malign (SCA matrix)					skipped
Lexibank Turkish-Azeri	savelyevturkic_491	Turkish	Azeri	malign (SCA matrix)	1.0000	1.0000	1.0000	1.0000	ok
Lexibank Turkish-Azeri	savelyevturkic_488	Turkish	Azeri	malign (SCA matrix)	1.0000	1.0000	1.0000	1.0000	ok
Lexibank Turkish-Azeri	savelyevturkic_154	Turkish	Azeri	malign (SCA matrix)	1.0000	1.0000	1.0000	1.0000	ok
Lexibank Turkish-Azeri	savelyevturkic_152	Turkish	Azeri	malign (SCA matrix)	1.0000	1.0000	1.0000	1.0000	ok
Lexibank Turkish-Azeri	savelyevturkic_754	Turkish	Azeri	malign (SCA matrix)					skipped
Lexibank Turkish-Azeri	savelyevturkic_161	Turkish	Azeri	malign (SCA matrix)					skipped
Lexibank Turkish-Azeri	savelyevturkic_169	Turkish	Azeri	malign (SCA matrix)					skipped
Lexibank Turkish-Azeri	savelyevturkic_624	Turkish	Azeri	malign (SCA matrix)	1.0000	1.0000	1.0000	1.0000	ok
Lexibank Turkish-Azeri	savelyevturkic_93	Turkish	Azeri	malign (SCA matrix)	1.0000	1.0000	1.0000	1.0000	ok
Lexibank Turkish-Azeri	savelyevturkic_660	Turkish	Azeri	malign (SCA matrix)	1.0000	1.0000	1.0000	1.0000	ok
Lexibank Turkish-Azeri	savelyevturkic_755	Turkish	Azeri	malign (SCA matrix)	1.0000	1.0000	1.0000	1.0000	ok
Lexibank Turkish-Azeri	savelyevturkic_217	Turkish	Azeri	malign (SCA matrix)	1.0000	1.0000	1.0000	1.0000	ok
Lexibank Turkish-Azeri	savelyevturkic_545	Turkish	Azeri	malign (SCA matrix)	1.0000	1.0000	1.0000	1.0000	ok
Lexibank Turkish-Azeri	savelyevturkic_34	Turkish	Azeri	malign (SCA matrix)	1.0000	1.0000	1.0000	1.0000	ok
Lexibank Turkish-Azeri	savelyevturkic_522	Turkish	Azeri	malign (SCA matrix)					skipped
Lexibank Turkish-Azeri	savelyevturkic_384	Turkish	Azeri	malign (SCA matrix)	1.0000	1.0000	1.0000	1.0000	ok
Lexibank Turkish-Azeri	savelyevturkic_37	Turkish	Azeri	malign (SCA matrix)	1.0000	1.0000	1.0000	1.0000	ok
Lexibank Turkish-Azeri	savelyevturkic_480	Turkish	Azeri	malign (SCA matrix)	1.0000	1.0000	1.0000	1.0000	ok
Lexibank Turkish-Azeri	savelyevturkic_762	Turkish	Azeri	malign (SCA matrix)	1.0000	1.0000	1.0000	1.0000	ok
Lexibank Turkish-Azeri	savelyevturkic_562	Turkish	Azeri	malign (SCA matrix)					skipped
Lexibank Turkish-Azeri	savelyevturkic_301	Turkish	Azeri	malign (SCA matrix)	1.0000	1.0000	1.0000	1.0000	ok
Lexibank Turkish-Azeri	savelyevturkic_9	Turkish	Azeri	malign (SCA matrix)	1.0000	1.0000	1.0000	1.0000	ok
Lexibank Turkish-Azeri	savelyevturkic_33	Turkish	Azeri	malign (SCA matrix)	1.0000	1.0000	1.0000	1.0000	ok
Lexibank Turkish-Azeri	savelyevturkic_763	Turkish	Azeri	malign (SCA matrix)	1.0000	1.0000	1.0000	1.0000	ok
Lexibank Turkish-Azeri	savelyevturkic_108	Turkish	Azeri	malign (SCA matrix)	1.0000	1.0000	1.0000	1.0000	ok
Lexibank Turkish-Azeri	savelyevturkic_115	Turkish	Azeri	malign (SCA matrix)	1.0000	1.0000	1.0000	1.0000	ok
Lexibank Turkish-Azeri	savelyevturkic_769	Turkish	Azeri	malign (SCA matrix)	1.0000	1.0000	1.0000	1.0000	ok
Lexibank Turkish-Azeri	savelyevturkic_51	Turkish	Azeri	malign (SCA matrix)	1.0000	1.0000	1.0000	1.0000	ok
Lexibank Turkish-Azeri	savelyevturkic_142	Turkish	Azeri	malign (SCA matrix)	1.0000	1.0000	1.0000	1.0000	ok
Lexibank Turkish-Azeri	savelyevturkic_47	Turkish	Azeri	malign (SCA matrix)	1.0000	1.0000	1.0000	1.0000	ok
Lexibank Turkish-Azeri	savelyevturkic_3	Turkish	Azeri	malign (SCA matrix)	1.0000	1.0000	1.0000	1.0000	ok
Lexibank Turkish-Azeri	savelyevturkic_148	Turkish	Azeri	malign (SCA matrix)	1.0000	1.0000	1.0000	1.0000	ok
Lexibank Turkish-Azeri	savelyevturkic_80	Turkish	Azeri	malign (SCA matrix)	1.0000	1.0000	1.0000	1.0000	ok
Lexibank Turkish-Azeri	savelyevturkic_661	Turkish	Azeri	malign (SCA matrix)					skipped
Lexibank Turkish-Azeri	savelyevturkic_612	Turkish	Azeri	malign (SCA matrix)	1.0000	1.0000	1.0000	1.0000	ok
Lexibank Turkish-Azeri	savelyevturkic_398	Turkish	Azeri	malign (SCA matrix)	1.0000	1.0000	1.0000	1.0000	ok
Lexibank Turkish-Azeri	savelyevturkic_441	Turkish	Azeri	malign (SCA matrix)					skipped
Lexibank Turkish-Azeri	savelyevturkic_405	Turkish	Azeri	malign (SCA matrix)	1.0000	1.0000	1.0000	1.0000	ok
Lexibank Turkish-Azeri	savelyevturkic_772	Turkish	Azeri	malign (SCA matrix)	1.0000	1.0000	1.0000	1.0000	ok
Lexibank Turkish-Azeri	savelyevturkic_610	Turkish	Azeri	malign (SCA matrix)	1.0000	1.0000	1.0000	1.0000	ok
Lexibank Turkish-Azeri	savelyevturkic_28	Turkish	Azeri	malign (SCA matrix)					skipped
Lexibank Turkish-Azeri	savelyevturkic_339	Turkish	Azeri	malign (SCA matrix)					skipped
Lexibank Turkish-Azeri	savelyevturkic_447	Turkish	Azeri	malign (SCA matrix)	1.0000	1.0000	1.0000	1.0000	ok
Lexibank Turkish-Azeri	savelyevturkic_675	Turkish	Azeri	malign (SCA matrix)	1.0000	1.0000	1.0000	1.0000	ok
Lexibank Turkish-Azeri	savelyevturkic_323	Turkish	Azeri	malign (SCA matrix)	1.0000	1.0000	1.0000	1.0000	ok
Lexibank Turkish-Azeri	savelyevturkic_631	Turkish	Azeri	malign (SCA matrix)					skipped
Lexibank Turkish-Azeri	savelyevturkic_21	Turkish	Azeri	malign (SCA matrix)	1.0000	1.0000	1.0000	1.0000	ok
Lexibank Turkish-Azeri	savelyevturkic_267	Turkish	Azeri	malign (SCA matrix)	1.0000	1.0000	1.0000	1.0000	ok
Lexibank Turkish-Azeri	savelyevturkic_795	Turkish	Azeri	malign (SCA matrix)					skipped
Lexibank Turkish-Azeri	savelyevturkic_279	Turkish	Azeri	malign (SCA matrix)	1.0000	1.0000	1.0000	1.0000	ok
Lexibank Turkish-Azeri	savelyevturkic_158	Turkish	Azeri	malign (SCA matrix)	1.0000	1.0000	1.0000	1.0000	ok
Lexibank Turkish-Azeri	savelyevturkic_424	Turkish	Azeri	malign (SCA matrix)	1.0000	1.0000	1.0000	1.0000	ok
Lexibank Turkish-Azeri	savelyevturkic_69	Turkish	Azeri	malign (SCA matrix)	1.0000	1.0000	1.0000	1.0000	ok
Lexibank Turkish-Azeri	savelyevturkic_70	Turkish	Azeri	malign (SCA matrix)	1.0000	1.0000	1.0000	1.0000	ok
Lexibank Turkish-Azeri	savelyevturkic_565	Turkish	Azeri	malign (SCA matrix)	1.0000	1.0000	1.0000	1.0000	ok
Lexibank Turkish-Azeri	savelyevturkic_798	Turkish	Azeri	malign (SCA matrix)	1.0000	1.0000	1.0000	1.0000	ok
Lexibank Turkish-Azeri	savelyevturkic_260	Turkish	Azeri	malign (SCA matrix)					skipped
Lexibank Turkish-Azeri	savelyevturkic_484	Turkish	Azeri	malign (SCA matrix)	1.0000	1.0000	1.0000	1.0000	ok
Lexibank Turkish-Azeri	savelyevturkic_273	Turkish	Azeri	malign (SCA matrix)	1.0000	1.0000	1.0000	1.0000	ok
Lexibank Turkish-Azeri	savelyevturkic_804	Turkish	Azeri	malign (SCA matrix)	1.0000	1.0000	1.0000	1.0000	ok
Lexibank Turkish-Azeri	savelyevturkic_78	Turkish	Azeri	malign (SCA matrix)	1.0000	1.0000	1.0000	1.0000	ok
Lexibank Turkish-Azeri	savelyevturkic_305	Turkish	Azeri	malign (SCA matrix)	1.0000	1.0000	1.0000	1.0000	ok
Lexibank Turkish-Azeri	savelyevturkic_182	Turkish	Azeri	malign (SCA matrix)	1.0000	1.0000	1.0000	1.0000	ok
Lexibank Turkish-Azeri	savelyevturkic_817	Turkish	Azeri	malign (SCA matrix)					skipped
Lexibank Turkish-Azeri	savelyevturkic_280	Turkish	Azeri	malign (SCA matrix)					skipped
Lexibank Turkish-Azeri	savelyevturkic_823	Turkish	Azeri	malign (SCA matrix)	1.0000	1.0000	1.0000	1.0000	ok
Lexibank Turkish-Azeri	savelyevturkic_355	Turkish	Azeri	malign (SCA matrix)	1.0000	1.0000	1.0000	1.0000	ok
Lexibank Turkish-Azeri	savelyevturkic_275	Turkish	Azeri	malign (SCA matrix)	1.0000	1.0000	1.0000	1.0000	ok
Lexibank Turkish-Azeri	savelyevturkic_834	Turkish	Azeri	malign (SCA matrix)	1.0000	1.0000	1.0000	1.0000	ok
Lexibank Turkish-Azeri	savelyevturkic_541	Turkish	Azeri	malign (SCA matrix)	1.0000	1.0000	1.0000	1.0000	ok
Lexibank Turkish-Azeri	savelyevturkic_166	Turkish	Azeri	malign (SCA matrix)	1.0000	1.0000	1.0000	1.0000	ok
Lexibank Turkish-Azeri	savelyevturkic_167	Turkish	Azeri	malign (SCA matrix)					skipped
Lexibank Turkish-Azeri	savelyevturkic_651	Turkish	Azeri	malign (SCA matrix)	1.0000	1.0000	1.0000	1.0000	ok
Lexibank Turkish-Azeri	savelyevturkic_835	Turkish	Azeri	malign (SCA matrix)					skipped
Lexibank Turkish-Azeri	savelyevturkic_109	Turkish	Azeri	malign (SCA matrix)	1.0000	1.0000	1.0000	1.0000	ok
Lexibank Turkish-Azeri	savelyevturkic_288	Turkish	Azeri	malign (SCA matrix)	1.0000	1.0000	1.0000	1.0000	ok
Lexibank Turkish-Azeri	savelyevturkic_66	Turkish	Azeri	malign (SCA matrix)	1.0000	1.0000	1.0000	1.0000	ok
Lexibank Turkish-Azeri	savelyevturkic_307	Turkish	Azeri	malign (SCA matrix)	1.0000	1.0000	1.0000	1.0000	ok
Lexibank Turkish-Azeri	savelyevturkic_849	Turkish	Azeri	malign (SCA matrix)	1.0000	1.0000	1.0000	1.0000	ok
Lexibank Turkish-Azeri	savelyevturkic_187	Turkish	Azeri	malign (SCA matrix)	1.0000	1.0000	1.0000	1.0000	ok
Lexibank Turkish-Azeri	savelyevturkic_571	Turkish	Azeri	malign (SCA matrix)					skipped
Lexibank Turkish-Azeri	savelyevturkic_527	Turkish	Azeri	malign (SCA matrix)	1.0000	1.0000	1.0000	1.0000	ok
Lexibank Turkish-Azeri	savelyevturkic_851	Turkish	Azeri	malign (SCA matrix)	1.0000	1.0000	1.0000	1.0000	ok
Lexibank Turkish-Azeri	savelyevturkic_855	Turkish	Azeri	malign (SCA matrix)	1.0000	1.0000	1.0000	1.0000	ok
Lexibank Turkish-Azeri	savelyevturkic_248	Turkish	Azeri	malign (SCA matrix)	1.0000	1.0000	1.0000	1.0000	ok
Lexibank Turkish-Azeri	savelyevturkic_665	Turkish	Azeri	malign (SCA matrix)	1.0000	1.0000	1.0000	1.0000	ok
Lexibank Turkish-Azeri	savelyevturkic_67	Turkish	Azeri	malign (SCA matrix)					skipped
Lexibank Turkish-Azeri	savelyevturkic_362	Turkish	Azeri	malign (SCA matrix)	1.0000	1.0000	1.0000	1.0000	ok
Lexibank Turkish-Azeri	savelyevturkic_557	Turkish	Azeri	malign (SCA matrix)	1.0000	1.0000	1.0000	1.0000	ok
Lexibank Turkish-Azeri	savelyevturkic_512	Turkish	Azeri	malign (SCA matrix)	1.0000	1.0000	1.0000	1.0000	ok
Lexibank Turkish-Azeri	savelyevturkic_862	Turkish	Azeri	malign (SCA matrix)	1.0000	1.0000	1.0000	1.0000	ok
Lexibank Turkish-Azeri	savelyevturkic_214	Turkish	Azeri	malign (SCA matrix)	1.0000	1.0000	1.0000	1.0000	ok
Lexibank Turkish-Azeri	savelyevturkic_461	Turkish	Azeri	malign (SCA matrix)	1.0000	1.0000	1.0000	1.0000	ok
Lexibank Turkish-Azeri	savelyevturkic_868	Turkish	Azeri	malign (SCA matrix)	1.0000	1.0000	1.0000	1.0000	ok
Lexibank Turkish-Azeri	savelyevturkic_96	Turkish	Azeri	malign (SCA matrix)	1.0000	1.0000	1.0000	1.0000	ok
Lexibank Turkish-Azeri	savelyevturkic_321	Turkish	Azeri	malign (SCA matrix)					skipped
Lexibank Turkish-Azeri	savelyevturkic_106	Turkish	Azeri	malign (SCA matrix)	1.0000	1.0000	1.0000	1.0000	ok
Lexibank Turkish-Azeri	savelyevturkic_501	Turkish	Azeri	malign (SCA matrix)	1.0000	1.0000	1.0000	1.0000	ok
Lexibank Turkish-Azeri	savelyevturkic_314	Turkish	Azeri	malign (SCA matrix)	1.0000	1.0000	1.0000	1.0000	ok
Lexibank Turkish-Azeri	savelyevturkic_257	Turkish	Azeri	malign (SCA matrix)	1.0000	1.0000	1.0000	1.0000	ok
Lexibank Turkish-Azeri	savelyevturkic_786	Turkish	Azeri	malign (SCA matrix)					skipped
Lexibank Turkish-Azeri	savelyevturkic_12	Turkish	Azeri	malign (SCA matrix)	1.0000	1.0000	1.0000	1.0000	ok
Lexibank Turkish-Azeri	savelyevturkic_72	Turkish	Azeri	malign (SCA matrix)	1.0000	1.0000	1.0000	1.0000	ok
Lexibank Turkish-Azeri	savelyevturkic_872	Turkish	Azeri	malign (SCA matrix)					skipped
Lexibank Turkish-Azeri	savelyevturkic_878	Turkish	Azeri	malign (SCA matrix)	1.0000	1.0000	1.0000	1.0000	ok
Lexibank Turkish-Azeri	savelyevturkic_348	Turkish	Azeri	malign (SCA matrix)	1.0000	1.0000	1.0000	1.0000	ok
Lexibank Turkish-Azeri	savelyevturkic_884	Turkish	Azeri	malign (SCA matrix)	1.0000	1.0000	1.0000	1.0000	ok
Lexibank Turkish-Azeri	savelyevturkic_885	Turkish	Azeri	malign (SCA matrix)	1.0000	1.0000	1.0000	1.0000	ok
Lexibank Turkish-Azeri	savelyevturkic_8	Turkish	Azeri	malign (SCA matrix)	1.0000	1.0000	1.0000	1.0000	ok
Lexibank Turkish-Azeri	savelyevturkic_380	Turkish	Azeri	malign (SCA matrix)	1.0000	1.0000	1.0000	1.0000	ok
Lexibank Turkish-Azeri	savelyevturkic_129	Turkish	Azeri	malign (SCA matrix)	1.0000	1.0000	1.0000	1.0000	ok
Lexibank Turkish-Azeri	savelyevturkic_218	Turkish	Azeri	malign (SCA matrix)	1.0000	1.0000	1.0000	1.0000	ok
Lexibank Turkish-Azeri	savelyevturkic_220	Turkish	Azeri	malign (SCA matrix)					skipped
Lexibank Turkish-Azeri	savelyevturkic_436	Turkish	Azeri	malign (SCA matrix)					skipped
Lexibank Turkish-Azeri	savelyevturkic_81	Turkish	Azeri	malign (SCA matrix)	1.0000	1.0000	1.0000	1.0000	ok
Lexibank Turkish-Azeri	savelyevturkic_283	Turkish	Azeri	malign (SCA matrix)	1.0000	1.0000	1.0000	1.0000	ok
Lexibank Turkish-Azeri	savelyevturkic_35	Turkish	Azeri	malign (SCA matrix)	1.0000	1.0000	1.0000	1.0000	ok
Lexibank Turkish-Azeri	savelyevturkic_900	Turkish	Azeri	malign (SCA matrix)	1.0000	1.0000	1.0000	1.0000	ok
Lexibank Turkish-Azeri	savelyevturkic_589	Turkish	Azeri	malign (SCA matrix)	1.0000	1.0000	1.0000	1.0000	ok
Lexibank Turkish-Azeri	savelyevturkic_905	Turkish	Azeri	malign (SCA matrix)	1.0000	1.0000	1.0000	1.0000	ok
Lexibank Turkish-Azeri	savelyevturkic_906	Turkish	Azeri	malign (SCA matrix)					skipped
Lexibank Turkish-Azeri	savelyevturkic_360	Turkish	Azeri	malign (SCA matrix)	1.0000	1.0000	1.0000	1.0000	ok
Lexibank Turkish-Azeri	savelyevturkic_908	Turkish	Azeri	malign (SCA matrix)	1.0000	1.0000	1.0000	1.0000	ok
Lexibank Turkish-Azeri	savelyevturkic_102	Turkish	Azeri	malign (SCA matrix)	1.0000	1.0000	1.0000	1.0000	ok
Lexibank Turkish-Azeri	savelyevturkic_349	Turkish	Azeri	malign (SCA matrix)	1.0000	1.0000	1.0000	1.0000	ok
Lexibank Turkish-Azeri	savelyevturkic_581	Turkish	Azeri	malign (SCA matrix)	1.0000	1.0000	1.0000	1.0000	ok
Lexibank Turkish-Azeri	savelyevturkic_331	Turkish	Azeri	malign (SCA matrix)	1.0000	1.0000	1.0000	1.0000	ok
Lexibank Turkish-Azeri	savelyevturkic_642	Turkish	Azeri	malign (SCA matrix)	1.0000	1.0000	1.0000	1.0000	ok
Lexibank Turkish-Azeri	savelyevturkic_25	Turkish	Azeri	malign (SCA matrix)	1.0000	1.0000	1.0000	1.0000	ok
Lexibank Turkish-Azeri	savelyevturkic_891	Turkish	Azeri	malign (SCA matrix)	1.0000	1.0000	1.0000	1.0000	ok
Lexibank Turkish-Azeri	savelyevturkic_681	Turkish	Azeri	malign (SCA matrix)	1.0000	1.0000	1.0000	1.0000	ok
Lexibank Turkish-Azeri	savelyevturkic_143	Turkish	Azeri	malign (SCA matrix)	1.0000	1.0000	1.0000	1.0000	ok
Lexibank Turkish-Azeri	savelyevturkic_399	Turkish	Azeri	malign (SCA matrix)	1.0000	1.0000	1.0000	1.0000	ok
Lexibank Turkish-Azeri	savelyevturkic_524	Turkish	Azeri	malign (SCA matrix)					skipped
Lexibank Turkish-Azeri	savelyevturkic_395	Turkish	Azeri	malign (SCA matrix)					skipped
Lexibank Turkish-Azeri	savelyevturkic_359	Turkish	Azeri	malign (SCA matrix)	1.0000	1.0000	1.0000	1.0000	ok
Lexibank Turkish-Azeri	savelyevturkic_449	Turkish	Azeri	malign (SCA matrix)	1.0000	1.0000	1.0000	1.0000	ok
Lexibank Turkish-Azeri	savelyevturkic_31	Turkish	Azeri	malign (SCA matrix)	1.0000	1.0000	1.0000	1.0000	ok
Lexibank Turkish-Azeri	savelyevturkic_24	Turkish	Azeri	malign (SCA matrix)					skipped
Lexibank Turkish-Azeri	savelyevturkic_459	Turkish	Azeri	malign (SCA matrix)					skipped
Lexibank Turkish-Azeri	savelyevturkic_682	Turkish	Azeri	malign (SCA matrix)	1.0000	1.0000	1.0000	1.0000	ok
Lexibank Turkish-Azeri	savelyevturkic_586	Turkish	Azeri	malign (SCA matrix)	1.0000	1.0000	1.0000	1.0000	ok
Lexibank Turkish-Azeri	savelyevturkic_294	Turkish	Azeri	malign (SCA matrix)	1.0000	1.0000	1.0000	1.0000	ok
Lexibank Turkish-Azeri	savelyevturkic_255	Turkish	Azeri	malign (SCA matrix)	1.0000	1.0000	1.0000	1.0000	ok
Lexibank Turkish-Azeri	savelyevturkic_560	Turkish	Azeri	malign (SCA matrix)	1.0000	1.0000	1.0000	1.0000	ok
Lexibank Turkish-Azeri	savelyevturkic_475	Turkish	Azeri	malign (SCA matrix)	1.0000	1.0000	1.0000	1.0000	ok
Lexibank Turkish-Azeri	savelyevturkic_596	Turkish	Azeri	malign (SCA matrix)	1.0000	1.0000	1.0000	1.0000	ok
Lexibank Turkish-Azeri	savelyevturkic_683	Turkish	Azeri	malign (SCA matrix)	1.0000	1.0000	1.0000	1.0000	ok
Lexibank Turkish-Azeri	savelyevturkic_911	Turkish	Azeri	malign (SCA matrix)	1.0000	1.0000	1.0000	1.0000	ok
Lexibank Turkish-Azeri	savelyevturkic_438	Turkish	Azeri	malign (SCA matrix)	1.0000	1.0000	1.0000	1.0000	ok
Lexibank Turkish-Azeri	savelyevturkic_57	Turkish	Azeri	malign (SCA matrix)	1.0000	1.0000	1.0000	1.0000	ok
Lexibank Turkish-Azeri	savelyevturkic_105	Turkish	Azeri	malign (SCA matrix)					skipped
Lexibank Turkish-Azeri	savelyevturkic_635	Turkish	Azeri	malign (SCA matrix)	1.0000	1.0000	1.0000	1.0000	ok
Lexibank Turkish-Azeri	savelyevturkic_689	Turkish	Azeri	malign (SCA matrix)	1.0000	1.0000	1.0000	1.0000	ok
Lexibank Turkish-Azeri	savelyevturkic_50	Turkish	Azeri	malign (SCA matrix)	1.0000	1.0000	1.0000	1.0000	ok
Lexibank Turkish-Azeri	savelyevturkic_206	Turkish	Azeri	malign (SCA matrix)	1.0000	1.0000	1.0000	1.0000	ok
Lexibank Turkish-Azeri	savelyevturkic_17	Turkish	Azeri	malign (SCA matrix)	1.0000	1.0000	1.0000	1.0000	ok
Lexibank Turkish-Azeri	savelyevturkic_139	Turkish	Azeri	malign (SCA matrix)	1.0000	1.0000	1.0000	1.0000	ok
Lexibank Turkish-Azeri	savelyevturkic_245	Turkish	Azeri	malign (SCA matrix)	1.0000	1.0000	1.0000	1.0000	ok
Lexibank Turkish-Azeri	savelyevturkic_240	Turkish	Azeri	malign (SCA matrix)	1.0000	1.0000	1.0000	1.0000	ok
Lexibank Turkish-Azeri	savelyevturkic_52	Turkish	Azeri	malign (SCA matrix)	1.0000	1.0000	1.0000	1.0000	ok
Lexibank Turkish-Azeri	savelyevturkic_694	Turkish	Azeri	malign (SCA matrix)	1.0000	1.0000	1.0000	1.0000	ok
Lexibank Turkish-Azeri	savelyevturkic_703	Turkish	Azeri	malign (SCA matrix)					skipped
Lexibank Turkish-Azeri	savelyevturkic_453	Turkish	Azeri	malign (SCA matrix)	1.0000	1.0000	1.0000	1.0000	ok
Lexibank Turkish-Azeri	savelyevturkic_606	Turkish	Azeri	malign (SCA matrix)	1.0000	1.0000	1.0000	1.0000	ok
Lexibank Turkish-Azeri	savelyevturkic_707	Turkish	Azeri	malign (SCA matrix)	1.0000	1.0000	1.0000	1.0000	ok
Lexibank Turkish-Azeri	savelyevturkic_82	Turkish	Azeri	malign (SCA matrix)	1.0000	1.0000	1.0000	1.0000	ok
Lexibank Turkish-Azeri	savelyevturkic_445	Turkish	Azeri	malign (SCA matrix)	1.0000	1.0000	1.0000	1.0000	ok
Lexibank Turkish-Azeri	savelyevturkic_98	Turkish	Azeri	malign (SCA matrix)	1.0000	1.0000	1.0000	1.0000	ok
Lexibank Turkish-Azeri	savelyevturkic_718	Turkish	Azeri	malign (SCA matrix)	1.0000	1.0000	1.0000	1.0000	ok
Lexibank Turkish-Azeri	savelyevturkic_516	Turkish	Azeri	malign (SCA matrix)	1.0000	1.0000	1.0000	1.0000	ok
Lexibank Turkish-Azeri	savelyevturkic_719	Turkish	Azeri	malign (SCA matrix)					skipped
Lexibank Turkish-Azeri	savelyevturkic_407	Turkish	Azeri	malign (SCA matrix)					skipped
Lexibank Turkish-Azeri	savelyevturkic_468	Turkish	Azeri	malign (SCA matrix)	1.0000	1.0000	1.0000	1.0000	ok
Lexibank Turkish-Azeri	savelyevturkic_599	Turkish	Azeri	malign (SCA matrix)					skipped
Lexibank Turkish-Azeri	savelyevturkic_618	Turkish	Azeri	malign (SCA matrix)	1.0000	1.0000	1.0000	1.0000	ok
Lexibank Turkish-Azeri	savelyevturkic_540	Turkish	Azeri	malign (SCA matrix)	1.0000	1.0000	1.0000	1.0000	ok
Lexibank Turkish-Azeri	savelyevturkic_728	Turkish	Azeri	malign (SCA matrix)	1.0000	1.0000	1.0000	1.0000	ok
Lexibank Turkish-Azeri	savelyevturkic_474	Turkish	Azeri	malign (SCA matrix)	1.0000	1.0000	1.0000	1.0000	ok
Lexibank Turkish-Azeri	savelyevturkic_141	Turkish	Azeri	malign (SCA matrix)	1.0000	1.0000	1.0000	1.0000	ok
Lexibank Turkish-Azeri	savelyevturkic_7	Turkish	Azeri	malign (SCA matrix)					skipped
Lexibank Turkish-Azeri	savelyevturkic_327	Turkish	Azeri	malign (SCA matrix)	1.0000	1.0000	1.0000	1.0000	ok
Lexibank Turkish-Azeri	savelyevturkic_197	Turkish	Azeri	malign (SCA matrix)					skipped
Lexibank Turkish-Azeri	savelyevturkic_464	Turkish	Azeri	malign (SCA matrix)	1.0000	1.0000	1.0000	1.0000	ok
Lexibank Turkish-Azeri	savelyevturkic_732	Turkish	Azeri	malign (SCA matrix)	1.0000	1.0000	1.0000	1.0000	ok
Lexibank Turkish-Azeri	savelyevturkic_418	Turkish	Azeri	malign (SCA matrix)	1.0000	1.0000	1.0000	1.0000	ok
Lexibank Turkish-Azeri	savelyevturkic_737	Turkish	Azeri	malign (SCA matrix)	1.0000	1.0000	1.0000	1.0000	ok
Lexibank Turkish-Azeri	savelyevturkic_74	Turkish	Azeri	malign (SCA matrix)					skipped
Lexibank Turkish-Azeri	savelyevturkic_421	Turkish	Azeri	malign (SCA matrix)	1.0000	1.0000	1.0000	1.0000	ok
Lexibank Turkish-Azeri	savelyevturkic_163	Turkish	Azeri	malign (SCA matrix)	1.0000	1.0000	1.0000	1.0000	ok
Lexibank Turkish-Azeri	savelyevturkic_199	Turkish	Azeri	malign (SCA matrix)	1.0000	1.0000	1.0000	1.0000	ok
Lexibank Turkish-Azeri	savelyevturkic_38	Turkish	Azeri	malign (SCA matrix)	1.0000	1.0000	1.0000	1.0000	ok
Lexibank Turkish-Azeri	savelyevturkic_39	Turkish	Azeri	malign (SCA matrix)	1.0000	1.0000	1.0000	1.0000	ok
Lexibank Turkish-Azeri	savelyevturkic_739	Turkish	Azeri	malign (SCA+learn)	1.0000	1.0000	1.0000	1.0000	ok
Lexibank Turkish-Azeri	savelyevturkic_90	Turkish	Azeri	malign (SCA+learn)	1.0000	1.0000	1.0000	1.0000	ok
Lexibank Turkish-Azeri	savelyevturkic_410	Turkish	Azeri	malign (SCA+learn)	1.0000	1.0000	1.0000	1.0000	ok
Lexibank Turkish-Azeri	savelyevturkic_95	Turkish	Azeri	malign (SCA+learn)	1.0000	1.0000	1.0000	1.0000	ok
Lexibank Turkish-Azeri	savelyevturkic_442	Turkish	Azeri	malign (SCA+learn)					skipped
Lexibank Turkish-Azeri	savelyevturkic_63	Turkish	Azeri	malign (SCA+learn)	1.0000	1.0000	1.0000	1.0000	ok
Lexibank Turkish-Azeri	savelyevturkic_640	Turkish	Azeri	malign (SCA+learn)					skipped
Lexibank Turkish-Azeri	savelyevturkic_744	Turkish	Azeri	malign (SCA+learn)					skipped
Lexibank Turkish-Azeri	savelyevturkic_751	Turkish	Azeri	malign (SCA+learn)	1.0000	1.0000	1.0000	1.0000	ok
Lexibank Turkish-Azeri	savelyevturkic_247	Turkish	Azeri	malign (SCA+learn)	1.0000	1.0000	1.0000	1.0000	ok
Lexibank Turkish-Azeri	savelyevturkic_289	Turkish	Azeri	malign (SCA+learn)					skipped
Lexibank Turkish-Azeri	savelyevturkic_491	Turkish	Azeri	malign (SCA+learn)	1.0000	1.0000	1.0000	1.0000	ok
Lexibank Turkish-Azeri	savelyevturkic_488	Turkish	Azeri	malign (SCA+learn)	1.0000	1.0000	1.0000	1.0000	ok
Lexibank Turkish-Azeri	savelyevturkic_154	Turkish	Azeri	malign (SCA+learn)	1.0000	1.0000	1.0000	1.0000	ok
Lexibank Turkish-Azeri	savelyevturkic_152	Turkish	Azeri	malign (SCA+learn)	1.0000	1.0000	1.0000	1.0000	ok
Lexibank Turkish-Azeri	savelyevturkic_754	Turkish	Azeri	malign (SCA+learn)					skipped
Lexibank Turkish-Azeri	savelyevturkic_161	Turkish	Azeri	malign (SCA+learn)					skipped
Lexibank Turkish-Azeri	savelyevturkic_169	Turkish	Azeri	malign (SCA+learn)					skipped
Lexibank Turkish-Azeri	savelyevturkic_624	Turkish	Azeri	malign (SCA+learn)	1.0000	1.0000	1.0000	1.0000	ok
Lexibank Turkish-Azeri	savelyevturkic_93	Turkish	Azeri	malign (SCA+learn)	1.0000	1.0000	1.0000	1.0000	ok
Lexibank Turkish-Azeri	savelyevturkic_660	Turkish	Azeri	malign (SCA+learn)	1.0000	1.0000	1.0000	1.0000	ok
Lexibank Turkish-Azeri	savelyevturkic_755	Turkish	Azeri	malign (SCA+learn)	1.0000	1.0000	1.0000	1.0000	ok
Lexibank Turkish-Azeri	savelyevturkic_217	Turkish	Azeri	malign (SCA+learn)	1.0000	1.0000	1.0000	1.0000	ok
Lexibank Turkish-Azeri	savelyevturkic_545	Turkish	Azeri	malign (SCA+learn)	1.0000	1.0000	1.0000	1.0000	ok
Lexibank Turkish-Azeri	savelyevturkic_34	Turkish	Azeri	malign (SCA+learn)	1.0000	1.0000	1.0000	1.0000	ok
Lexibank Turkish-Azeri	savelyevturkic_522	Turkish	Azeri	malign (SCA+learn)					skipped
Lexibank Turkish-Azeri	savelyevturkic_384	Turkish	Azeri	malign (SCA+learn)	1.0000	1.0000	1.0000	1.0000	ok
Lexibank Turkish-Azeri	savelyevturkic_37	Turkish	Azeri	malign (SCA+learn)	1.0000	1.0000	1.0000	1.0000	ok
Lexibank Turkish-Azeri	savelyevturkic_480	Turkish	Azeri	malign (SCA+learn)	1.0000	1.0000	1.0000	1.0000	ok
Lexibank Turkish-Azeri	savelyevturkic_762	Turkish	Azeri	malign (SCA+learn)	1.0000	1.0000	1.0000	1.0000	ok
Lexibank Turkish-Azeri	savelyevturkic_562	Turkish	Azeri	malign (SCA+learn)					skipped
Lexibank Turkish-Azeri	savelyevturkic_301	Turkish	Azeri	malign (SCA+learn)	1.0000	1.0000	1.0000	1.0000	ok
Lexibank Turkish-Azeri	savelyevturkic_9	Turkish	Azeri	malign (SCA+learn)	1.0000	1.0000	1.0000	1.0000	ok
Lexibank Turkish-Azeri	savelyevturkic_33	Turkish	Azeri	malign (SCA+learn)	1.0000	1.0000	1.0000	1.0000	ok
Lexibank Turkish-Azeri	savelyevturkic_763	Turkish	Azeri	malign (SCA+learn)	1.0000	1.0000	1.0000	1.0000	ok
Lexibank Turkish-Azeri	savelyevturkic_108	Turkish	Azeri	malign (SCA+learn)	1.0000	1.0000	1.0000	1.0000	ok
Lexibank Turkish-Azeri	savelyevturkic_115	Turkish	Azeri	malign (SCA+learn)	1.0000	1.0000	1.0000	1.0000	ok
Lexibank Turkish-Azeri	savelyevturkic_769	Turkish	Azeri	malign (SCA+learn)	1.0000	1.0000	1.0000	1.0000	ok
Lexibank Turkish-Azeri	savelyevturkic_51	Turkish	Azeri	malign (SCA+learn)	1.0000	1.0000	1.0000	1.0000	ok
Lexibank Turkish-Azeri	savelyevturkic_142	Turkish	Azeri	malign (SCA+learn)	1.0000	1.0000	1.0000	1.0000	ok
Lexibank Turkish-Azeri	savelyevturkic_47	Turkish	Azeri	malign (SCA+learn)	1.0000	1.0000	1.0000	1.0000	ok
Lexibank Turkish-Azeri	savelyevturkic_3	Turkish	Azeri	malign (SCA+learn)	1.0000	1.0000	1.0000	1.0000	ok
Lexibank Turkish-Azeri	savelyevturkic_148	Turkish	Azeri	malign (SCA+learn)	1.0000	1.0000	1.0000	1.0000	ok
Lexibank Turkish-Azeri	savelyevturkic_80	Turkish	Azeri	malign (SCA+learn)	1.0000	1.0000	1.0000	1.0000	ok
Lexibank Turkish-Azeri	savelyevturkic_661	Turkish	Azeri	malign (SCA+learn)					skipped
Lexibank Turkish-Azeri	savelyevturkic_612	Turkish	Azeri	malign (SCA+learn)	1.0000	1.0000	1.0000	1.0000	ok
Lexibank Turkish-Azeri	savelyevturkic_398	Turkish	Azeri	malign (SCA+learn)	1.0000	1.0000	1.0000	1.0000	ok
Lexibank Turkish-Azeri	savelyevturkic_441	Turkish	Azeri	malign (SCA+learn)					skipped
Lexibank Turkish-Azeri	savelyevturkic_405	Turkish	Azeri	malign (SCA+learn)	1.0000	1.0000	1.0000	1.0000	ok
Lexibank Turkish-Azeri	savelyevturkic_772	Turkish	Azeri	malign (SCA+learn)	1.0000	1.0000	1.0000	1.0000	ok
Lexibank Turkish-Azeri	savelyevturkic_610	Turkish	Azeri	malign (SCA+learn)	1.0000	1.0000	1.0000	1.0000	ok
Lexibank Turkish-Azeri	savelyevturkic_28	Turkish	Azeri	malign (SCA+learn)					skipped
Lexibank Turkish-Azeri	savelyevturkic_339	Turkish	Azeri	malign (SCA+learn)					skipped
Lexibank Turkish-Azeri	savelyevturkic_447	Turkish	Azeri	malign (SCA+learn)	1.0000	1.0000	1.0000	1.0000	ok
Lexibank Turkish-Azeri	savelyevturkic_675	Turkish	Azeri	malign (SCA+learn)	1.0000	1.0000	1.0000	1.0000	ok
Lexibank Turkish-Azeri	savelyevturkic_323	Turkish	Azeri	malign (SCA+learn)	1.0000	1.0000	1.0000	1.0000	ok
Lexibank Turkish-Azeri	savelyevturkic_631	Turkish	Azeri	malign (SCA+learn)					skipped
Lexibank Turkish-Azeri	savelyevturkic_21	Turkish	Azeri	malign (SCA+learn)	1.0000	1.0000	1.0000	1.0000	ok
Lexibank Turkish-Azeri	savelyevturkic_267	Turkish	Azeri	malign (SCA+learn)	1.0000	1.0000	1.0000	1.0000	ok
Lexibank Turkish-Azeri	savelyevturkic_795	Turkish	Azeri	malign (SCA+learn)					skipped
Lexibank Turkish-Azeri	savelyevturkic_279	Turkish	Azeri	malign (SCA+learn)	1.0000	1.0000	1.0000	1.0000	ok
Lexibank Turkish-Azeri	savelyevturkic_158	Turkish	Azeri	malign (SCA+learn)	1.0000	1.0000	1.0000	1.0000	ok
Lexibank Turkish-Azeri	savelyevturkic_424	Turkish	Azeri	malign (SCA+learn)	1.0000	1.0000	1.0000	1.0000	ok
Lexibank Turkish-Azeri	savelyevturkic_69	Turkish	Azeri	malign (SCA+learn)	1.0000	1.0000	1.0000	1.0000	ok
Lexibank Turkish-Azeri	savelyevturkic_70	Turkish	Azeri	malign (SCA+learn)	1.0000	1.0000	1.0000	1.0000	ok
Lexibank Turkish-Azeri	savelyevturkic_565	Turkish	Azeri	malign (SCA+learn)	1.0000	1.0000	1.0000	1.0000	ok
Lexibank Turkish-Azeri	savelyevturkic_798	Turkish	Azeri	malign (SCA+learn)	1.0000	1.0000	1.0000	1.0000	ok
Lexibank Turkish-Azeri	savelyevturkic_260	Turkish	Azeri	malign (SCA+learn)					skipped
Lexibank Turkish-Azeri	savelyevturkic_484	Turkish	Azeri	malign (SCA+learn)	1.0000	1.0000	1.0000	1.0000	ok
Lexibank Turkish-Azeri	savelyevturkic_273	Turkish	Azeri	malign (SCA+learn)	1.0000	1.0000	1.0000	1.0000	ok
Lexibank Turkish-Azeri	savelyevturkic_804	Turkish	Azeri	malign (SCA+learn)	1.0000	1.0000	1.0000	1.0000	ok
Lexibank Turkish-Azeri	savelyevturkic_78	Turkish	Azeri	malign (SCA+learn)	1.0000	1.0000	1.0000	1.0000	ok
Lexibank Turkish-Azeri	savelyevturkic_305	Turkish	Azeri	malign (SCA+learn)	1.0000	1.0000	1.0000	1.0000	ok
Lexibank Turkish-Azeri	savelyevturkic_182	Turkish	Azeri	malign (SCA+learn)	1.0000	1.0000	1.0000	1.0000	ok
Lexibank Turkish-Azeri	savelyevturkic_817	Turkish	Azeri	malign (SCA+learn)					skipped
Lexibank Turkish-Azeri	savelyevturkic_280	Turkish	Azeri	malign (SCA+learn)					skipped
Lexibank Turkish-Azeri	savelyevturkic_823	Turkish	Azeri	malign (SCA+learn)	1.0000	1.0000	1.0000	1.0000	ok
Lexibank Turkish-Azeri	savelyevturkic_355	Turkish	Azeri	malign (SCA+learn)	1.0000	1.0000	1.0000	1.0000	ok
Lexibank Turkish-Azeri	savelyevturkic_275	Turkish	Azeri	malign (SCA+learn)	1.0000	1.0000	1.0000	1.0000	ok
Lexibank Turkish-Azeri	savelyevturkic_834	Turkish	Azeri	malign (SCA+learn)	1.0000	1.0000	1.0000	1.0000	ok
Lexibank Turkish-Azeri	savelyevturkic_541	Turkish	Azeri	malign (SCA+learn)	1.0000	1.0000	1.0000	1.0000	ok
Lexibank Turkish-Azeri	savelyevturkic_166	Turkish	Azeri	malign (SCA+learn)	1.0000	1.0000	1.0000	1.0000	ok
Lexibank Turkish-Azeri	savelyevturkic_167	Turkish	Azeri	malign (SCA+learn)					skipped
Lexibank Turkish-Azeri	savelyevturkic_651	Turkish	Azeri	malign (SCA+learn)	1.0000	1.0000	1.0000	1.0000	ok
Lexibank Turkish-Azeri	savelyevturkic_835	Turkish	Azeri	malign (SCA+learn)					skipped
Lexibank Turkish-Azeri	savelyevturkic_109	Turkish	Azeri	malign (SCA+learn)	1.0000	1.0000	1.0000	1.0000	ok
Lexibank Turkish-Azeri	savelyevturkic_288	Turkish	Azeri	malign (SCA+learn)	1.0000	1.0000	1.0000	1.0000	ok
Lexibank Turkish-Azeri	savelyevturkic_66	Turkish	Azeri	malign (SCA+learn)	1.0000	1.0000	1.0000	1.0000	ok
Lexibank Turkish-Azeri	savelyevturkic_307	Turkish	Azeri	malign (SCA+learn)	1.0000	1.0000	1.0000	1.0000	ok
Lexibank Turkish-Azeri	savelyevturkic_849	Turkish	Azeri	malign (SCA+learn)	1.0000	1.0000	1.0000	1.0000	ok
Lexibank Turkish-Azeri	savelyevturkic_187	Turkish	Azeri	malign (SCA+learn)	1.0000	1.0000	1.0000	1.0000	ok
Lexibank Turkish-Azeri	savelyevturkic_571	Turkish	Azeri	malign (SCA+learn)					skipped
Lexibank Turkish-Azeri	savelyevturkic_527	Turkish	Azeri	malign (SCA+learn)	1.0000	1.0000	1.0000	1.0000	ok
Lexibank Turkish-Azeri	savelyevturkic_851	Turkish	Azeri	malign (SCA+learn)	1.0000	1.0000	1.0000	1.0000	ok
Lexibank Turkish-Azeri	savelyevturkic_855	Turkish	Azeri	malign (SCA+learn)	1.0000	1.0000	1.0000	1.0000	ok
Lexibank Turkish-Azeri	savelyevturkic_248	Turkish	Azeri	malign (SCA+learn)	1.0000	1.0000	1.0000	1.0000	ok
Lexibank Turkish-Azeri	savelyevturkic_665	Turkish	Azeri	malign (SCA+learn)	1.0000	1.0000	1.0000	1.0000	ok
Lexibank Turkish-Azeri	savelyevturkic_67	Turkish	Azeri	malign (SCA+learn)					skipped
Lexibank Turkish-Azeri	savelyevturkic_362	Turkish	Azeri	malign (SCA+learn)	1.0000	1.0000	1.0000	1.0000	ok
Lexibank Turkish-Azeri	savelyevturkic_557	Turkish	Azeri	malign (SCA+learn)	1.0000	1.0000	1.0000	1.0000	ok
Lexibank Turkish-Azeri	savelyevturkic_512	Turkish	Azeri	malign (SCA+learn)	1.0000	1.0000	1.0000	1.0000	ok
Lexibank Turkish-Azeri	savelyevturkic_862	Turkish	Azeri	malign (SCA+learn)	1.0000	1.0000	1.0000	1.0000	ok
Lexibank Turkish-Azeri	savelyevturkic_214	Turkish	Azeri	malign (SCA+learn)	1.0000	1.0000	1.0000	1.0000	ok
Lexibank Turkish-Azeri	savelyevturkic_461	Turkish	Azeri	malign (SCA+learn)	1.0000	1.0000	1.0000	1.0000	ok
Lexibank Turkish-Azeri	savelyevturkic_868	Turkish	Azeri	malign (SCA+learn)	1.0000	1.0000	1.0000	1.0000	ok
Lexibank Turkish-Azeri	savelyevturkic_96	Turkish	Azeri	malign (SCA+learn)	1.0000	1.0000	1.0000	1.0000	ok
Lexibank Turkish-Azeri	savelyevturkic_321	Turkish	Azeri	malign (SCA+learn)					skipped
Lexibank Turkish-Azeri	savelyevturkic_106	Turkish	Azeri	malign (SCA+learn)	1.0000	1.0000	1.0000	1.0000	ok
Lexibank Turkish-Azeri	savelyevturkic_501	Turkish	Azeri	malign (SCA+learn)	1.0000	1.0000	1.0000	1.0000	ok
Lexibank Turkish-Azeri	savelyevturkic_314	Turkish	Azeri	malign (SCA+learn)	1.0000	1.0000	1.0000	1.0000	ok
Lexibank Turkish-Azeri	savelyevturkic_257	Turkish	Azeri	malign (SCA+learn)	1.0000	1.0000	1.0000	1.0000	ok
Lexibank Turkish-Azeri	savelyevturkic_786	Turkish	Azeri	malign (SCA+learn)					skipped
Lexibank Turkish-Azeri	savelyevturkic_12	Turkish	Azeri	malign (SCA+learn)	1.0000	1.0000	1.0000	1.0000	ok
Lexibank Turkish-Azeri	savelyevturkic_72	Turkish	Azeri	malign (SCA+learn)	1.0000	1.0000	1.0000	1.0000	ok
Lexibank Turkish-Azeri	savelyevturkic_872	Turkish	Azeri	malign (SCA+learn)					skipped
Lexibank Turkish-Azeri	savelyevturkic_878	Turkish	Azeri	malign (SCA+learn)	1.0000	1.0000	1.0000	1.0000	ok
Lexibank Turkish-Azeri	savelyevturkic_348	Turkish	Azeri	malign (SCA+learn)	1.0000	1.0000	1.0000	1.0000	ok
Lexibank Turkish-Azeri	savelyevturkic_884	Turkish	Azeri	malign (SCA+learn)	1.0000	1.0000	1.0000	1.0000	ok
Lexibank Turkish-Azeri	savelyevturkic_885	Turkish	Azeri	malign (SCA+learn)	1.0000	1.0000	1.0000	1.0000	ok
Lexibank Turkish-Azeri	savelyevturkic_8	Turkish	Azeri	malign (SCA+learn)	1.0000	1.0000	1.0000	1.0000	ok
Lexibank Turkish-Azeri	savelyevturkic_380	Turkish	Azeri	malign (SCA+learn)	1.0000	1.0000	1.0000	1.0000	ok
Lexibank Turkish-Azeri	savelyevturkic_129	Turkish	Azeri	malign (SCA+learn)	1.0000	1.0000	1.0000	1.0000	ok
Lexibank Turkish-Azeri	savelyevturkic_218	Turkish	Azeri	malign (SCA+learn)	1.0000	1.0000	1.0000	1.0000	ok
Lexibank Turkish-Azeri	savelyevturkic_220	Turkish	Azeri	malign (SCA+learn)					skipped
Lexibank Turkish-Azeri	savelyevturkic_436	Turkish	Azeri	malign (SCA+learn)					skipped
Lexibank Turkish-Azeri	savelyevturkic_81	Turkish	Azeri	malign (SCA+learn)	1.0000	1.0000	1.0000	1.0000	ok
Lexibank Turkish-Azeri	savelyevturkic_283	Turkish	Azeri	malign (SCA+learn)	1.0000	1.0000	1.0000	1.0000	ok
Lexibank Turkish-Azeri	savelyevturkic_35	Turkish	Azeri	malign (SCA+learn)	1.0000	1.0000	1.0000	1.0000	ok
Lexibank Turkish-Azeri	savelyevturkic_900	Turkish	Azeri	malign (SCA+learn)	1.0000	1.0000	1.0000	1.0000	ok
Lexibank Turkish-Azeri	savelyevturkic_589	Turkish	Azeri	malign (SCA+learn)	1.0000	1.0000	1.0000	1.0000	ok
Lexibank Turkish-Azeri	savelyevturkic_905	Turkish	Azeri	malign (SCA+learn)	1.0000	1.0000	1.0000	1.0000	ok
Lexibank Turkish-Azeri	savelyevturkic_906	Turkish	Azeri	malign (SCA+learn)					skipped
Lexibank Turkish-Azeri	savelyevturkic_360	Turkish	Azeri	malign (SCA+learn)	1.0000	1.0000	1.0000	1.0000	ok
Lexibank Turkish-Azeri	savelyevturkic_908	Turkish	Azeri	malign (SCA+learn)	1.0000	1.0000	1.0000	1.0000	ok
Lexibank Turkish-Azeri	savelyevturkic_102	Turkish	Azeri	malign (SCA+learn)	0.6000	0.6000	0.6000	0.6000	ok
Lexibank Turkish-Azeri	savelyevturkic_349	Turkish	Azeri	malign (SCA+learn)	1.0000	1.0000	1.0000	1.0000	ok
Lexibank Turkish-Azeri	savelyevturkic_581	Turkish	Azeri	malign (SCA+learn)	1.0000	1.0000	1.0000	1.0000	ok
Lexibank Turkish-Azeri	savelyevturkic_331	Turkish	Azeri	malign (SCA+learn)	1.0000	1.0000	1.0000	1.0000	ok
Lexibank Turkish-Azeri	savelyevturkic_642	Turkish	Azeri	malign (SCA+learn)	1.0000	1.0000	1.0000	1.0000	ok
Lexibank Turkish-Azeri	savelyevturkic_25	Turkish	Azeri	malign (SCA+learn)	1.0000	1.0000	1.0000	1.0000	ok
Lexibank Turkish-Azeri	savelyevturkic_891	Turkish	Azeri	malign (SCA+learn)	1.0000	1.0000	1.0000	1.0000	ok
Lexibank Turkish-Azeri	savelyevturkic_681	Turkish	Azeri	malign (SCA+learn)	1.0000	1.0000	1.0000	1.0000	ok
Lexibank Turkish-Azeri	savelyevturkic_143	Turkish	Azeri	malign (SCA+learn)	1.0000	1.0000	1.0000	1.0000	ok
Lexibank Turkish-Azeri	savelyevturkic_399	Turkish	Azeri	malign (SCA+learn)	1.0000	1.0000	1.0000	1.0000	ok
Lexibank Turkish-Azeri	savelyevturkic_524	Turkish	Azeri	malign (SCA+learn)					skipped
Lexibank Turkish-Azeri	savelyevturkic_395	Turkish	Azeri	malign (SCA+learn)					skipped
Lexibank Turkish-Azeri	savelyevturkic_359	Turkish	Azeri	malign (SCA+learn)	1.0000	1.0000	1.0000	1.0000	ok
Lexibank Turkish-Azeri	savelyevturkic_449	Turkish	Azeri	malign (SCA+learn)	1.0000	1.0000	1.0000	1.0000	ok
Lexibank Turkish-Azeri	savelyevturkic_31	Turkish	Azeri	malign (SCA+learn)	1.0000	1.0000	1.0000	1.0000	ok
Lexibank Turkish-Azeri	savelyevturkic_24	Turkish	Azeri	malign (SCA+learn)					skipped
Lexibank Turkish-Azeri	savelyevturkic_459	Turkish	Azeri	malign (SCA+learn)					skipped
Lexibank Turkish-Azeri	savelyevturkic_682	Turkish	Azeri	malign (SCA+learn)	1.0000	1.0000	1.0000	1.0000	ok
Lexibank Turkish-Azeri	savelyevturkic_586	Turkish	Azeri	malign (SCA+learn)	1.0000	1.0000	1.0000	1.0000	ok
Lexibank Turkish-Azeri	savelyevturkic_294	Turkish	Azeri	malign (SCA+learn)	1.0000	1.0000	1.0000	1.0000	ok
Lexibank Turkish-Azeri	savelyevturkic_255	Turkish	Azeri	malign (SCA+learn)	1.0000	1.0000	1.0000	1.0000	ok
Lexibank Turkish-Azeri	savelyevturkic_560	Turkish	Azeri	malign (SCA+learn)	1.0000	1.0000	1.0000	1.0000	ok
Lexibank Turkish-Azeri	savelyevturkic_475	Turkish	Azeri	malign (SCA+learn)	1.0000	1.0000	1.0000	1.0000	ok
Lexibank Turkish-Azeri	savelyevturkic_596	Turkish	Azeri	malign (SCA+learn)	1.0000	1.0000	1.0000	1.0000	ok
Lexibank Turkish-Azeri	savelyevturkic_683	Turkish	Azeri	malign (SCA+learn)	1.0000	1.0000	1.0000	1.0000	ok
Lexibank Turkish-Azeri	savelyevturkic_911	Turkish	Azeri	malign (SCA+learn)	1.0000	1.0000	1.0000	1.0000	ok
Lexibank Turkish-Azeri	savelyevturkic_438	Turkish	Azeri	malign (SCA+learn)	1.0000	1.0000	1.0000	1.0000	ok
Lexibank Turkish-Azeri	savelyevturkic_57	Turkish	Azeri	malign (SCA+learn)	1.0000	1.0000	1.0000	1.0000	ok
Lexibank Turkish-Azeri	savelyevturkic_105	Turkish	Azeri	malign (SCA+learn)					skipped
Lexibank Turkish-Azeri	savelyevturkic_635	Turkish	Azeri	malign (SCA+learn)	1.0000	1.0000	1.0000	1.0000	ok
Lexibank Turkish-Azeri	savelyevturkic_689	Turkish	Azeri	malign (SCA+learn)	1.0000	1.0000	1.0000	1.0000	ok
Lexibank Turkish-Azeri	savelyevturkic_50	Turkish	Azeri	malign (SCA+learn)	1.0000	1.0000	1.0000	1.0000	ok
Lexibank Turkish-Azeri	savelyevturkic_206	Turkish	Azeri	malign (SCA+learn)	1.0000	1.0000	1.0000	1.0000	ok
Lexibank Turkish-Azeri	savelyevturkic_17	Turkish	Azeri	malign (SCA+learn)	1.0000	1.0000	1.0000	1.0000	ok
Lexibank Turkish-Azeri	savelyevturkic_139	Turkish	Azeri	malign (SCA+learn)	1.0000	1.0000	1.0000	1.0000	ok
Lexibank Turkish-Azeri	savelyevturkic_245	Turkish	Azeri	malign (SCA+learn)	1.0000	1.0000	1.0000	1.0000	ok
Lexibank Turkish-Azeri	savelyevturkic_240	Turkish	Azeri	malign (SCA+learn)	1.0000	1.0000	1.0000	1.0000	ok
Lexibank Turkish-Azeri	savelyevturkic_52	Turkish	Azeri	malign (SCA+learn)	1.0000	1.0000	1.0000	1.0000	ok
Lexibank Turkish-Azeri	savelyevturkic_694	Turkish	Azeri	malign (SCA+learn)	1.0000	1.0000	1.0000	1.0000	ok
Lexibank Turkish-Azeri	savelyevturkic_703	Turkish	Azeri	malign (SCA+learn)					skipped
Lexibank Turkish-Azeri	savelyevturkic_453	Turkish	Azeri	malign (SCA+learn)	1.0000	1.0000	1.0000	1.0000	ok
Lexibank Turkish-Azeri	savelyevturkic_606	Turkish	Azeri	malign (SCA+learn)	1.0000	1.0000	1.0000	1.0000	ok
Lexibank Turkish-Azeri	savelyevturkic_707	Turkish	Azeri	malign (SCA+learn)	1.0000	1.0000	1.0000	1.0000	ok
Lexibank Turkish-Azeri	savelyevturkic_82	Turkish	Azeri	malign (SCA+learn)	1.0000	1.0000	1.0000	1.0000	ok
Lexibank Turkish-Azeri	savelyevturkic_445	Turkish	Azeri	malign (SCA+learn)	1.0000	1.0000	1.0000	1.0000	ok
Lexibank Turkish-Azeri	savelyevturkic_98	Turkish	Azeri	malign (SCA+learn)	1.0000	1.0000	1.0000	1.0000	ok
Lexibank Turkish-Azeri	savelyevturkic_718	Turkish	Azeri	malign (SCA+learn)	1.0000	1.0000	1.0000	1.0000	ok
Lexibank Turkish-Azeri	savelyevturkic_516	Turkish	Azeri	malign (SCA+learn)	1.0000	1.0000	1.0000	1.0000	ok
Lexibank Turkish-Azeri	savelyevturkic_719	Turkish	Azeri	malign (SCA+learn)					skipped
Lexibank Turkish-Azeri	savelyevturkic_407	Turkish	Azeri	malign (SCA+learn)					skipped
Lexibank Turkish-Azeri	savelyevturkic_468	Turkish	Azeri	malign (SCA+learn)	1.0000	1.0000	1.0000	1.0000	ok
Lexibank Turkish-Azeri	savelyevturkic_599	Turkish	Azeri	malign (SCA+learn)					skipped
Lexibank Turkish-Azeri	savelyevturkic_618	Turkish	Azeri	malign (SCA+learn)	1.0000	1.0000	1.0000	1.0000	ok
Lexibank Turkish-Azeri	savelyevturkic_540	Turkish	Azeri	malign (SCA+learn)	1.0000	1.0000	1.0000	1.0000	ok
Lexibank Turkish-Azeri	savelyevturkic_728	Turkish	Azeri	malign (SCA+learn)	1.0000	1.0000	1.0000	1.0000	ok
Lexibank Turkish-Azeri	savelyevturkic_474	Turkish	Azeri	malign (SCA+learn)	1.0000	1.0000	1.0000	1.0000	ok
Lexibank Turkish-Azeri	savelyevturkic_141	Turkish	Azeri	malign (SCA+learn)	1.0000	1.0000	1.0000	1.0000	ok
Lexibank Turkish-Azeri	savelyevturkic_7	Turkish	Azeri	malign (SCA+learn)					skipped
Lexibank Turkish-Azeri	savelyevturkic_327	Turkish	Azeri	malign (SCA+learn)	1.0000	1.0000	1.0000	1.0000	ok
Lexibank Turkish-Azeri	savelyevturkic_197	Turkish	Azeri	malign (SCA+learn)					skipped
Lexibank Turkish-Azeri	savelyevturkic_464	Turkish	Azeri	malign (SCA+learn)	1.0000	1.0000	1.0000	1.0000	ok
Lexibank Turkish-Azeri	savelyevturkic_732	Turkish	Azeri	malign (SCA+learn)	1.0000	1.0000	1.0000	1.0000	ok
Lexibank Turkish-Azeri	savelyevturkic_418	Turkish	Azeri	malign (SCA+learn)	1.0000	1.0000	1.0000	1.0000	ok
Lexibank Turkish-Azeri	savelyevturkic_737	Turkish	Azeri	malign (SCA+learn)	1.0000	1.0000	1.0000	1.0000	ok
Lexibank Turkish-Azeri	savelyevturkic_74	Turkish	Azeri	malign (SCA+learn)					skipped
Lexibank Turkish-Azeri	savelyevturkic_421	Turkish	Azeri	malign (SCA+learn)	1.0000	1.0000	1.0000	1.0000	ok
Lexibank Turkish-Azeri	savelyevturkic_163	Turkish	Azeri	malign (SCA+learn)	1.0000	1.0000	1.0000	1.0000	ok
Lexibank Turkish-Azeri	savelyevturkic_199	Turkish	Azeri	malign (SCA+learn)	1.0000	1.0000	1.0000	1.0000	ok
Lexibank Turkish-Azeri	savelyevturkic_38	Turkish	Azeri	malign (SCA+learn)	1.0000	1.0000	1.0000	1.0000	ok
Lexibank Turkish-Azeri	savelyevturkic_39	Turkish	Azeri	malign (SCA+learn)	1.0000	1.0000	1.0000	1.0000	ok
Lexibank Turkish-Azeri	savelyevturkic_739	Turkish	Azeri	malign (distfeat)	1.0000	1.0000	1.0000	1.0000	ok
Lexibank Turkish-Azeri	savelyevturkic_90	Turkish	Azeri	malign (distfeat)	1.0000	1.0000	1.0000	1.0000	ok
Lexibank Turkish-Azeri	savelyevturkic_410	Turkish	Azeri	malign (distfeat)	1.0000	1.0000	1.0000	1.0000	ok
Lexibank Turkish-Azeri	savelyevturkic_95	Turkish	Azeri	malign (distfeat)	1.0000	1.0000	1.0000	1.0000	ok
Lexibank Turkish-Azeri	savelyevturkic_442	Turkish	Azeri	malign (distfeat)					skipped
Lexibank Turkish-Azeri	savelyevturkic_63	Turkish	Azeri	malign (distfeat)	1.0000	1.0000	1.0000	1.0000	ok
Lexibank Turkish-Azeri	savelyevturkic_640	Turkish	Azeri	malign (distfeat)					skipped
Lexibank Turkish-Azeri	savelyevturkic_744	Turkish	Azeri	malign (distfeat)					skipped
Lexibank Turkish-Azeri	savelyevturkic_751	Turkish	Azeri	malign (distfeat)	1.0000	1.0000	1.0000	1.0000	ok
Lexibank Turkish-Azeri	savelyevturkic_247	Turkish	Azeri	malign (distfeat)	1.0000	1.0000	1.0000	1.0000	ok
Lexibank Turkish-Azeri	savelyevturkic_289	Turkish	Azeri	malign (distfeat)					skipped
Lexibank Turkish-Azeri	savelyevturkic_491	Turkish	Azeri	malign (distfeat)					skipped
Lexibank Turkish-Azeri	savelyevturkic_488	Turkish	Azeri	malign (distfeat)	1.0000	1.0000	1.0000	1.0000	ok
Lexibank Turkish-Azeri	savelyevturkic_154	Turkish	Azeri	malign (distfeat)	1.0000	1.0000	1.0000	1.0000	ok
Lexibank Turkish-Azeri	savelyevturkic_152	Turkish	Azeri	malign (distfeat)	1.0000	1.0000	1.0000	1.0000	ok
Lexibank Turkish-Azeri	savelyevturkic_754	Turkish	Azeri	malign (distfeat)					skipped
Lexibank Turkish-Azeri	savelyevturkic_161	Turkish	Azeri	malign (distfeat)					skipped
Lexibank Turkish-Azeri	savelyevturkic_169	Turkish	Azeri	malign (distfeat)					skipped
Lexibank Turkish-Azeri	savelyevturkic_624	Turkish	Azeri	malign (distfeat)	1.0000	1.0000	1.0000	1.0000	ok
Lexibank Turkish-Azeri	savelyevturkic_93	Turkish	Azeri	malign (distfeat)	1.0000	1.0000	1.0000	1.0000	ok
Lexibank Turkish-Azeri	savelyevturkic_660	Turkish	Azeri	malign (distfeat)	1.0000	1.0000	1.0000	1.0000	ok
Lexibank Turkish-Azeri	savelyevturkic_755	Turkish	Azeri	malign (distfeat)	1.0000	1.0000	1.0000	1.0000	ok
Lexibank Turkish-Azeri	savelyevturkic_217	Turkish	Azeri	malign (distfeat)	1.0000	1.0000	1.0000	1.0000	ok
Lexibank Turkish-Azeri	savelyevturkic_545	Turkish	Azeri	malign (distfeat)	1.0000	1.0000	1.0000	1.0000	ok
Lexibank Turkish-Azeri	savelyevturkic_34	Turkish	Azeri	malign (distfeat)	1.0000	1.0000	1.0000	1.0000	ok
Lexibank Turkish-Azeri	savelyevturkic_522	Turkish	Azeri	malign (distfeat)					skipped
Lexibank Turkish-Azeri	savelyevturkic_384	Turkish	Azeri	malign (distfeat)	1.0000	1.0000	1.0000	1.0000	ok
Lexibank Turkish-Azeri	savelyevturkic_37	Turkish	Azeri	malign (distfeat)	1.0000	1.0000	1.0000	1.0000	ok
Lexibank Turkish-Azeri	savelyevturkic_480	Turkish	Azeri	malign (distfeat)	1.0000	1.0000	1.0000	1.0000	ok
Lexibank Turkish-Azeri	savelyevturkic_762	Turkish	Azeri	malign (distfeat)	1.0000	1.0000	1.0000	1.0000	ok
Lexibank Turkish-Azeri	savelyevturkic_562	Turkish	Azeri	malign (distfeat)					skipped
Lexibank Turkish-Azeri	savelyevturkic_301	Turkish	Azeri	malign (distfeat)	1.0000	1.0000	1.0000	1.0000	ok
Lexibank Turkish-Azeri	savelyevturkic_9	Turkish	Azeri	malign (distfeat)	1.0000	1.0000	1.0000	1.0000	ok
Lexibank Turkish-Azeri	savelyevturkic_33	Turkish	Azeri	malign (distfeat)	1.0000	1.0000	1.0000	1.0000	ok
Lexibank Turkish-Azeri	savelyevturkic_763	Turkish	Azeri	malign (distfeat)	1.0000	1.0000	1.0000	1.0000	ok
Lexibank Turkish-Azeri	savelyevturkic_108	Turkish	Azeri	malign (distfeat)	1.0000	1.0000	1.0000	1.0000	ok
Lexibank Turkish-Azeri	savelyevturkic_115	Turkish	Azeri	malign (distfeat)	1.0000	1.0000	1.0000	1.0000	ok
Lexibank Turkish-Azeri	savelyevturkic_769	Turkish	Azeri	malign (distfeat)	1.0000	1.0000	1.0000	1.0000	ok
Lexibank Turkish-Azeri	savelyevturkic_51	Turkish	Azeri	malign (distfeat)	1.0000	1.0000	1.0000	1.0000	ok
Lexibank Turkish-Azeri	savelyevturkic_142	Turkish	Azeri	malign (distfeat)	1.0000	1.0000	1.0000	1.0000	ok
Lexibank Turkish-Azeri	savelyevturkic_47	Turkish	Azeri	malign (distfeat)	1.0000	1.0000	1.0000	1.0000	ok
Lexibank Turkish-Azeri	savelyevturkic_3	Turkish	Azeri	malign (distfeat)	1.0000	1.0000	1.0000	1.0000	ok
Lexibank Turkish-Azeri	savelyevturkic_148	Turkish	Azeri	malign (distfeat)	1.0000	1.0000	1.0000	1.0000	ok
Lexibank Turkish-Azeri	savelyevturkic_80	Turkish	Azeri	malign (distfeat)	1.0000	1.0000	1.0000	1.0000	ok
Lexibank Turkish-Azeri	savelyevturkic_661	Turkish	Azeri	malign (distfeat)					skipped
Lexibank Turkish-Azeri	savelyevturkic_612	Turkish	Azeri	malign (distfeat)	1.0000	1.0000	1.0000	1.0000	ok
Lexibank Turkish-Azeri	savelyevturkic_398	Turkish	Azeri	malign (distfeat)	1.0000	1.0000	1.0000	1.0000	ok
Lexibank Turkish-Azeri	savelyevturkic_441	Turkish	Azeri	malign (distfeat)					skipped
Lexibank Turkish-Azeri	savelyevturkic_405	Turkish	Azeri	malign (distfeat)	1.0000	1.0000	1.0000	1.0000	ok
Lexibank Turkish-Azeri	savelyevturkic_772	Turkish	Azeri	malign (distfeat)	1.0000	1.0000	1.0000	1.0000	ok
Lexibank Turkish-Azeri	savelyevturkic_610	Turkish	Azeri	malign (distfeat)	1.0000	1.0000	1.0000	1.0000	ok
Lexibank Turkish-Azeri	savelyevturkic_28	Turkish	Azeri	malign (distfeat)					skipped
Lexibank Turkish-Azeri	savelyevturkic_339	Turkish	Azeri	malign (distfeat)					skipped
Lexibank Turkish-Azeri	savelyevturkic_447	Turkish	Azeri	malign (distfeat)	1.0000	1.0000	1.0000	1.0000	ok
Lexibank Turkish-Azeri	savelyevturkic_675	Turkish	Azeri	malign (distfeat)	1.0000	1.0000	1.0000	1.0000	ok
Lexibank Turkish-Azeri	savelyevturkic_323	Turkish	Azeri	malign (distfeat)	1.0000	1.0000	1.0000	1.0000	ok
Lexibank Turkish-Azeri	savelyevturkic_631	Turkish	Azeri	malign (distfeat)					skipped
Lexibank Turkish-Azeri	savelyevturkic_21	Turkish	Azeri	malign (distfeat)	1.0000	1.0000	1.0000	1.0000	ok
Lexibank Turkish-Azeri	savelyevturkic_267	Turkish	Azeri	malign (distfeat)	1.0000	1.0000	1.0000	1.0000	ok
Lexibank Turkish-Azeri	savelyevturkic_795	Turkish	Azeri	malign (distfeat)					skipped
Lexibank Turkish-Azeri	savelyevturkic_279	Turkish	Azeri	malign (distfeat)	1.0000	1.0000	1.0000	1.0000	ok
Lexibank Turkish-Azeri	savelyevturkic_158	Turkish	Azeri	malign (distfeat)	1.0000	1.0000	1.0000	1.0000	ok
Lexibank Turkish-Azeri	savelyevturkic_424	Turkish	Azeri	malign (distfeat)	1.0000	1.0000	1.0000	1.0000	ok
Lexibank Turkish-Azeri	savelyevturkic_69	Turkish	Azeri	malign (distfeat)	1.0000	1.0000	1.0000	1.0000	ok
Lexibank Turkish-Azeri	savelyevturkic_70	Turkish	Azeri	malign (distfeat)	1.0000	1.0000	1.0000	1.0000	ok
Lexibank Turkish-Azeri	savelyevturkic_565	Turkish	Azeri	malign (distfeat)	1.0000	1.0000	1.0000	1.0000	ok
Lexibank Turkish-Azeri	savelyevturkic_798	Turkish	Azeri	malign (distfeat)	1.0000	1.0000	1.0000	1.0000	ok
Lexibank Turkish-Azeri	savelyevturkic_260	Turkish	Azeri	malign (distfeat)					skipped
Lexibank Turkish-Azeri	savelyevturkic_484	Turkish	Azeri	malign (distfeat)	1.0000	1.0000	1.0000	1.0000	ok
Lexibank Turkish-Azeri	savelyevturkic_273	Turkish	Azeri	malign (distfeat)	1.0000	1.0000	1.0000	1.0000	ok
Lexibank Turkish-Azeri	savelyevturkic_804	Turkish	Azeri	malign (distfeat)	1.0000	1.0000	1.0000	1.0000	ok
Lexibank Turkish-Azeri	savelyevturkic_78	Turkish	Azeri	malign (distfeat)	1.0000	1.0000	1.0000	1.0000	ok
Lexibank Turkish-Azeri	savelyevturkic_305	Turkish	Azeri	malign (distfeat)	1.0000	1.0000	1.0000	1.0000	ok
Lexibank Turkish-Azeri	savelyevturkic_182	Turkish	Azeri	malign (distfeat)	1.0000	1.0000	1.0000	1.0000	ok
Lexibank Turkish-Azeri	savelyevturkic_817	Turkish	Azeri	malign (distfeat)					skipped
Lexibank Turkish-Azeri	savelyevturkic_280	Turkish	Azeri	malign (distfeat)					skipped
Lexibank Turkish-Azeri	savelyevturkic_823	Turkish	Azeri	malign (distfeat)	1.0000	1.0000	1.0000	1.0000	ok
Lexibank Turkish-Azeri	savelyevturkic_355	Turkish	Azeri	malign (distfeat)	1.0000	1.0000	1.0000	1.0000	ok
Lexibank Turkish-Azeri	savelyevturkic_275	Turkish	Azeri	malign (distfeat)	1.0000	1.0000	1.0000	1.0000	ok
Lexibank Turkish-Azeri	savelyevturkic_834	Turkish	Azeri	malign (distfeat)	1.0000	1.0000	1.0000	1.0000	ok
Lexibank Turkish-Azeri	savelyevturkic_541	Turkish	Azeri	malign (distfeat)	1.0000	1.0000	1.0000	1.0000	ok
Lexibank Turkish-Azeri	savelyevturkic_166	Turkish	Azeri	malign (distfeat)	1.0000	1.0000	1.0000	1.0000	ok
Lexibank Turkish-Azeri	savelyevturkic_167	Turkish	Azeri	malign (distfeat)					skipped
Lexibank Turkish-Azeri	savelyevturkic_651	Turkish	Azeri	malign (distfeat)	1.0000	1.0000	1.0000	1.0000	ok
Lexibank Turkish-Azeri	savelyevturkic_835	Turkish	Azeri	malign (distfeat)					skipped
Lexibank Turkish-Azeri	savelyevturkic_109	Turkish	Azeri	malign (distfeat)	1.0000	1.0000	1.0000	1.0000	ok
Lexibank Turkish-Azeri	savelyevturkic_288	Turkish	Azeri	malign (distfeat)	1.0000	1.0000	1.0000	1.0000	ok
Lexibank Turkish-Azeri	savelyevturkic_66	Turkish	Azeri	malign (distfeat)	1.0000	1.0000	1.0000	1.0000	ok
Lexibank Turkish-Azeri	savelyevturkic_307	Turkish	Azeri	malign (distfeat)	1.0000	1.0000	1.0000	1.0000	ok
Lexibank Turkish-Azeri	savelyevturkic_849	Turkish	Azeri	malign (distfeat)	1.0000	1.0000	1.0000	1.0000	ok
Lexibank Turkish-Azeri	savelyevturkic_187	Turkish	Azeri	malign (distfeat)	1.0000	1.0000	1.0000	1.0000	ok
Lexibank Turkish-Azeri	savelyevturkic_571	Turkish	Azeri	malign (distfeat)					skipped
Lexibank Turkish-Azeri	savelyevturkic_527	Turkish	Azeri	malign (distfeat)	1.0000	1.0000	1.0000	1.0000	ok
Lexibank Turkish-Azeri	savelyevturkic_851	Turkish	Azeri	malign (distfeat)	1.0000	1.0000	1.0000	1.0000	ok
Lexibank Turkish-Azeri	savelyevturkic_855	Turkish	Azeri	malign (distfeat)	1.0000	1.0000	1.0000	1.0000	ok
Lexibank Turkish-Azeri	savelyevturkic_248	Turkish	Azeri	malign (distfeat)	1.0000	1.0000	1.0000	1.0000	ok
Lexibank Turkish-Azeri	savelyevturkic_665	Turkish	Azeri	malign (distfeat)	1.0000	1.0000	1.0000	1.0000	ok
Lexibank Turkish-Azeri	savelyevturkic_67	Turkish	Azeri	malign (distfeat)					skipped
Lexibank Turkish-Azeri	savelyevturkic_362	Turkish	Azeri	malign (distfeat)	1.0000	1.0000	1.0000	1.0000	ok
Lexibank Turkish-Azeri	savelyevturkic_557	Turkish	Azeri	malign (distfeat)	1.0000	1.0000	1.0000	1.0000	ok
Lexibank Turkish-Azeri	savelyevturkic_512	Turkish	Azeri	malign (distfeat)	1.0000	1.0000	1.0000	1.0000	ok
Lexibank Turkish-Azeri	savelyevturkic_862	Turkish	Azeri	malign (distfeat)	1.0000	1.0000	1.0000	1.0000	ok
Lexibank Turkish-Azeri	savelyevturkic_214	Turkish	Azeri	malign (distfeat)	1.0000	1.0000	1.0000	1.0000	ok
Lexibank Turkish-Azeri	savelyevturkic_461	Turkish	Azeri	malign (distfeat)	1.0000	1.0000	1.0000	1.0000	ok
Lexibank Turkish-Azeri	savelyevturkic_868	Turkish	Azeri	malign (distfeat)	1.0000	1.0000	1.0000	1.0000	ok
Lexibank Turkish-Azeri	savelyevturkic_96	Turkish	Azeri	malign (distfeat)	1.0000	1.0000	1.0000	1.0000	ok
Lexibank Turkish-Azeri	savelyevturkic_321	Turkish	Azeri	malign (distfeat)					skipped
Lexibank Turkish-Azeri	savelyevturkic_106	Turkish	Azeri	malign (distfeat)	1.0000	1.0000	1.0000	1.0000	ok
Lexibank Turkish-Azeri	savelyevturkic_501	Turkish	Azeri	malign (distfeat)	1.0000	1.0000	1.0000	1.0000	ok
Lexibank Turkish-Azeri	savelyevturkic_314	Turkish	Azeri	malign (distfeat)	1.0000	1.0000	1.0000	1.0000	ok
Lexibank Turkish-Azeri	savelyevturkic_257	Turkish	Azeri	malign (distfeat)	1.0000	1.0000	1.0000	1.0000	ok
Lexibank Turkish-Azeri	savelyevturkic_786	Turkish	Azeri	malign (distfeat)					skipped
Lexibank Turkish-Azeri	savelyevturkic_12	Turkish	Azeri	malign (distfeat)	1.0000	1.0000	1.0000	1.0000	ok
Lexibank Turkish-Azeri	savelyevturkic_72	Turkish	Azeri	malign (distfeat)	1.0000	1.0000	1.0000	1.0000	ok
Lexibank Turkish-Azeri	savelyevturkic_872	Turkish	Azeri	malign (distfeat)					skipped
Lexibank Turkish-Azeri	savelyevturkic_878	Turkish	Azeri	malign (distfeat)	1.0000	1.0000	1.0000	1.0000	ok
Lexibank Turkish-Azeri	savelyevturkic_348	Turkish	Azeri	malign (distfeat)	1.0000	1.0000	1.0000	1.0000	ok
Lexibank Turkish-Azeri	savelyevturkic_884	Turkish	Azeri	malign (distfeat)	1.0000	1.0000	1.0000	1.0000	ok
Lexibank Turkish-Azeri	savelyevturkic_885	Turkish	Azeri	malign (distfeat)	1.0000	1.0000	1.0000	1.0000	ok
Lexibank Turkish-Azeri	savelyevturkic_8	Turkish	Azeri	malign (distfeat)	1.0000	1.0000	1.0000	1.0000	ok
Lexibank Turkish-Azeri	savelyevturkic_380	Turkish	Azeri	malign (distfeat)	1.0000	1.0000	1.0000	1.0000	ok
Lexibank Turkish-Azeri	savelyevturkic_129	Turkish	Azeri	malign (distfeat)	1.0000	1.0000	1.0000	1.0000	ok
Lexibank Turkish-Azeri	savelyevturkic_218	Turkish	Azeri	malign (distfeat)	1.0000	1.0000	1.0000	1.0000	ok
Lexibank Turkish-Azeri	savelyevturkic_220	Turkish	Azeri	malign (distfeat)					skipped
Lexibank Turkish-Azeri	savelyevturkic_436	Turkish	Azeri	malign (distfeat)					skipped
Lexibank Turkish-Azeri	savelyevturkic_81	Turkish	Azeri	malign (distfeat)	1.0000	1.0000	1.0000	1.0000	ok
Lexibank Turkish-Azeri	savelyevturkic_283	Turkish	Azeri	malign (distfeat)	1.0000	1.0000	1.0000	1.0000	ok
Lexibank Turkish-Azeri	savelyevturkic_35	Turkish	Azeri	malign (distfeat)	1.0000	1.0000	1.0000	1.0000	ok
Lexibank Turkish-Azeri	savelyevturkic_900	Turkish	Azeri	malign (distfeat)	1.0000	1.0000	1.0000	1.0000	ok
Lexibank Turkish-Azeri	savelyevturkic_589	Turkish	Azeri	malign (distfeat)	1.0000	1.0000	1.0000	1.0000	ok
Lexibank Turkish-Azeri	savelyevturkic_905	Turkish	Azeri	malign (distfeat)	1.0000	1.0000	1.0000	1.0000	ok
Lexibank Turkish-Azeri	savelyevturkic_906	Turkish	Azeri	malign (distfeat)					skipped
Lexibank Turkish-Azeri	savelyevturkic_360	Turkish	Azeri	malign (distfeat)	1.0000	1.0000	1.0000	1.0000	ok
Lexibank Turkish-Azeri	savelyevturkic_908	Turkish	Azeri	malign (distfeat)	1.0000	1.0000	1.0000	1.0000	ok
Lexibank Turkish-Azeri	savelyevturkic_102	Turkish	Azeri	malign (distfeat)	1.0000	1.0000	1.0000	1.0000	ok
Lexibank Turkish-Azeri	savelyevturkic_349	Turkish	Azeri	malign (distfeat)	1.0000	1.0000	1.0000	1.0000	ok
Lexibank Turkish-Azeri	savelyevturkic_581	Turkish	Azeri	malign (distfeat)	1.0000	1.0000	1.0000	1.0000	ok
Lexibank Turkish-Azeri	savelyevturkic_331	Turkish	Azeri	malign (distfeat)	1.0000	1.0000	1.0000	1.0000	ok
Lexibank Turkish-Azeri	savelyevturkic_642	Turkish	Azeri	malign (distfeat)	1.0000	1.0000	1.0000	1.0000	ok
Lexibank Turkish-Azeri	savelyevturkic_25	Turkish	Azeri	malign (distfeat)	1.0000	1.0000	1.0000	1.0000	ok
Lexibank Turkish-Azeri	savelyevturkic_891	Turkish	Azeri	malign (distfeat)	1.0000	1.0000	1.0000	1.0000	ok
Lexibank Turkish-Azeri	savelyevturkic_681	Turkish	Azeri	malign (distfeat)	1.0000	1.0000	1.0000	1.0000	ok
Lexibank Turkish-Azeri	savelyevturkic_143	Turkish	Azeri	malign (distfeat)	1.0000	1.0000	1.0000	1.0000	ok
Lexibank Turkish-Azeri	savelyevturkic_399	Turkish	Azeri	malign (distfeat)	1.0000	1.0000	1.0000	1.0000	ok
Lexibank Turkish-Azeri	savelyevturkic_524	Turkish	Azeri	malign (distfeat)					skipped
Lexibank Turkish-Azeri	savelyevturkic_395	Turkish	Azeri	malign (distfeat)					skipped
Lexibank Turkish-Azeri	savelyevturkic_359	Turkish	Azeri	malign (distfeat)	1.0000	1.0000	1.0000	1.0000	ok
Lexibank Turkish-Azeri	savelyevturkic_449	Turkish	Azeri	malign (distfeat)	1.0000	1.0000	1.0000	1.0000	ok
Lexibank Turkish-Azeri	savelyevturkic_31	Turkish	Azeri	malign (distfeat)	1.0000	1.0000	1.0000	1.0000	ok
Lexibank Turkish-Azeri	savelyevturkic_24	Turkish	Azeri	malign (distfeat)					skipped
Lexibank Turkish-Azeri	savelyevturkic_459	Turkish	Azeri	malign (distfeat)					skipped
Lexibank Turkish-Azeri	savelyevturkic_682	Turkish	Azeri	malign (distfeat)	1.0000	1.0000	1.0000	1.0000	ok
Lexibank Turkish-Azeri	savelyevturkic_586	Turkish	Azeri	malign (distfeat)	1.0000	1.0000	1.0000	1.0000	ok
Lexibank Turkish-Azeri	savelyevturkic_294	Turkish	Azeri	malign (distfeat)	1.0000	1.0000	1.0000	1.0000	ok
Lexibank Turkish-Azeri	savelyevturkic_255	Turkish	Azeri	malign (distfeat)	1.0000	1.0000	1.0000	1.0000	ok
Lexibank Turkish-Azeri	savelyevturkic_560	Turkish	Azeri	malign (distfeat)	1.0000	1.0000	1.0000	1.0000	ok
Lexibank Turkish-Azeri	savelyevturkic_475	Turkish	Azeri	malign (distfeat)	0.0000	0.0000	0.0000	0.0000	ok
Lexibank Turkish-Azeri	savelyevturkic_596	Turkish	Azeri	malign (distfeat)	1.0000	1.0000	1.0000	1.0000	ok
Lexibank Turkish-Azeri	savelyevturkic_683	Turkish	Azeri	malign (distfeat)	1.0000	1.0000	1.0000	1.0000	ok
Lexibank Turkish-Azeri	savelyevturkic_911	Turkish	Azeri	malign (distfeat)	1.0000	1.0000	1.0000	1.0000	ok
Lexibank Turkish-Azeri	savelyevturkic_438	Turkish	Azeri	malign (distfeat)	1.0000	1.0000	1.0000	1.0000	ok
Lexibank Turkish-Azeri	savelyevturkic_57	Turkish	Azeri	malign (distfeat)	1.0000	1.0000	1.0000	1.0000	ok
Lexibank Turkish-Azeri	savelyevturkic_105	Turkish	Azeri	malign (distfeat)					skipped
Lexibank Turkish-Azeri	savelyevturkic_635	Turkish	Azeri	malign (distfeat)	1.0000	1.0000	1.0000	1.0000	ok
Lexibank Turkish-Azeri	savelyevturkic_689	Turkish	Azeri	malign (distfeat)	1.0000	1.0000	1.0000	1.0000	ok
Lexibank Turkish-Azeri	savelyevturkic_50	Turkish	Azeri	malign (distfeat)	1.0000	1.0000	1.0000	1.0000	ok
Lexibank Turkish-Azeri	savelyevturkic_206	Turkish	Azeri	malign (distfeat)	1.0000	1.0000	1.0000	1.0000	ok
Lexibank Turkish-Azeri	savelyevturkic_17	Turkish	Azeri	malign (distfeat)	1.0000	1.0000	1.0000	1.0000	ok
Lexibank Turkish-Azeri	savelyevturkic_139	Turkish	Azeri	malign (distfeat)	1.0000	1.0000	1.0000	1.0000	ok
Lexibank Turkish-Azeri	savelyevturkic_245	Turkish	Azeri	malign (distfeat)	1.0000	1.0000	1.0000	1.0000	ok
Lexibank Turkish-Azeri	savelyevturkic_240	Turkish	Azeri	malign (distfeat)	1.0000	1.0000	1.0000	1.0000	ok
Lexibank Turkish-Azeri	savelyevturkic_52	Turkish	Azeri	malign (distfeat)	1.0000	1.0000	1.0000	1.0000	ok
Lexibank Turkish-Azeri	savelyevturkic_694	Turkish	Azeri	malign (distfeat)	1.0000	1.0000	1.0000	1.0000	ok
Lexibank Turkish-Azeri	savelyevturkic_703	Turkish	Azeri	malign (distfeat)					skipped
Lexibank Turkish-Azeri	savelyevturkic_453	Turkish	Azeri	malign (distfeat)	1.0000	1.0000	1.0000	1.0000	ok
Lexibank Turkish-Azeri	savelyevturkic_606	Turkish	Azeri	malign (distfeat)	1.0000	1.0000	1.0000	1.0000	ok
Lexibank Turkish-Azeri	savelyevturkic_707	Turkish	Azeri	malign (distfeat)	1.0000	1.0000	1.0000	1.0000	ok
Lexibank Turkish-Azeri	savelyevturkic_82	Turkish	Azeri	malign (distfeat)	1.0000	1.0000	1.0000	1.0000	ok
Lexibank Turkish-Azeri	savelyevturkic_445	Turkish	Azeri	malign (distfeat)	1.0000	1.0000	1.0000	1.0000	ok
Lexibank Turkish-Azeri	savelyevturkic_98	Turkish	Azeri	malign (distfeat)	1.0000	1.0000	1.0000	1.0000	ok
Lexibank Turkish-Azeri	savelyevturkic_718	Turkish	Azeri	malign (distfeat)	1.0000	1.0000	1.0000	1.0000	ok
Lexibank Turkish-Azeri	savelyevturkic_516	Turkish	Azeri	malign (distfeat)	1.0000	1.0000	1.0000	1.0000	ok
Lexibank Turkish-Azeri	savelyevturkic_719	Turkish	Azeri	malign (distfeat)					skipped
Lexibank Turkish-Azeri	savelyevturkic_407	Turkish	Azeri	malign (distfeat)					skipped
Lexibank Turkish-Azeri	savelyevturkic_468	Turkish	Azeri	malign (distfeat)	1.0000	1.0000	1.0000	1.0000	ok
Lexibank Turkish-Azeri	savelyevturkic_599	Turkish	Azeri	malign (distfeat)					skipped
Lexibank Turkish-Azeri	savelyevturkic_618	Turkish	Azeri	malign (distfeat)	1.0000	1.0000	1.0000	1.0000	ok
Lexibank Turkish-Azeri	savelyevturkic_540	Turkish	Azeri	malign (distfeat)	1.0000	1.0000	1.0000	1.0000	ok
Lexibank Turkish-Azeri	savelyevturkic_728	Turkish	Azeri	malign (distfeat)	1.0000	1.0000	1.0000	1.0000	ok
Lexibank Turkish-Azeri	savelyevturkic_474	Turkish	Azeri	malign (distfeat)	1.0000	1.0000	1.0000	1.0000	ok
Lexibank Turkish-Azeri	savelyevturkic_141	Turkish	Azeri	malign (distfeat)	1.0000	1.0000	1.0000	1.0000	ok
Lexibank Turkish-Azeri	savelyevturkic_7	Turkish	Azeri	malign (distfeat)					skipped
Lexibank Turkish-Azeri	savelyevturkic_327	Turkish	Azeri	malign (distfeat)	1.0000	1.0000	1.0000	1.0000	ok
Lexibank Turkish-Azeri	savelyevturkic_197	Turkish	Azeri	malign (distfeat)					skipped
Lexibank Turkish-Azeri	savelyevturkic_464	Turkish	Azeri	malign (distfeat)	1.0000	1.0000	1.0000	1.0000	ok
Lexibank Turkish-Azeri	savelyevturkic_732	Turkish	Azeri	malign (distfeat)	1.0000	1.0000	1.0000	1.0000	ok
Lexibank Turkish-Azeri	savelyevturkic_418	Turkish	Azeri	malign (distfeat)	1.0000	1.0000	1.0000	1.0000	ok
Lexibank Turkish-Azeri	savelyevturkic_737	Turkish	Azeri	malign (distfeat)	1.0000	1.0000	1.0000	1.0000	ok
Lexibank Turkish-Azeri	savelyevturkic_74	Turkish	Azeri	malign (distfeat)					skipped
Lexibank Turkish-Azeri	savelyevturkic_421	Turkish	Azeri	malign (distfeat)	1.0000	1.0000	1.0000	1.0000	ok
Lexibank Turkish-Azeri	savelyevturkic_163	Turkish	Azeri	malign (distfeat)	1.0000	1.0000	1.0000	1.0000	ok
Lexibank Turkish-Azeri	savelyevturkic_199	Turkish	Azeri	malign (distfeat)	1.0000	1.0000	1.0000	1.0000	ok
Lexibank Turkish-Azeri	savelyevturkic_38	Turkish	Azeri	malign (distfeat)	1.0000	1.0000	1.0000	1.0000	ok
Lexibank Turkish-Azeri	savelyevturkic_39	Turkish	Azeri	malign (distfeat)	1.0000	1.0000	1.0000	1.0000	ok
Lexibank Turkish-Azeri	savelyevturkic_739	Turkish	Azeri	malign (distfeat+learn)	1.0000	1.0000	1.0000	1.0000	ok
Lexibank Turkish-Azeri	savelyevturkic_90	Turkish	Azeri	malign (distfeat+learn)	1.0000	1.0000	1.0000	1.0000	ok
Lexibank Turkish-Azeri	savelyevturkic_410	Turkish	Azeri	malign (distfeat+learn)	1.0000	1.0000	1.0000	1.0000	ok
Lexibank Turkish-Azeri	savelyevturkic_95	Turkish	Azeri	malign (distfeat+learn)	1.0000	1.0000	1.0000	1.0000	ok
Lexibank Turkish-Azeri	savelyevturkic_442	Turkish	Azeri	malign (distfeat+learn)					skipped
Lexibank Turkish-Azeri	savelyevturkic_63	Turkish	Azeri	malign (distfeat+learn)	1.0000	1.0000	1.0000	1.0000	ok
Lexibank Turkish-Azeri	savelyevturkic_640	Turkish	Azeri	malign (distfeat+learn)					skipped
Lexibank Turkish-Azeri	savelyevturkic_744	Turkish	Azeri	malign (distfeat+learn)					skipped
Lexibank Turkish-Azeri	savelyevturkic_751	Turkish	Azeri	malign (distfeat+learn)	1.0000	1.0000	1.0000	1.0000	ok
Lexibank Turkish-Azeri	savelyevturkic_247	Turkish	Azeri	malign (distfeat+learn)	1.0000	1.0000	1.0000	1.0000	ok
Lexibank Turkish-Azeri	savelyevturkic_289	Turkish	Azeri	malign (distfeat+learn)					skipped
Lexibank Turkish-Azeri	savelyevturkic_491	Turkish	Azeri	malign (distfeat+learn)					skipped
Lexibank Turkish-Azeri	savelyevturkic_488	Turkish	Azeri	malign (distfeat+learn)	1.0000	1.0000	1.0000	1.0000	ok
Lexibank Turkish-Azeri	savelyevturkic_154	Turkish	Azeri	malign (distfeat+learn)	1.0000	1.0000	1.0000	1.0000	ok
Lexibank Turkish-Azeri	savelyevturkic_152	Turkish	Azeri	malign (distfeat+learn)	1.0000	1.0000	1.0000	1.0000	ok
Lexibank Turkish-Azeri	savelyevturkic_754	Turkish	Azeri	malign (distfeat+learn)					skipped
Lexibank Turkish-Azeri	savelyevturkic_161	Turkish	Azeri	malign (distfeat+learn)					skipped
Lexibank Turkish-Azeri	savelyevturkic_169	Turkish	Azeri	malign (distfeat+learn)					skipped
Lexibank Turkish-Azeri	savelyevturkic_624	Turkish	Azeri	malign (distfeat+learn)	1.0000	1.0000	1.0000	1.0000	ok
Lexibank Turkish-Azeri	savelyevturkic_93	Turkish	Azeri	malign (distfeat+learn)	1.0000	1.0000	1.0000	1.0000	ok
Lexibank Turkish-Azeri	savelyevturkic_660	Turkish	Azeri	malign (distfeat+learn)	1.0000	1.0000	1.0000	1.0000	ok
Lexibank Turkish-Azeri	savelyevturkic_755	Turkish	Azeri	malign (distfeat+learn)	1.0000	1.0000	1.0000	1.0000	ok
Lexibank Turkish-Azeri	savelyevturkic_217	Turkish	Azeri	malign (distfeat+learn)	1.0000	1.0000	1.0000	1.0000	ok
Lexibank Turkish-Azeri	savelyevturkic_545	Turkish	Azeri	malign (distfeat+learn)	1.0000	1.0000	1.0000	1.0000	ok
Lexibank Turkish-Azeri	savelyevturkic_34	Turkish	Azeri	malign (distfeat+learn)	1.0000	1.0000	1.0000	1.0000	ok
Lexibank Turkish-Azeri	savelyevturkic_522	Turkish	Azeri	malign (distfeat+learn)					skipped
Lexibank Turkish-Azeri	savelyevturkic_384	Turkish	Azeri	malign (distfeat+learn)	1.0000	1.0000	1.0000	1.0000	ok
Lexibank Turkish-Azeri	savelyevturkic_37	Turkish	Azeri	malign (distfeat+learn)	1.0000	1.0000	1.0000	1.0000	ok
Lexibank Turkish-Azeri	savelyevturkic_480	Turkish	Azeri	malign (distfeat+learn)	1.0000	1.0000	1.0000	1.0000	ok
Lexibank Turkish-Azeri	savelyevturkic_762	Turkish	Azeri	malign (distfeat+learn)	1.0000	1.0000	1.0000	1.0000	ok
Lexibank Turkish-Azeri	savelyevturkic_562	Turkish	Azeri	malign (distfeat+learn)					skipped
Lexibank Turkish-Azeri	savelyevturkic_301	Turkish	Azeri	malign (distfeat+learn)	1.0000	1.0000	1.0000	1.0000	ok
Lexibank Turkish-Azeri	savelyevturkic_9	Turkish	Azeri	malign (distfeat+learn)	1.0000	1.0000	1.0000	1.0000	ok
Lexibank Turkish-Azeri	savelyevturkic_33	Turkish	Azeri	malign (distfeat+learn)	1.0000	1.0000	1.0000	1.0000	ok
Lexibank Turkish-Azeri	savelyevturkic_763	Turkish	Azeri	malign (distfeat+learn)	1.0000	1.0000	1.0000	1.0000	ok
Lexibank Turkish-Azeri	savelyevturkic_108	Turkish	Azeri	malign (distfeat+learn)	1.0000	1.0000	1.0000	1.0000	ok
Lexibank Turkish-Azeri	savelyevturkic_115	Turkish	Azeri	malign (distfeat+learn)	1.0000	1.0000	1.0000	1.0000	ok
Lexibank Turkish-Azeri	savelyevturkic_769	Turkish	Azeri	malign (distfeat+learn)	1.0000	1.0000	1.0000	1.0000	ok
Lexibank Turkish-Azeri	savelyevturkic_51	Turkish	Azeri	malign (distfeat+learn)	1.0000	1.0000	1.0000	1.0000	ok
Lexibank Turkish-Azeri	savelyevturkic_142	Turkish	Azeri	malign (distfeat+learn)	1.0000	1.0000	1.0000	1.0000	ok
Lexibank Turkish-Azeri	savelyevturkic_47	Turkish	Azeri	malign (distfeat+learn)	1.0000	1.0000	1.0000	1.0000	ok
Lexibank Turkish-Azeri	savelyevturkic_3	Turkish	Azeri	malign (distfeat+learn)	1.0000	1.0000	1.0000	1.0000	ok
Lexibank Turkish-Azeri	savelyevturkic_148	Turkish	Azeri	malign (distfeat+learn)	1.0000	1.0000	1.0000	1.0000	ok
Lexibank Turkish-Azeri	savelyevturkic_80	Turkish	Azeri	malign (distfeat+learn)	1.0000	1.0000	1.0000	1.0000	ok
Lexibank Turkish-Azeri	savelyevturkic_661	Turkish	Azeri	malign (distfeat+learn)					skipped
Lexibank Turkish-Azeri	savelyevturkic_612	Turkish	Azeri	malign (distfeat+learn)	1.0000	1.0000	1.0000	1.0000	ok
Lexibank Turkish-Azeri	savelyevturkic_398	Turkish	Azeri	malign (distfeat+learn)	1.0000	1.0000	1.0000	1.0000	ok
Lexibank Turkish-Azeri	savelyevturkic_441	Turkish	Azeri	malign (distfeat+learn)					skipped
Lexibank Turkish-Azeri	savelyevturkic_405	Turkish	Azeri	malign (distfeat+learn)	1.0000	1.0000	1.0000	1.0000	ok
Lexibank Turkish-Azeri	savelyevturkic_772	Turkish	Azeri	malign (distfeat+learn)	1.0000	1.0000	1.0000	1.0000	ok
Lexibank Turkish-Azeri	savelyevturkic_610	Turkish	Azeri	malign (distfeat+learn)	1.0000	1.0000	1.0000	1.0000	ok
Lexibank Turkish-Azeri	savelyevturkic_28	Turkish	Azeri	malign (distfeat+learn)					skipped
Lexibank Turkish-Azeri	savelyevturkic_339	Turkish	Azeri	malign (distfeat+learn)					skipped
Lexibank Turkish-Azeri	savelyevturkic_447	Turkish	Azeri	malign (distfeat+learn)	1.0000	1.0000	1.0000	1.0000	ok
Lexibank Turkish-Azeri	savelyevturkic_675	Turkish	Azeri	malign (distfeat+learn)	1.0000	1.0000	1.0000	1.0000	ok
Lexibank Turkish-Azeri	savelyevturkic_323	Turkish	Azeri	malign (distfeat+learn)	1.0000	1.0000	1.0000	1.0000	ok
Lexibank Turkish-Azeri	savelyevturkic_631	Turkish	Azeri	malign (distfeat+learn)					skipped
Lexibank Turkish-Azeri	savelyevturkic_21	Turkish	Azeri	malign (distfeat+learn)	1.0000	1.0000	1.0000	1.0000	ok
Lexibank Turkish-Azeri	savelyevturkic_267	Turkish	Azeri	malign (distfeat+learn)	1.0000	1.0000	1.0000	1.0000	ok
Lexibank Turkish-Azeri	savelyevturkic_795	Turkish	Azeri	malign (distfeat+learn)					skipped
Lexibank Turkish-Azeri	savelyevturkic_279	Turkish	Azeri	malign (distfeat+learn)	1.0000	1.0000	1.0000	1.0000	ok
Lexibank Turkish-Azeri	savelyevturkic_158	Turkish	Azeri	malign (distfeat+learn)	1.0000	1.0000	1.0000	1.0000	ok
Lexibank Turkish-Azeri	savelyevturkic_424	Turkish	Azeri	malign (distfeat+learn)	1.0000	1.0000	1.0000	1.0000	ok
Lexibank Turkish-Azeri	savelyevturkic_69	Turkish	Azeri	malign (distfeat+learn)	1.0000	1.0000	1.0000	1.0000	ok
Lexibank Turkish-Azeri	savelyevturkic_70	Turkish	Azeri	malign (distfeat+learn)	1.0000	1.0000	1.0000	1.0000	ok
Lexibank Turkish-Azeri	savelyevturkic_565	Turkish	Azeri	malign (distfeat+learn)	1.0000	1.0000	1.0000	1.0000	ok
Lexibank Turkish-Azeri	savelyevturkic_798	Turkish	Azeri	malign (distfeat+learn)	1.0000	1.0000	1.0000	1.0000	ok
Lexibank Turkish-Azeri	savelyevturkic_260	Turkish	Azeri	malign (distfeat+learn)					skipped
Lexibank Turkish-Azeri	savelyevturkic_484	Turkish	Azeri	malign (distfeat+learn)	1.0000	1.0000	1.0000	1.0000	ok
Lexibank Turkish-Azeri	savelyevturkic_273	Turkish	Azeri	malign (distfeat+learn)	1.0000	1.0000	1.0000	1.0000	ok
Lexibank Turkish-Azeri	savelyevturkic_804	Turkish	Azeri	malign (distfeat+learn)	1.0000	1.0000	1.0000	1.0000	ok
Lexibank Turkish-Azeri	savelyevturkic_78	Turkish	Azeri	malign (distfeat+learn)	1.0000	1.0000	1.0000	1.0000	ok
Lexibank Turkish-Azeri	savelyevturkic_305	Turkish	Azeri	malign (distfeat+learn)	1.0000	1.0000	1.0000	1.0000	ok
Lexibank Turkish-Azeri	savelyevturkic_182	Turkish	Azeri	malign (distfeat+learn)	1.0000	1.0000	1.0000	1.0000	ok
Lexibank Turkish-Azeri	savelyevturkic_817	Turkish	Azeri	malign (distfeat+learn)					skipped
Lexibank Turkish-Azeri	savelyevturkic_280	Turkish	Azeri	malign (distfeat+learn)					skipped
Lexibank Turkish-Azeri	savelyevturkic_823	Turkish	Azeri	malign (distfeat+learn)	1.0000	1.0000	1.0000	1.0000	ok
Lexibank Turkish-Azeri	savelyevturkic_355	Turkish	Azeri	malign (distfeat+learn)	1.0000	1.0000	1.0000	1.0000	ok
Lexibank Turkish-Azeri	savelyevturkic_275	Turkish	Azeri	malign (distfeat+learn)	1.0000	1.0000	1.0000	1.0000	ok
Lexibank Turkish-Azeri	savelyevturkic_834	Turkish	Azeri	malign (distfeat+learn)	1.0000	1.0000	1.0000	1.0000	ok
Lexibank Turkish-Azeri	savelyevturkic_541	Turkish	Azeri	malign (distfeat+learn)	1.0000	1.0000	1.0000	1.0000	ok
Lexibank Turkish-Azeri	savelyevturkic_166	Turkish	Azeri	malign (distfeat+learn)	1.0000	1.0000	1.0000	1.0000	ok
Lexibank Turkish-Azeri	savelyevturkic_167	Turkish	Azeri	malign (distfeat+learn)					skipped
Lexibank Turkish-Azeri	savelyevturkic_651	Turkish	Azeri	malign (distfeat+learn)	1.0000	1.0000	1.0000	1.0000	ok
Lexibank Turkish-Azeri	savelyevturkic_835	Turkish	Azeri	malign (distfeat+learn)					skipped
Lexibank Turkish-Azeri	savelyevturkic_109	Turkish	Azeri	malign (distfeat+learn)	1.0000	1.0000	1.0000	1.0000	ok
Lexibank Turkish-Azeri	savelyevturkic_288	Turkish	Azeri	malign (distfeat+learn)	1.0000	1.0000	1.0000	1.0000	ok
Lexibank Turkish-Azeri	savelyevturkic_66	Turkish	Azeri	malign (distfeat+learn)	1.0000	1.0000	1.0000	1.0000	ok
Lexibank Turkish-Azeri	savelyevturkic_307	Turkish	Azeri	malign (distfeat+learn)	1.0000	1.0000	1.0000	1.0000	ok
Lexibank Turkish-Azeri	savelyevturkic_849	Turkish	Azeri	malign (distfeat+learn)	1.0000	1.0000	1.0000	1.0000	ok
Lexibank Turkish-Azeri	savelyevturkic_187	Turkish	Azeri	malign (distfeat+learn)	1.0000	1.0000	1.0000	1.0000	ok
Lexibank Turkish-Azeri	savelyevturkic_571	Turkish	Azeri	malign (distfeat+learn)					skipped
Lexibank Turkish-Azeri	savelyevturkic_527	Turkish	Azeri	malign (distfeat+learn)	1.0000	1.0000	1.0000	1.0000	ok
Lexibank Turkish-Azeri	savelyevturkic_851	Turkish	Azeri	malign (distfeat+learn)	1.0000	1.0000	1.0000	1.0000	ok
Lexibank Turkish-Azeri	savelyevturkic_855	Turkish	Azeri	malign (distfeat+learn)	1.0000	1.0000	1.0000	1.0000	ok
Lexibank Turkish-Azeri	savelyevturkic_248	Turkish	Azeri	malign (distfeat+learn)	1.0000	1.0000	1.0000	1.0000	ok
Lexibank Turkish-Azeri	savelyevturkic_665	Turkish	Azeri	malign (distfeat+learn)	1.0000	1.0000	1.0000	1.0000	ok
Lexibank Turkish-Azeri	savelyevturkic_67	Turkish	Azeri	malign (distfeat+learn)					skipped
Lexibank Turkish-Azeri	savelyevturkic_362	Turkish	Azeri	malign (distfeat+learn)	1.0000	1.0000	1.0000	1.0000	ok
Lexibank Turkish-Azeri	savelyevturkic_557	Turkish	Azeri	malign (distfeat+learn)	1.0000	1.0000	1.0000	1.0000	ok
Lexibank Turkish-Azeri	savelyevturkic_512	Turkish	Azeri	malign (distfeat+learn)	1.0000	1.0000	1.0000	1.0000	ok
Lexibank Turkish-Azeri	savelyevturkic_862	Turkish	Azeri	malign (distfeat+learn)	1.0000	1.0000	1.0000	1.0000	ok
Lexibank Turkish-Azeri	savelyevturkic_214	Turkish	Azeri	malign (distfeat+learn)	1.0000	1.0000	1.0000	1.0000	ok
Lexibank Turkish-Azeri	savelyevturkic_461	Turkish	Azeri	malign (distfeat+learn)	1.0000	1.0000	1.0000	1.0000	ok
Lexibank Turkish-Azeri	savelyevturkic_868	Turkish	Azeri	malign (distfeat+learn)	1.0000	1.0000	1.0000	1.0000	ok
Lexibank Turkish-Azeri	savelyevturkic_96	Turkish	Azeri	malign (distfeat+learn)	1.0000	1.0000	1.0000	1.0000	ok
Lexibank Turkish-Azeri	savelyevturkic_321	Turkish	Azeri	malign (distfeat+learn)					skipped
Lexibank Turkish-Azeri	savelyevturkic_106	Turkish	Azeri	malign (distfeat+learn)	1.0000	1.0000	1.0000	1.0000	ok
Lexibank Turkish-Azeri	savelyevturkic_501	Turkish	Azeri	malign (distfeat+learn)	1.0000	1.0000	1.0000	1.0000	ok
Lexibank Turkish-Azeri	savelyevturkic_314	Turkish	Azeri	malign (distfeat+learn)	1.0000	1.0000	1.0000	1.0000	ok
Lexibank Turkish-Azeri	savelyevturkic_257	Turkish	Azeri	malign (distfeat+learn)	1.0000	1.0000	1.0000	1.0000	ok
Lexibank Turkish-Azeri	savelyevturkic_786	Turkish	Azeri	malign (distfeat+learn)					skipped
Lexibank Turkish-Azeri	savelyevturkic_12	Turkish	Azeri	malign (distfeat+learn)	1.0000	1.0000	1.0000	1.0000	ok
Lexibank Turkish-Azeri	savelyevturkic_72	Turkish	Azeri	malign (distfeat+learn)	1.0000	1.0000	1.0000	1.0000	ok
Lexibank Turkish-Azeri	savelyevturkic_872	Turkish	Azeri	malign (distfeat+learn)					skipped
Lexibank Turkish-Azeri	savelyevturkic_878	Turkish	Azeri	malign (distfeat+learn)	1.0000	1.0000	1.0000	1.0000	ok
Lexibank Turkish-Azeri	savelyevturkic_348	Turkish	Azeri	malign (distfeat+learn)	1.0000	1.0000	1.0000	1.0000	ok
Lexibank Turkish-Azeri	savelyevturkic_884	Turkish	Azeri	malign (distfeat+learn)	1.0000	1.0000	1.0000	1.0000	ok
Lexibank Turkish-Azeri	savelyevturkic_885	Turkish	Azeri	malign (distfeat+learn)	1.0000	1.0000	1.0000	1.0000	ok
Lexibank Turkish-Azeri	savelyevturkic_8	Turkish	Azeri	malign (distfeat+learn)	1.0000	1.0000	1.0000	1.0000	ok
Lexibank Turkish-Azeri	savelyevturkic_380	Turkish	Azeri	malign (distfeat+learn)	1.0000	1.0000	1.0000	1.0000	ok
Lexibank Turkish-Azeri	savelyevturkic_129	Turkish	Azeri	malign (distfeat+learn)	1.0000	1.0000	1.0000	1.0000	ok
Lexibank Turkish-Azeri	savelyevturkic_218	Turkish	Azeri	malign (distfeat+learn)	1.0000	1.0000	1.0000	1.0000	ok
Lexibank Turkish-Azeri	savelyevturkic_220	Turkish	Azeri	malign (distfeat+learn)					skipped
Lexibank Turkish-Azeri	savelyevturkic_436	Turkish	Azeri	malign (distfeat+learn)					skipped
Lexibank Turkish-Azeri	savelyevturkic_81	Turkish	Azeri	malign (distfeat+learn)	1.0000	1.0000	1.0000	1.0000	ok
Lexibank Turkish-Azeri	savelyevturkic_283	Turkish	Azeri	malign (distfeat+learn)	1.0000	1.0000	1.0000	1.0000	ok
Lexibank Turkish-Azeri	savelyevturkic_35	Turkish	Azeri	malign (distfeat+learn)	1.0000	1.0000	1.0000	1.0000	ok
Lexibank Turkish-Azeri	savelyevturkic_900	Turkish	Azeri	malign (distfeat+learn)	1.0000	1.0000	1.0000	1.0000	ok
Lexibank Turkish-Azeri	savelyevturkic_589	Turkish	Azeri	malign (distfeat+learn)	1.0000	1.0000	1.0000	1.0000	ok
Lexibank Turkish-Azeri	savelyevturkic_905	Turkish	Azeri	malign (distfeat+learn)	1.0000	1.0000	1.0000	1.0000	ok
Lexibank Turkish-Azeri	savelyevturkic_906	Turkish	Azeri	malign (distfeat+learn)					skipped
Lexibank Turkish-Azeri	savelyevturkic_360	Turkish	Azeri	malign (distfeat+learn)	1.0000	1.0000	1.0000	1.0000	ok
Lexibank Turkish-Azeri	savelyevturkic_908	Turkish	Azeri	malign (distfeat+learn)	1.0000	1.0000	1.0000	1.0000	ok
Lexibank Turkish-Azeri	savelyevturkic_102	Turkish	Azeri	malign (distfeat+learn)	0.6000	0.6000	0.6000	0.6000	ok
Lexibank Turkish-Azeri	savelyevturkic_349	Turkish	Azeri	malign (distfeat+learn)	1.0000	1.0000	1.0000	1.0000	ok
Lexibank Turkish-Azeri	savelyevturkic_581	Turkish	Azeri	malign (distfeat+learn)	1.0000	1.0000	1.0000	1.0000	ok
Lexibank Turkish-Azeri	savelyevturkic_331	Turkish	Azeri	malign (distfeat+learn)	1.0000	1.0000	1.0000	1.0000	ok
Lexibank Turkish-Azeri	savelyevturkic_642	Turkish	Azeri	malign (distfeat+learn)	1.0000	1.0000	1.0000	1.0000	ok
Lexibank Turkish-Azeri	savelyevturkic_25	Turkish	Azeri	malign (distfeat+learn)	1.0000	1.0000	1.0000	1.0000	ok
Lexibank Turkish-Azeri	savelyevturkic_891	Turkish	Azeri	malign (distfeat+learn)	1.0000	1.0000	1.0000	1.0000	ok
Lexibank Turkish-Azeri	savelyevturkic_681	Turkish	Azeri	malign (distfeat+learn)	1.0000	1.0000	1.0000	1.0000	ok
Lexibank Turkish-Azeri	savelyevturkic_143	Turkish	Azeri	malign (distfeat+learn)	1.0000	1.0000	1.0000	1.0000	ok
Lexibank Turkish-Azeri	savelyevturkic_399	Turkish	Azeri	malign (distfeat+learn)	1.0000	1.0000	1.0000	1.0000	ok
Lexibank Turkish-Azeri	savelyevturkic_524	Turkish	Azeri	malign (distfeat+learn)					skipped
Lexibank Turkish-Azeri	savelyevturkic_395	Turkish	Azeri	malign (distfeat+learn)					skipped
Lexibank Turkish-Azeri	savelyevturkic_359	Turkish	Azeri	malign (distfeat+learn)	1.0000	1.0000	1.0000	1.0000	ok
Lexibank Turkish-Azeri	savelyevturkic_449	Turkish	Azeri	malign (distfeat+learn)	1.0000	1.0000	1.0000	1.0000	ok
Lexibank Turkish-Azeri	savelyevturkic_31	Turkish	Azeri	malign (distfeat+learn)	1.0000	1.0000	1.0000	1.0000	ok
Lexibank Turkish-Azeri	savelyevturkic_24	Turkish	Azeri	malign (distfeat+learn)					skipped
Lexibank Turkish-Azeri	savelyevturkic_459	Turkish	Azeri	malign (distfeat+learn)					skipped
Lexibank Turkish-Azeri	savelyevturkic_682	Turkish	Azeri	malign (distfeat+learn)	1.0000	1.0000	1.0000	1.0000	ok
Lexibank Turkish-Azeri	savelyevturkic_586	Turkish	Azeri	malign (distfeat+learn)	1.0000	1.0000	1.0000	1.0000	ok
Lexibank Turkish-Azeri	savelyevturkic_294	Turkish	Azeri	malign (distfeat+learn)	1.0000	1.0000	1.0000	1.0000	ok
Lexibank Turkish-Azeri	savelyevturkic_255	Turkish	Azeri	malign (distfeat+learn)	1.0000	1.0000	1.0000	1.0000	ok
Lexibank Turkish-Azeri	savelyevturkic_560	Turkish	Azeri	malign (distfeat+learn)	1.0000	1.0000	1.0000	1.0000	ok
Lexibank Turkish-Azeri	savelyevturkic_475	Turkish	Azeri	malign (distfeat+learn)	1.0000	1.0000	1.0000	1.0000	ok
Lexibank Turkish-Azeri	savelyevturkic_596	Turkish	Azeri	malign (distfeat+learn)	1.0000	1.0000	1.0000	1.0000	ok
Lexibank Turkish-Azeri	savelyevturkic_683	Turkish	Azeri	malign (distfeat+learn)	1.0000	1.0000	1.0000	1.0000	ok
Lexibank Turkish-Azeri	savelyevturkic_911	Turkish	Azeri	malign (distfeat+learn)	1.0000	1.0000	1.0000	1.0000	ok
Lexibank Turkish-Azeri	savelyevturkic_438	Turkish	Azeri	malign (distfeat+learn)	1.0000	1.0000	1.0000	1.0000	ok
Lexibank Turkish-Azeri	savelyevturkic_57	Turkish	Azeri	malign (distfeat+learn)	1.0000	1.0000	1.0000	1.0000	ok
Lexibank Turkish-Azeri	savelyevturkic_105	Turkish	Azeri	malign (distfeat+learn)					skipped
Lexibank Turkish-Azeri	savelyevturkic_635	Turkish	Azeri	malign (distfeat+learn)	1.0000	1.0000	1.0000	1.0000	ok
Lexibank Turkish-Azeri	savelyevturkic_689	Turkish	Azeri	malign (distfeat+learn)	1.0000	1.0000	1.0000	1.0000	ok
Lexibank Turkish-Azeri	savelyevturkic_50	Turkish	Azeri	malign (distfeat+learn)	1.0000	1.0000	1.0000	1.0000	ok
Lexibank Turkish-Azeri	savelyevturkic_206	Turkish	Azeri	malign (distfeat+learn)	1.0000	1.0000	1.0000	1.0000	ok
Lexibank Turkish-Azeri	savelyevturkic_17	Turkish	Azeri	malign (distfeat+learn)	1.0000	1.0000	1.0000	1.0000	ok
Lexibank Turkish-Azeri	savelyevturkic_139	Turkish	Azeri	malign (distfeat+learn)	1.0000	1.0000	1.0000	1.0000	ok
Lexibank Turkish-Azeri	savelyevturkic_245	Turkish	Azeri	malign (distfeat+learn)	1.0000	1.0000	1.0000	1.0000	ok
Lexibank Turkish-Azeri	savelyevturkic_240	Turkish	Azeri	malign (distfeat+learn)	1.0000	1.0000	1.0000	1.0000	ok
Lexibank Turkish-Azeri	savelyevturkic_52	Turkish	Azeri	malign (distfeat+learn)	1.0000	1.0000	1.0000	1.0000	ok
Lexibank Turkish-Azeri	savelyevturkic_694	Turkish	Azeri	malign (distfeat+learn)	1.0000	1.0000	1.0000	1.0000	ok
Lexibank Turkish-Azeri	savelyevturkic_703	Turkish	Azeri	malign (distfeat+learn)					skipped
Lexibank Turkish-Azeri	savelyevturkic_453	Turkish	Azeri	malign (distfeat+learn)	1.0000	1.0000	1.0000	1.0000	ok
Lexibank Turkish-Azeri	savelyevturkic_606	Turkish	Azeri	malign (distfeat+learn)	1.0000	1.0000	1.0000	1.0000	ok
Lexibank Turkish-Azeri	savelyevturkic_707	Turkish	Azeri	malign (distfeat+learn)	1.0000	1.0000	1.0000	1.0000	ok
Lexibank Turkish-Azeri	savelyevturkic_82	Turkish	Azeri	malign (distfeat+learn)	1.0000	1.0000	1.0000	1.0000	ok
Lexibank Turkish-Azeri	savelyevturkic_445	Turkish	Azeri	malign (distfeat+learn)	1.0000	1.0000	1.0000	1.0000	ok
Lexibank Turkish-Azeri	savelyevturkic_98	Turkish	Azeri	malign (distfeat+learn)	1.0000	1.0000	1.0000	1.0000	ok
Lexibank Turkish-Azeri	savelyevturkic_718	Turkish	Azeri	malign (distfeat+learn)	1.0000	1.0000	1.0000	1.0000	ok
Lexibank Turkish-Azeri	savelyevturkic_516	Turkish	Azeri	malign (distfeat+learn)	1.0000	1.0000	1.0000	1.0000	ok
Lexibank Turkish-Azeri	savelyevturkic_719	Turkish	Azeri	malign (distfeat+learn)					skipped
Lexibank Turkish-Azeri	savelyevturkic_407	Turkish	Azeri	malign (distfeat+learn)					skipped
Lexibank Turkish-Azeri	savelyevturkic_468	Turkish	Azeri	malign (distfeat+learn)	1.0000	1.0000	1.0000	1.0000	ok
Lexibank Turkish-Azeri	savelyevturkic_599	Turkish	Azeri	malign (distfeat+learn)					skipped
Lexibank Turkish-Azeri	savelyevturkic_618	Turkish	Azeri	malign (distfeat+learn)	1.0000	1.0000	1.0000	1.0000	ok
Lexibank Turkish-Azeri	savelyevturkic_540	Turkish	Azeri	malign (distfeat+learn)	1.0000	1.0000	1.0000	1.0000	ok
Lexibank Turkish-Azeri	savelyevturkic_728	Turkish	Azeri	malign (distfeat+learn)	1.0000	1.0000	1.0000	1.0000	ok
Lexibank Turkish-Azeri	savelyevturkic_474	Turkish	Azeri	malign (distfeat+learn)	1.0000	1.0000	1.0000	1.0000	ok
Lexibank Turkish-Azeri	savelyevturkic_141	Turkish	Azeri	malign (distfeat+learn)	1.0000	1.0000	1.0000	1.0000	ok
Lexibank Turkish-Azeri	savelyevturkic_7	Turkish	Azeri	malign (distfeat+learn)					skipped
Lexibank Turkish-Azeri	savelyevturkic_327	Turkish	Azeri	malign (distfeat+learn)	1.0000	1.0000	1.0000	1.0000	ok
Lexibank Turkish-Azeri	savelyevturkic_197	Turkish	Azeri	malign (distfeat+learn)					skipped
Lexibank Turkish-Azeri	savelyevturkic_464	Turkish	Azeri	malign (distfeat+learn)	1.0000	1.0000	1.0000	1.0000	ok
Lexibank Turkish-Azeri	savelyevturkic_732	Turkish	Azeri	malign (distfeat+learn)	1.0000	1.0000	1.0000	1.0000	ok
Lexibank Turkish-Azeri	savelyevturkic_418	Turkish	Azeri	malign (distfeat+learn)	1.0000	1.0000	1.0000	1.0000	ok
Lexibank Turkish-Azeri	savelyevturkic_737	Turkish	Azeri	malign (distfeat+learn)	1.0000	1.0000	1.0000	1.0000	ok
Lexibank Turkish-Azeri	savelyevturkic_74	Turkish	Azeri	malign (distfeat+learn)					skipped
Lexibank Turkish-Azeri	savelyevturkic_421	Turkish	Azeri	malign (distfeat+learn)	1.0000	1.0000	1.0000	1.0000	ok
Lexibank Turkish-Azeri	savelyevturkic_163	Turkish	Azeri	malign (distfeat+learn)	1.0000	1.0000	1.0000	1.0000	ok
Lexibank Turkish-Azeri	savelyevturkic_199	Turkish	Azeri	malign (distfeat+learn)	1.0000	1.0000	1.0000	1.0000	ok
Lexibank Turkish-Azeri	savelyevturkic_38	Turkish	Azeri	malign (distfeat+learn)	1.0000	1.0000	1.0000	1.0000	ok
Lexibank Turkish-Azeri	savelyevturkic_39	Turkish	Azeri	malign (distfeat+learn)	1.0000	1.0000	1.0000	1.0000	ok
