Dataset	ID	NumSeqs	Dispatch	Method	ColScore	Precision	Recall	F1	Status
BDPA Romance	aquam	8	progressive	LingPy prog	0.6000	0.9000	0.9000	0.9000	ok
BDPA Romance	auriculam	8	progressive	LingPy prog	0.7143	0.9286	0.9286	0.9286	ok
BDPA Romance	bestiam	8	progressive	LingPy prog	0.1429	0.7857	0.7857	0.7857	ok
BDPA Romance	bracchium	8	progressive	LingPy prog	1.0000	1.0000	1.0000	1.0000	ok
BDPA Romance	caelum	8	progressive	LingPy prog	1.0000	1.0000	1.0000	1.0000	ok
BDPA Romance	capram	8	progressive	LingPy prog	0.6667	0.9167	0.9167	0.9167	ok
BDPA Romance	cornu	8	progressive	LingPy prog	1.0000	1.0000	1.0000	1.0000	ok
BDPA Romance	decem	8	progressive	LingPy prog	1.0000	1.0000	1.0000	1.0000	ok
BDPA Romance	dentem	8	progressive	LingPy prog	1.0000	1.0000	1.0000	1.0000	ok
BDPA Romance	digitum	8	progressive	LingPy prog		0.2500	0.2000	0.2222	len_mismatch
BDPA Romance	duo	8	progressive	LingPy prog	1.0000	1.0000	1.0000	1.0000	ok
BDPA Romance	lacrimam	8	progressive	LingPy prog	1.0000	1.0000	1.0000	1.0000	ok
BDPA Romance	lanam	8	progressive	LingPy prog	1.0000	1.0000	1.0000	1.0000	ok
BDPA Romance	linguam	8	progressive	LingPy prog	1.0000	1.0000	1.0000	1.0000	ok
BDPA Romance	lunam	8	progressive	LingPy prog	1.0000	1.0000	1.0000	1.0000	ok
BDPA Romance	manum	8	progressive	LingPy prog	1.0000	1.0000	1.0000	1.0000	ok
BDPA Romance	mare	8	progressive	LingPy prog	1.0000	1.0000	1.0000	1.0000	ok
BDPA Romance	novem	8	progressive	LingPy prog	1.0000	1.0000	1.0000	1.0000	ok
BDPA Romance	octo	8	progressive	LingPy prog	1.0000	1.0000	1.0000	1.0000	ok
BDPA Romance	oculum	8	progressive	LingPy prog	1.0000	1.0000	1.0000	1.0000	ok
BDPA Romance	ovum	8	progressive	LingPy prog	1.0000	1.0000	1.0000	1.0000	ok
BDPA Romance	pedem	8	progressive	LingPy prog	0.4000	0.8500	0.8500	0.8500	ok
BDPA Romance	quattuor	8	progressive	LingPy prog	1.0000	1.0000	1.0000	1.0000	ok
BDPA Romance	quinque	8	progressive	LingPy prog	1.0000	1.0000	1.0000	1.0000	ok
BDPA Romance	septem	8	progressive	LingPy prog	1.0000	1.0000	1.0000	1.0000	ok
BDPA Romance	sex	8	progressive	LingPy prog	1.0000	1.0000	1.0000	1.0000	ok
BDPA Romance	terram	8	progressive	LingPy prog	1.0000	1.0000	1.0000	1.0000	ok
BDPA Romance	tres	8	progressive	LingPy prog	1.0000	1.0000	1.0000	1.0000	ok
BDPA Romance	ungulam	8	progressive	LingPy prog	1.0000	1.0000	1.0000	1.0000	ok
BDPA Romance	unum	8	progressive	LingPy prog	1.0000	1.0000	1.0000	1.0000	ok
BDPA Romance	aquam	8	progressive	malign auto (SCA)	0.6000	0.9000	0.9000	0.9000	ok
BDPA Romance	auriculam	8	progressive	malign auto (SCA)		0.7232	0.8265	0.7714	len_mismatch
BDPA Romance	bestiam	8	progressive	malign auto (SCA)	0.0000	0.1071	0.1071	0.1071	ok
BDPA Romance	bracchium	8	progressive	malign auto (SCA)	1.0000	1.0000	1.0000	1.0000	ok
BDPA Romance	caelum	8	progressive	malign auto (SCA)	1.0000	1.0000	1.0000	1.0000	ok
BDPA Romance	capram	8	progressive	malign auto (SCA)		0.2024	0.3036	0.2429	len_mismatch
BDPA Romance	cornu	8	progressive	malign auto (SCA)	1.0000	1.0000	1.0000	1.0000	ok
BDPA Romance	decem	8	progressive	malign auto (SCA)	1.0000	1.0000	1.0000	1.0000	ok
BDPA Romance	dentem	8	progressive	malign auto (SCA)	1.0000	1.0000	1.0000	1.0000	ok
BDPA Romance	digitum	8	progressive	malign auto (SCA)	0.2000	0.3714	0.3714	0.3714	ok
BDPA Romance	duo	8	progressive	malign auto (SCA)	1.0000	1.0000	1.0000	1.0000	ok
BDPA Romance	lacrimam	8	progressive	malign auto (SCA)	0.6250	0.9062	0.9062	0.9062	ok
BDPA Romance	lanam	8	progressive	malign auto (SCA)	1.0000	1.0000	1.0000	1.0000	ok
BDPA Romance	linguam	8	progressive	malign auto (SCA)	1.0000	1.0000	1.0000	1.0000	ok
BDPA Romance	lunam	8	progressive	malign auto (SCA)		0.6429	0.8036	0.7143	len_mismatch
BDPA Romance	manum	8	progressive	malign auto (SCA)	1.0000	1.0000	1.0000	1.0000	ok
BDPA Romance	mare	8	progressive	malign auto (SCA)	1.0000	1.0000	1.0000	1.0000	ok
BDPA Romance	novem	8	progressive	malign auto (SCA)	0.6000	0.9000	0.9000	0.9000	ok
BDPA Romance	octo	8	progressive	malign auto (SCA)	1.0000	1.0000	1.0000	1.0000	ok
BDPA Romance	oculum	8	progressive	malign auto (SCA)		0.5417	0.6500	0.5909	len_mismatch
BDPA Romance	ovum	8	progressive	malign auto (SCA)		0.0893	0.1339	0.1071	len_mismatch
BDPA Romance	pedem	8	progressive	malign auto (SCA)	1.0000	1.0000	1.0000	1.0000	ok
BDPA Romance	quattuor	8	progressive	malign auto (SCA)	0.5714	0.7806	0.7806	0.7806	ok
BDPA Romance	quinque	8	progressive	malign auto (SCA)	1.0000	1.0000	1.0000	1.0000	ok
BDPA Romance	septem	8	progressive	malign auto (SCA)	1.0000	1.0000	1.0000	1.0000	ok
BDPA Romance	sex	8	progressive	malign auto (SCA)	0.5000	0.5179	0.5179	0.5179	ok
BDPA Romance	terram	8	progressive	malign auto (SCA)	1.0000	1.0000	1.0000	1.0000	ok
BDPA Romance	tres	8	progressive	malign auto (SCA)	1.0000	1.0000	1.0000	1.0000	ok
BDPA Romance	ungulam	8	progressive	malign auto (SCA)	0.6667	0.9167	0.9167	0.9167	ok
BDPA Romance	unum	8	progressive	malign auto (SCA)	0.0000	0.4464	0.4464	0.4464	ok
BDPA Romance	aquam	8	progressive	malign auto (boot)		0.0268	0.0214	0.0238	len_mismatch
BDPA Romance	auriculam	8	progressive	malign auto (boot)		0.0455	0.0714	0.0556	len_mismatch
BDPA Romance	bestiam	8	progressive	malign auto (boot)	0.0000	0.0000	0.0000	0.0000	ok
BDPA Romance	bracchium	8	progressive	malign auto (boot)	0.6667	0.9167	0.9167	0.9167	ok
BDPA Romance	caelum	8	progressive	malign auto (boot)		0.3214	0.2571	0.2857	len_mismatch
BDPA Romance	capram	8	progressive	malign auto (boot)		0.3061	0.3571	0.3297	len_mismatch
BDPA Romance	cornu	8	progressive	malign auto (boot)		0.1786	0.1531	0.1648	len_mismatch
BDPA Romance	decem	8	progressive	malign auto (boot)	0.4000	0.5929	0.5929	0.5929	ok
BDPA Romance	dentem	8	progressive	malign auto (boot)	1.0000	1.0000	1.0000	1.0000	ok
BDPA Romance	digitum	8	progressive	malign auto (boot)		0.2589	0.2071	0.2302	len_mismatch
BDPA Romance	duo	8	progressive	malign auto (boot)	0.3333	0.6905	0.6905	0.6905	ok
BDPA Romance	lacrimam	8	progressive	malign auto (boot)		0.4881	0.5491	0.5168	len_mismatch
BDPA Romance	lanam	8	progressive	malign auto (boot)	0.5000	0.8750	0.8750	0.8750	ok
BDPA Romance	linguam	8	progressive	malign auto (boot)	0.6667	0.8452	0.8452	0.8452	ok
BDPA Romance	lunam	8	progressive	malign auto (boot)	0.5000	0.7679	0.7679	0.7679	ok
BDPA Romance	manum	8	progressive	malign auto (boot)		0.7071	0.8839	0.7857	len_mismatch
BDPA Romance	mare	8	progressive	malign auto (boot)	0.5000	0.8750	0.8750	0.8750	ok
BDPA Romance	novem	8	progressive	malign auto (boot)	0.2000	0.4143	0.4143	0.4143	ok
BDPA Romance	octo	8	progressive	malign auto (boot)		0.2143	0.1607	0.1837	len_mismatch
BDPA Romance	oculum	8	progressive	malign auto (boot)		0.1071	0.1286	0.1169	len_mismatch
BDPA Romance	ovum	8	progressive	malign auto (boot)		0.4000	0.5000	0.4444	len_mismatch
BDPA Romance	pedem	8	progressive	malign auto (boot)	0.4000	0.5786	0.5786	0.5786	ok
BDPA Romance	quattuor	8	progressive	malign auto (boot)		0.5060	0.4337	0.4670	len_mismatch
BDPA Romance	quinque	8	progressive	malign auto (boot)	1.0000	1.0000	1.0000	1.0000	ok
BDPA Romance	septem	8	progressive	malign auto (boot)	1.0000	1.0000	1.0000	1.0000	ok
BDPA Romance	sex	8	progressive	malign auto (boot)	0.5000	0.8750	0.8750	0.8750	ok
BDPA Romance	terram	8	progressive	malign auto (boot)	0.2000	0.4357	0.4357	0.4357	ok
BDPA Romance	tres	8	progressive	malign auto (boot)		0.2429	0.3036	0.2698	len_mismatch
BDPA Romance	ungulam	8	progressive	malign auto (boot)	0.0000	0.0833	0.0833	0.0833	ok
BDPA Romance	unum	8	progressive	malign auto (boot)		0.4167	0.3125	0.3571	len_mismatch
BDPA Romance	aquam	8	progressive	malign auto (SCA+boot)		0.0446	0.0357	0.0397	len_mismatch
BDPA Romance	auriculam	8	progressive	malign auto (SCA+boot)	0.0000	0.2347	0.2347	0.2347	ok
BDPA Romance	bestiam	8	progressive	malign auto (SCA+boot)	0.0000	0.0000	0.0000	0.0000	ok
BDPA Romance	bracchium	8	progressive	malign auto (SCA+boot)	0.6667	0.7857	0.7857	0.7857	ok
BDPA Romance	caelum	8	progressive	malign auto (SCA+boot)	0.4000	0.8500	0.8500	0.8500	ok
BDPA Romance	capram	8	progressive	malign auto (SCA+boot)		0.2449	0.2857	0.2637	len_mismatch
BDPA Romance	cornu	8	progressive	malign auto (SCA+boot)	0.1429	0.2398	0.2398	0.2398	ok
BDPA Romance	decem	8	progressive	malign auto (SCA+boot)	0.4000	0.5571	0.5571	0.5571	ok
BDPA Romance	dentem	8	progressive	malign auto (SCA+boot)	1.0000	1.0000	1.0000	1.0000	ok
BDPA Romance	digitum	8	progressive	malign auto (SCA+boot)		0.3214	0.2571	0.2857	len_mismatch
BDPA Romance	duo	8	progressive	malign auto (SCA+boot)	1.0000	1.0000	1.0000	1.0000	ok
BDPA Romance	lacrimam	8	progressive	malign auto (SCA+boot)	0.3750	0.8438	0.8438	0.8438	ok
BDPA Romance	lanam	8	progressive	malign auto (SCA+boot)	1.0000	1.0000	1.0000	1.0000	ok
BDPA Romance	linguam	8	progressive	malign auto (SCA+boot)	1.0000	1.0000	1.0000	1.0000	ok
BDPA Romance	lunam	8	progressive	malign auto (SCA+boot)	0.5000	0.7679	0.7679	0.7679	ok
BDPA Romance	manum	8	progressive	malign auto (SCA+boot)	1.0000	1.0000	1.0000	1.0000	ok
BDPA Romance	mare	8	progressive	malign auto (SCA+boot)	1.0000	1.0000	1.0000	1.0000	ok
BDPA Romance	novem	8	progressive	malign auto (SCA+boot)	0.2000	0.2357	0.2357	0.2357	ok
BDPA Romance	octo	8	progressive	malign auto (SCA+boot)	1.0000	1.0000	1.0000	1.0000	ok
BDPA Romance	oculum	8	progressive	malign auto (SCA+boot)		0.2321	0.1857	0.2063	len_mismatch
BDPA Romance	ovum	8	progressive	malign auto (SCA+boot)	0.5000	0.8750	0.8750	0.8750	ok
BDPA Romance	pedem	8	progressive	malign auto (SCA+boot)	0.4000	0.5786	0.5786	0.5786	ok
BDPA Romance	quattuor	8	progressive	malign auto (SCA+boot)	0.4286	0.5714	0.5714	0.5714	ok
BDPA Romance	quinque	8	progressive	malign auto (SCA+boot)	1.0000	1.0000	1.0000	1.0000	ok
BDPA Romance	septem	8	progressive	malign auto (SCA+boot)	1.0000	1.0000	1.0000	1.0000	ok
BDPA Romance	sex	8	progressive	malign auto (SCA+boot)	0.5000	0.8750	0.8750	0.8750	ok
BDPA Romance	terram	8	progressive	malign auto (SCA+boot)	0.4000	0.7214	0.7214	0.7214	ok
BDPA Romance	tres	8	progressive	malign auto (SCA+boot)	1.0000	1.0000	1.0000	1.0000	ok
BDPA Romance	ungulam	8	progressive	malign auto (SCA+boot)	0.0000	0.2321	0.2321	0.2321	ok
BDPA Romance	unum	8	progressive	malign auto (SCA+boot)		0.1429	0.1071	0.1224	len_mismatch
BDPA Slavic	ajɪce	5	progressive	LingPy prog		0.3000	0.3600	0.3273	len_mismatch
BDPA Slavic	azə	5	progressive	LingPy prog	1.0000	1.0000	1.0000	1.0000	ok
BDPA Slavic	edinə	5	progressive	LingPy prog	1.0000	1.0000	1.0000	1.0000	ok
BDPA Slavic	jɪmẽ	5	progressive	LingPy prog	0.0000	0.0000	0.0000	0.0000	ok
BDPA Slavic	korenɪ	5	progressive	LingPy prog	1.0000	1.0000	1.0000	1.0000	ok
BDPA Slavic	kortəkə	5	progressive	LingPy prog	1.0000	1.0000	1.0000	1.0000	ok
BDPA Slavic	kostɪ	5	progressive	LingPy prog	1.0000	1.0000	1.0000	1.0000	ok
BDPA Slavic	leʒati	5	progressive	LingPy prog	1.0000	1.0000	1.0000	1.0000	ok
BDPA Slavic	mẽso	5	progressive	LingPy prog	1.0000	1.0000	1.0000	1.0000	ok
BDPA Slavic	novə	5	progressive	LingPy prog	1.0000	1.0000	1.0000	1.0000	ok
BDPA Slavic	ognɪ	5	progressive	LingPy prog	1.0000	1.0000	1.0000	1.0000	ok
BDPA Slavic	pepelə	5	progressive	LingPy prog		0.7667	0.9200	0.8364	len_mismatch
BDPA Slavic	piti	5	progressive	LingPy prog	1.0000	1.0000	1.0000	1.0000	ok
BDPA Slavic	sɐdɐti	5	progressive	LingPy prog	1.0000	1.0000	1.0000	1.0000	ok
BDPA Slavic	səlnɪce	5	progressive	LingPy prog	1.0000	1.0000	1.0000	1.0000	ok
BDPA Slavic	sɪrdɪce	5	progressive	LingPy prog	1.0000	1.0000	1.0000	1.0000	ok
BDPA Slavic	zelenə	5	progressive	LingPy prog	1.0000	1.0000	1.0000	1.0000	ok
BDPA Slavic	zemlja	5	progressive	LingPy prog	1.0000	1.0000	1.0000	1.0000	ok
BDPA Slavic	ʒɪltə	5	progressive	LingPy prog	1.0000	1.0000	1.0000	1.0000	ok
BDPA Slavic	ẽzykə	5	progressive	LingPy prog	1.0000	1.0000	1.0000	1.0000	ok
BDPA Slavic	ajɪce	5	progressive	malign auto (SCA)	1.0000	1.0000	1.0000	1.0000	ok
BDPA Slavic	azə	5	progressive	malign auto (SCA)	1.0000	1.0000	1.0000	1.0000	ok
BDPA Slavic	edinə	5	progressive	malign auto (SCA)	1.0000	1.0000	1.0000	1.0000	ok
BDPA Slavic	jɪmẽ	5	progressive	malign auto (SCA)	1.0000	1.0000	1.0000	1.0000	ok
BDPA Slavic	korenɪ	5	progressive	malign auto (SCA)	1.0000	1.0000	1.0000	1.0000	ok
BDPA Slavic	kortəkə	5	progressive	malign auto (SCA)		0.6250	0.5556	0.5882	len_mismatch
BDPA Slavic	kostɪ	5	progressive	malign auto (SCA)	1.0000	1.0000	1.0000	1.0000	ok
BDPA Slavic	leʒati	5	progressive	malign auto (SCA)	1.0000	1.0000	1.0000	1.0000	ok
BDPA Slavic	mẽso	5	progressive	malign auto (SCA)	1.0000	1.0000	1.0000	1.0000	ok
BDPA Slavic	novə	5	progressive	malign auto (SCA)	1.0000	1.0000	1.0000	1.0000	ok
BDPA Slavic	ognɪ	5	progressive	malign auto (SCA)	1.0000	1.0000	1.0000	1.0000	ok
BDPA Slavic	pepelə	5	progressive	malign auto (SCA)	1.0000	1.0000	1.0000	1.0000	ok
BDPA Slavic	piti	5	progressive	malign auto (SCA)	1.0000	1.0000	1.0000	1.0000	ok
BDPA Slavic	sɐdɐti	5	progressive	malign auto (SCA)	1.0000	1.0000	1.0000	1.0000	ok
BDPA Slavic	səlnɪce	5	progressive	malign auto (SCA)	1.0000	1.0000	1.0000	1.0000	ok
BDPA Slavic	sɪrdɪce	5	progressive	malign auto (SCA)	1.0000	1.0000	1.0000	1.0000	ok
BDPA Slavic	zelenə	5	progressive	malign auto (SCA)	1.0000	1.0000	1.0000	1.0000	ok
BDPA Slavic	zemlja	5	progressive	malign auto (SCA)	1.0000	1.0000	1.0000	1.0000	ok
BDPA Slavic	ʒɪltə	5	progressive	malign auto (SCA)		0.3500	0.4000	0.3733	len_mismatch
BDPA Slavic	ẽzykə	5	progressive	malign auto (SCA)	1.0000	1.0000	1.0000	1.0000	ok
BDPA Slavic	ajɪce	5	progressive	malign auto (boot)	1.0000	1.0000	1.0000	1.0000	ok
BDPA Slavic	azə	5	progressive	malign auto (boot)		0.6000	0.4000	0.4800	len_mismatch
BDPA Slavic	edinə	5	progressive	malign auto (boot)	0.0000	0.6000	0.6000	0.6000	ok
BDPA Slavic	jɪmẽ	5	progressive	malign auto (boot)	1.0000	1.0000	1.0000	1.0000	ok
BDPA Slavic	korenɪ	5	progressive	malign auto (boot)	1.0000	1.0000	1.0000	1.0000	ok
BDPA Slavic	kortəkə	5	progressive	malign auto (boot)		0.6625	0.5889	0.6235	len_mismatch
BDPA Slavic	kostɪ	5	progressive	malign auto (boot)	1.0000	1.0000	1.0000	1.0000	ok
BDPA Slavic	leʒati	5	progressive	malign auto (boot)	1.0000	1.0000	1.0000	1.0000	ok
BDPA Slavic	mẽso	5	progressive	malign auto (boot)	1.0000	1.0000	1.0000	1.0000	ok
BDPA Slavic	novə	5	progressive	malign auto (boot)		0.7167	0.8600	0.7818	len_mismatch
BDPA Slavic	ognɪ	5	progressive	malign auto (boot)		0.3400	0.4250	0.3778	len_mismatch
BDPA Slavic	pepelə	5	progressive	malign auto (boot)	1.0000	1.0000	1.0000	1.0000	ok
BDPA Slavic	piti	5	progressive	malign auto (boot)		0.7200	0.9000	0.8000	len_mismatch
BDPA Slavic	sɐdɐti	5	progressive	malign auto (boot)	1.0000	1.0000	1.0000	1.0000	ok
BDPA Slavic	səlnɪce	5	progressive	malign auto (boot)	0.1667	0.5667	0.5667	0.5667	ok
BDPA Slavic	sɪrdɪce	5	progressive	malign auto (boot)	1.0000	1.0000	1.0000	1.0000	ok
BDPA Slavic	zelenə	5	progressive	malign auto (boot)	1.0000	1.0000	1.0000	1.0000	ok
BDPA Slavic	zemlja	5	progressive	malign auto (boot)	0.6000	0.7200	0.7200	0.7200	ok
BDPA Slavic	ʒɪltə	5	progressive	malign auto (boot)		0.2833	0.2429	0.2615	len_mismatch
BDPA Slavic	ẽzykə	5	progressive	malign auto (boot)	1.0000	1.0000	1.0000	1.0000	ok
BDPA Slavic	ajɪce	5	progressive	malign auto (SCA+boot)	1.0000	1.0000	1.0000	1.0000	ok
BDPA Slavic	azə	5	progressive	malign auto (SCA+boot)	1.0000	1.0000	1.0000	1.0000	ok
BDPA Slavic	edinə	5	progressive	malign auto (SCA+boot)	1.0000	1.0000	1.0000	1.0000	ok
BDPA Slavic	jɪmẽ	5	progressive	malign auto (SCA+boot)	1.0000	1.0000	1.0000	1.0000	ok
BDPA Slavic	korenɪ	5	progressive	malign auto (SCA+boot)	1.0000	1.0000	1.0000	1.0000	ok
BDPA Slavic	kortəkə	5	progressive	malign auto (SCA+boot)	1.0000	1.0000	1.0000	1.0000	ok
BDPA Slavic	kostɪ	5	progressive	malign auto (SCA+boot)	1.0000	1.0000	1.0000	1.0000	ok
BDPA Slavic	leʒati	5	progressive	malign auto (SCA+boot)	1.0000	1.0000	1.0000	1.0000	ok
BDPA Slavic	mẽso	5	progressive	malign auto (SCA+boot)	1.0000	1.0000	1.0000	1.0000	ok
BDPA Slavic	novə	5	progressive	malign auto (SCA+boot)	1.0000	1.0000	1.0000	1.0000	ok
BDPA Slavic	ognɪ	5	progressive	malign auto (SCA+boot)	1.0000	1.0000	1.0000	1.0000	ok
BDPA Slavic	pepelə	5	progressive	malign auto (SCA+boot)	1.0000	1.0000	1.0000	1.0000	ok
BDPA Slavic	piti	5	progressive	malign auto (SCA+boot)		0.7200	0.9000	0.8000	len_mismatch
BDPA Slavic	sɐdɐti	5	progressive	malign auto (SCA+boot)	1.0000	1.0000	1.0000	1.0000	ok
BDPA Slavic	səlnɪce	5	progressive	malign auto (SCA+boot)	0.1667	0.5667	0.5667	0.5667	ok
BDPA Slavic	sɪrdɪce	5	progressive	malign auto (SCA+boot)	1.0000	1.0000	1.0000	1.0000	ok
BDPA Slavic	zelenə	5	progressive	malign auto (SCA+boot)	1.0000	1.0000	1.0000	1.0000	ok
BDPA Slavic	zemlja	5	progressive	malign auto (SCA+boot)	0.6000	0.7200	0.7200	0.7200	ok
BDPA Slavic	ʒɪltə	5	progressive	malign auto (SCA+boot)	0.4286	0.6143	0.6143	0.6143	ok
BDPA Slavic	ẽzykə	5	progressive	malign auto (SCA+boot)	1.0000	1.0000	1.0000	1.0000	ok
BDPA Bai	I	8	progressive	LingPy prog	1.0000	1.0000	1.0000	1.0000	ok
BDPA Bai	ant	8	progressive	LingPy prog	1.0000	1.0000	1.0000	1.0000	ok
BDPA Bai	bamboo	8	progressive	LingPy prog	1.0000	1.0000	1.0000	1.0000	ok
BDPA Bai	bark	8	progressive	LingPy prog		0.2143	0.1429	0.1714	len_mismatch
BDPA Bai	barley	8	progressive	LingPy prog	1.0000	1.0000	1.0000	1.0000	ok
BDPA Bai	bed	8	progressive	LingPy prog	0.4615	0.7170	0.7170	0.7170	ok
BDPA Bai	bee	8	progressive	LingPy prog	0.1429	0.6020	0.6020	0.6020	ok
BDPA Bai	behind	8	progressive	LingPy prog		0.8750	0.5833	0.7000	len_mismatch
BDPA Bai	big	8	progressive	LingPy prog	1.0000	1.0000	1.0000	1.0000	ok
BDPA Bai	bird	8	progressive	LingPy prog	1.0000	1.0000	1.0000	1.0000	ok
BDPA Bai	bitter	8	progressive	LingPy prog	1.0000	1.0000	1.0000	1.0000	ok
BDPA Bai	black	8	progressive	LingPy prog	1.0000	1.0000	1.0000	1.0000	ok
BDPA Bai	blood	8	progressive	LingPy prog	1.0000	1.0000	1.0000	1.0000	ok
BDPA Bai	bone	8	progressive	LingPy prog	1.0000	1.0000	1.0000	1.0000	ok
BDPA Bai	breast	8	progressive	LingPy prog	1.0000	1.0000	1.0000	1.0000	ok
BDPA Bai	bridge	8	progressive	LingPy prog	1.0000	1.0000	1.0000	1.0000	ok
BDPA Bai	buckwheat	8	progressive	LingPy prog	1.0000	1.0000	1.0000	1.0000	ok
BDPA Bai	chicken	8	progressive	LingPy prog	1.0000	1.0000	1.0000	1.0000	ok
BDPA Bai	chopsticks	8	progressive	LingPy prog	1.0000	1.0000	1.0000	1.0000	ok
BDPA Bai	classifier_chicken	8	progressive	LingPy prog	1.0000	1.0000	1.0000	1.0000	ok
BDPA Bai	classifier_clothes	8	progressive	LingPy prog		0.6339	0.5071	0.5635	len_mismatch
BDPA Bai	classifier_grain_of_rice	8	progressive	LingPy prog	1.0000	1.0000	1.0000	1.0000	ok
BDPA Bai	cloth	8	progressive	LingPy prog	1.0000	1.0000	1.0000	1.0000	ok
BDPA Bai	cold	8	progressive	LingPy prog	1.0000	1.0000	1.0000	1.0000	ok
BDPA Bai	comb	8	progressive	LingPy prog	1.0000	1.0000	1.0000	1.0000	ok
BDPA Bai	daughter	8	progressive	LingPy prog	1.0000	1.0000	1.0000	1.0000	ok
BDPA Bai	day	8	progressive	LingPy prog		0.0536	0.0429	0.0476	len_mismatch
BDPA Bai	dog	8	progressive	LingPy prog	1.0000	1.0000	1.0000	1.0000	ok
BDPA Bai	door	8	progressive	LingPy prog	1.0000	1.0000	1.0000	1.0000	ok
BDPA Bai	dragon	8	progressive	LingPy prog	1.0000	1.0000	1.0000	1.0000	ok
BDPA Bai	dry	8	progressive	LingPy prog	1.0000	1.0000	1.0000	1.0000	ok
BDPA Bai	early	8	progressive	LingPy prog	1.0000	1.0000	1.0000	1.0000	ok
BDPA Bai	earring	8	progressive	LingPy prog	1.0000	1.0000	1.0000	1.0000	ok
BDPA Bai	earth	8	progressive	LingPy prog	1.0000	1.0000	1.0000	1.0000	ok
BDPA Bai	earthworm_worm	8	progressive	LingPy prog		0.5387	0.4310	0.4788	len_mismatch
BDPA Bai	egg	8	progressive	LingPy prog	1.0000	1.0000	1.0000	1.0000	ok
BDPA Bai	eight	8	progressive	LingPy prog	1.0000	1.0000	1.0000	1.0000	ok
BDPA Bai	eye	8	progressive	LingPy prog	1.0000	1.0000	1.0000	1.0000	ok
BDPA Bai	far	8	progressive	LingPy prog	1.0000	1.0000	1.0000	1.0000	ok
BDPA Bai	fat	8	progressive	LingPy prog	1.0000	1.0000	1.0000	1.0000	ok
BDPA Bai	finger	8	progressive	LingPy prog	1.0000	1.0000	1.0000	1.0000	ok
BDPA Bai	fingernail	8	progressive	LingPy prog	0.4000	0.8500	0.8500	0.8500	ok
BDPA Bai	fire	8	progressive	LingPy prog	0.5000	0.7679	0.7679	0.7679	ok
BDPA Bai	firewood	8	progressive	LingPy prog	1.0000	1.0000	1.0000	1.0000	ok
BDPA Bai	fish	8	progressive	LingPy prog		0.2500	0.1875	0.2143	len_mismatch
BDPA Bai	five	8	progressive	LingPy prog	1.0000	1.0000	1.0000	1.0000	ok
BDPA Bai	fly	8	progressive	LingPy prog	0.5000	0.5000	0.5000	0.5000	ok
BDPA Bai	foot	8	progressive	LingPy prog	1.0000	1.0000	1.0000	1.0000	ok
BDPA Bai	four	8	progressive	LingPy prog	1.0000	1.0000	1.0000	1.0000	ok
BDPA Bai	fragrant	8	progressive	LingPy prog	1.0000	1.0000	1.0000	1.0000	ok
BDPA Bai	frog	8	progressive	LingPy prog	1.0000	1.0000	1.0000	1.0000	ok
BDPA Bai	frost	8	progressive	LingPy prog	1.0000	1.0000	1.0000	1.0000	ok
BDPA Bai	ghost	8	progressive	LingPy prog	1.0000	1.0000	1.0000	1.0000	ok
BDPA Bai	give	8	progressive	LingPy prog	1.0000	1.0000	1.0000	1.0000	ok
BDPA Bai	glutinous_rice	8	progressive	LingPy prog	1.0000	1.0000	1.0000	1.0000	ok
BDPA Bai	good	8	progressive	LingPy prog	1.0000	1.0000	1.0000	1.0000	ok
BDPA Bai	hair	7	progressive	LingPy prog	1.0000	1.0000	1.0000	1.0000	ok
BDPA Bai	hand	8	progressive	LingPy prog	1.0000	1.0000	1.0000	1.0000	ok
BDPA Bai	head	8	progressive	LingPy prog	1.0000	1.0000	1.0000	1.0000	ok
BDPA Bai	heart	8	progressive	LingPy prog	1.0000	1.0000	1.0000	1.0000	ok
BDPA Bai	heavy	8	progressive	LingPy prog	1.0000	1.0000	1.0000	1.0000	ok
BDPA Bai	hemp	8	progressive	LingPy prog	1.0000	1.0000	1.0000	1.0000	ok
BDPA Bai	high_tall	8	progressive	LingPy prog	1.0000	1.0000	1.0000	1.0000	ok
BDPA Bai	hoe	8	progressive	LingPy prog	1.0000	1.0000	1.0000	1.0000	ok
BDPA Bai	horn	8	progressive	LingPy prog	1.0000	1.0000	1.0000	1.0000	ok
BDPA Bai	horse	8	progressive	LingPy prog	1.0000	1.0000	1.0000	1.0000	ok
BDPA Bai	hot	8	progressive	LingPy prog		0.0893	0.0714	0.0794	len_mismatch
BDPA Bai	house	8	progressive	LingPy prog	1.0000	1.0000	1.0000	1.0000	ok
BDPA Bai	hundred	8	progressive	LingPy prog	1.0000	1.0000	1.0000	1.0000	ok
BDPA Bai	ill_sick	8	progressive	LingPy prog	1.0000	1.0000	1.0000	1.0000	ok
BDPA Bai	interest	8	progressive	LingPy prog	1.0000	1.0000	1.0000	1.0000	ok
BDPA Bai	intestine_gut	8	progressive	LingPy prog		0.7500	0.6250	0.6818	len_mismatch
BDPA Bai	to_ask	8	progressive	LingPy prog	1.0000	1.0000	1.0000	1.0000	ok
BDPA Bai	to_bark	8	progressive	LingPy prog	1.0000	1.0000	1.0000	1.0000	ok
BDPA Bai	to_blow	8	progressive	LingPy prog	1.0000	1.0000	1.0000	1.0000	ok
BDPA Bai	to_boil	8	progressive	LingPy prog	1.0000	1.0000	1.0000	1.0000	ok
BDPA Bai	to_buy	8	progressive	LingPy prog	1.0000	1.0000	1.0000	1.0000	ok
BDPA Bai	to_chirp	8	progressive	LingPy prog	1.0000	1.0000	1.0000	1.0000	ok
BDPA Bai	to_close	8	progressive	LingPy prog	1.0000	1.0000	1.0000	1.0000	ok
BDPA Bai	to_comb	8	progressive	LingPy prog	1.0000	1.0000	1.0000	1.0000	ok
BDPA Bai	to_cry	8	progressive	LingPy prog	1.0000	1.0000	1.0000	1.0000	ok
BDPA Bai	to_cut	8	progressive	LingPy prog	1.0000	1.0000	1.0000	1.0000	ok
BDPA Bai	to_cut_up	8	progressive	LingPy prog	1.0000	1.0000	1.0000	1.0000	ok
BDPA Bai	to_die	8	progressive	LingPy prog	1.0000	1.0000	1.0000	1.0000	ok
BDPA Bai	to_drink	8	progressive	LingPy prog	1.0000	1.0000	1.0000	1.0000	ok
BDPA Bai	to_eat	8	progressive	LingPy prog	1.0000	1.0000	1.0000	1.0000	ok
BDPA Bai	to_fall_down_to_drop	8	progressive	LingPy prog	1.0000	1.0000	1.0000	1.0000	ok
BDPA Bai	to_grind	8	progressive	LingPy prog	0.7143	0.9286	0.9286	0.9286	ok
BDPA Bai	to_hide	8	progressive	LingPy prog	1.0000	1.0000	1.0000	1.0000	ok
BDPA Bai	to_itch	8	progressive	LingPy prog	1.0000	1.0000	1.0000	1.0000	ok
BDPA Bai	I	8	progressive	malign auto (SCA)	1.0000	1.0000	1.0000	1.0000	ok
BDPA Bai	ant	8	progressive	malign auto (SCA)	1.0000	1.0000	1.0000	1.0000	ok
BDPA Bai	bamboo	8	progressive	malign auto (SCA)	1.0000	1.0000	1.0000	1.0000	ok
BDPA Bai	bark	8	progressive	malign auto (SCA)		0.2143	0.1429	0.1714	len_mismatch
BDPA Bai	barley	8	progressive	malign auto (SCA)	0.5000	0.5134	0.5134	0.5134	ok
BDPA Bai	bed	8	progressive	malign auto (SCA)		0.4137	0.3819	0.3971	len_mismatch
BDPA Bai	bee	8	progressive	malign auto (SCA)	0.4286	0.6429	0.6429	0.6429	ok
BDPA Bai	behind	8	progressive	malign auto (SCA)		0.3274	0.2183	0.2619	len_mismatch
BDPA Bai	big	8	progressive	malign auto (SCA)	1.0000	1.0000	1.0000	1.0000	ok
BDPA Bai	bird	8	progressive	malign auto (SCA)	0.7143	0.9286	0.9286	0.9286	ok
BDPA Bai	bitter	8	progressive	malign auto (SCA)	1.0000	1.0000	1.0000	1.0000	ok
BDPA Bai	black	8	progressive	malign auto (SCA)	1.0000	1.0000	1.0000	1.0000	ok
BDPA Bai	blood	8	progressive	malign auto (SCA)	1.0000	1.0000	1.0000	1.0000	ok
BDPA Bai	bone	8	progressive	malign auto (SCA)	1.0000	1.0000	1.0000	1.0000	ok
BDPA Bai	breast	8	progressive	malign auto (SCA)	1.0000	1.0000	1.0000	1.0000	ok
BDPA Bai	bridge	8	progressive	malign auto (SCA)	1.0000	1.0000	1.0000	1.0000	ok
BDPA Bai	buckwheat	8	progressive	malign auto (SCA)	1.0000	1.0000	1.0000	1.0000	ok
BDPA Bai	chicken	8	progressive	malign auto (SCA)	1.0000	1.0000	1.0000	1.0000	ok
BDPA Bai	chopsticks	8	progressive	malign auto (SCA)	0.2000	0.2429	0.2429	0.2429	ok
BDPA Bai	classifier_chicken	8	progressive	malign auto (SCA)		0.3571	0.3175	0.3361	len_mismatch
BDPA Bai	classifier_clothes	8	progressive	malign auto (SCA)		0.6339	0.5071	0.5635	len_mismatch
BDPA Bai	classifier_grain_of_rice	8	progressive	malign auto (SCA)	0.2000	0.4214	0.4214	0.4214	ok
BDPA Bai	cloth	8	progressive	malign auto (SCA)	1.0000	1.0000	1.0000	1.0000	ok
BDPA Bai	cold	8	progressive	malign auto (SCA)	1.0000	1.0000	1.0000	1.0000	ok
BDPA Bai	comb	8	progressive	malign auto (SCA)		0.2262	0.1939	0.2088	len_mismatch
BDPA Bai	daughter	8	progressive	malign auto (SCA)	0.6000	0.6857	0.6857	0.6857	ok
BDPA Bai	day	8	progressive	malign auto (SCA)		0.0536	0.0429	0.0476	len_mismatch
BDPA Bai	dog	8	progressive	malign auto (SCA)	1.0000	1.0000	1.0000	1.0000	ok
BDPA Bai	door	8	progressive	malign auto (SCA)	1.0000	1.0000	1.0000	1.0000	ok
BDPA Bai	dragon	8	progressive	malign auto (SCA)	1.0000	1.0000	1.0000	1.0000	ok
BDPA Bai	dry	8	progressive	malign auto (SCA)	1.0000	1.0000	1.0000	1.0000	ok
BDPA Bai	early	8	progressive	malign auto (SCA)	1.0000	1.0000	1.0000	1.0000	ok
BDPA Bai	earring	8	progressive	malign auto (SCA)		0.6786	0.6107	0.6429	len_mismatch
BDPA Bai	earth	8	progressive	malign auto (SCA)	1.0000	1.0000	1.0000	1.0000	ok
BDPA Bai	earthworm_worm	8	progressive	malign auto (SCA)		0.4851	0.3881	0.4312	len_mismatch
BDPA Bai	egg	8	progressive	malign auto (SCA)	1.0000	1.0000	1.0000	1.0000	ok
BDPA Bai	eight	8	progressive	malign auto (SCA)	1.0000	1.0000	1.0000	1.0000	ok
BDPA Bai	eye	8	progressive	malign auto (SCA)	0.6000	0.9000	0.9000	0.9000	ok
BDPA Bai	far	8	progressive	malign auto (SCA)	0.6000	0.7429	0.7429	0.7429	ok
BDPA Bai	fat	8	progressive	malign auto (SCA)	1.0000	1.0000	1.0000	1.0000	ok
BDPA Bai	finger	8	progressive	malign auto (SCA)		0.2830	0.2628	0.2725	len_mismatch
BDPA Bai	fingernail	8	progressive	malign auto (SCA)		0.2381	0.2143	0.2256	len_mismatch
BDPA Bai	fire	8	progressive	malign auto (SCA)	0.5000	0.7679	0.7679	0.7679	ok
BDPA Bai	firewood	8	progressive	malign auto (SCA)	1.0000	1.0000	1.0000	1.0000	ok
BDPA Bai	fish	8	progressive	malign auto (SCA)		0.2500	0.1875	0.2143	len_mismatch
BDPA Bai	five	8	progressive	malign auto (SCA)	1.0000	1.0000	1.0000	1.0000	ok
BDPA Bai	fly	8	progressive	malign auto (SCA)	0.5000	0.5000	0.5000	0.5000	ok
BDPA Bai	foot	8	progressive	malign auto (SCA)	1.0000	1.0000	1.0000	1.0000	ok
BDPA Bai	four	8	progressive	malign auto (SCA)	1.0000	1.0000	1.0000	1.0000	ok
BDPA Bai	fragrant	8	progressive	malign auto (SCA)	1.0000	1.0000	1.0000	1.0000	ok
BDPA Bai	frog	8	progressive	malign auto (SCA)	1.0000	1.0000	1.0000	1.0000	ok
BDPA Bai	frost	8	progressive	malign auto (SCA)		0.3988	0.4786	0.4351	len_mismatch
BDPA Bai	ghost	8	progressive	malign auto (SCA)	1.0000	1.0000	1.0000	1.0000	ok
BDPA Bai	give	8	progressive	malign auto (SCA)	1.0000	1.0000	1.0000	1.0000	ok
BDPA Bai	glutinous_rice	8	progressive	malign auto (SCA)		0.3690	0.3163	0.3407	len_mismatch
BDPA Bai	good	8	progressive	malign auto (SCA)	1.0000	1.0000	1.0000	1.0000	ok
BDPA Bai	hair	7	progressive	malign auto (SCA)	1.0000	1.0000	1.0000	1.0000	ok
BDPA Bai	hand	8	progressive	malign auto (SCA)	1.0000	1.0000	1.0000	1.0000	ok
BDPA Bai	head	8	progressive	malign auto (SCA)		0.4286	0.3673	0.3956	len_mismatch
BDPA Bai	heart	8	progressive	malign auto (SCA)	1.0000	1.0000	1.0000	1.0000	ok
BDPA Bai	heavy	8	progressive	malign auto (SCA)	1.0000	1.0000	1.0000	1.0000	ok
BDPA Bai	hemp	8	progressive	malign auto (SCA)	1.0000	1.0000	1.0000	1.0000	ok
BDPA Bai	high_tall	8	progressive	malign auto (SCA)	1.0000	1.0000	1.0000	1.0000	ok
BDPA Bai	hoe	8	progressive	malign auto (SCA)	1.0000	1.0000	1.0000	1.0000	ok
BDPA Bai	horn	8	progressive	malign auto (SCA)	1.0000	1.0000	1.0000	1.0000	ok
BDPA Bai	horse	8	progressive	malign auto (SCA)	1.0000	1.0000	1.0000	1.0000	ok
BDPA Bai	hot	8	progressive	malign auto (SCA)		0.0893	0.0714	0.0794	len_mismatch
BDPA Bai	house	8	progressive	malign auto (SCA)	1.0000	1.0000	1.0000	1.0000	ok
BDPA Bai	hundred	8	progressive	malign auto (SCA)	1.0000	1.0000	1.0000	1.0000	ok
BDPA Bai	ill_sick	8	progressive	malign auto (SCA)	1.0000	1.0000	1.0000	1.0000	ok
BDPA Bai	interest	8	progressive	malign auto (SCA)	1.0000	1.0000	1.0000	1.0000	ok
BDPA Bai	intestine_gut	8	progressive	malign auto (SCA)		0.7500	0.6250	0.6818	len_mismatch
BDPA Bai	to_ask	8	progressive	malign auto (SCA)	1.0000	1.0000	1.0000	1.0000	ok
BDPA Bai	to_bark	8	progressive	malign auto (SCA)	1.0000	1.0000	1.0000	1.0000	ok
BDPA Bai	to_blow	8	progressive	malign auto (SCA)	1.0000	1.0000	1.0000	1.0000	ok
BDPA Bai	to_boil	8	progressive	malign auto (SCA)	1.0000	1.0000	1.0000	1.0000	ok
BDPA Bai	to_buy	8	progressive	malign auto (SCA)	1.0000	1.0000	1.0000	1.0000	ok
BDPA Bai	to_chirp	8	progressive	malign auto (SCA)	1.0000	1.0000	1.0000	1.0000	ok
BDPA Bai	to_close	8	progressive	malign auto (SCA)	1.0000	1.0000	1.0000	1.0000	ok
BDPA Bai	to_comb	8	progressive	malign auto (SCA)	1.0000	1.0000	1.0000	1.0000	ok
BDPA Bai	to_cry	8	progressive	malign auto (SCA)		0.2194	0.1920	0.2048	len_mismatch
BDPA Bai	to_cut	8	progressive	malign auto (SCA)		0.2560	0.2194	0.2363	len_mismatch
BDPA Bai	to_cut_up	8	progressive	malign auto (SCA)	1.0000	1.0000	1.0000	1.0000	ok
BDPA Bai	to_die	8	progressive	malign auto (SCA)	1.0000	1.0000	1.0000	1.0000	ok
BDPA Bai	to_drink	8	progressive	malign auto (SCA)	1.0000	1.0000	1.0000	1.0000	ok
BDPA Bai	to_eat	8	progressive	malign auto (SCA)	1.0000	1.0000	1.0000	1.0000	ok
BDPA Bai	to_fall_down_to_drop	8	progressive	malign auto (SCA)		0.1633	0.1429	0.1524	len_mismatch
BDPA Bai	to_grind	8	progressive	malign auto (SCA)		0.0893	0.0765	0.0824	len_mismatch
BDPA Bai	to_hide	8	progressive	malign auto (SCA)	1.0000	1.0000	1.0000	1.0000	ok
BDPA Bai	to_itch	8	progressive	malign auto (SCA)	0.6000	0.7429	0.7429	0.7429	ok
BDPA Bai	I	8	progressive	malign auto (boot)	0.3333	0.8333	0.8333	0.8333	ok
BDPA Bai	ant	8	progressive	malign auto (boot)	1.0000	1.0000	1.0000	1.0000	ok
BDPA Bai	bamboo	8	progressive	malign auto (boot)	0.5000	0.5179	0.5179	0.5179	ok
BDPA Bai	bark	8	progressive	malign auto (boot)		0.0663	0.0516	0.0580	len_mismatch
BDPA Bai	barley	8	progressive	malign auto (boot)		0.1468	0.1652	0.1555	len_mismatch
BDPA Bai	bed	8	progressive	malign auto (boot)		0.2262	0.2088	0.2171	len_mismatch
BDPA Bai	bee	8	progressive	malign auto (boot)		0.3631	0.3112	0.3352	len_mismatch
BDPA Bai	behind	8	progressive	malign auto (boot)		0.4847	0.3770	0.4241	len_mismatch
BDPA Bai	big	8	progressive	malign auto (boot)	0.5000	0.7679	0.7679	0.7679	ok
BDPA Bai	bird	8	progressive	malign auto (boot)	0.7143	0.9286	0.9286	0.9286	ok
BDPA Bai	bitter	8	progressive	malign auto (boot)	1.0000	1.0000	1.0000	1.0000	ok
BDPA Bai	black	8	progressive	malign auto (boot)	1.0000	1.0000	1.0000	1.0000	ok
BDPA Bai	blood	8	progressive	malign auto (boot)	1.0000	1.0000	1.0000	1.0000	ok
BDPA Bai	bone	8	progressive	malign auto (boot)	1.0000	1.0000	1.0000	1.0000	ok
BDPA Bai	breast	8	progressive	malign auto (boot)	1.0000	1.0000	1.0000	1.0000	ok
BDPA Bai	bridge	8	progressive	malign auto (boot)	1.0000	1.0000	1.0000	1.0000	ok
BDPA Bai	buckwheat	8	progressive	malign auto (boot)	0.2500	0.4554	0.4554	0.4554	ok
BDPA Bai	chicken	8	progressive	malign auto (boot)	1.0000	1.0000	1.0000	1.0000	ok
BDPA Bai	chopsticks	8	progressive	malign auto (boot)	0.0000	0.2500	0.2500	0.2500	ok
BDPA Bai	classifier_chicken	8	progressive	malign auto (boot)	0.0000	0.1032	0.1032	0.1032	ok
BDPA Bai	classifier_clothes	8	progressive	malign auto (boot)		0.6339	0.5071	0.5635	len_mismatch
BDPA Bai	classifier_grain_of_rice	8	progressive	malign auto (boot)		0.6250	0.5000	0.5556	len_mismatch
BDPA Bai	cloth	8	progressive	malign auto (boot)	1.0000	1.0000	1.0000	1.0000	ok
BDPA Bai	cold	8	progressive	malign auto (boot)	0.1667	0.7917	0.7917	0.7917	ok
BDPA Bai	comb	8	progressive	malign auto (boot)	0.7143	0.7143	0.7143	0.7143	ok
BDPA Bai	daughter	8	progressive	malign auto (boot)		0.1339	0.1071	0.1190	len_mismatch
BDPA Bai	day	8	progressive	malign auto (boot)		0.1875	0.1500	0.1667	len_mismatch
BDPA Bai	dog	8	progressive	malign auto (boot)	0.4000	0.6571	0.6571	0.6571	ok
BDPA Bai	door	8	progressive	malign auto (boot)	0.5000	0.5179	0.5179	0.5179	ok
BDPA Bai	dragon	8	progressive	malign auto (boot)		0.0102	0.0238	0.0143	len_mismatch
BDPA Bai	dry	8	progressive	malign auto (boot)	0.5000	0.5000	0.5000	0.5000	ok
BDPA Bai	early	8	progressive	malign auto (boot)	0.5000	0.6071	0.6071	0.6071	ok
BDPA Bai	earring	8	progressive	malign auto (boot)		0.3016	0.2714	0.2857	len_mismatch
BDPA Bai	earth	8	progressive	malign auto (boot)	1.0000	1.0000	1.0000	1.0000	ok
BDPA Bai	earthworm_worm	8	progressive	malign auto (boot)		0.1923	0.1667	0.1786	len_mismatch
BDPA Bai	egg	8	progressive	malign auto (boot)	0.5000	0.6786	0.6786	0.6786	ok
BDPA Bai	eight	8	progressive	malign auto (boot)	1.0000	1.0000	1.0000	1.0000	ok
BDPA Bai	eye	8	progressive	malign auto (boot)		0.1607	0.1286	0.1429	len_mismatch
BDPA Bai	far	8	progressive	malign auto (boot)	0.2000	0.4071	0.4071	0.4071	ok
BDPA Bai	fat	8	progressive	malign auto (boot)	1.0000	1.0000	1.0000	1.0000	ok
BDPA Bai	finger	8	progressive	malign auto (boot)		0.2280	0.2117	0.2196	len_mismatch
BDPA Bai	fingernail	8	progressive	malign auto (boot)		0.1468	0.1321	0.1391	len_mismatch
BDPA Bai	fire	8	progressive	malign auto (boot)	1.0000	1.0000	1.0000	1.0000	ok
BDPA Bai	firewood	8	progressive	malign auto (boot)		0.0357	0.0429	0.0390	len_mismatch
BDPA Bai	fish	8	progressive	malign auto (boot)		0.1190	0.0893	0.1020	len_mismatch
BDPA Bai	five	8	progressive	malign auto (boot)		0.0625	0.0833	0.0714	len_mismatch
BDPA Bai	fly	8	progressive	malign auto (boot)	0.2500	0.8125	0.8125	0.8125	ok
BDPA Bai	foot	8	progressive	malign auto (boot)	0.5000	0.6071	0.6071	0.6071	ok
BDPA Bai	four	8	progressive	malign auto (boot)	1.0000	1.0000	1.0000	1.0000	ok
BDPA Bai	fragrant	8	progressive	malign auto (boot)	0.2000	0.6357	0.6357	0.6357	ok
BDPA Bai	frog	8	progressive	malign auto (boot)	1.0000	1.0000	1.0000	1.0000	ok
BDPA Bai	frost	8	progressive	malign auto (boot)	0.2000	0.7571	0.7571	0.7571	ok
BDPA Bai	ghost	8	progressive	malign auto (boot)	0.2500	0.2768	0.2768	0.2768	ok
BDPA Bai	give	8	progressive	malign auto (boot)	0.5000	0.5179	0.5179	0.5179	ok
BDPA Bai	glutinous_rice	8	progressive	malign auto (boot)		0.2560	0.2194	0.2363	len_mismatch
BDPA Bai	good	8	progressive	malign auto (boot)	1.0000	1.0000	1.0000	1.0000	ok
BDPA Bai	hair	7	progressive	malign auto (boot)		0.1429	0.1250	0.1333	len_mismatch
BDPA Bai	hand	8	progressive	malign auto (boot)		0.1714	0.2143	0.1905	len_mismatch
BDPA Bai	head	8	progressive	malign auto (boot)		0.3631	0.3112	0.3352	len_mismatch
BDPA Bai	heart	8	progressive	malign auto (boot)		0.0357	0.0429	0.0390	len_mismatch
BDPA Bai	heavy	8	progressive	malign auto (boot)		0.2857	0.2286	0.2540	len_mismatch
BDPA Bai	hemp	8	progressive	malign auto (boot)	1.0000	1.0000	1.0000	1.0000	ok
BDPA Bai	high_tall	8	progressive	malign auto (boot)	0.5000	0.5000	0.5000	0.5000	ok
BDPA Bai	hoe	8	progressive	malign auto (boot)	0.4286	0.6633	0.6633	0.6633	ok
BDPA Bai	horn	8	progressive	malign auto (boot)	0.5000	0.5179	0.5179	0.5179	ok
BDPA Bai	horse	8	progressive	malign auto (boot)	1.0000	1.0000	1.0000	1.0000	ok
BDPA Bai	hot	8	progressive	malign auto (boot)		0.4018	0.3214	0.3571	len_mismatch
BDPA Bai	house	8	progressive	malign auto (boot)	0.5000	0.5536	0.5536	0.5536	ok
BDPA Bai	hundred	8	progressive	malign auto (boot)	1.0000	1.0000	1.0000	1.0000	ok
BDPA Bai	ill_sick	8	progressive	malign auto (boot)		0.0357	0.0536	0.0429	len_mismatch
BDPA Bai	interest	8	progressive	malign auto (boot)		0.3750	0.5000	0.4286	len_mismatch
BDPA Bai	intestine_gut	8	progressive	malign auto (boot)		0.2571	0.2143	0.2338	len_mismatch
BDPA Bai	to_ask	8	progressive	malign auto (boot)	1.0000	1.0000	1.0000	1.0000	ok
BDPA Bai	to_bark	8	progressive	malign auto (boot)		0.6000	0.7500	0.6667	len_mismatch
BDPA Bai	to_blow	8	progressive	malign auto (boot)	1.0000	1.0000	1.0000	1.0000	ok
BDPA Bai	to_boil	8	progressive	malign auto (boot)	1.0000	1.0000	1.0000	1.0000	ok
BDPA Bai	to_buy	8	progressive	malign auto (boot)	1.0000	1.0000	1.0000	1.0000	ok
BDPA Bai	to_chirp	8	progressive	malign auto (boot)	0.2500	0.4107	0.4107	0.4107	ok
BDPA Bai	to_close	8	progressive	malign auto (boot)	1.0000	1.0000	1.0000	1.0000	ok
BDPA Bai	to_comb	8	progressive	malign auto (boot)	0.2500	0.4018	0.4018	0.4018	ok
BDPA Bai	to_cry	8	progressive	malign auto (boot)	0.1250	0.3348	0.3348	0.3348	ok
BDPA Bai	to_cut	8	progressive	malign auto (boot)		0.3571	0.3061	0.3297	len_mismatch
BDPA Bai	to_cut_up	8	progressive	malign auto (boot)		0.1071	0.1500	0.1250	len_mismatch
BDPA Bai	to_die	8	progressive	malign auto (boot)	1.0000	1.0000	1.0000	1.0000	ok
BDPA Bai	to_drink	8	progressive	malign auto (boot)		0.0714	0.1071	0.0857	len_mismatch
BDPA Bai	to_eat	8	progressive	malign auto (boot)	1.0000	1.0000	1.0000	1.0000	ok
BDPA Bai	to_fall_down_to_drop	8	progressive	malign auto (boot)		0.4847	0.4241	0.4524	len_mismatch
BDPA Bai	to_grind	8	progressive	malign auto (boot)	0.1429	0.3316	0.3316	0.3316	ok
BDPA Bai	to_hide	8	progressive	malign auto (boot)	0.0000	0.6964	0.6964	0.6964	ok
BDPA Bai	to_itch	8	progressive	malign auto (boot)		0.1607	0.1286	0.1429	len_mismatch
BDPA Bai	I	8	progressive	malign auto (SCA+boot)	0.3333	0.8333	0.8333	0.8333	ok
BDPA Bai	ant	8	progressive	malign auto (SCA+boot)	1.0000	1.0000	1.0000	1.0000	ok
BDPA Bai	bamboo	8	progressive	malign auto (SCA+boot)	0.2500	0.8125	0.8125	0.8125	ok
BDPA Bai	bark	8	progressive	malign auto (SCA+boot)		0.2143	0.1429	0.1714	len_mismatch
BDPA Bai	barley	8	progressive	malign auto (SCA+boot)		0.2738	0.3080	0.2899	len_mismatch
BDPA Bai	bed	8	progressive	malign auto (SCA+boot)		0.2338	0.1978	0.2143	len_mismatch
BDPA Bai	bee	8	progressive	malign auto (SCA+boot)		0.3333	0.2857	0.3077	len_mismatch
BDPA Bai	behind	8	progressive	malign auto (SCA+boot)		0.8750	0.5833	0.7000	len_mismatch
BDPA Bai	big	8	progressive	malign auto (SCA+boot)	0.5000	0.7679	0.7679	0.7679	ok
BDPA Bai	bird	8	progressive	malign auto (SCA+boot)	0.7143	0.9286	0.9286	0.9286	ok
BDPA Bai	bitter	8	progressive	malign auto (SCA+boot)	1.0000	1.0000	1.0000	1.0000	ok
BDPA Bai	black	8	progressive	malign auto (SCA+boot)	1.0000	1.0000	1.0000	1.0000	ok
BDPA Bai	blood	8	progressive	malign auto (SCA+boot)	1.0000	1.0000	1.0000	1.0000	ok
BDPA Bai	bone	8	progressive	malign auto (SCA+boot)	1.0000	1.0000	1.0000	1.0000	ok
BDPA Bai	breast	8	progressive	malign auto (SCA+boot)	1.0000	1.0000	1.0000	1.0000	ok
BDPA Bai	bridge	8	progressive	malign auto (SCA+boot)	1.0000	1.0000	1.0000	1.0000	ok
BDPA Bai	buckwheat	8	progressive	malign auto (SCA+boot)	0.2500	0.3304	0.3304	0.3304	ok
BDPA Bai	chicken	8	progressive	malign auto (SCA+boot)	1.0000	1.0000	1.0000	1.0000	ok
BDPA Bai	chopsticks	8	progressive	malign auto (SCA+boot)	0.2000	0.3357	0.3357	0.3357	ok
BDPA Bai	classifier_chicken	8	progressive	malign auto (SCA+boot)		0.2232	0.1984	0.2101	len_mismatch
BDPA Bai	classifier_clothes	8	progressive	malign auto (SCA+boot)		0.6339	0.5071	0.5635	len_mismatch
BDPA Bai	classifier_grain_of_rice	8	progressive	malign auto (SCA+boot)		0.3571	0.2857	0.3175	len_mismatch
BDPA Bai	cloth	8	progressive	malign auto (SCA+boot)	1.0000	1.0000	1.0000	1.0000	ok
BDPA Bai	cold	8	progressive	malign auto (SCA+boot)	1.0000	1.0000	1.0000	1.0000	ok
BDPA Bai	comb	8	progressive	malign auto (SCA+boot)	1.0000	1.0000	1.0000	1.0000	ok
BDPA Bai	daughter	8	progressive	malign auto (SCA+boot)		0.1339	0.1071	0.1190	len_mismatch
BDPA Bai	day	8	progressive	malign auto (SCA+boot)		0.0536	0.0429	0.0476	len_mismatch
BDPA Bai	dog	8	progressive	malign auto (SCA+boot)	0.6000	0.8143	0.8143	0.8143	ok
BDPA Bai	door	8	progressive	malign auto (SCA+boot)	0.5000	0.5536	0.5536	0.5536	ok
BDPA Bai	dragon	8	progressive	malign auto (SCA+boot)	1.0000	1.0000	1.0000	1.0000	ok
BDPA Bai	dry	8	progressive	malign auto (SCA+boot)	0.5000	0.5179	0.5179	0.5179	ok
BDPA Bai	early	8	progressive	malign auto (SCA+boot)	0.5000	0.6071	0.6071	0.6071	ok
BDPA Bai	earring	8	progressive	malign auto (SCA+boot)		0.3532	0.3179	0.3346	len_mismatch
BDPA Bai	earth	8	progressive	malign auto (SCA+boot)	1.0000	1.0000	1.0000	1.0000	ok
BDPA Bai	earthworm_worm	8	progressive	malign auto (SCA+boot)		0.3604	0.2643	0.3049	len_mismatch
BDPA Bai	egg	8	progressive	malign auto (SCA+boot)	1.0000	1.0000	1.0000	1.0000	ok
BDPA Bai	eight	8	progressive	malign auto (SCA+boot)	1.0000	1.0000	1.0000	1.0000	ok
BDPA Bai	eye	8	progressive	malign auto (SCA+boot)	0.6000	0.9000	0.9000	0.9000	ok
BDPA Bai	far	8	progressive	malign auto (SCA+boot)	0.2000	0.4571	0.4571	0.4571	ok
BDPA Bai	fat	8	progressive	malign auto (SCA+boot)	1.0000	1.0000	1.0000	1.0000	ok
BDPA Bai	finger	8	progressive	malign auto (SCA+boot)		0.2253	0.2092	0.2169	len_mismatch
BDPA Bai	fingernail	8	progressive	malign auto (SCA+boot)		0.1429	0.1286	0.1353	len_mismatch
BDPA Bai	fire	8	progressive	malign auto (SCA+boot)	0.5000	0.7679	0.7679	0.7679	ok
BDPA Bai	firewood	8	progressive	malign auto (SCA+boot)	0.4000	0.6143	0.6143	0.6143	ok
BDPA Bai	fish	8	progressive	malign auto (SCA+boot)		0.2500	0.1875	0.2143	len_mismatch
BDPA Bai	five	8	progressive	malign auto (SCA+boot)	1.0000	1.0000	1.0000	1.0000	ok
BDPA Bai	fly	8	progressive	malign auto (SCA+boot)	0.5000	0.5179	0.5179	0.5179	ok
BDPA Bai	foot	8	progressive	malign auto (SCA+boot)	0.5000	0.6071	0.6071	0.6071	ok
BDPA Bai	four	8	progressive	malign auto (SCA+boot)	1.0000	1.0000	1.0000	1.0000	ok
BDPA Bai	fragrant	8	progressive	malign auto (SCA+boot)	1.0000	1.0000	1.0000	1.0000	ok
BDPA Bai	frog	8	progressive	malign auto (SCA+boot)	1.0000	1.0000	1.0000	1.0000	ok
BDPA Bai	frost	8	progressive	malign auto (SCA+boot)		0.2976	0.3571	0.3247	len_mismatch
BDPA Bai	ghost	8	progressive	malign auto (SCA+boot)	0.2500	0.2768	0.2768	0.2768	ok
BDPA Bai	give	8	progressive	malign auto (SCA+boot)	0.5000	0.5536	0.5536	0.5536	ok
BDPA Bai	glutinous_rice	8	progressive	malign auto (SCA+boot)	1.0000	1.0000	1.0000	1.0000	ok
BDPA Bai	good	8	progressive	malign auto (SCA+boot)	1.0000	1.0000	1.0000	1.0000	ok
BDPA Bai	hair	7	progressive	malign auto (SCA+boot)		0.1565	0.1369	0.1460	len_mismatch
BDPA Bai	hand	8	progressive	malign auto (SCA+boot)	1.0000	1.0000	1.0000	1.0000	ok
BDPA Bai	head	8	progressive	malign auto (SCA+boot)		0.4286	0.3673	0.3956	len_mismatch
BDPA Bai	heart	8	progressive	malign auto (SCA+boot)	0.4000	0.6143	0.6143	0.6143	ok
BDPA Bai	heavy	8	progressive	malign auto (SCA+boot)		0.3304	0.2643	0.2937	len_mismatch
BDPA Bai	hemp	8	progressive	malign auto (SCA+boot)	1.0000	1.0000	1.0000	1.0000	ok
BDPA Bai	high_tall	8	progressive	malign auto (SCA+boot)	0.5000	0.5179	0.5179	0.5179	ok
BDPA Bai	hoe	8	progressive	malign auto (SCA+boot)	0.2857	0.8214	0.8214	0.8214	ok
BDPA Bai	horn	8	progressive	malign auto (SCA+boot)	1.0000	1.0000	1.0000	1.0000	ok
BDPA Bai	horse	8	progressive	malign auto (SCA+boot)	1.0000	1.0000	1.0000	1.0000	ok
BDPA Bai	hot	8	progressive	malign auto (SCA+boot)		0.0893	0.0714	0.0794	len_mismatch
BDPA Bai	house	8	progressive	malign auto (SCA+boot)	0.5000	0.6071	0.6071	0.6071	ok
BDPA Bai	hundred	8	progressive	malign auto (SCA+boot)	0.0000	0.7500	0.7500	0.7500	ok
BDPA Bai	ill_sick	8	progressive	malign auto (SCA+boot)	0.5000	0.8750	0.8750	0.8750	ok
BDPA Bai	interest	8	progressive	malign auto (SCA+boot)	1.0000	1.0000	1.0000	1.0000	ok
BDPA Bai	intestine_gut	8	progressive	malign auto (SCA+boot)		0.7071	0.5893	0.6429	len_mismatch
BDPA Bai	to_ask	8	progressive	malign auto (SCA+boot)	1.0000	1.0000	1.0000	1.0000	ok
BDPA Bai	to_bark	8	progressive	malign auto (SCA+boot)	1.0000	1.0000	1.0000	1.0000	ok
BDPA Bai	to_blow	8	progressive	malign auto (SCA+boot)	1.0000	1.0000	1.0000	1.0000	ok
BDPA Bai	to_boil	8	progressive	malign auto (SCA+boot)	1.0000	1.0000	1.0000	1.0000	ok
BDPA Bai	to_buy	8	progressive	malign auto (SCA+boot)	1.0000	1.0000	1.0000	1.0000	ok
BDPA Bai	to_chirp	8	progressive	malign auto (SCA+boot)	1.0000	1.0000	1.0000	1.0000	ok
BDPA Bai	to_close	8	progressive	malign auto (SCA+boot)	1.0000	1.0000	1.0000	1.0000	ok
BDPA Bai	to_comb	8	progressive	malign auto (SCA+boot)	0.2500	0.8125	0.8125	0.8125	ok
BDPA Bai	to_cry	8	progressive	malign auto (SCA+boot)		0.1480	0.1295	0.1381	len_mismatch
BDPA Bai	to_cut	8	progressive	malign auto (SCA+boot)		0.3452	0.2959	0.3187	len_mismatch
BDPA Bai	to_cut_up	8	progressive	malign auto (SCA+boot)	0.6000	0.6143	0.6143	0.6143	ok
BDPA Bai	to_die	8	progressive	malign auto (SCA+boot)	1.0000	1.0000	1.0000	1.0000	ok
BDPA Bai	to_drink	8	progressive	malign auto (SCA+boot)	1.0000	1.0000	1.0000	1.0000	ok
BDPA Bai	to_eat	8	progressive	malign auto (SCA+boot)	1.0000	1.0000	1.0000	1.0000	ok
BDPA Bai	to_fall_down_to_drop	8	progressive	malign auto (SCA+boot)	0.3750	0.5223	0.5223	0.5223	ok
BDPA Bai	to_grind	8	progressive	malign auto (SCA+boot)		0.0893	0.0765	0.0824	len_mismatch
BDPA Bai	to_hide	8	progressive	malign auto (SCA+boot)	0.5000	0.6071	0.6071	0.6071	ok
BDPA Bai	to_itch	8	progressive	malign auto (SCA+boot)	0.0000	0.2143	0.2143	0.2143	ok
BDPA Germanic	I	8	progressive	LingPy prog	1.0000	1.0000	1.0000	1.0000	ok
BDPA Germanic	all	8	progressive	LingPy prog	1.0000	1.0000	1.0000	1.0000	ok
BDPA Germanic	ash	8	progressive	LingPy prog	1.0000	1.0000	1.0000	1.0000	ok
BDPA Germanic	bath	8	progressive	LingPy prog	1.0000	1.0000	1.0000	1.0000	ok
BDPA Germanic	better	8	progressive	LingPy prog	1.0000	1.0000	1.0000	1.0000	ok
BDPA Germanic	blood	8	progressive	LingPy prog	1.0000	1.0000	1.0000	1.0000	ok
BDPA Germanic	bone	8	progressive	LingPy prog	1.0000	1.0000	1.0000	1.0000	ok
BDPA Germanic	brother	8	progressive	LingPy prog	1.0000	1.0000	1.0000	1.0000	ok
BDPA Germanic	calf	8	progressive	LingPy prog	1.0000	1.0000	1.0000	1.0000	ok
BDPA Germanic	cold	8	progressive	LingPy prog	0.5000	0.8750	0.8750	0.8750	ok
BDPA Germanic	corn	8	progressive	LingPy prog	1.0000	1.0000	1.0000	1.0000	ok
BDPA Germanic	cow	8	progressive	LingPy prog	1.0000	1.0000	1.0000	1.0000	ok
BDPA Germanic	daughter	8	progressive	LingPy prog		0.4796	0.5595	0.5165	len_mismatch
BDPA Germanic	day	8	progressive	LingPy prog	1.0000	1.0000	1.0000	1.0000	ok
BDPA Germanic	ear	8	progressive	LingPy prog	1.0000	1.0000	1.0000	1.0000	ok
BDPA Germanic	earth	8	progressive	LingPy prog	1.0000	1.0000	1.0000	1.0000	ok
BDPA Germanic	eight	8	progressive	LingPy prog	1.0000	1.0000	1.0000	1.0000	ok
BDPA Germanic	eye	8	progressive	LingPy prog	1.0000	1.0000	1.0000	1.0000	ok
BDPA Germanic	fast	8	progressive	LingPy prog	1.0000	1.0000	1.0000	1.0000	ok
BDPA Germanic	father	8	progressive	LingPy prog	1.0000	1.0000	1.0000	1.0000	ok
BDPA Germanic	fish	8	progressive	LingPy prog	1.0000	1.0000	1.0000	1.0000	ok
BDPA Germanic	five	8	progressive	LingPy prog	1.0000	1.0000	1.0000	1.0000	ok
BDPA Germanic	foot	8	progressive	LingPy prog	1.0000	1.0000	1.0000	1.0000	ok
BDPA Germanic	four	8	progressive	LingPy prog	1.0000	1.0000	1.0000	1.0000	ok
BDPA Germanic	full	8	progressive	LingPy prog	1.0000	1.0000	1.0000	1.0000	ok
BDPA Germanic	good	8	progressive	LingPy prog	1.0000	1.0000	1.0000	1.0000	ok
BDPA Germanic	goose	8	progressive	LingPy prog	1.0000	1.0000	1.0000	1.0000	ok
BDPA Germanic	green	8	progressive	LingPy prog	1.0000	1.0000	1.0000	1.0000	ok
BDPA Germanic	hand	8	progressive	LingPy prog	1.0000	1.0000	1.0000	1.0000	ok
BDPA Germanic	head	8	progressive	LingPy prog	1.0000	1.0000	1.0000	1.0000	ok
BDPA Germanic	heart	8	progressive	LingPy prog	1.0000	1.0000	1.0000	1.0000	ok
BDPA Germanic	holy	8	progressive	LingPy prog	1.0000	1.0000	1.0000	1.0000	ok
BDPA Germanic	home	8	progressive	LingPy prog	1.0000	1.0000	1.0000	1.0000	ok
BDPA Germanic	honey	8	progressive	LingPy prog		0.8429	0.7024	0.7662	len_mismatch
BDPA Germanic	horn	8	progressive	LingPy prog	1.0000	1.0000	1.0000	1.0000	ok
BDPA Germanic	hound	8	progressive	LingPy prog	1.0000	1.0000	1.0000	1.0000	ok
BDPA Germanic	house	8	progressive	LingPy prog	1.0000	1.0000	1.0000	1.0000	ok
BDPA Germanic	hundred	8	progressive	LingPy prog	0.7500	0.8393	0.8393	0.8393	ok
BDPA Germanic	hunger	8	progressive	LingPy prog	1.0000	1.0000	1.0000	1.0000	ok
BDPA Germanic	ice	8	progressive	LingPy prog	1.0000	1.0000	1.0000	1.0000	ok
BDPA Germanic	in	8	progressive	LingPy prog	1.0000	1.0000	1.0000	1.0000	ok
BDPA Germanic	is	8	progressive	LingPy prog	1.0000	1.0000	1.0000	1.0000	ok
BDPA Germanic	knee	8	progressive	LingPy prog	1.0000	1.0000	1.0000	1.0000	ok
BDPA Germanic	lamb	8	progressive	LingPy prog	1.0000	1.0000	1.0000	1.0000	ok
BDPA Germanic	leaf	8	progressive	LingPy prog	1.0000	1.0000	1.0000	1.0000	ok
BDPA Germanic	liver	8	progressive	LingPy prog	1.0000	1.0000	1.0000	1.0000	ok
BDPA Germanic	long	8	progressive	LingPy prog	1.0000	1.0000	1.0000	1.0000	ok
BDPA Germanic	mid	8	progressive	LingPy prog	0.6667	0.9167	0.9167	0.9167	ok
BDPA Germanic	milk	8	progressive	LingPy prog	1.0000	1.0000	1.0000	1.0000	ok
BDPA Germanic	moon	8	progressive	LingPy prog	1.0000	1.0000	1.0000	1.0000	ok
BDPA Germanic	mother	8	progressive	LingPy prog	1.0000	1.0000	1.0000	1.0000	ok
BDPA Germanic	mouse	8	progressive	LingPy prog	1.0000	1.0000	1.0000	1.0000	ok
BDPA Germanic	mouth	8	progressive	LingPy prog	0.5000	0.6786	0.6786	0.6786	ok
BDPA Germanic	nail	8	progressive	LingPy prog	1.0000	1.0000	1.0000	1.0000	ok
BDPA Germanic	naked	8	progressive	LingPy prog	1.0000	1.0000	1.0000	1.0000	ok
BDPA Germanic	name	8	progressive	LingPy prog	1.0000	1.0000	1.0000	1.0000	ok
BDPA Germanic	needle	8	progressive	LingPy prog	0.3333	0.3333	0.3333	0.3333	ok
BDPA Germanic	new	8	progressive	LingPy prog		0.3393	0.2714	0.3016	len_mismatch
BDPA Germanic	night	8	progressive	LingPy prog	1.0000	1.0000	1.0000	1.0000	ok
BDPA Germanic	nine	8	progressive	LingPy prog	1.0000	1.0000	1.0000	1.0000	ok
BDPA Germanic	north	8	progressive	LingPy prog	1.0000	1.0000	1.0000	1.0000	ok
BDPA Germanic	oak	8	progressive	LingPy prog	1.0000	1.0000	1.0000	1.0000	ok
BDPA Germanic	one	8	progressive	LingPy prog		0.6214	0.7768	0.6905	len_mismatch
BDPA Germanic	open	8	progressive	LingPy prog	1.0000	1.0000	1.0000	1.0000	ok
BDPA Germanic	out	8	progressive	LingPy prog	1.0000	1.0000	1.0000	1.0000	ok
BDPA Germanic	oven	8	progressive	LingPy prog	1.0000	1.0000	1.0000	1.0000	ok
BDPA Germanic	over	8	progressive	LingPy prog		0.7560	0.9071	0.8247	len_mismatch
BDPA Germanic	quick	8	progressive	LingPy prog	1.0000	1.0000	1.0000	1.0000	ok
BDPA Germanic	rain	8	progressive	LingPy prog	1.0000	1.0000	1.0000	1.0000	ok
BDPA Germanic	red	8	progressive	LingPy prog	1.0000	1.0000	1.0000	1.0000	ok
BDPA Germanic	right	8	progressive	LingPy prog	0.5000	0.8750	0.8750	0.8750	ok
BDPA Germanic	ring	8	progressive	LingPy prog	1.0000	1.0000	1.0000	1.0000	ok
BDPA Germanic	salt	8	progressive	LingPy prog	1.0000	1.0000	1.0000	1.0000	ok
BDPA Germanic	seven	8	progressive	LingPy prog	0.6667	0.9167	0.9167	0.9167	ok
BDPA Germanic	sharp	8	progressive	LingPy prog	1.0000	1.0000	1.0000	1.0000	ok
BDPA Germanic	six	8	progressive	LingPy prog	1.0000	1.0000	1.0000	1.0000	ok
BDPA Germanic	snow	8	progressive	LingPy prog	1.0000	1.0000	1.0000	1.0000	ok
BDPA Germanic	sore	8	progressive	LingPy prog	1.0000	1.0000	1.0000	1.0000	ok
BDPA Germanic	stone	8	progressive	LingPy prog	1.0000	1.0000	1.0000	1.0000	ok
BDPA Germanic	stool	8	progressive	LingPy prog	1.0000	1.0000	1.0000	1.0000	ok
BDPA Germanic	storm	8	progressive	LingPy prog	1.0000	1.0000	1.0000	1.0000	ok
BDPA Germanic	ten	8	progressive	LingPy prog	1.0000	1.0000	1.0000	1.0000	ok
BDPA Germanic	thing	8	progressive	LingPy prog	1.0000	1.0000	1.0000	1.0000	ok
BDPA Germanic	thorn	8	progressive	LingPy prog	1.0000	1.0000	1.0000	1.0000	ok
BDPA Germanic	three	8	progressive	LingPy prog	1.0000	1.0000	1.0000	1.0000	ok
BDPA Germanic	thunder	8	progressive	LingPy prog	1.0000	1.0000	1.0000	1.0000	ok
BDPA Germanic	to_bite	8	progressive	LingPy prog	1.0000	1.0000	1.0000	1.0000	ok
BDPA Germanic	to_drink	8	progressive	LingPy prog	1.0000	1.0000	1.0000	1.0000	ok
BDPA Germanic	to_eat	8	progressive	LingPy prog	1.0000	1.0000	1.0000	1.0000	ok
BDPA Germanic	to_fight	8	progressive	LingPy prog	1.0000	1.0000	1.0000	1.0000	ok
BDPA Germanic	to_hear	8	progressive	LingPy prog	1.0000	1.0000	1.0000	1.0000	ok
BDPA Germanic	to_see	8	progressive	LingPy prog		0.8750	0.7000	0.7778	len_mismatch
BDPA Germanic	to_sit	8	progressive	LingPy prog	1.0000	1.0000	1.0000	1.0000	ok
BDPA Germanic	to_swear	8	progressive	LingPy prog	1.0000	1.0000	1.0000	1.0000	ok
BDPA Germanic	to_wash	8	progressive	LingPy prog	1.0000	1.0000	1.0000	1.0000	ok
BDPA Germanic	toe	8	progressive	LingPy prog	1.0000	1.0000	1.0000	1.0000	ok
BDPA Germanic	tongue	8	progressive	LingPy prog	1.0000	1.0000	1.0000	1.0000	ok
BDPA Germanic	tooth	8	progressive	LingPy prog	1.0000	1.0000	1.0000	1.0000	ok
BDPA Germanic	top	8	progressive	LingPy prog	1.0000	1.0000	1.0000	1.0000	ok
BDPA Germanic	two	8	progressive	LingPy prog	0.6000	0.6000	0.6000	0.6000	ok
BDPA Germanic	warm	8	progressive	LingPy prog	1.0000	1.0000	1.0000	1.0000	ok
BDPA Germanic	what	8	progressive	LingPy prog	1.0000	1.0000	1.0000	1.0000	ok
BDPA Germanic	white	8	progressive	LingPy prog	1.0000	1.0000	1.0000	1.0000	ok
BDPA Germanic	wind	8	progressive	LingPy prog	1.0000	1.0000	1.0000	1.0000	ok
BDPA Germanic	wool	8	progressive	LingPy prog	1.0000	1.0000	1.0000	1.0000	ok
BDPA Germanic	word	8	progressive	LingPy prog	1.0000	1.0000	1.0000	1.0000	ok
BDPA Germanic	yard	8	progressive	LingPy prog	1.0000	1.0000	1.0000	1.0000	ok
BDPA Germanic	year	8	progressive	LingPy prog	1.0000	1.0000	1.0000	1.0000	ok
BDPA Germanic	young	8	progressive	LingPy prog	1.0000	1.0000	1.0000	1.0000	ok
BDPA Germanic	I	8	progressive	malign auto (SCA)		0.2679	0.3571	0.3061	len_mismatch
BDPA Germanic	all	8	progressive	malign auto (SCA)	1.0000	1.0000	1.0000	1.0000	ok
BDPA Germanic	ash	8	progressive	malign auto (SCA)	0.6000	0.6857	0.6857	0.6857	ok
BDPA Germanic	bath	8	progressive	malign auto (SCA)	1.0000	1.0000	1.0000	1.0000	ok
BDPA Germanic	better	8	progressive	malign auto (SCA)		0.5179	0.6214	0.5649	len_mismatch
BDPA Germanic	blood	8	progressive	malign auto (SCA)	1.0000	1.0000	1.0000	1.0000	ok
BDPA Germanic	bone	8	progressive	malign auto (SCA)	1.0000	1.0000	1.0000	1.0000	ok
BDPA Germanic	brother	8	progressive	malign auto (SCA)	0.6667	0.7024	0.7024	0.7024	ok
BDPA Germanic	calf	8	progressive	malign auto (SCA)	0.6000	0.7429	0.7429	0.7429	ok
BDPA Germanic	cold	8	progressive	malign auto (SCA)	1.0000	1.0000	1.0000	1.0000	ok
BDPA Germanic	corn	8	progressive	malign auto (SCA)	1.0000	1.0000	1.0000	1.0000	ok
BDPA Germanic	cow	8	progressive	malign auto (SCA)	1.0000	1.0000	1.0000	1.0000	ok
BDPA Germanic	daughter	8	progressive	malign auto (SCA)	0.3333	0.4881	0.4881	0.4881	ok
BDPA Germanic	day	8	progressive	malign auto (SCA)	1.0000	1.0000	1.0000	1.0000	ok
BDPA Germanic	ear	8	progressive	malign auto (SCA)	1.0000	1.0000	1.0000	1.0000	ok
BDPA Germanic	earth	8	progressive	malign auto (SCA)		0.1888	0.2643	0.2202	len_mismatch
BDPA Germanic	eight	8	progressive	malign auto (SCA)		0.2357	0.2946	0.2619	len_mismatch
BDPA Germanic	eye	8	progressive	malign auto (SCA)		0.2679	0.3571	0.3061	len_mismatch
BDPA Germanic	fast	8	progressive	malign auto (SCA)	1.0000	1.0000	1.0000	1.0000	ok
BDPA Germanic	father	8	progressive	malign auto (SCA)	1.0000	1.0000	1.0000	1.0000	ok
BDPA Germanic	fish	8	progressive	malign auto (SCA)	1.0000	1.0000	1.0000	1.0000	ok
BDPA Germanic	five	8	progressive	malign auto (SCA)	0.6000	0.6429	0.6429	0.6429	ok
BDPA Germanic	foot	8	progressive	malign auto (SCA)	1.0000	1.0000	1.0000	1.0000	ok
BDPA Germanic	four	8	progressive	malign auto (SCA)	1.0000	1.0000	1.0000	1.0000	ok
BDPA Germanic	full	8	progressive	malign auto (SCA)	1.0000	1.0000	1.0000	1.0000	ok
BDPA Germanic	good	8	progressive	malign auto (SCA)	1.0000	1.0000	1.0000	1.0000	ok
BDPA Germanic	goose	8	progressive	malign auto (SCA)	1.0000	1.0000	1.0000	1.0000	ok
BDPA Germanic	green	8	progressive	malign auto (SCA)	1.0000	1.0000	1.0000	1.0000	ok
BDPA Germanic	hand	8	progressive	malign auto (SCA)	1.0000	1.0000	1.0000	1.0000	ok
BDPA Germanic	head	8	progressive	malign auto (SCA)	1.0000	1.0000	1.0000	1.0000	ok
BDPA Germanic	heart	8	progressive	malign auto (SCA)	1.0000	1.0000	1.0000	1.0000	ok
BDPA Germanic	holy	8	progressive	malign auto (SCA)	1.0000	1.0000	1.0000	1.0000	ok
BDPA Germanic	home	8	progressive	malign auto (SCA)	1.0000	1.0000	1.0000	1.0000	ok
BDPA Germanic	honey	8	progressive	malign auto (SCA)	0.6667	0.7857	0.7857	0.7857	ok
BDPA Germanic	horn	8	progressive	malign auto (SCA)	1.0000	1.0000	1.0000	1.0000	ok
BDPA Germanic	hound	8	progressive	malign auto (SCA)	1.0000	1.0000	1.0000	1.0000	ok
BDPA Germanic	house	8	progressive	malign auto (SCA)	1.0000	1.0000	1.0000	1.0000	ok
BDPA Germanic	hundred	8	progressive	malign auto (SCA)	0.6250	0.7902	0.7902	0.7902	ok
BDPA Germanic	hunger	8	progressive	malign auto (SCA)	0.5000	0.6250	0.6250	0.6250	ok
BDPA Germanic	ice	8	progressive	malign auto (SCA)	1.0000	1.0000	1.0000	1.0000	ok
BDPA Germanic	in	8	progressive	malign auto (SCA)	1.0000	1.0000	1.0000	1.0000	ok
BDPA Germanic	is	8	progressive	malign auto (SCA)	1.0000	1.0000	1.0000	1.0000	ok
BDPA Germanic	knee	8	progressive	malign auto (SCA)	1.0000	1.0000	1.0000	1.0000	ok
BDPA Germanic	lamb	8	progressive	malign auto (SCA)	1.0000	1.0000	1.0000	1.0000	ok
BDPA Germanic	leaf	8	progressive	malign auto (SCA)	1.0000	1.0000	1.0000	1.0000	ok
BDPA Germanic	liver	8	progressive	malign auto (SCA)		0.5952	0.7143	0.6494	len_mismatch
BDPA Germanic	long	8	progressive	malign auto (SCA)	1.0000	1.0000	1.0000	1.0000	ok
BDPA Germanic	mid	8	progressive	malign auto (SCA)	1.0000	1.0000	1.0000	1.0000	ok
BDPA Germanic	milk	8	progressive	malign auto (SCA)	0.6000	0.6429	0.6429	0.6429	ok
BDPA Germanic	moon	8	progressive	malign auto (SCA)	1.0000	1.0000	1.0000	1.0000	ok
BDPA Germanic	mother	8	progressive	malign auto (SCA)	0.6000	0.6857	0.6857	0.6857	ok
BDPA Germanic	mouse	8	progressive	malign auto (SCA)	1.0000	1.0000	1.0000	1.0000	ok
BDPA Germanic	mouth	8	progressive	malign auto (SCA)	0.5000	0.6786	0.6786	0.6786	ok
BDPA Germanic	nail	8	progressive	malign auto (SCA)	0.6000	0.6429	0.6429	0.6429	ok
BDPA Germanic	naked	8	progressive	malign auto (SCA)	1.0000	1.0000	1.0000	1.0000	ok
BDPA Germanic	name	8	progressive	malign auto (SCA)	1.0000	1.0000	1.0000	1.0000	ok
BDPA Germanic	needle	8	progressive	malign auto (SCA)	0.6667	0.9167	0.9167	0.9167	ok
BDPA Germanic	new	8	progressive	malign auto (SCA)		0.3393	0.2714	0.3016	len_mismatch
BDPA Germanic	night	8	progressive	malign auto (SCA)	1.0000	1.0000	1.0000	1.0000	ok
BDPA Germanic	nine	8	progressive	malign auto (SCA)	1.0000	1.0000	1.0000	1.0000	ok
BDPA Germanic	north	8	progressive	malign auto (SCA)	1.0000	1.0000	1.0000	1.0000	ok
BDPA Germanic	oak	8	progressive	malign auto (SCA)	1.0000	1.0000	1.0000	1.0000	ok
BDPA Germanic	one	8	progressive	malign auto (SCA)		0.1357	0.1696	0.1508	len_mismatch
BDPA Germanic	open	8	progressive	malign auto (SCA)		0.5952	0.7143	0.6494	len_mismatch
BDPA Germanic	out	8	progressive	malign auto (SCA)	0.0000	0.2143	0.2143	0.2143	ok
BDPA Germanic	oven	8	progressive	malign auto (SCA)		0.5952	0.7143	0.6494	len_mismatch
BDPA Germanic	over	8	progressive	malign auto (SCA)	1.0000	1.0000	1.0000	1.0000	ok
BDPA Germanic	quick	8	progressive	malign auto (SCA)	1.0000	1.0000	1.0000	1.0000	ok
BDPA Germanic	rain	8	progressive	malign auto (SCA)	0.6000	0.6429	0.6429	0.6429	ok
BDPA Germanic	red	8	progressive	malign auto (SCA)	1.0000	1.0000	1.0000	1.0000	ok
BDPA Germanic	right	8	progressive	malign auto (SCA)	0.5000	0.6071	0.6071	0.6071	ok
BDPA Germanic	ring	8	progressive	malign auto (SCA)	1.0000	1.0000	1.0000	1.0000	ok
BDPA Germanic	salt	8	progressive	malign auto (SCA)	1.0000	1.0000	1.0000	1.0000	ok
BDPA Germanic	seven	8	progressive	malign auto (SCA)	0.6667	0.9167	0.9167	0.9167	ok
BDPA Germanic	sharp	8	progressive	malign auto (SCA)	0.3333	0.6905	0.6905	0.6905	ok
BDPA Germanic	six	8	progressive	malign auto (SCA)	1.0000	1.0000	1.0000	1.0000	ok
BDPA Germanic	snow	8	progressive	malign auto (SCA)	1.0000	1.0000	1.0000	1.0000	ok
BDPA Germanic	sore	8	progressive	malign auto (SCA)	1.0000	1.0000	1.0000	1.0000	ok
BDPA Germanic	stone	8	progressive	malign auto (SCA)	1.0000	1.0000	1.0000	1.0000	ok
BDPA Germanic	stool	8	progressive	malign auto (SCA)	1.0000	1.0000	1.0000	1.0000	ok
BDPA Germanic	storm	8	progressive	malign auto (SCA)	1.0000	1.0000	1.0000	1.0000	ok
BDPA Germanic	ten	8	progressive	malign auto (SCA)	1.0000	1.0000	1.0000	1.0000	ok
BDPA Germanic	thing	8	progressive	malign auto (SCA)	1.0000	1.0000	1.0000	1.0000	ok
BDPA Germanic	thorn	8	progressive	malign auto (SCA)	1.0000	1.0000	1.0000	1.0000	ok
BDPA Germanic	three	8	progressive	malign auto (SCA)	1.0000	1.0000	1.0000	1.0000	ok
BDPA Germanic	thunder	8	progressive	malign auto (SCA)		0.7908	0.9226	0.8516	len_mismatch
BDPA Germanic	to_bite	8	progressive	malign auto (SCA)	1.0000	1.0000	1.0000	1.0000	ok
BDPA Germanic	to_drink	8	progressive	malign auto (SCA)	1.0000	1.0000	1.0000	1.0000	ok
BDPA Germanic	to_eat	8	progressive	malign auto (SCA)	0.0000	0.2143	0.2143	0.2143	ok
BDPA Germanic	to_fight	8	progressive	malign auto (SCA)	0.5000	0.6786	0.6786	0.6786	ok
BDPA Germanic	to_hear	8	progressive	malign auto (SCA)	1.0000	1.0000	1.0000	1.0000	ok
BDPA Germanic	to_see	8	progressive	malign auto (SCA)		0.8750	0.7000	0.7778	len_mismatch
BDPA Germanic	to_sit	8	progressive	malign auto (SCA)	1.0000	1.0000	1.0000	1.0000	ok
BDPA Germanic	to_swear	8	progressive	malign auto (SCA)	1.0000	1.0000	1.0000	1.0000	ok
BDPA Germanic	to_wash	8	progressive	malign auto (SCA)	1.0000	1.0000	1.0000	1.0000	ok
BDPA Germanic	toe	8	progressive	malign auto (SCA)	1.0000	1.0000	1.0000	1.0000	ok
BDPA Germanic	tongue	8	progressive	malign auto (SCA)	1.0000	1.0000	1.0000	1.0000	ok
BDPA Germanic	tooth	8	progressive	malign auto (SCA)	0.5000	0.6786	0.6786	0.6786	ok
BDPA Germanic	top	8	progressive	malign auto (SCA)	1.0000	1.0000	1.0000	1.0000	ok
BDPA Germanic	two	8	progressive	malign auto (SCA)	1.0000	1.0000	1.0000	1.0000	ok
BDPA Germanic	warm	8	progressive	malign auto (SCA)	1.0000	1.0000	1.0000	1.0000	ok
BDPA Germanic	what	8	progressive	malign auto (SCA)	1.0000	1.0000	1.0000	1.0000	ok
BDPA Germanic	white	8	progressive	malign auto (SCA)	1.0000	1.0000	1.0000	1.0000	ok
BDPA Germanic	wind	8	progressive	malign auto (SCA)	1.0000	1.0000	1.0000	1.0000	ok
BDPA Germanic	wool	8	progressive	malign auto (SCA)	1.0000	1.0000	1.0000	1.0000	ok
BDPA Germanic	word	8	progressive	malign auto (SCA)	1.0000	1.0000	1.0000	1.0000	ok
BDPA Germanic	yard	8	progressive	malign auto (SCA)	1.0000	1.0000	1.0000	1.0000	ok
BDPA Germanic	year	8	progressive	malign auto (SCA)	1.0000	1.0000	1.0000	1.0000	ok
BDPA Germanic	young	8	progressive	malign auto (SCA)	1.0000	1.0000	1.0000	1.0000	ok
BDPA Germanic	I	8	progressive	malign auto (boot)		0.0625	0.0833	0.0714	len_mismatch
BDPA Germanic	all	8	progressive	malign auto (boot)	0.0000	0.3571	0.3571	0.3571	ok
BDPA Germanic	ash	8	progressive	malign auto (boot)		0.6429	0.5143	0.5714	len_mismatch
BDPA Germanic	bath	8	progressive	malign auto (boot)	1.0000	1.0000	1.0000	1.0000	ok
BDPA Germanic	better	8	progressive	malign auto (boot)		0.1964	0.3143	0.2418	len_mismatch
BDPA Germanic	blood	8	progressive	malign auto (boot)	1.0000	1.0000	1.0000	1.0000	ok
BDPA Germanic	bone	8	progressive	malign auto (boot)		0.2917	0.3500	0.3182	len_mismatch
BDPA Germanic	brother	8	progressive	malign auto (boot)		0.2302	0.3452	0.2762	len_mismatch
BDPA Germanic	calf	8	progressive	malign auto (boot)	0.4000	0.6000	0.6000	0.6000	ok
BDPA Germanic	cold	8	progressive	malign auto (boot)	0.5000	0.8750	0.8750	0.8750	ok
BDPA Germanic	corn	8	progressive	malign auto (boot)	0.6000	0.6143	0.6143	0.6143	ok
BDPA Germanic	cow	8	progressive	malign auto (boot)		0.2000	0.5000	0.2857	len_mismatch
BDPA Germanic	daughter	8	progressive	malign auto (boot)		0.1536	0.2560	0.1920	len_mismatch
BDPA Germanic	day	8	progressive	malign auto (boot)		0.3929	0.6548	0.4911	len_mismatch
BDPA Germanic	ear	8	progressive	malign auto (boot)		0.0500	0.0833	0.0625	len_mismatch
BDPA Germanic	earth	8	progressive	malign auto (boot)	0.0000	0.2786	0.2786	0.2786	ok
BDPA Germanic	eight	8	progressive	malign auto (boot)		0.3429	0.4286	0.3810	len_mismatch
BDPA Germanic	eye	8	progressive	malign auto (boot)		0.0510	0.1190	0.0714	len_mismatch
BDPA Germanic	fast	8	progressive	malign auto (boot)	1.0000	1.0000	1.0000	1.0000	ok
BDPA Germanic	father	8	progressive	malign auto (boot)		0.4762	0.5714	0.5195	len_mismatch
BDPA Germanic	fish	8	progressive	malign auto (boot)	1.0000	1.0000	1.0000	1.0000	ok
BDPA Germanic	five	8	progressive	malign auto (boot)		0.2092	0.2929	0.2440	len_mismatch
BDPA Germanic	foot	8	progressive	malign auto (boot)		0.4286	0.5714	0.4898	len_mismatch
BDPA Germanic	four	8	progressive	malign auto (boot)		0.6339	0.8452	0.7245	len_mismatch
BDPA Germanic	full	8	progressive	malign auto (boot)		0.3750	0.5000	0.4286	len_mismatch
BDPA Germanic	good	8	progressive	malign auto (boot)		0.2679	0.3571	0.3061	len_mismatch
BDPA Germanic	goose	8	progressive	malign auto (boot)		0.1000	0.1250	0.1111	len_mismatch
BDPA Germanic	green	8	progressive	malign auto (boot)		0.1536	0.3071	0.2048	len_mismatch
BDPA Germanic	hand	8	progressive	malign auto (boot)	1.0000	1.0000	1.0000	1.0000	ok
BDPA Germanic	head	8	progressive	malign auto (boot)	0.5000	0.6786	0.6786	0.6786	ok
BDPA Germanic	heart	8	progressive	malign auto (boot)		0.2071	0.2589	0.2302	len_mismatch
BDPA Germanic	holy	8	progressive	malign auto (boot)	1.0000	1.0000	1.0000	1.0000	ok
BDPA Germanic	home	8	progressive	malign auto (boot)	1.0000	1.0000	1.0000	1.0000	ok
BDPA Germanic	honey	8	progressive	malign auto (boot)		0.8429	0.7024	0.7662	len_mismatch
BDPA Germanic	horn	8	progressive	malign auto (boot)		0.4286	0.5357	0.4762	len_mismatch
BDPA Germanic	hound	8	progressive	malign auto (boot)	1.0000	1.0000	1.0000	1.0000	ok
BDPA Germanic	house	8	progressive	malign auto (boot)		0.4286	0.5714	0.4898	len_mismatch
BDPA Germanic	hundred	8	progressive	malign auto (boot)		0.5816	0.5089	0.5429	len_mismatch
BDPA Germanic	hunger	8	progressive	malign auto (boot)		0.3532	0.5298	0.4238	len_mismatch
BDPA Germanic	ice	8	progressive	malign auto (boot)	1.0000	1.0000	1.0000	1.0000	ok
BDPA Germanic	in	8	progressive	malign auto (boot)	0.0000	0.1429	0.1429	0.1429	ok
BDPA Germanic	is	8	progressive	malign auto (boot)	0.2500	0.4107	0.4107	0.4107	ok
BDPA Germanic	knee	8	progressive	malign auto (boot)	1.0000	1.0000	1.0000	1.0000	ok
BDPA Germanic	lamb	8	progressive	malign auto (boot)	1.0000	1.0000	1.0000	1.0000	ok
BDPA Germanic	leaf	8	progressive	malign auto (boot)		0.3036	0.4048	0.3469	len_mismatch
BDPA Germanic	liver	8	progressive	malign auto (boot)		0.4881	0.5857	0.5325	len_mismatch
BDPA Germanic	long	8	progressive	malign auto (boot)	1.0000	1.0000	1.0000	1.0000	ok
BDPA Germanic	mid	8	progressive	malign auto (boot)	0.3333	0.6607	0.6607	0.6607	ok
BDPA Germanic	milk	8	progressive	malign auto (boot)		0.6190	0.7429	0.6753	len_mismatch
BDPA Germanic	moon	8	progressive	malign auto (boot)	0.5000	0.8750	0.8750	0.8750	ok
BDPA Germanic	mother	8	progressive	malign auto (boot)		0.2704	0.3786	0.3155	len_mismatch
BDPA Germanic	mouse	8	progressive	malign auto (boot)	1.0000	1.0000	1.0000	1.0000	ok
BDPA Germanic	mouth	8	progressive	malign auto (boot)		0.4500	0.5625	0.5000	len_mismatch
BDPA Germanic	nail	8	progressive	malign auto (boot)	0.2000	0.5429	0.5429	0.5429	ok
BDPA Germanic	naked	8	progressive	malign auto (boot)	0.6000	0.7429	0.7429	0.7429	ok
BDPA Germanic	name	8	progressive	malign auto (boot)	1.0000	1.0000	1.0000	1.0000	ok
BDPA Germanic	needle	8	progressive	malign auto (boot)		0.8071	0.6726	0.7338	len_mismatch
BDPA Germanic	new	8	progressive	malign auto (boot)		0.2857	0.4000	0.3333	len_mismatch
BDPA Germanic	night	8	progressive	malign auto (boot)		0.2976	0.4464	0.3571	len_mismatch
BDPA Germanic	nine	8	progressive	malign auto (boot)	0.2500	0.4732	0.4732	0.4732	ok
BDPA Germanic	north	8	progressive	malign auto (boot)		0.3214	0.3750	0.3462	len_mismatch
BDPA Germanic	oak	8	progressive	malign auto (boot)	0.0000	0.2143	0.2143	0.2143	ok
BDPA Germanic	one	8	progressive	malign auto (boot)		0.2786	0.3482	0.3095	len_mismatch
BDPA Germanic	open	8	progressive	malign auto (boot)	0.4000	0.6143	0.6143	0.6143	ok
BDPA Germanic	out	8	progressive	malign auto (boot)		0.2946	0.3929	0.3367	len_mismatch
BDPA Germanic	oven	8	progressive	malign auto (boot)		0.3333	0.4000	0.3636	len_mismatch
BDPA Germanic	over	8	progressive	malign auto (boot)		0.2296	0.3214	0.2679	len_mismatch
BDPA Germanic	quick	8	progressive	malign auto (boot)		0.1667	0.2500	0.2000	len_mismatch
BDPA Germanic	rain	8	progressive	malign auto (boot)	0.2000	0.4429	0.4429	0.4429	ok
BDPA Germanic	red	8	progressive	malign auto (boot)		0.2262	0.2714	0.2468	len_mismatch
BDPA Germanic	right	8	progressive	malign auto (boot)		0.0774	0.1161	0.0929	len_mismatch
BDPA Germanic	ring	8	progressive	malign auto (boot)		0.0000	0.0000	0.0000	len_mismatch
BDPA Germanic	salt	8	progressive	malign auto (boot)	0.2500	0.7589	0.7589	0.7589	ok
BDPA Germanic	seven	8	progressive	malign auto (boot)		0.8143	0.6786	0.7403	len_mismatch
BDPA Germanic	sharp	8	progressive	malign auto (boot)	0.1667	0.2798	0.2798	0.2798	ok
BDPA Germanic	six	8	progressive	malign auto (boot)	1.0000	1.0000	1.0000	1.0000	ok
BDPA Germanic	snow	8	progressive	malign auto (boot)		0.5000	0.6667	0.5714	len_mismatch
BDPA Germanic	sore	8	progressive	malign auto (boot)		0.2214	0.3690	0.2768	len_mismatch
BDPA Germanic	stone	8	progressive	malign auto (boot)		0.4000	0.5000	0.4444	len_mismatch
BDPA Germanic	stool	8	progressive	malign auto (boot)	1.0000	1.0000	1.0000	1.0000	ok
BDPA Germanic	storm	8	progressive	malign auto (boot)		0.5893	0.7071	0.6429	len_mismatch
BDPA Germanic	ten	8	progressive	malign auto (boot)	1.0000	1.0000	1.0000	1.0000	ok
BDPA Germanic	thing	8	progressive	malign auto (boot)	1.0000	1.0000	1.0000	1.0000	ok
BDPA Germanic	thorn	8	progressive	malign auto (boot)		0.1071	0.1607	0.1286	len_mismatch
BDPA Germanic	three	8	progressive	malign auto (boot)	0.0000	0.2786	0.2786	0.2786	ok
BDPA Germanic	thunder	8	progressive	malign auto (boot)		0.3357	0.5595	0.4196	len_mismatch
BDPA Germanic	to_bite	8	progressive	malign auto (boot)		0.5179	0.6905	0.5918	len_mismatch
BDPA Germanic	to_drink	8	progressive	malign auto (boot)		0.0000	0.0000	0.0000	len_mismatch
BDPA Germanic	to_eat	8	progressive	malign auto (boot)		0.0000	0.0000	0.0000	len_mismatch
BDPA Germanic	to_fight	8	progressive	malign auto (boot)	1.0000	1.0000	1.0000	1.0000	ok
BDPA Germanic	to_hear	8	progressive	malign auto (boot)		0.1735	0.4048	0.2429	len_mismatch
BDPA Germanic	to_see	8	progressive	malign auto (boot)		0.3010	0.4214	0.3512	len_mismatch
BDPA Germanic	to_sit	8	progressive	malign auto (boot)	1.0000	1.0000	1.0000	1.0000	ok
BDPA Germanic	to_swear	8	progressive	malign auto (boot)		0.3333	0.5000	0.4000	len_mismatch
BDPA Germanic	to_wash	8	progressive	malign auto (boot)	1.0000	1.0000	1.0000	1.0000	ok
BDPA Germanic	toe	8	progressive	malign auto (boot)		0.1429	0.2143	0.1714	len_mismatch
BDPA Germanic	tongue	8	progressive	malign auto (boot)	0.0000	0.7500	0.7500	0.7500	ok
BDPA Germanic	tooth	8	progressive	malign auto (boot)		0.0714	0.0893	0.0794	len_mismatch
BDPA Germanic	top	8	progressive	malign auto (boot)		0.0714	0.1143	0.0879	len_mismatch
BDPA Germanic	two	8	progressive	malign auto (boot)		0.0306	0.0429	0.0357	len_mismatch
BDPA Germanic	warm	8	progressive	malign auto (boot)	0.4000	0.5786	0.5786	0.5786	ok
BDPA Germanic	what	8	progressive	malign auto (boot)		0.2679	0.3571	0.3061	len_mismatch
BDPA Germanic	white	8	progressive	malign auto (boot)		0.5179	0.6905	0.5918	len_mismatch
BDPA Germanic	wind	8	progressive	malign auto (boot)	1.0000	1.0000	1.0000	1.0000	ok
BDPA Germanic	wool	8	progressive	malign auto (boot)	1.0000	1.0000	1.0000	1.0000	ok
BDPA Germanic	word	8	progressive	malign auto (boot)	0.2500	0.6607	0.6607	0.6607	ok
BDPA Germanic	yard	8	progressive	malign auto (boot)		0.0510	0.0595	0.0549	len_mismatch
BDPA Germanic	year	8	progressive	malign auto (boot)		0.2024	0.4048	0.2698	len_mismatch
BDPA Germanic	young	8	progressive	malign auto (boot)	1.0000	1.0000	1.0000	1.0000	ok
BDPA Germanic	I	8	progressive	malign auto (SCA+boot)	0.0000	0.3929	0.3929	0.3929	ok
BDPA Germanic	all	8	progressive	malign auto (SCA+boot)	1.0000	1.0000	1.0000	1.0000	ok
BDPA Germanic	ash	8	progressive	malign auto (SCA+boot)		0.8750	0.7000	0.7778	len_mismatch
BDPA Germanic	bath	8	progressive	malign auto (SCA+boot)	1.0000	1.0000	1.0000	1.0000	ok
BDPA Germanic	better	8	progressive	malign auto (SCA+boot)	0.6000	0.8143	0.8143	0.8143	ok
BDPA Germanic	blood	8	progressive	malign auto (SCA+boot)	1.0000	1.0000	1.0000	1.0000	ok
BDPA Germanic	bone	8	progressive	malign auto (SCA+boot)	1.0000	1.0000	1.0000	1.0000	ok
BDPA Germanic	brother	8	progressive	malign auto (SCA+boot)	0.6667	0.7857	0.7857	0.7857	ok
BDPA Germanic	calf	8	progressive	malign auto (SCA+boot)	0.6000	0.6429	0.6429	0.6429	ok
BDPA Germanic	cold	8	progressive	malign auto (SCA+boot)	0.5000	0.8750	0.8750	0.8750	ok
BDPA Germanic	corn	8	progressive	malign auto (SCA+boot)	0.6000	0.6143	0.6143	0.6143	ok
BDPA Germanic	cow	8	progressive	malign auto (SCA+boot)	1.0000	1.0000	1.0000	1.0000	ok
BDPA Germanic	daughter	8	progressive	malign auto (SCA+boot)	0.3333	0.7024	0.7024	0.7024	ok
BDPA Germanic	day	8	progressive	malign auto (SCA+boot)	1.0000	1.0000	1.0000	1.0000	ok
BDPA Germanic	ear	8	progressive	malign auto (SCA+boot)	1.0000	1.0000	1.0000	1.0000	ok
BDPA Germanic	earth	8	progressive	malign auto (SCA+boot)		0.3512	0.4214	0.3831	len_mismatch
BDPA Germanic	eight	8	progressive	malign auto (SCA+boot)	0.0000	0.1071	0.1071	0.1071	ok
BDPA Germanic	eye	8	progressive	malign auto (SCA+boot)	0.3333	0.6905	0.6905	0.6905	ok
BDPA Germanic	fast	8	progressive	malign auto (SCA+boot)	1.0000	1.0000	1.0000	1.0000	ok
BDPA Germanic	father	8	progressive	malign auto (SCA+boot)	0.6000	0.8143	0.8143	0.8143	ok
BDPA Germanic	fish	8	progressive	malign auto (SCA+boot)	1.0000	1.0000	1.0000	1.0000	ok
BDPA Germanic	five	8	progressive	malign auto (SCA+boot)	0.4000	0.6143	0.6143	0.6143	ok
BDPA Germanic	foot	8	progressive	malign auto (SCA+boot)	1.0000	1.0000	1.0000	1.0000	ok
BDPA Germanic	four	8	progressive	malign auto (SCA+boot)	1.0000	1.0000	1.0000	1.0000	ok
BDPA Germanic	full	8	progressive	malign auto (SCA+boot)	1.0000	1.0000	1.0000	1.0000	ok
BDPA Germanic	good	8	progressive	malign auto (SCA+boot)	1.0000	1.0000	1.0000	1.0000	ok
BDPA Germanic	goose	8	progressive	malign auto (SCA+boot)	1.0000	1.0000	1.0000	1.0000	ok
BDPA Germanic	green	8	progressive	malign auto (SCA+boot)		0.2500	0.2000	0.2222	len_mismatch
BDPA Germanic	hand	8	progressive	malign auto (SCA+boot)	1.0000	1.0000	1.0000	1.0000	ok
BDPA Germanic	head	8	progressive	malign auto (SCA+boot)	0.5000	0.6786	0.6786	0.6786	ok
BDPA Germanic	heart	8	progressive	malign auto (SCA+boot)	1.0000	1.0000	1.0000	1.0000	ok
BDPA Germanic	holy	8	progressive	malign auto (SCA+boot)	0.6000	0.7429	0.7429	0.7429	ok
BDPA Germanic	home	8	progressive	malign auto (SCA+boot)	1.0000	1.0000	1.0000	1.0000	ok
BDPA Germanic	honey	8	progressive	malign auto (SCA+boot)		0.8429	0.7024	0.7662	len_mismatch
BDPA Germanic	horn	8	progressive	malign auto (SCA+boot)	0.5000	0.8750	0.8750	0.8750	ok
BDPA Germanic	hound	8	progressive	malign auto (SCA+boot)	1.0000	1.0000	1.0000	1.0000	ok
BDPA Germanic	house	8	progressive	malign auto (SCA+boot)	1.0000	1.0000	1.0000	1.0000	ok
BDPA Germanic	hundred	8	progressive	malign auto (SCA+boot)		0.6020	0.5268	0.5619	len_mismatch
BDPA Germanic	hunger	8	progressive	malign auto (SCA+boot)		0.6643	0.5536	0.6039	len_mismatch
BDPA Germanic	ice	8	progressive	malign auto (SCA+boot)	1.0000	1.0000	1.0000	1.0000	ok
BDPA Germanic	in	8	progressive	malign auto (SCA+boot)	0.0000	0.2143	0.2143	0.2143	ok
BDPA Germanic	is	8	progressive	malign auto (SCA+boot)	1.0000	1.0000	1.0000	1.0000	ok
BDPA Germanic	knee	8	progressive	malign auto (SCA+boot)	0.0000	0.5357	0.5357	0.5357	ok
BDPA Germanic	lamb	8	progressive	malign auto (SCA+boot)	1.0000	1.0000	1.0000	1.0000	ok
BDPA Germanic	leaf	8	progressive	malign auto (SCA+boot)	1.0000	1.0000	1.0000	1.0000	ok
BDPA Germanic	liver	8	progressive	malign auto (SCA+boot)	0.6000	0.6857	0.6857	0.6857	ok
BDPA Germanic	long	8	progressive	malign auto (SCA+boot)	1.0000	1.0000	1.0000	1.0000	ok
BDPA Germanic	mid	8	progressive	malign auto (SCA+boot)	0.6667	0.8452	0.8452	0.8452	ok
BDPA Germanic	milk	8	progressive	malign auto (SCA+boot)	0.6000	0.6429	0.6429	0.6429	ok
BDPA Germanic	moon	8	progressive	malign auto (SCA+boot)	1.0000	1.0000	1.0000	1.0000	ok
BDPA Germanic	mother	8	progressive	malign auto (SCA+boot)	0.4000	0.5071	0.5071	0.5071	ok
BDPA Germanic	mouse	8	progressive	malign auto (SCA+boot)	1.0000	1.0000	1.0000	1.0000	ok
BDPA Germanic	mouth	8	progressive	malign auto (SCA+boot)	1.0000	1.0000	1.0000	1.0000	ok
BDPA Germanic	nail	8	progressive	malign auto (SCA+boot)	0.6000	0.6429	0.6429	0.6429	ok
BDPA Germanic	naked	8	progressive	malign auto (SCA+boot)	1.0000	1.0000	1.0000	1.0000	ok
BDPA Germanic	name	8	progressive	malign auto (SCA+boot)	1.0000	1.0000	1.0000	1.0000	ok
BDPA Germanic	needle	8	progressive	malign auto (SCA+boot)		0.6000	0.5000	0.5455	len_mismatch
BDPA Germanic	new	8	progressive	malign auto (SCA+boot)		0.3304	0.2643	0.2937	len_mismatch
BDPA Germanic	night	8	progressive	malign auto (SCA+boot)	0.5000	0.6786	0.6786	0.6786	ok
BDPA Germanic	nine	8	progressive	malign auto (SCA+boot)	0.5000	0.6786	0.6786	0.6786	ok
BDPA Germanic	north	8	progressive	malign auto (SCA+boot)	0.6667	0.9167	0.9167	0.9167	ok
BDPA Germanic	oak	8	progressive	malign auto (SCA+boot)	1.0000	1.0000	1.0000	1.0000	ok
BDPA Germanic	one	8	progressive	malign auto (SCA+boot)	0.5000	0.8750	0.8750	0.8750	ok
BDPA Germanic	open	8	progressive	malign auto (SCA+boot)	0.0000	0.7500	0.7500	0.7500	ok
BDPA Germanic	out	8	progressive	malign auto (SCA+boot)	0.0000	0.2143	0.2143	0.2143	ok
BDPA Germanic	oven	8	progressive	malign auto (SCA+boot)		0.5595	0.6714	0.6104	len_mismatch
BDPA Germanic	over	8	progressive	malign auto (SCA+boot)	0.6000	0.8143	0.8143	0.8143	ok
BDPA Germanic	quick	8	progressive	malign auto (SCA+boot)	1.0000	1.0000	1.0000	1.0000	ok
BDPA Germanic	rain	8	progressive	malign auto (SCA+boot)	0.2000	0.5429	0.5429	0.5429	ok
BDPA Germanic	red	8	progressive	malign auto (SCA+boot)	0.0000	0.2143	0.2143	0.2143	ok
BDPA Germanic	right	8	progressive	malign auto (SCA+boot)	0.5000	0.6071	0.6071	0.6071	ok
BDPA Germanic	ring	8	progressive	malign auto (SCA+boot)	1.0000	1.0000	1.0000	1.0000	ok
BDPA Germanic	salt	8	progressive	malign auto (SCA+boot)	0.5000	0.7679	0.7679	0.7679	ok
BDPA Germanic	seven	8	progressive	malign auto (SCA+boot)		0.8143	0.6786	0.7403	len_mismatch
BDPA Germanic	sharp	8	progressive	malign auto (SCA+boot)		0.2500	0.2083	0.2273	len_mismatch
BDPA Germanic	six	8	progressive	malign auto (SCA+boot)	1.0000	1.0000	1.0000	1.0000	ok
BDPA Germanic	snow	8	progressive	malign auto (SCA+boot)	1.0000	1.0000	1.0000	1.0000	ok
BDPA Germanic	sore	8	progressive	malign auto (SCA+boot)	1.0000	1.0000	1.0000	1.0000	ok
BDPA Germanic	stone	8	progressive	malign auto (SCA+boot)	1.0000	1.0000	1.0000	1.0000	ok
BDPA Germanic	stool	8	progressive	malign auto (SCA+boot)	1.0000	1.0000	1.0000	1.0000	ok
BDPA Germanic	storm	8	progressive	malign auto (SCA+boot)	0.6000	0.8143	0.8143	0.8143	ok
BDPA Germanic	ten	8	progressive	malign auto (SCA+boot)	1.0000	1.0000	1.0000	1.0000	ok
BDPA Germanic	thing	8	progressive	malign auto (SCA+boot)	1.0000	1.0000	1.0000	1.0000	ok
BDPA Germanic	thorn	8	progressive	malign auto (SCA+boot)	0.5000	0.7679	0.7679	0.7679	ok
BDPA Germanic	three	8	progressive	malign auto (SCA+boot)	0.6000	0.6000	0.6000	0.6000	ok
BDPA Germanic	thunder	8	progressive	malign auto (SCA+boot)	0.6667	0.8452	0.8452	0.8452	ok
BDPA Germanic	to_bite	8	progressive	malign auto (SCA+boot)	1.0000	1.0000	1.0000	1.0000	ok
BDPA Germanic	to_drink	8	progressive	malign auto (SCA+boot)	1.0000	1.0000	1.0000	1.0000	ok
BDPA Germanic	to_eat	8	progressive	malign auto (SCA+boot)	0.0000	0.2143	0.2143	0.2143	ok
BDPA Germanic	to_fight	8	progressive	malign auto (SCA+boot)	1.0000	1.0000	1.0000	1.0000	ok
BDPA Germanic	to_hear	8	progressive	malign auto (SCA+boot)	1.0000	1.0000	1.0000	1.0000	ok
BDPA Germanic	to_see	8	progressive	malign auto (SCA+boot)		0.8750	0.7000	0.7778	len_mismatch
BDPA Germanic	to_sit	8	progressive	malign auto (SCA+boot)	1.0000	1.0000	1.0000	1.0000	ok
BDPA Germanic	to_swear	8	progressive	malign auto (SCA+boot)	1.0000	1.0000	1.0000	1.0000	ok
BDPA Germanic	to_wash	8	progressive	malign auto (SCA+boot)	1.0000	1.0000	1.0000	1.0000	ok
BDPA Germanic	toe	8	progressive	malign auto (SCA+boot)	1.0000	1.0000	1.0000	1.0000	ok
BDPA Germanic	tongue	8	progressive	malign auto (SCA+boot)	1.0000	1.0000	1.0000	1.0000	ok
BDPA Germanic	tooth	8	progressive	malign auto (SCA+boot)	0.5000	0.6786	0.6786	0.6786	ok
BDPA Germanic	top	8	progressive	malign auto (SCA+boot)	1.0000	1.0000	1.0000	1.0000	ok
BDPA Germanic	two	8	progressive	malign auto (SCA+boot)	1.0000	1.0000	1.0000	1.0000	ok
BDPA Germanic	warm	8	progressive	malign auto (SCA+boot)	0.2000	0.6357	0.6357	0.6357	ok
BDPA Germanic	what	8	progressive	malign auto (SCA+boot)	1.0000	1.0000	1.0000	1.0000	ok
BDPA Germanic	white	8	progressive	malign auto (SCA+boot)	1.0000	1.0000	1.0000	1.0000	ok
BDPA Germanic	wind	8	progressive	malign auto (SCA+boot)	1.0000	1.0000	1.0000	1.0000	ok
BDPA Germanic	wool	8	progressive	malign auto (SCA+boot)	1.0000	1.0000	1.0000	1.0000	ok
BDPA Germanic	word	8	progressive	malign auto (SCA+boot)	0.5000	0.6071	0.6071	0.6071	ok
BDPA Germanic	yard	8	progressive	malign auto (SCA+boot)	0.5000	0.8036	0.8036	0.8036	ok
BDPA Germanic	year	8	progressive	malign auto (SCA+boot)	1.0000	1.0000	1.0000	1.0000	ok
BDPA Germanic	young	8	progressive	malign auto (SCA+boot)	1.0000	1.0000	1.0000	1.0000	ok
BDPA Sinitic	moon	8	progressive	LingPy prog	0.3846	0.8462	0.8462	0.8462	ok
BDPA Sinitic	sun	8	progressive	LingPy prog	1.0000	1.0000	1.0000	1.0000	ok
BDPA Sinitic	to_catch_a_cold	8	progressive	LingPy prog	1.0000	1.0000	1.0000	1.0000	ok
BDPA Sinitic	today	8	progressive	LingPy prog	1.0000	1.0000	1.0000	1.0000	ok
BDPA Sinitic	tomorrow	8	progressive	LingPy prog	1.0000	1.0000	1.0000	1.0000	ok
BDPA Sinitic	moon	8	progressive	malign auto (SCA)		0.2798	0.2582	0.2686	len_mismatch
BDPA Sinitic	sun	8	progressive	malign auto (SCA)		0.3348	0.3827	0.3571	len_mismatch
BDPA Sinitic	to_catch_a_cold	8	progressive	malign auto (SCA)	1.0000	1.0000	1.0000	1.0000	ok
BDPA Sinitic	today	8	progressive	malign auto (SCA)		0.6036	0.7545	0.6706	len_mismatch
BDPA Sinitic	tomorrow	8	progressive	malign auto (SCA)		0.6571	0.8214	0.7302	len_mismatch
BDPA Sinitic	moon	8	progressive	malign auto (boot)	0.0769	0.2967	0.2967	0.2967	ok
BDPA Sinitic	sun	8	progressive	malign auto (boot)		0.5089	0.5816	0.5429	len_mismatch
BDPA Sinitic	to_catch_a_cold	8	progressive	malign auto (boot)	1.0000	1.0000	1.0000	1.0000	ok
BDPA Sinitic	today	8	progressive	malign auto (boot)	0.5000	0.8214	0.8214	0.8214	ok
BDPA Sinitic	tomorrow	8	progressive	malign auto (boot)		0.2013	0.2768	0.2331	len_mismatch
BDPA Sinitic	moon	8	progressive	malign auto (SCA+boot)		0.2781	0.2995	0.2884	len_mismatch
BDPA Sinitic	sun	8	progressive	malign auto (SCA+boot)		0.5625	0.6429	0.6000	len_mismatch
BDPA Sinitic	to_catch_a_cold	8	progressive	malign auto (SCA+boot)	1.0000	1.0000	1.0000	1.0000	ok
BDPA Sinitic	today	8	progressive	malign auto (SCA+boot)	0.7500	0.9375	0.9375	0.9375	ok
BDPA Sinitic	tomorrow	8	progressive	malign auto (SCA+boot)	0.7500	0.8839	0.8839	0.8839	ok
BDPA Andean	blood	8	progressive	LingPy prog	1.0000	1.0000	1.0000	1.0000	ok
BDPA Andean	bone	8	progressive	LingPy prog	1.0000	1.0000	1.0000	1.0000	ok
BDPA Andean	dog	8	progressive	LingPy prog	1.0000	1.0000	1.0000	1.0000	ok
BDPA Andean	ear	8	progressive	LingPy prog	1.0000	1.0000	1.0000	1.0000	ok
BDPA Andean	eight	8	progressive	LingPy prog	1.0000	1.0000	1.0000	1.0000	ok
BDPA Andean	eye	8	progressive	LingPy prog	1.0000	1.0000	1.0000	1.0000	ok
BDPA Andean	fingernail	8	progressive	LingPy prog	1.0000	1.0000	1.0000	1.0000	ok
BDPA Andean	fire	8	progressive	LingPy prog	1.0000	1.0000	1.0000	1.0000	ok
BDPA Andean	five	8	progressive	LingPy prog	1.0000	1.0000	1.0000	1.0000	ok
BDPA Andean	foot	8	progressive	LingPy prog	1.0000	1.0000	1.0000	1.0000	ok
BDPA Andean	hair	8	progressive	LingPy prog	1.0000	1.0000	1.0000	1.0000	ok
BDPA Andean	hand	5	progressive	LingPy prog	1.0000	1.0000	1.0000	1.0000	ok
BDPA Andean	he/she	8	progressive	LingPy prog	1.0000	1.0000	1.0000	1.0000	ok
BDPA Andean	heart	8	progressive	LingPy prog	1.0000	1.0000	1.0000	1.0000	ok
BDPA Andean	here	8	progressive	LingPy prog	1.0000	1.0000	1.0000	1.0000	ok
BDPA Andean	horn	8	progressive	LingPy prog	1.0000	1.0000	1.0000	1.0000	ok
BDPA Andean	lake	8	progressive	LingPy prog	1.0000	1.0000	1.0000	1.0000	ok
BDPA Andean	moon	8	progressive	LingPy prog	1.0000	1.0000	1.0000	1.0000	ok
BDPA Andean	mouth	8	progressive	LingPy prog	1.0000	1.0000	1.0000	1.0000	ok
BDPA Andean	name	8	progressive	LingPy prog	1.0000	1.0000	1.0000	1.0000	ok
BDPA Andean	neck	8	progressive	LingPy prog	1.0000	1.0000	1.0000	1.0000	ok
BDPA Andean	nine	8	progressive	LingPy prog		0.3750	0.4286	0.4000	len_mismatch
BDPA Andean	nose	8	progressive	LingPy prog	1.0000	1.0000	1.0000	1.0000	ok
BDPA Andean	not	8	progressive	LingPy prog	1.0000	1.0000	1.0000	1.0000	ok
BDPA Andean	one	8	progressive	LingPy prog	1.0000	1.0000	1.0000	1.0000	ok
BDPA Andean	person	8	progressive	LingPy prog	1.0000	1.0000	1.0000	1.0000	ok
BDPA Andean	seven	8	progressive	LingPy prog	1.0000	1.0000	1.0000	1.0000	ok
BDPA Andean	six	8	progressive	LingPy prog	1.0000	1.0000	1.0000	1.0000	ok
BDPA Andean	skin	8	progressive	LingPy prog	1.0000	1.0000	1.0000	1.0000	ok
BDPA Andean	tail	8	progressive	LingPy prog	1.0000	1.0000	1.0000	1.0000	ok
BDPA Andean	ten	8	progressive	LingPy prog	1.0000	1.0000	1.0000	1.0000	ok
BDPA Andean	that	8	progressive	LingPy prog	1.0000	1.0000	1.0000	1.0000	ok
BDPA Andean	they	8	progressive	LingPy prog	1.0000	1.0000	1.0000	1.0000	ok
BDPA Andean	this	8	progressive	LingPy prog	1.0000	1.0000	1.0000	1.0000	ok
BDPA Andean	three	8	progressive	LingPy prog	1.0000	1.0000	1.0000	1.0000	ok
BDPA Andean	tongue	8	progressive	LingPy prog	1.0000	1.0000	1.0000	1.0000	ok
BDPA Andean	tooth	8	progressive	LingPy prog	1.0000	1.0000	1.0000	1.0000	ok
BDPA Andean	two	8	progressive	LingPy prog	1.0000	1.0000	1.0000	1.0000	ok
BDPA Andean	we	8	progressive	LingPy prog	1.0000	1.0000	1.0000	1.0000	ok
BDPA Andean	who	5	progressive	LingPy prog	1.0000	1.0000	1.0000	1.0000	ok
BDPA Andean	woman	8	progressive	LingPy prog	1.0000	1.0000	1.0000	1.0000	ok
BDPA Andean	world	8	progressive	LingPy prog	1.0000	1.0000	1.0000	1.0000	ok
BDPA Andean	year	8	progressive	LingPy prog	1.0000	1.0000	1.0000	1.0000	ok
BDPA Andean	you	8	progressive	LingPy prog	1.0000	1.0000	1.0000	1.0000	ok
BDPA Andean	blood	8	progressive	malign auto (SCA)	1.0000	1.0000	1.0000	1.0000	ok
BDPA Andean	bone	8	progressive	malign auto (SCA)	1.0000	1.0000	1.0000	1.0000	ok
BDPA Andean	dog	8	progressive	malign auto (SCA)		0.4702	0.5643	0.5130	len_mismatch
BDPA Andean	ear	8	progressive	malign auto (SCA)	1.0000	1.0000	1.0000	1.0000	ok
BDPA Andean	eight	8	progressive	malign auto (SCA)	1.0000	1.0000	1.0000	1.0000	ok
BDPA Andean	eye	8	progressive	malign auto (SCA)	1.0000	1.0000	1.0000	1.0000	ok
BDPA Andean	fingernail	8	progressive	malign auto (SCA)	1.0000	1.0000	1.0000	1.0000	ok
BDPA Andean	fire	8	progressive	malign auto (SCA)	1.0000	1.0000	1.0000	1.0000	ok
BDPA Andean	five	8	progressive	malign auto (SCA)	1.0000	1.0000	1.0000	1.0000	ok
BDPA Andean	foot	8	progressive	malign auto (SCA)	1.0000	1.0000	1.0000	1.0000	ok
BDPA Andean	hair	8	progressive	malign auto (SCA)	1.0000	1.0000	1.0000	1.0000	ok
BDPA Andean	hand	5	progressive	malign auto (SCA)	1.0000	1.0000	1.0000	1.0000	ok
BDPA Andean	he/she	8	progressive	malign auto (SCA)	1.0000	1.0000	1.0000	1.0000	ok
BDPA Andean	heart	8	progressive	malign auto (SCA)	1.0000	1.0000	1.0000	1.0000	ok
BDPA Andean	here	8	progressive	malign auto (SCA)	0.6000	0.7429	0.7429	0.7429	ok
BDPA Andean	horn	8	progressive	malign auto (SCA)	1.0000	1.0000	1.0000	1.0000	ok
BDPA Andean	lake	8	progressive	malign auto (SCA)	1.0000	1.0000	1.0000	1.0000	ok
BDPA Andean	moon	8	progressive	malign auto (SCA)	1.0000	1.0000	1.0000	1.0000	ok
BDPA Andean	mouth	8	progressive	malign auto (SCA)	1.0000	1.0000	1.0000	1.0000	ok
BDPA Andean	name	8	progressive	malign auto (SCA)	1.0000	1.0000	1.0000	1.0000	ok
BDPA Andean	neck	8	progressive	malign auto (SCA)	1.0000	1.0000	1.0000	1.0000	ok
BDPA Andean	nine	8	progressive	malign auto (SCA)		0.3750	0.4286	0.4000	len_mismatch
BDPA Andean	nose	8	progressive	malign auto (SCA)	1.0000	1.0000	1.0000	1.0000	ok
BDPA Andean	not	8	progressive	malign auto (SCA)	1.0000	1.0000	1.0000	1.0000	ok
BDPA Andean	one	8	progressive	malign auto (SCA)	1.0000	1.0000	1.0000	1.0000	ok
BDPA Andean	person	8	progressive	malign auto (SCA)	1.0000	1.0000	1.0000	1.0000	ok
BDPA Andean	seven	8	progressive	malign auto (SCA)	1.0000	1.0000	1.0000	1.0000	ok
BDPA Andean	six	8	progressive	malign auto (SCA)	1.0000	1.0000	1.0000	1.0000	ok
BDPA Andean	skin	8	progressive	malign auto (SCA)	1.0000	1.0000	1.0000	1.0000	ok
BDPA Andean	tail	8	progressive	malign auto (SCA)	1.0000	1.0000	1.0000	1.0000	ok
BDPA Andean	ten	8	progressive	malign auto (SCA)	1.0000	1.0000	1.0000	1.0000	ok
BDPA Andean	that	8	progressive	malign auto (SCA)	1.0000	1.0000	1.0000	1.0000	ok
BDPA Andean	they	8	progressive	malign auto (SCA)	1.0000	1.0000	1.0000	1.0000	ok
BDPA Andean	this	8	progressive	malign auto (SCA)	1.0000	1.0000	1.0000	1.0000	ok
BDPA Andean	three	8	progressive	malign auto (SCA)	1.0000	1.0000	1.0000	1.0000	ok
BDPA Andean	tongue	8	progressive	malign auto (SCA)	1.0000	1.0000	1.0000	1.0000	ok
BDPA Andean	tooth	8	progressive	malign auto (SCA)	1.0000	1.0000	1.0000	1.0000	ok
BDPA Andean	two	8	progressive	malign auto (SCA)	1.0000	1.0000	1.0000	1.0000	ok
BDPA Andean	we	8	progressive	malign auto (SCA)	1.0000	1.0000	1.0000	1.0000	ok
BDPA Andean	who	5	progressive	malign auto (SCA)	1.0000	1.0000	1.0000	1.0000	ok
BDPA Andean	woman	8	progressive	malign auto (SCA)	1.0000	1.0000	1.0000	1.0000	ok
BDPA Andean	world	8	progressive	malign auto (SCA)	1.0000	1.0000	1.0000	1.0000	ok
BDPA Andean	year	8	progressive	malign auto (SCA)	1.0000	1.0000	1.0000	1.0000	ok
BDPA Andean	you	8	progressive	malign auto (SCA)	1.0000	1.0000	1.0000	1.0000	ok
BDPA Andean	blood	8	progressive	malign auto (boot)	1.0000	1.0000	1.0000	1.0000	ok
BDPA Andean	bone	8	progressive	malign auto (boot)	1.0000	1.0000	1.0000	1.0000	ok
BDPA Andean	dog	8	progressive	malign auto (boot)		0.1173	0.1643	0.1369	len_mismatch
BDPA Andean	ear	8	progressive	malign auto (boot)	1.0000	1.0000	1.0000	1.0000	ok
BDPA Andean	eight	8	progressive	malign auto (boot)	1.0000	1.0000	1.0000	1.0000	ok
BDPA Andean	eye	8	progressive	malign auto (boot)	1.0000	1.0000	1.0000	1.0000	ok
BDPA Andean	fingernail	8	progressive	malign auto (boot)	1.0000	1.0000	1.0000	1.0000	ok
BDPA Andean	fire	8	progressive	malign auto (boot)	1.0000	1.0000	1.0000	1.0000	ok
BDPA Andean	five	8	progressive	malign auto (boot)	1.0000	1.0000	1.0000	1.0000	ok
BDPA Andean	foot	8	progressive	malign auto (boot)		0.6667	0.8000	0.7273	len_mismatch
BDPA Andean	hair	8	progressive	malign auto (boot)	0.6000	0.6429	0.6429	0.6429	ok
BDPA Andean	hand	5	progressive	malign auto (boot)	1.0000	1.0000	1.0000	1.0000	ok
BDPA Andean	he/she	8	progressive	malign auto (boot)		0.5893	0.7857	0.6735	len_mismatch
BDPA Andean	heart	8	progressive	malign auto (boot)	1.0000	1.0000	1.0000	1.0000	ok
BDPA Andean	here	8	progressive	malign auto (boot)	0.2000	0.6786	0.6786	0.6786	ok
BDPA Andean	horn	8	progressive	malign auto (boot)	0.3333	0.5476	0.5476	0.5476	ok
BDPA Andean	lake	8	progressive	malign auto (boot)	1.0000	1.0000	1.0000	1.0000	ok
BDPA Andean	moon	8	progressive	malign auto (boot)	1.0000	1.0000	1.0000	1.0000	ok
BDPA Andean	mouth	8	progressive	malign auto (boot)	1.0000	1.0000	1.0000	1.0000	ok
BDPA Andean	name	8	progressive	malign auto (boot)	1.0000	1.0000	1.0000	1.0000	ok
BDPA Andean	neck	8	progressive	malign auto (boot)	1.0000	1.0000	1.0000	1.0000	ok
BDPA Andean	nine	8	progressive	malign auto (boot)		0.2024	0.2602	0.2277	len_mismatch
BDPA Andean	nose	8	progressive	malign auto (boot)	1.0000	1.0000	1.0000	1.0000	ok
BDPA Andean	not	8	progressive	malign auto (boot)	1.0000	1.0000	1.0000	1.0000	ok
BDPA Andean	one	8	progressive	malign auto (boot)	1.0000	1.0000	1.0000	1.0000	ok
BDPA Andean	person	8	progressive	malign auto (boot)		0.5417	0.8125	0.6500	len_mismatch
BDPA Andean	seven	8	progressive	malign auto (boot)	1.0000	1.0000	1.0000	1.0000	ok
BDPA Andean	six	8	progressive	malign auto (boot)	0.6000	0.9000	0.9000	0.9000	ok
BDPA Andean	skin	8	progressive	malign auto (boot)	1.0000	1.0000	1.0000	1.0000	ok
BDPA Andean	tail	8	progressive	malign auto (boot)	1.0000	1.0000	1.0000	1.0000	ok
BDPA Andean	ten	8	progressive	malign auto (boot)	1.0000	1.0000	1.0000	1.0000	ok
BDPA Andean	that	8	progressive	malign auto (boot)	1.0000	1.0000	1.0000	1.0000	ok
BDPA Andean	they	8	progressive	malign auto (boot)		0.3839	0.4388	0.4095	len_mismatch
BDPA Andean	this	8	progressive	malign auto (boot)		0.5268	0.7024	0.6020	len_mismatch
BDPA Andean	three	8	progressive	malign auto (boot)	1.0000	1.0000	1.0000	1.0000	ok
BDPA Andean	tongue	8	progressive	malign auto (boot)	1.0000	1.0000	1.0000	1.0000	ok
BDPA Andean	tooth	8	progressive	malign auto (boot)	1.0000	1.0000	1.0000	1.0000	ok
BDPA Andean	two	8	progressive	malign auto (boot)	1.0000	1.0000	1.0000	1.0000	ok
BDPA Andean	we	8	progressive	malign auto (boot)		0.8016	0.9018	0.8487	len_mismatch
BDPA Andean	who	5	progressive	malign auto (boot)	1.0000	1.0000	1.0000	1.0000	ok
BDPA Andean	woman	8	progressive	malign auto (boot)	1.0000	1.0000	1.0000	1.0000	ok
BDPA Andean	world	8	progressive	malign auto (boot)	1.0000	1.0000	1.0000	1.0000	ok
BDPA Andean	year	8	progressive	malign auto (boot)	1.0000	1.0000	1.0000	1.0000	ok
BDPA Andean	you	8	progressive	malign auto (boot)	1.0000	1.0000	1.0000	1.0000	ok
BDPA Andean	blood	8	progressive	malign auto (SCA+boot)	1.0000	1.0000	1.0000	1.0000	ok
BDPA Andean	bone	8	progressive	malign auto (SCA+boot)	1.0000	1.0000	1.0000	1.0000	ok
BDPA Andean	dog	8	progressive	malign auto (SCA+boot)	0.4000	0.5786	0.5786	0.5786	ok
BDPA Andean	ear	8	progressive	malign auto (SCA+boot)	1.0000	1.0000	1.0000	1.0000	ok
BDPA Andean	eight	8	progressive	malign auto (SCA+boot)	1.0000	1.0000	1.0000	1.0000	ok
BDPA Andean	eye	8	progressive	malign auto (SCA+boot)	1.0000	1.0000	1.0000	1.0000	ok
BDPA Andean	fingernail	8	progressive	malign auto (SCA+boot)	1.0000	1.0000	1.0000	1.0000	ok
BDPA Andean	fire	8	progressive	malign auto (SCA+boot)	1.0000	1.0000	1.0000	1.0000	ok
BDPA Andean	five	8	progressive	malign auto (SCA+boot)	1.0000	1.0000	1.0000	1.0000	ok
BDPA Andean	foot	8	progressive	malign auto (SCA+boot)		0.6667	0.8000	0.7273	len_mismatch
BDPA Andean	hair	8	progressive	malign auto (SCA+boot)	1.0000	1.0000	1.0000	1.0000	ok
BDPA Andean	hand	5	progressive	malign auto (SCA+boot)	1.0000	1.0000	1.0000	1.0000	ok
BDPA Andean	he/she	8	progressive	malign auto (SCA+boot)	0.3333	0.5714	0.5714	0.5714	ok
BDPA Andean	heart	8	progressive	malign auto (SCA+boot)	1.0000	1.0000	1.0000	1.0000	ok
BDPA Andean	here	8	progressive	malign auto (SCA+boot)	0.6000	0.7429	0.7429	0.7429	ok
BDPA Andean	horn	8	progressive	malign auto (SCA+boot)	0.5000	0.6071	0.6071	0.6071	ok
BDPA Andean	lake	8	progressive	malign auto (SCA+boot)	1.0000	1.0000	1.0000	1.0000	ok
BDPA Andean	moon	8	progressive	malign auto (SCA+boot)	1.0000	1.0000	1.0000	1.0000	ok
BDPA Andean	mouth	8	progressive	malign auto (SCA+boot)	1.0000	1.0000	1.0000	1.0000	ok
BDPA Andean	name	8	progressive	malign auto (SCA+boot)	1.0000	1.0000	1.0000	1.0000	ok
BDPA Andean	neck	8	progressive	malign auto (SCA+boot)	1.0000	1.0000	1.0000	1.0000	ok
BDPA Andean	nine	8	progressive	malign auto (SCA+boot)		0.3482	0.3980	0.3714	len_mismatch
BDPA Andean	nose	8	progressive	malign auto (SCA+boot)	1.0000	1.0000	1.0000	1.0000	ok
BDPA Andean	not	8	progressive	malign auto (SCA+boot)	1.0000	1.0000	1.0000	1.0000	ok
BDPA Andean	one	8	progressive	malign auto (SCA+boot)	1.0000	1.0000	1.0000	1.0000	ok
BDPA Andean	person	8	progressive	malign auto (SCA+boot)	1.0000	1.0000	1.0000	1.0000	ok
BDPA Andean	seven	8	progressive	malign auto (SCA+boot)	1.0000	1.0000	1.0000	1.0000	ok
BDPA Andean	six	8	progressive	malign auto (SCA+boot)	1.0000	1.0000	1.0000	1.0000	ok
BDPA Andean	skin	8	progressive	malign auto (SCA+boot)	1.0000	1.0000	1.0000	1.0000	ok
BDPA Andean	tail	8	progressive	malign auto (SCA+boot)	1.0000	1.0000	1.0000	1.0000	ok
BDPA Andean	ten	8	progressive	malign auto (SCA+boot)	1.0000	1.0000	1.0000	1.0000	ok
BDPA Andean	that	8	progressive	malign auto (SCA+boot)	1.0000	1.0000	1.0000	1.0000	ok
BDPA Andean	they	8	progressive	malign auto (SCA+boot)	0.7143	0.8673	0.8673	0.8673	ok
BDPA Andean	this	8	progressive	malign auto (SCA+boot)	0.3333	0.5714	0.5714	0.5714	ok
BDPA Andean	three	8	progressive	malign auto (SCA+boot)	1.0000	1.0000	1.0000	1.0000	ok
BDPA Andean	tongue	8	progressive	malign auto (SCA+boot)	1.0000	1.0000	1.0000	1.0000	ok
BDPA Andean	tooth	8	progressive	malign auto (SCA+boot)	1.0000	1.0000	1.0000	1.0000	ok
BDPA Andean	two	8	progressive	malign auto (SCA+boot)	1.0000	1.0000	1.0000	1.0000	ok
BDPA Andean	we	8	progressive	malign auto (SCA+boot)		0.7817	0.8795	0.8277	len_mismatch
BDPA Andean	who	5	progressive	malign auto (SCA+boot)	1.0000	1.0000	1.0000	1.0000	ok
BDPA Andean	woman	8	progressive	malign auto (SCA+boot)	1.0000	1.0000	1.0000	1.0000	ok
BDPA Andean	world	8	progressive	malign auto (SCA+boot)	1.0000	1.0000	1.0000	1.0000	ok
BDPA Andean	year	8	progressive	malign auto (SCA+boot)	1.0000	1.0000	1.0000	1.0000	ok
BDPA Andean	you	8	progressive	malign auto (SCA+boot)	1.0000	1.0000	1.0000	1.0000	ok
BDPA French	a_la_cuisse	8	progressive	LingPy prog	1.0000	1.0000	1.0000	1.0000	ok
BDPA French	as-tu	8	progressive	LingPy prog	1.0000	1.0000	1.0000	1.0000	ok
BDPA French	au_coeur	8	progressive	LingPy prog		0.2768	0.2214	0.2460	len_mismatch
BDPA French	au_genou	8	progressive	LingPy prog		0.5357	0.4592	0.4945	len_mismatch
BDPA French	au_pouce	8	progressive	LingPy prog	1.0000	1.0000	1.0000	1.0000	ok
BDPA French	aujourd_hui	8	progressive	LingPy prog	1.0000	1.0000	1.0000	1.0000	ok
BDPA French	c_est	4	ndim	LingPy prog	1.0000	1.0000	1.0000	1.0000	ok
BDPA French	cela_m_a_aide	8	progressive	LingPy prog	1.0000	1.0000	1.0000	1.0000	ok
BDPA French	contre	8	progressive	LingPy prog	1.0000	1.0000	1.0000	1.0000	ok
BDPA French	croitre	8	progressive	LingPy prog	1.0000	1.0000	1.0000	1.0000	ok
BDPA French	cru	8	progressive	LingPy prog	1.0000	1.0000	1.0000	1.0000	ok
BDPA French	de_cendres	8	progressive	LingPy prog	1.0000	1.0000	1.0000	1.0000	ok
BDPA French	de_chou	8	progressive	LingPy prog	1.0000	1.0000	1.0000	1.0000	ok
BDPA French	de_la_viande	8	progressive	LingPy prog	1.0000	1.0000	1.0000	1.0000	ok
BDPA French	de_ma_soeur	8	progressive	LingPy prog	1.0000	1.0000	1.0000	1.0000	ok
BDPA French	de_noeuds	8	progressive	LingPy prog	1.0000	1.0000	1.0000	1.0000	ok
BDPA French	descendre	8	progressive	LingPy prog	1.0000	1.0000	1.0000	1.0000	ok
BDPA French	du_fromage	8	progressive	LingPy prog	1.0000	1.0000	1.0000	1.0000	ok
BDPA French	du_pain	8	progressive	LingPy prog	1.0000	1.0000	1.0000	1.0000	ok
BDPA French	du_poivre	8	progressive	LingPy prog	1.0000	1.0000	1.0000	1.0000	ok
BDPA French	est_maigre	8	progressive	LingPy prog	1.0000	1.0000	1.0000	1.0000	ok
BDPA French	etait	8	progressive	LingPy prog	1.0000	1.0000	1.0000	1.0000	ok
BDPA French	faim	8	progressive	LingPy prog	1.0000	1.0000	1.0000	1.0000	ok
BDPA French	il_fait	8	progressive	LingPy prog	1.0000	1.0000	1.0000	1.0000	ok
BDPA French	il_faudra	8	progressive	LingPy prog	0.6667	0.9167	0.9167	0.9167	ok
BDPA French	il_faut	8	progressive	LingPy prog	1.0000	1.0000	1.0000	1.0000	ok
BDPA French	il_ferme	7	progressive	LingPy prog	1.0000	1.0000	1.0000	1.0000	ok
BDPA French	ils_peuvent	8	progressive	LingPy prog	1.0000	1.0000	1.0000	1.0000	ok
BDPA French	je_sais	8	progressive	LingPy prog	1.0000	1.0000	1.0000	1.0000	ok
BDPA French	l_eau	8	progressive	LingPy prog		0.0000	0.0000	0.0000	len_mismatch
BDPA French	l_oiseau	8	progressive	LingPy prog	1.0000	1.0000	1.0000	1.0000	ok
BDPA French	la_clef	8	progressive	LingPy prog	1.0000	1.0000	1.0000	1.0000	ok
BDPA French	la_cuiller	8	progressive	LingPy prog	1.0000	1.0000	1.0000	1.0000	ok
BDPA French	la_fenetre	8	progressive	LingPy prog	1.0000	1.0000	1.0000	1.0000	ok
BDPA French	la_fievre	8	progressive	LingPy prog	1.0000	1.0000	1.0000	1.0000	ok
BDPA French	la_main	8	progressive	LingPy prog	1.0000	1.0000	1.0000	1.0000	ok
BDPA French	largeur	5	progressive	LingPy prog	1.0000	1.0000	1.0000	1.0000	ok
BDPA French	le_cercle	8	progressive	LingPy prog		0.1735	0.2024	0.1868	len_mismatch
BDPA French	"le_chable"""	3	ndim	LingPy prog	1.0000	1.0000	1.0000	1.0000	ok
BDPA French	le_chasseur	8	progressive	LingPy prog	1.0000	1.0000	1.0000	1.0000	ok
BDPA French	le_grenier	8	progressive	LingPy prog	1.0000	1.0000	1.0000	1.0000	ok
BDPA French	le_medecin	8	progressive	LingPy prog	1.0000	1.0000	1.0000	1.0000	ok
BDPA French	le_saule	8	progressive	LingPy prog	1.0000	1.0000	1.0000	1.0000	ok
BDPA French	le_sentier	8	progressive	LingPy prog	1.0000	1.0000	1.0000	1.0000	ok
BDPA French	les_deux_moities	8	progressive	LingPy prog	1.0000	1.0000	1.0000	1.0000	ok
BDPA French	lire	8	progressive	LingPy prog	1.0000	1.0000	1.0000	1.0000	ok
BDPA French	m_appeler	8	progressive	LingPy prog	1.0000	1.0000	1.0000	1.0000	ok
BDPA French	mieux_qu_elle	8	progressive	LingPy prog	1.0000	1.0000	1.0000	1.0000	ok
BDPA French	moudre	8	progressive	LingPy prog	1.0000	1.0000	1.0000	1.0000	ok
BDPA French	mur	8	progressive	LingPy prog		0.4018	0.3214	0.3571	len_mismatch
BDPA French	ne_savent_pas	8	progressive	LingPy prog		0.9375	0.7500	0.8333	len_mismatch
BDPA French	notre	8	progressive	LingPy prog	1.0000	1.0000	1.0000	1.0000	ok
BDPA French	oiseau_vert	8	progressive	LingPy prog	1.0000	1.0000	1.0000	1.0000	ok
BDPA French	pauvrete	8	progressive	LingPy prog	1.0000	1.0000	1.0000	1.0000	ok
BDPA French	perdu	8	progressive	LingPy prog	1.0000	1.0000	1.0000	1.0000	ok
BDPA French	quatre	8	progressive	LingPy prog	1.0000	1.0000	1.0000	1.0000	ok
BDPA French	racerer	8	progressive	LingPy prog	1.0000	1.0000	1.0000	1.0000	ok
BDPA French	sans	8	progressive	LingPy prog	1.0000	1.0000	1.0000	1.0000	ok
BDPA French	six	8	progressive	LingPy prog	1.0000	1.0000	1.0000	1.0000	ok
BDPA French	suivre	8	progressive	LingPy prog	1.0000	1.0000	1.0000	1.0000	ok
BDPA French	tondre	8	progressive	LingPy prog	1.0000	1.0000	1.0000	1.0000	ok
BDPA French	un_joug	8	progressive	LingPy prog	1.0000	1.0000	1.0000	1.0000	ok
BDPA French	un_lievre	8	progressive	LingPy prog	1.0000	1.0000	1.0000	1.0000	ok
BDPA French	un_lit	8	progressive	LingPy prog	1.0000	1.0000	1.0000	1.0000	ok
BDPA French	une_cuilleree_des_cuillerees	8	progressive	LingPy prog	1.0000	1.0000	1.0000	1.0000	ok
BDPA French	une_cuve	6	progressive	LingPy prog	1.0000	1.0000	1.0000	1.0000	ok
BDPA French	une_perte	8	progressive	LingPy prog	0.6667	0.6667	0.6667	0.6667	ok
BDPA French	a_la_cuisse	8	progressive	malign auto (SCA)	1.0000	1.0000	1.0000	1.0000	ok
BDPA French	as-tu	8	progressive	malign auto (SCA)	1.0000	1.0000	1.0000	1.0000	ok
BDPA French	au_coeur	8	progressive	malign auto (SCA)	0.2000	0.3429	0.3429	0.3429	ok
BDPA French	au_genou	8	progressive	malign auto (SCA)		0.6286	0.4490	0.5238	len_mismatch
BDPA French	au_pouce	8	progressive	malign auto (SCA)	1.0000	1.0000	1.0000	1.0000	ok
BDPA French	aujourd_hui	8	progressive	malign auto (SCA)	1.0000	1.0000	1.0000	1.0000	ok
BDPA French	c_est	4	ndim	malign auto (SCA)	1.0000	1.0000	1.0000	1.0000	ok
BDPA French	cela_m_a_aide	8	progressive	malign auto (SCA)	1.0000	1.0000	1.0000	1.0000	ok
BDPA French	contre	8	progressive	malign auto (SCA)	0.4286	0.4898	0.4898	0.4898	ok
BDPA French	croitre	8	progressive	malign auto (SCA)	1.0000	1.0000	1.0000	1.0000	ok
BDPA French	cru	8	progressive	malign auto (SCA)	1.0000	1.0000	1.0000	1.0000	ok
BDPA French	de_cendres	8	progressive	malign auto (SCA)	0.2500	0.4107	0.4107	0.4107	ok
BDPA French	de_chou	8	progressive	malign auto (SCA)	1.0000	1.0000	1.0000	1.0000	ok
BDPA French	de_la_viande	8	progressive	malign auto (SCA)	1.0000	1.0000	1.0000	1.0000	ok
BDPA French	de_ma_soeur	8	progressive	malign auto (SCA)	0.6000	0.9000	0.9000	0.9000	ok
BDPA French	de_noeuds	8	progressive	malign auto (SCA)	1.0000	1.0000	1.0000	1.0000	ok
BDPA French	descendre	8	progressive	malign auto (SCA)	1.0000	1.0000	1.0000	1.0000	ok
BDPA French	du_fromage	8	progressive	malign auto (SCA)	1.0000	1.0000	1.0000	1.0000	ok
BDPA French	du_pain	8	progressive	malign auto (SCA)	1.0000	1.0000	1.0000	1.0000	ok
BDPA French	du_poivre	8	progressive	malign auto (SCA)	0.1429	0.6327	0.6327	0.6327	ok
BDPA French	est_maigre	8	progressive	malign auto (SCA)	1.0000	1.0000	1.0000	1.0000	ok
BDPA French	etait	8	progressive	malign auto (SCA)	1.0000	1.0000	1.0000	1.0000	ok
BDPA French	faim	8	progressive	malign auto (SCA)	1.0000	1.0000	1.0000	1.0000	ok
BDPA French	il_fait	8	progressive	malign auto (SCA)	1.0000	1.0000	1.0000	1.0000	ok
BDPA French	il_faudra	8	progressive	malign auto (SCA)	1.0000	1.0000	1.0000	1.0000	ok
BDPA French	il_faut	8	progressive	malign auto (SCA)	1.0000	1.0000	1.0000	1.0000	ok
BDPA French	il_ferme	7	progressive	malign auto (SCA)	1.0000	1.0000	1.0000	1.0000	ok
BDPA French	ils_peuvent	8	progressive	malign auto (SCA)	1.0000	1.0000	1.0000	1.0000	ok
BDPA French	je_sais	8	progressive	malign auto (SCA)	1.0000	1.0000	1.0000	1.0000	ok
BDPA French	l_eau	8	progressive	malign auto (SCA)		0.0000	0.0000	0.0000	len_mismatch
BDPA French	l_oiseau	8	progressive	malign auto (SCA)	1.0000	1.0000	1.0000	1.0000	ok
BDPA French	la_clef	8	progressive	malign auto (SCA)		0.8333	0.6250	0.7143	len_mismatch
BDPA French	la_cuiller	8	progressive	malign auto (SCA)		0.5000	0.5833	0.5385	len_mismatch
BDPA French	la_fenetre	8	progressive	malign auto (SCA)	0.2857	0.8214	0.8214	0.8214	ok
BDPA French	la_fievre	8	progressive	malign auto (SCA)	1.0000	1.0000	1.0000	1.0000	ok
BDPA French	la_main	8	progressive	malign auto (SCA)	1.0000	1.0000	1.0000	1.0000	ok
BDPA French	largeur	5	progressive	malign auto (SCA)	1.0000	1.0000	1.0000	1.0000	ok
BDPA French	le_cercle	8	progressive	malign auto (SCA)		0.1562	0.2083	0.1786	len_mismatch
BDPA French	"le_chable"""	3	ndim	malign auto (SCA)	0.3333	0.3333	0.3333	0.3333	ok
BDPA French	le_chasseur	8	progressive	malign auto (SCA)	1.0000	1.0000	1.0000	1.0000	ok
BDPA French	le_grenier	8	progressive	malign auto (SCA)	0.5000	0.8750	0.8750	0.8750	ok
BDPA French	le_medecin	8	progressive	malign auto (SCA)	1.0000	1.0000	1.0000	1.0000	ok
BDPA French	le_saule	8	progressive	malign auto (SCA)	1.0000	1.0000	1.0000	1.0000	ok
BDPA French	le_sentier	8	progressive	malign auto (SCA)	1.0000	1.0000	1.0000	1.0000	ok
BDPA French	les_deux_moities	8	progressive	malign auto (SCA)	1.0000	1.0000	1.0000	1.0000	ok
BDPA French	lire	8	progressive	malign auto (SCA)	1.0000	1.0000	1.0000	1.0000	ok
BDPA French	m_appeler	8	progressive	malign auto (SCA)		0.3214	0.2812	0.3000	len_mismatch
BDPA French	mieux_qu_elle	8	progressive	malign auto (SCA)	1.0000	1.0000	1.0000	1.0000	ok
BDPA French	moudre	8	progressive	malign auto (SCA)	1.0000	1.0000	1.0000	1.0000	ok
BDPA French	mur	8	progressive	malign auto (SCA)		0.6518	0.5214	0.5794	len_mismatch
BDPA French	ne_savent_pas	8	progressive	malign auto (SCA)		0.9375	0.7500	0.8333	len_mismatch
BDPA French	notre	8	progressive	malign auto (SCA)	1.0000	1.0000	1.0000	1.0000	ok
BDPA French	oiseau_vert	8	progressive	malign auto (SCA)	1.0000	1.0000	1.0000	1.0000	ok
BDPA French	pauvrete	8	progressive	malign auto (SCA)	1.0000	1.0000	1.0000	1.0000	ok
BDPA French	perdu	8	progressive	malign auto (SCA)	1.0000	1.0000	1.0000	1.0000	ok
BDPA French	quatre	8	progressive	malign auto (SCA)	1.0000	1.0000	1.0000	1.0000	ok
BDPA French	racerer	8	progressive	malign auto (SCA)	1.0000	1.0000	1.0000	1.0000	ok
BDPA French	sans	8	progressive	malign auto (SCA)	1.0000	1.0000	1.0000	1.0000	ok
BDPA French	six	8	progressive	malign auto (SCA)	1.0000	1.0000	1.0000	1.0000	ok
BDPA French	suivre	8	progressive	malign auto (SCA)	0.1429	0.3112	0.3112	0.3112	ok
BDPA French	tondre	8	progressive	malign auto (SCA)	1.0000	1.0000	1.0000	1.0000	ok
BDPA French	un_joug	8	progressive	malign auto (SCA)	1.0000	1.0000	1.0000	1.0000	ok
BDPA French	un_lievre	8	progressive	malign auto (SCA)	1.0000	1.0000	1.0000	1.0000	ok
BDPA French	un_lit	8	progressive	malign auto (SCA)	1.0000	1.0000	1.0000	1.0000	ok
BDPA French	une_cuilleree_des_cuillerees	8	progressive	malign auto (SCA)		0.1944	0.2188	0.2059	len_mismatch
BDPA French	une_cuve	6	progressive	malign auto (SCA)	1.0000	1.0000	1.0000	1.0000	ok
BDPA French	une_perte	8	progressive	malign auto (SCA)		0.7000	0.5833	0.6364	len_mismatch
BDPA French	a_la_cuisse	8	progressive	malign auto (boot)	0.2000	0.3714	0.3714	0.3714	ok
BDPA French	as-tu	8	progressive	malign auto (boot)	1.0000	1.0000	1.0000	1.0000	ok
BDPA French	au_coeur	8	progressive	malign auto (boot)		0.2679	0.2143	0.2381	len_mismatch
BDPA French	au_genou	8	progressive	malign auto (boot)	0.1429	0.2959	0.2959	0.2959	ok
BDPA French	au_pouce	8	progressive	malign auto (boot)		0.2000	0.2500	0.2222	len_mismatch
BDPA French	aujourd_hui	8	progressive	malign auto (boot)		0.5000	0.7500	0.6000	len_mismatch
BDPA French	c_est	4	ndim	malign auto (boot)	1.0000	1.0000	1.0000	1.0000	ok
BDPA French	cela_m_a_aide	8	progressive	malign auto (boot)	0.5000	0.6071	0.6071	0.6071	ok
BDPA French	contre	8	progressive	malign auto (boot)		0.3869	0.3316	0.3571	len_mismatch
BDPA French	croitre	8	progressive	malign auto (boot)		0.4286	0.5000	0.4615	len_mismatch
BDPA French	cru	8	progressive	malign auto (boot)		0.6339	0.8452	0.7245	len_mismatch
BDPA French	de_cendres	8	progressive	malign auto (boot)	0.1250	0.2009	0.2009	0.2009	ok
BDPA French	de_chou	8	progressive	malign auto (boot)	1.0000	1.0000	1.0000	1.0000	ok
BDPA French	de_la_viande	8	progressive	malign auto (boot)	0.5000	0.7679	0.7679	0.7679	ok
BDPA French	de_ma_soeur	8	progressive	malign auto (boot)	0.4000	0.6357	0.6357	0.6357	ok
BDPA French	de_noeuds	8	progressive	malign auto (boot)		0.2500	0.5000	0.3333	len_mismatch
BDPA French	descendre	8	progressive	malign auto (boot)	0.5000	0.6339	0.6339	0.6339	ok
BDPA French	du_fromage	8	progressive	malign auto (boot)		0.1429	0.1250	0.1333	len_mismatch
BDPA French	du_pain	8	progressive	malign auto (boot)	1.0000	1.0000	1.0000	1.0000	ok
BDPA French	du_poivre	8	progressive	malign auto (boot)		0.3571	0.3061	0.3297	len_mismatch
BDPA French	est_maigre	8	progressive	malign auto (boot)	1.0000	1.0000	1.0000	1.0000	ok
BDPA French	etait	8	progressive	malign auto (boot)		0.0000	0.0000	0.0000	len_mismatch
BDPA French	faim	8	progressive	malign auto (boot)	1.0000	1.0000	1.0000	1.0000	ok
BDPA French	il_fait	8	progressive	malign auto (boot)	0.0000	0.2946	0.2946	0.2946	ok
BDPA French	il_faudra	8	progressive	malign auto (boot)	0.1667	0.5417	0.5417	0.5417	ok
BDPA French	il_faut	8	progressive	malign auto (boot)	1.0000	1.0000	1.0000	1.0000	ok
BDPA French	il_ferme	7	progressive	malign auto (boot)		0.7823	0.9127	0.8425	len_mismatch
BDPA French	ils_peuvent	8	progressive	malign auto (boot)		0.3631	0.4357	0.3961	len_mismatch
BDPA French	je_sais	8	progressive	malign auto (boot)	1.0000	1.0000	1.0000	1.0000	ok
BDPA French	l_eau	8	progressive	malign auto (boot)	1.0000	1.0000	1.0000	1.0000	ok
BDPA French	l_oiseau	8	progressive	malign auto (boot)	1.0000	1.0000	1.0000	1.0000	ok
BDPA French	la_clef	8	progressive	malign auto (boot)		0.6905	0.5179	0.5918	len_mismatch
BDPA French	la_cuiller	8	progressive	malign auto (boot)		0.1633	0.1905	0.1758	len_mismatch
BDPA French	la_fenetre	8	progressive	malign auto (boot)	0.2857	0.6531	0.6531	0.6531	ok
BDPA French	la_fievre	8	progressive	malign auto (boot)	1.0000	1.0000	1.0000	1.0000	ok
BDPA French	la_main	8	progressive	malign auto (boot)	1.0000	1.0000	1.0000	1.0000	ok
BDPA French	largeur	5	progressive	malign auto (boot)	1.0000	1.0000	1.0000	1.0000	ok
BDPA French	le_cercle	8	progressive	malign auto (boot)		0.1837	0.2143	0.1978	len_mismatch
BDPA French	"le_chable"""	3	ndim	malign auto (boot)	0.3333	0.3333	0.3333	0.3333	ok
BDPA French	le_chasseur	8	progressive	malign auto (boot)	0.5000	0.5714	0.5714	0.5714	ok
BDPA French	le_grenier	8	progressive	malign auto (boot)		0.2857	0.2381	0.2597	len_mismatch
BDPA French	le_medecin	8	progressive	malign auto (boot)		0.4388	0.5119	0.4725	len_mismatch
BDPA French	le_saule	8	progressive	malign auto (boot)	1.0000	1.0000	1.0000	1.0000	ok
BDPA French	le_sentier	8	progressive	malign auto (boot)		0.4643	0.3869	0.4221	len_mismatch
BDPA French	les_deux_moities	8	progressive	malign auto (boot)		0.2857	0.2381	0.2597	len_mismatch
BDPA French	lire	8	progressive	malign auto (boot)	1.0000	1.0000	1.0000	1.0000	ok
BDPA French	m_appeler	8	progressive	malign auto (boot)		0.4286	0.3750	0.4000	len_mismatch
BDPA French	mieux_qu_elle	8	progressive	malign auto (boot)	1.0000	1.0000	1.0000	1.0000	ok
BDPA French	moudre	8	progressive	malign auto (boot)		0.6429	0.5357	0.5844	len_mismatch
BDPA French	mur	8	progressive	malign auto (boot)		0.4375	0.3500	0.3889	len_mismatch
BDPA French	ne_savent_pas	8	progressive	malign auto (boot)		0.9375	0.7500	0.8333	len_mismatch
BDPA French	notre	8	progressive	malign auto (boot)		0.7143	0.8571	0.7792	len_mismatch
BDPA French	oiseau_vert	8	progressive	malign auto (boot)	1.0000	1.0000	1.0000	1.0000	ok
BDPA French	pauvrete	8	progressive	malign auto (boot)		0.3112	0.2723	0.2905	len_mismatch
BDPA French	perdu	8	progressive	malign auto (boot)	1.0000	1.0000	1.0000	1.0000	ok
BDPA French	quatre	8	progressive	malign auto (boot)	1.0000	1.0000	1.0000	1.0000	ok
BDPA French	racerer	8	progressive	malign auto (boot)	1.0000	1.0000	1.0000	1.0000	ok
BDPA French	sans	8	progressive	malign auto (boot)		0.2500	0.3333	0.2857	len_mismatch
BDPA French	six	8	progressive	malign auto (boot)		0.3333	0.2500	0.2857	len_mismatch
BDPA French	suivre	8	progressive	malign auto (boot)		0.1643	0.2347	0.1933	len_mismatch
BDPA French	tondre	8	progressive	malign auto (boot)		0.3750	0.3214	0.3462	len_mismatch
BDPA French	un_joug	8	progressive	malign auto (boot)	1.0000	1.0000	1.0000	1.0000	ok
BDPA French	un_lievre	8	progressive	malign auto (boot)		0.6000	0.5000	0.5455	len_mismatch
BDPA French	un_lit	8	progressive	malign auto (boot)	1.0000	1.0000	1.0000	1.0000	ok
BDPA French	une_cuilleree_des_cuillerees	8	progressive	malign auto (boot)	0.0000	0.2812	0.2812	0.2812	ok
BDPA French	une_cuve	6	progressive	malign auto (boot)	0.2857	0.4095	0.4095	0.4095	ok
BDPA French	une_perte	8	progressive	malign auto (boot)		0.7000	0.5833	0.6364	len_mismatch
BDPA French	a_la_cuisse	8	progressive	malign auto (SCA+boot)	0.6000	0.9000	0.9000	0.9000	ok
BDPA French	as-tu	8	progressive	malign auto (SCA+boot)	1.0000	1.0000	1.0000	1.0000	ok
BDPA French	au_coeur	8	progressive	malign auto (SCA+boot)		0.1964	0.1571	0.1746	len_mismatch
BDPA French	au_genou	8	progressive	malign auto (SCA+boot)		0.1726	0.1480	0.1593	len_mismatch
BDPA French	au_pouce	8	progressive	malign auto (SCA+boot)	1.0000	1.0000	1.0000	1.0000	ok
BDPA French	aujourd_hui	8	progressive	malign auto (SCA+boot)	1.0000	1.0000	1.0000	1.0000	ok
BDPA French	c_est	4	ndim	malign auto (SCA+boot)	1.0000	1.0000	1.0000	1.0000	ok
BDPA French	cela_m_a_aide	8	progressive	malign auto (SCA+boot)	1.0000	1.0000	1.0000	1.0000	ok
BDPA French	contre	8	progressive	malign auto (SCA+boot)		0.3690	0.3163	0.3407	len_mismatch
BDPA French	croitre	8	progressive	malign auto (SCA+boot)	0.6667	0.9167	0.9167	0.9167	ok
BDPA French	cru	8	progressive	malign auto (SCA+boot)	1.0000	1.0000	1.0000	1.0000	ok
BDPA French	de_cendres	8	progressive	malign auto (SCA+boot)	0.1250	0.2009	0.2009	0.2009	ok
BDPA French	de_chou	8	progressive	malign auto (SCA+boot)	1.0000	1.0000	1.0000	1.0000	ok
BDPA French	de_la_viande	8	progressive	malign auto (SCA+boot)	0.5000	0.7679	0.7679	0.7679	ok
BDPA French	de_ma_soeur	8	progressive	malign auto (SCA+boot)	0.4000	0.6357	0.6357	0.6357	ok
BDPA French	de_noeuds	8	progressive	malign auto (SCA+boot)	1.0000	1.0000	1.0000	1.0000	ok
BDPA French	descendre	8	progressive	malign auto (SCA+boot)	0.5000	0.6339	0.6339	0.6339	ok
BDPA French	du_fromage	8	progressive	malign auto (SCA+boot)	0.6250	0.6250	0.6250	0.6250	ok
BDPA French	du_pain	8	progressive	malign auto (SCA+boot)	1.0000	1.0000	1.0000	1.0000	ok
BDPA French	du_poivre	8	progressive	malign auto (SCA+boot)		0.6205	0.7092	0.6619	len_mismatch
BDPA French	est_maigre	8	progressive	malign auto (SCA+boot)	1.0000	1.0000	1.0000	1.0000	ok
BDPA French	etait	8	progressive	malign auto (SCA+boot)	1.0000	1.0000	1.0000	1.0000	ok
BDPA French	faim	8	progressive	malign auto (SCA+boot)	1.0000	1.0000	1.0000	1.0000	ok
BDPA French	il_fait	8	progressive	malign auto (SCA+boot)	0.0000	0.2500	0.2500	0.2500	ok
BDPA French	il_faudra	8	progressive	malign auto (SCA+boot)	0.6667	0.6786	0.6786	0.6786	ok
BDPA French	il_faut	8	progressive	malign auto (SCA+boot)	1.0000	1.0000	1.0000	1.0000	ok
BDPA French	il_ferme	7	progressive	malign auto (SCA+boot)		0.3537	0.4127	0.3810	len_mismatch
BDPA French	ils_peuvent	8	progressive	malign auto (SCA+boot)	0.2000	0.5643	0.5643	0.5643	ok
BDPA French	je_sais	8	progressive	malign auto (SCA+boot)	1.0000	1.0000	1.0000	1.0000	ok
BDPA French	l_eau	8	progressive	malign auto (SCA+boot)	0.3333	0.8333	0.8333	0.8333	ok
BDPA French	l_oiseau	8	progressive	malign auto (SCA+boot)	1.0000	1.0000	1.0000	1.0000	ok
BDPA French	la_clef	8	progressive	malign auto (SCA+boot)		0.5476	0.4107	0.4694	len_mismatch
BDPA French	la_cuiller	8	progressive	malign auto (SCA+boot)		0.3265	0.3810	0.3516	len_mismatch
BDPA French	la_fenetre	8	progressive	malign auto (SCA+boot)	0.1429	0.6327	0.6327	0.6327	ok
BDPA French	la_fievre	8	progressive	malign auto (SCA+boot)	1.0000	1.0000	1.0000	1.0000	ok
BDPA French	la_main	8	progressive	malign auto (SCA+boot)	1.0000	1.0000	1.0000	1.0000	ok
BDPA French	largeur	5	progressive	malign auto (SCA+boot)	1.0000	1.0000	1.0000	1.0000	ok
BDPA French	le_cercle	8	progressive	malign auto (SCA+boot)		0.1939	0.2262	0.2088	len_mismatch
BDPA French	"le_chable"""	3	ndim	malign auto (SCA+boot)	0.3333	0.3333	0.3333	0.3333	ok
BDPA French	le_chasseur	8	progressive	malign auto (SCA+boot)		0.6143	0.5119	0.5584	len_mismatch
BDPA French	le_grenier	8	progressive	malign auto (SCA+boot)	0.5000	0.8750	0.8750	0.8750	ok
BDPA French	le_medecin	8	progressive	malign auto (SCA+boot)	1.0000	1.0000	1.0000	1.0000	ok
BDPA French	le_saule	8	progressive	malign auto (SCA+boot)	1.0000	1.0000	1.0000	1.0000	ok
BDPA French	le_sentier	8	progressive	malign auto (SCA+boot)	0.5000	0.7083	0.7083	0.7083	ok
BDPA French	les_deux_moities	8	progressive	malign auto (SCA+boot)		0.2857	0.2381	0.2597	len_mismatch
BDPA French	lire	8	progressive	malign auto (SCA+boot)	1.0000	1.0000	1.0000	1.0000	ok
BDPA French	m_appeler	8	progressive	malign auto (SCA+boot)	1.0000	1.0000	1.0000	1.0000	ok
BDPA French	mieux_qu_elle	8	progressive	malign auto (SCA+boot)	0.5000	0.7679	0.7679	0.7679	ok
BDPA French	moudre	8	progressive	malign auto (SCA+boot)	1.0000	1.0000	1.0000	1.0000	ok
BDPA French	mur	8	progressive	malign auto (SCA+boot)		0.4375	0.3500	0.3889	len_mismatch
BDPA French	ne_savent_pas	8	progressive	malign auto (SCA+boot)		0.9375	0.7500	0.8333	len_mismatch
BDPA French	notre	8	progressive	malign auto (SCA+boot)	1.0000	1.0000	1.0000	1.0000	ok
BDPA French	oiseau_vert	8	progressive	malign auto (SCA+boot)	1.0000	1.0000	1.0000	1.0000	ok
BDPA French	pauvrete	8	progressive	malign auto (SCA+boot)	0.2500	0.3036	0.3036	0.3036	ok
BDPA French	perdu	8	progressive	malign auto (SCA+boot)	1.0000	1.0000	1.0000	1.0000	ok
BDPA French	quatre	8	progressive	malign auto (SCA+boot)	1.0000	1.0000	1.0000	1.0000	ok
BDPA French	racerer	8	progressive	malign auto (SCA+boot)	1.0000	1.0000	1.0000	1.0000	ok
BDPA French	sans	8	progressive	malign auto (SCA+boot)	1.0000	1.0000	1.0000	1.0000	ok
BDPA French	six	8	progressive	malign auto (SCA+boot)		0.3333	0.2500	0.2857	len_mismatch
BDPA French	suivre	8	progressive	malign auto (SCA+boot)	0.1429	0.3878	0.3878	0.3878	ok
BDPA French	tondre	8	progressive	malign auto (SCA+boot)	0.2857	0.4235	0.4235	0.4235	ok
BDPA French	un_joug	8	progressive	malign auto (SCA+boot)	1.0000	1.0000	1.0000	1.0000	ok
BDPA French	un_lievre	8	progressive	malign auto (SCA+boot)	1.0000	1.0000	1.0000	1.0000	ok
BDPA French	un_lit	8	progressive	malign auto (SCA+boot)	1.0000	1.0000	1.0000	1.0000	ok
BDPA French	une_cuilleree_des_cuillerees	8	progressive	malign auto (SCA+boot)	0.1250	0.3214	0.3214	0.3214	ok
BDPA French	une_cuve	6	progressive	malign auto (SCA+boot)		0.5333	0.4571	0.4923	len_mismatch
BDPA French	une_perte	8	progressive	malign auto (SCA+boot)		0.7000	0.5833	0.6364	len_mismatch
BDPA French	a_la_cuisse	8	progressive	malign prog (SCA)	1.0000	1.0000	1.0000	1.0000	ok
BDPA French	as-tu	8	progressive	malign prog (SCA)	1.0000	1.0000	1.0000	1.0000	ok
BDPA French	au_coeur	8	progressive	malign prog (SCA)	0.2000	0.3429	0.3429	0.3429	ok
BDPA French	au_genou	8	progressive	malign prog (SCA)		0.6286	0.4490	0.5238	len_mismatch
BDPA French	au_pouce	8	progressive	malign prog (SCA)	1.0000	1.0000	1.0000	1.0000	ok
BDPA French	aujourd_hui	8	progressive	malign prog (SCA)	1.0000	1.0000	1.0000	1.0000	ok
BDPA French	c_est	4	ndim	malign prog (SCA)	1.0000	1.0000	1.0000	1.0000	ok
BDPA French	cela_m_a_aide	8	progressive	malign prog (SCA)	1.0000	1.0000	1.0000	1.0000	ok
BDPA French	contre	8	progressive	malign prog (SCA)	0.4286	0.4898	0.4898	0.4898	ok
BDPA French	croitre	8	progressive	malign prog (SCA)	1.0000	1.0000	1.0000	1.0000	ok
BDPA French	cru	8	progressive	malign prog (SCA)	1.0000	1.0000	1.0000	1.0000	ok
BDPA French	de_cendres	8	progressive	malign prog (SCA)	0.2500	0.4107	0.4107	0.4107	ok
BDPA French	de_chou	8	progressive	malign prog (SCA)	1.0000	1.0000	1.0000	1.0000	ok
BDPA French	de_la_viande	8	progressive	malign prog (SCA)	1.0000	1.0000	1.0000	1.0000	ok
BDPA French	de_ma_soeur	8	progressive	malign prog (SCA)	0.6000	0.9000	0.9000	0.9000	ok
BDPA French	de_noeuds	8	progressive	malign prog (SCA)	1.0000	1.0000	1.0000	1.0000	ok
BDPA French	descendre	8	progressive	malign prog (SCA)	1.0000	1.0000	1.0000	1.0000	ok
BDPA French	du_fromage	8	progressive	malign prog (SCA)	1.0000	1.0000	1.0000	1.0000	ok
BDPA French	du_pain	8	progressive	malign prog (SCA)	1.0000	1.0000	1.0000	1.0000	ok
BDPA French	du_poivre	8	progressive	malign prog (SCA)	0.1429	0.6327	0.6327	0.6327	ok
BDPA French	est_maigre	8	progressive	malign prog (SCA)	1.0000	1.0000	1.0000	1.0000	ok
BDPA French	etait	8	progressive	malign prog (SCA)	1.0000	1.0000	1.0000	1.0000	ok
BDPA French	faim	8	progressive	malign prog (SCA)	1.0000	1.0000	1.0000	1.0000	ok
BDPA French	il_fait	8	progressive	malign prog (SCA)	1.0000	1.0000	1.0000	1.0000	ok
BDPA French	il_faudra	8	progressive	malign prog (SCA)	1.0000	1.0000	1.0000	1.0000	ok
BDPA French	il_faut	8	progressive	malign prog (SCA)	1.0000	1.0000	1.0000	1.0000	ok
BDPA French	il_ferme	7	progressive	malign prog (SCA)	1.0000	1.0000	1.0000	1.0000	ok
BDPA French	ils_peuvent	8	progressive	malign prog (SCA)	1.0000	1.0000	1.0000	1.0000	ok
BDPA French	je_sais	8	progressive	malign prog (SCA)	1.0000	1.0000	1.0000	1.0000	ok
BDPA French	l_eau	8	progressive	malign prog (SCA)		0.0000	0.0000	0.0000	len_mismatch
BDPA French	l_oiseau	8	progressive	malign prog (SCA)	1.0000	1.0000	1.0000	1.0000	ok
BDPA French	la_clef	8	progressive	malign prog (SCA)		0.8333	0.6250	0.7143	len_mismatch
BDPA French	la_cuiller	8	progressive	malign prog (SCA)		0.5000	0.5833	0.5385	len_mismatch
BDPA French	la_fenetre	8	progressive	malign prog (SCA)	0.2857	0.8214	0.8214	0.8214	ok
BDPA French	la_fievre	8	progressive	malign prog (SCA)	1.0000	1.0000	1.0000	1.0000	ok
BDPA French	la_main	8	progressive	malign prog (SCA)	1.0000	1.0000	1.0000	1.0000	ok
BDPA French	largeur	5	progressive	malign prog (SCA)	1.0000	1.0000	1.0000	1.0000	ok
BDPA French	le_cercle	8	progressive	malign prog (SCA)		0.1562	0.2083	0.1786	len_mismatch
BDPA French	"le_chable"""	3	ndim	malign prog (SCA)		0.4286	0.5000	0.4615	len_mismatch
BDPA French	le_chasseur	8	progressive	malign prog (SCA)	1.0000	1.0000	1.0000	1.0000	ok
BDPA French	le_grenier	8	progressive	malign prog (SCA)	0.5000	0.8750	0.8750	0.8750	ok
BDPA French	le_medecin	8	progressive	malign prog (SCA)	1.0000	1.0000	1.0000	1.0000	ok
BDPA French	le_saule	8	progressive	malign prog (SCA)	1.0000	1.0000	1.0000	1.0000	ok
BDPA French	le_sentier	8	progressive	malign prog (SCA)	1.0000	1.0000	1.0000	1.0000	ok
BDPA French	les_deux_moities	8	progressive	malign prog (SCA)	1.0000	1.0000	1.0000	1.0000	ok
BDPA French	lire	8	progressive	malign prog (SCA)	1.0000	1.0000	1.0000	1.0000	ok
BDPA French	m_appeler	8	progressive	malign prog (SCA)		0.3214	0.2812	0.3000	len_mismatch
BDPA French	mieux_qu_elle	8	progressive	malign prog (SCA)	1.0000	1.0000	1.0000	1.0000	ok
BDPA French	moudre	8	progressive	malign prog (SCA)	1.0000	1.0000	1.0000	1.0000	ok
BDPA French	mur	8	progressive	malign prog (SCA)		0.6518	0.5214	0.5794	len_mismatch
BDPA French	ne_savent_pas	8	progressive	malign prog (SCA)		0.9375	0.7500	0.8333	len_mismatch
BDPA French	notre	8	progressive	malign prog (SCA)	1.0000	1.0000	1.0000	1.0000	ok
BDPA French	oiseau_vert	8	progressive	malign prog (SCA)	1.0000	1.0000	1.0000	1.0000	ok
BDPA French	pauvrete	8	progressive	malign prog (SCA)	1.0000	1.0000	1.0000	1.0000	ok
BDPA French	perdu	8	progressive	malign prog (SCA)	1.0000	1.0000	1.0000	1.0000	ok
BDPA French	quatre	8	progressive	malign prog (SCA)	1.0000	1.0000	1.0000	1.0000	ok
BDPA French	racerer	8	progressive	malign prog (SCA)	1.0000	1.0000	1.0000	1.0000	ok
BDPA French	sans	8	progressive	malign prog (SCA)	1.0000	1.0000	1.0000	1.0000	ok
BDPA French	six	8	progressive	malign prog (SCA)	1.0000	1.0000	1.0000	1.0000	ok
BDPA French	suivre	8	progressive	malign prog (SCA)	0.1429	0.3112	0.3112	0.3112	ok
BDPA French	tondre	8	progressive	malign prog (SCA)	1.0000	1.0000	1.0000	1.0000	ok
BDPA French	un_joug	8	progressive	malign prog (SCA)	1.0000	1.0000	1.0000	1.0000	ok
BDPA French	un_lievre	8	progressive	malign prog (SCA)	1.0000	1.0000	1.0000	1.0000	ok
BDPA French	un_lit	8	progressive	malign prog (SCA)	1.0000	1.0000	1.0000	1.0000	ok
BDPA French	une_cuilleree_des_cuillerees	8	progressive	malign prog (SCA)		0.1944	0.2188	0.2059	len_mismatch
BDPA French	une_cuve	6	progressive	malign prog (SCA)	1.0000	1.0000	1.0000	1.0000	ok
BDPA French	une_perte	8	progressive	malign prog (SCA)		0.7000	0.5833	0.6364	len_mismatch
BDPA Japanese	all	8	progressive	LingPy prog	1.0000	1.0000	1.0000	1.0000	ok
BDPA Japanese	bird	8	progressive	LingPy prog	0.6667	0.6667	0.6667	0.6667	ok
BDPA Japanese	claw	8	progressive	LingPy prog	1.0000	1.0000	1.0000	1.0000	ok
BDPA Japanese	dog	8	progressive	LingPy prog	1.0000	1.0000	1.0000	1.0000	ok
BDPA Japanese	drink	8	progressive	LingPy prog	0.6667	0.7024	0.7024	0.7024	ok
BDPA Japanese	grease_fat	8	progressive	LingPy prog	0.5556	0.7421	0.7421	0.7421	ok
BDPA Japanese	hear	8	progressive	LingPy prog	0.6667	0.6786	0.6786	0.6786	ok
BDPA Japanese	heart	7	progressive	LingPy prog	1.0000	1.0000	1.0000	1.0000	ok
BDPA Japanese	kill	8	progressive	LingPy prog		0.0670	0.0595	0.0630	len_mismatch
BDPA Japanese	knee	6	progressive	LingPy prog	0.8000	0.8000	0.8000	0.8000	ok
BDPA Japanese	know	8	progressive	LingPy prog		0.5060	0.4337	0.4670	len_mismatch
BDPA Japanese	leaf	8	progressive	LingPy prog	1.0000	1.0000	1.0000	1.0000	ok
BDPA Japanese	liver	8	progressive	LingPy prog	1.0000	1.0000	1.0000	1.0000	ok
BDPA Japanese	long	8	progressive	LingPy prog	0.6250	0.7589	0.7589	0.7589	ok
BDPA Japanese	louse	8	progressive	LingPy prog	1.0000	1.0000	1.0000	1.0000	ok
BDPA Japanese	mouth	8	progressive	LingPy prog	1.0000	1.0000	1.0000	1.0000	ok
BDPA Japanese	one	8	progressive	LingPy prog	1.0000	1.0000	1.0000	1.0000	ok
BDPA Japanese	person	8	progressive	LingPy prog	1.0000	1.0000	1.0000	1.0000	ok
BDPA Japanese	small	4	ndim	LingPy prog	0.6667	0.8333	0.8333	0.8333	ok
BDPA Japanese	that	8	progressive	LingPy prog	1.0000	1.0000	1.0000	1.0000	ok
BDPA Japanese	tongue	8	progressive	LingPy prog	0.0000	0.5000	0.5000	0.5000	ok
BDPA Japanese	two	8	progressive	LingPy prog	1.0000	1.0000	1.0000	1.0000	ok
BDPA Japanese	who	8	progressive	LingPy prog	1.0000	1.0000	1.0000	1.0000	ok
BDPA Japanese	woman	8	progressive	LingPy prog	0.1429	0.3724	0.3724	0.3724	ok
BDPA Japanese	all	8	progressive	malign auto (SCA)	0.4000	0.6500	0.6500	0.6500	ok
BDPA Japanese	bird	8	progressive	malign auto (SCA)	1.0000	1.0000	1.0000	1.0000	ok
BDPA Japanese	claw	8	progressive	malign auto (SCA)	1.0000	1.0000	1.0000	1.0000	ok
BDPA Japanese	dog	8	progressive	malign auto (SCA)	1.0000	1.0000	1.0000	1.0000	ok
BDPA Japanese	drink	8	progressive	malign auto (SCA)	1.0000	1.0000	1.0000	1.0000	ok
BDPA Japanese	grease_fat	8	progressive	malign auto (SCA)	0.7778	0.9444	0.9444	0.9444	ok
BDPA Japanese	hear	8	progressive	malign auto (SCA)	1.0000	1.0000	1.0000	1.0000	ok
BDPA Japanese	heart	7	progressive	malign auto (SCA)	1.0000	1.0000	1.0000	1.0000	ok
BDPA Japanese	kill	8	progressive	malign auto (SCA)		0.0670	0.0595	0.0630	len_mismatch
BDPA Japanese	knee	6	progressive	malign auto (SCA)	0.2000	0.2000	0.2000	0.2000	ok
BDPA Japanese	know	8	progressive	malign auto (SCA)		0.5536	0.4745	0.5110	len_mismatch
BDPA Japanese	leaf	8	progressive	malign auto (SCA)	1.0000	1.0000	1.0000	1.0000	ok
BDPA Japanese	liver	8	progressive	malign auto (SCA)	1.0000	1.0000	1.0000	1.0000	ok
BDPA Japanese	long	8	progressive	malign auto (SCA)		0.6230	0.7009	0.6597	len_mismatch
BDPA Japanese	louse	8	progressive	malign auto (SCA)		0.4286	0.5000	0.4615	len_mismatch
BDPA Japanese	mouth	8	progressive	malign auto (SCA)	1.0000	1.0000	1.0000	1.0000	ok
BDPA Japanese	one	8	progressive	malign auto (SCA)	0.0000	0.5357	0.5357	0.5357	ok
BDPA Japanese	person	8	progressive	malign auto (SCA)	1.0000	1.0000	1.0000	1.0000	ok
BDPA Japanese	small	4	ndim	malign auto (SCA)		0.4000	0.3333	0.3636	len_mismatch
BDPA Japanese	that	8	progressive	malign auto (SCA)	1.0000	1.0000	1.0000	1.0000	ok
BDPA Japanese	tongue	8	progressive	malign auto (SCA)	0.3750	0.5134	0.5134	0.5134	ok
BDPA Japanese	two	8	progressive	malign auto (SCA)	0.0000	0.7500	0.7500	0.7500	ok
BDPA Japanese	who	8	progressive	malign auto (SCA)	1.0000	1.0000	1.0000	1.0000	ok
BDPA Japanese	woman	8	progressive	malign auto (SCA)	0.4286	0.6327	0.6327	0.6327	ok
BDPA Japanese	all	8	progressive	malign auto (boot)	0.0000	0.5786	0.5786	0.5786	ok
BDPA Japanese	bird	8	progressive	malign auto (boot)	0.6667	0.8452	0.8452	0.8452	ok
BDPA Japanese	claw	8	progressive	malign auto (boot)	1.0000	1.0000	1.0000	1.0000	ok
BDPA Japanese	dog	8	progressive	malign auto (boot)		0.1071	0.0804	0.0918	len_mismatch
BDPA Japanese	drink	8	progressive	malign auto (boot)	1.0000	1.0000	1.0000	1.0000	ok
BDPA Japanese	grease_fat	8	progressive	malign auto (boot)	0.7778	0.9444	0.9444	0.9444	ok
BDPA Japanese	hear	8	progressive	malign auto (boot)	0.6667	0.9167	0.9167	0.9167	ok
BDPA Japanese	heart	7	progressive	malign auto (boot)	0.5000	0.5238	0.5238	0.5238	ok
BDPA Japanese	kill	8	progressive	malign auto (boot)		0.5714	0.5079	0.5378	len_mismatch
BDPA Japanese	knee	6	progressive	malign auto (boot)	0.6000	0.8667	0.8667	0.8667	ok
BDPA Japanese	know	8	progressive	malign auto (boot)		0.2714	0.3878	0.3193	len_mismatch
BDPA Japanese	leaf	8	progressive	malign auto (boot)	0.0000	0.4762	0.4762	0.4762	ok
BDPA Japanese	liver	8	progressive	malign auto (boot)	1.0000	1.0000	1.0000	1.0000	ok
BDPA Japanese	long	8	progressive	malign auto (boot)	0.7500	0.9375	0.9375	0.9375	ok
BDPA Japanese	louse	8	progressive	malign auto (boot)		0.4196	0.5595	0.4796	len_mismatch
BDPA Japanese	mouth	8	progressive	malign auto (boot)	1.0000	1.0000	1.0000	1.0000	ok
BDPA Japanese	one	8	progressive	malign auto (boot)		0.2500	0.3750	0.3000	len_mismatch
BDPA Japanese	person	8	progressive	malign auto (boot)	0.0000	0.5357	0.5357	0.5357	ok
BDPA Japanese	small	4	ndim	malign auto (boot)		0.4000	0.3333	0.3636	len_mismatch
BDPA Japanese	that	8	progressive	malign auto (boot)	0.5000	0.8750	0.8750	0.8750	ok
BDPA Japanese	tongue	8	progressive	malign auto (boot)	0.2500	0.7589	0.7589	0.7589	ok
BDPA Japanese	two	8	progressive	malign auto (boot)		0.5816	0.6786	0.6264	len_mismatch
BDPA Japanese	who	8	progressive	malign auto (boot)		0.5500	0.6875	0.6111	len_mismatch
BDPA Japanese	woman	8	progressive	malign auto (boot)	0.0000	0.2704	0.2704	0.2704	ok
BDPA Japanese	all	8	progressive	malign auto (SCA+boot)	0.6000	0.9000	0.9000	0.9000	ok
BDPA Japanese	bird	8	progressive	malign auto (SCA+boot)	0.6667	0.9167	0.9167	0.9167	ok
BDPA Japanese	claw	8	progressive	malign auto (SCA+boot)	1.0000	1.0000	1.0000	1.0000	ok
BDPA Japanese	dog	8	progressive	malign auto (SCA+boot)		0.1071	0.0804	0.0918	len_mismatch
BDPA Japanese	drink	8	progressive	malign auto (SCA+boot)	1.0000	1.0000	1.0000	1.0000	ok
BDPA Japanese	grease_fat	8	progressive	malign auto (SCA+boot)	0.7778	0.9444	0.9444	0.9444	ok
BDPA Japanese	hear	8	progressive	malign auto (SCA+boot)	0.3333	0.8333	0.8333	0.8333	ok
BDPA Japanese	heart	7	progressive	malign auto (SCA+boot)	0.5000	0.5238	0.5238	0.5238	ok
BDPA Japanese	kill	8	progressive	malign auto (SCA+boot)		0.5714	0.5079	0.5378	len_mismatch
BDPA Japanese	knee	6	progressive	malign auto (SCA+boot)	0.3000	0.7667	0.7667	0.7667	ok
BDPA Japanese	know	8	progressive	malign auto (SCA+boot)		0.5060	0.4337	0.4670	len_mismatch
BDPA Japanese	leaf	8	progressive	malign auto (SCA+boot)	0.0000	0.1786	0.1786	0.1786	ok
BDPA Japanese	liver	8	progressive	malign auto (SCA+boot)	1.0000	1.0000	1.0000	1.0000	ok
BDPA Japanese	long	8	progressive	malign auto (SCA+boot)	0.7500	0.9375	0.9375	0.9375	ok
BDPA Japanese	louse	8	progressive	malign auto (SCA+boot)		0.4509	0.6012	0.5153	len_mismatch
BDPA Japanese	mouth	8	progressive	malign auto (SCA+boot)	1.0000	1.0000	1.0000	1.0000	ok
BDPA Japanese	one	8	progressive	malign auto (SCA+boot)		0.5918	0.6905	0.6374	len_mismatch
BDPA Japanese	person	8	progressive	malign auto (SCA+boot)	0.5000	0.7679	0.7679	0.7679	ok
BDPA Japanese	small	4	ndim	malign auto (SCA+boot)		0.4000	0.3333	0.3636	len_mismatch
BDPA Japanese	that	8	progressive	malign auto (SCA+boot)	1.0000	1.0000	1.0000	1.0000	ok
BDPA Japanese	tongue	8	progressive	malign auto (SCA+boot)		0.6310	0.7098	0.6681	len_mismatch
BDPA Japanese	two	8	progressive	malign auto (SCA+boot)		0.5765	0.6726	0.6209	len_mismatch
BDPA Japanese	who	8	progressive	malign auto (SCA+boot)	1.0000	1.0000	1.0000	1.0000	ok
BDPA Japanese	woman	8	progressive	malign auto (SCA+boot)		0.0476	0.0408	0.0440	len_mismatch
BDPA Japanese	all	8	progressive	malign prog (SCA)	0.4000	0.6500	0.6500	0.6500	ok
BDPA Japanese	bird	8	progressive	malign prog (SCA)	1.0000	1.0000	1.0000	1.0000	ok
BDPA Japanese	claw	8	progressive	malign prog (SCA)	1.0000	1.0000	1.0000	1.0000	ok
BDPA Japanese	dog	8	progressive	malign prog (SCA)	1.0000	1.0000	1.0000	1.0000	ok
BDPA Japanese	drink	8	progressive	malign prog (SCA)	1.0000	1.0000	1.0000	1.0000	ok
BDPA Japanese	grease_fat	8	progressive	malign prog (SCA)	0.7778	0.9444	0.9444	0.9444	ok
BDPA Japanese	hear	8	progressive	malign prog (SCA)	1.0000	1.0000	1.0000	1.0000	ok
BDPA Japanese	heart	7	progressive	malign prog (SCA)	1.0000	1.0000	1.0000	1.0000	ok
BDPA Japanese	kill	8	progressive	malign prog (SCA)		0.0670	0.0595	0.0630	len_mismatch
BDPA Japanese	knee	6	progressive	malign prog (SCA)	0.2000	0.2000	0.2000	0.2000	ok
BDPA Japanese	know	8	progressive	malign prog (SCA)		0.5536	0.4745	0.5110	len_mismatch
BDPA Japanese	leaf	8	progressive	malign prog (SCA)	1.0000	1.0000	1.0000	1.0000	ok
BDPA Japanese	liver	8	progressive	malign prog (SCA)	1.0000	1.0000	1.0000	1.0000	ok
BDPA Japanese	long	8	progressive	malign prog (SCA)		0.6230	0.7009	0.6597	len_mismatch
BDPA Japanese	louse	8	progressive	malign prog (SCA)		0.4286	0.5000	0.4615	len_mismatch
BDPA Japanese	mouth	8	progressive	malign prog (SCA)	1.0000	1.0000	1.0000	1.0000	ok
BDPA Japanese	one	8	progressive	malign prog (SCA)	0.0000	0.5357	0.5357	0.5357	ok
BDPA Japanese	person	8	progressive	malign prog (SCA)	1.0000	1.0000	1.0000	1.0000	ok
BDPA Japanese	small	4	ndim	malign prog (SCA)	1.0000	1.0000	1.0000	1.0000	ok
BDPA Japanese	that	8	progressive	malign prog (SCA)	1.0000	1.0000	1.0000	1.0000	ok
BDPA Japanese	tongue	8	progressive	malign prog (SCA)	0.3750	0.5134	0.5134	0.5134	ok
BDPA Japanese	two	8	progressive	malign prog (SCA)	0.0000	0.7500	0.7500	0.7500	ok
BDPA Japanese	who	8	progressive	malign prog (SCA)	1.0000	1.0000	1.0000	1.0000	ok
BDPA Japanese	woman	8	progressive	malign prog (SCA)	0.4286	0.6327	0.6327	0.6327	ok
BDPA Norwegian	all	8	progressive	LingPy prog	1.0000	1.0000	1.0000	1.0000	ok
BDPA Norwegian	andre	8	progressive	LingPy prog		0.5000	0.4286	0.4615	len_mismatch
BDPA Norwegian	blaste	8	progressive	LingPy prog	1.0000	1.0000	1.0000	1.0000	ok
BDPA Norwegian	enige	8	progressive	LingPy prog	1.0000	1.0000	1.0000	1.0000	ok
BDPA Norwegian	fa	8	progressive	LingPy prog	1.0000	1.0000	1.0000	1.0000	ok
BDPA Norwegian	forst	8	progressive	LingPy prog	1.0000	1.0000	1.0000	1.0000	ok
BDPA Norwegian	frakk	8	progressive	LingPy prog	1.0000	1.0000	1.0000	1.0000	ok
BDPA Norwegian	frakken	8	progressive	LingPy prog	1.0000	1.0000	1.0000	1.0000	ok
BDPA Norwegian	fram	8	progressive	LingPy prog	1.0000	1.0000	1.0000	1.0000	ok
BDPA Norwegian	gaande	8	progressive	LingPy prog	1.0000	1.0000	1.0000	1.0000	ok
BDPA Norwegian	godt	8	progressive	LingPy prog	1.0000	1.0000	1.0000	1.0000	ok
BDPA Norwegian	inromme	8	progressive	LingPy prog	1.0000	1.0000	1.0000	1.0000	ok
BDPA Norwegian	kom	8	progressive	LingPy prog	1.0000	1.0000	1.0000	1.0000	ok
BDPA Norwegian	kun	8	progressive	LingPy prog	1.0000	1.0000	1.0000	1.0000	ok
BDPA Norwegian	makt	8	progressive	LingPy prog	1.0000	1.0000	1.0000	1.0000	ok
BDPA Norwegian	mann	8	progressive	LingPy prog	1.0000	1.0000	1.0000	1.0000	ok
BDPA Norwegian	mannen	8	progressive	LingPy prog	0.5000	0.5536	0.5536	0.5536	ok
BDPA Norwegian	matte	8	progressive	LingPy prog	1.0000	1.0000	1.0000	1.0000	ok
BDPA Norwegian	med	8	progressive	LingPy prog	1.0000	1.0000	1.0000	1.0000	ok
BDPA Norwegian	meir	8	progressive	LingPy prog	1.0000	1.0000	1.0000	1.0000	ok
BDPA Norwegian	nordavinden	8	progressive	LingPy prog	0.7778	0.7857	0.7857	0.7857	ok
BDPA Norwegian	opp	8	progressive	LingPy prog	1.0000	1.0000	1.0000	1.0000	ok
BDPA Norwegian	pa	8	progressive	LingPy prog	1.0000	1.0000	1.0000	1.0000	ok
BDPA Norwegian	rund	8	progressive	LingPy prog	1.0000	1.0000	1.0000	1.0000	ok
BDPA Norwegian	seg	8	progressive	LingPy prog	1.0000	1.0000	1.0000	1.0000	ok
BDPA Norwegian	sist	8	progressive	LingPy prog		0.2857	0.3571	0.3175	len_mismatch
BDPA Norwegian	skein/skinte	8	progressive	LingPy prog	1.0000	1.0000	1.0000	1.0000	ok
BDPA Norwegian	skulle	8	progressive	LingPy prog	1.0000	1.0000	1.0000	1.0000	ok
BDPA Norwegian	sola	8	progressive	LingPy prog	1.0000	1.0000	1.0000	1.0000	ok
BDPA Norwegian	som	8	progressive	LingPy prog	1.0000	1.0000	1.0000	1.0000	ok
BDPA Norwegian	sterkare	8	progressive	LingPy prog	1.0000	1.0000	1.0000	1.0000	ok
BDPA Norwegian	sterkaste	8	progressive	LingPy prog		0.8036	0.8929	0.8459	len_mismatch
BDPA Norwegian	straks	8	progressive	LingPy prog	1.0000	1.0000	1.0000	1.0000	ok
BDPA Norwegian	tettare	8	progressive	LingPy prog	1.0000	1.0000	1.0000	1.0000	ok
BDPA Norwegian	trakk	8	progressive	LingPy prog	1.0000	1.0000	1.0000	1.0000	ok
BDPA Norwegian	var	8	progressive	LingPy prog	1.0000	1.0000	1.0000	1.0000	ok
BDPA Norwegian	varm	8	progressive	LingPy prog	1.0000	1.0000	1.0000	1.0000	ok
BDPA Norwegian	varmt	8	progressive	LingPy prog	1.0000	1.0000	1.0000	1.0000	ok
BDPA Norwegian	all	8	progressive	malign auto (SCA)	1.0000	1.0000	1.0000	1.0000	ok
BDPA Norwegian	andre	8	progressive	malign auto (SCA)	0.4286	0.5357	0.5357	0.5357	ok
BDPA Norwegian	blaste	8	progressive	malign auto (SCA)	1.0000	1.0000	1.0000	1.0000	ok
BDPA Norwegian	enige	8	progressive	malign auto (SCA)	1.0000	1.0000	1.0000	1.0000	ok
BDPA Norwegian	fa	8	progressive	malign auto (SCA)	1.0000	1.0000	1.0000	1.0000	ok
BDPA Norwegian	forst	8	progressive	malign auto (SCA)	1.0000	1.0000	1.0000	1.0000	ok
BDPA Norwegian	frakk	8	progressive	malign auto (SCA)	1.0000	1.0000	1.0000	1.0000	ok
BDPA Norwegian	frakken	8	progressive	malign auto (SCA)	1.0000	1.0000	1.0000	1.0000	ok
BDPA Norwegian	fram	8	progressive	malign auto (SCA)	1.0000	1.0000	1.0000	1.0000	ok
BDPA Norwegian	gaande	8	progressive	malign auto (SCA)		0.7786	0.6488	0.7078	len_mismatch
BDPA Norwegian	godt	8	progressive	malign auto (SCA)	1.0000	1.0000	1.0000	1.0000	ok
BDPA Norwegian	inromme	8	progressive	malign auto (SCA)		0.7634	0.8724	0.8143	len_mismatch
BDPA Norwegian	kom	8	progressive	malign auto (SCA)	1.0000	1.0000	1.0000	1.0000	ok
BDPA Norwegian	kun	8	progressive	malign auto (SCA)	1.0000	1.0000	1.0000	1.0000	ok
BDPA Norwegian	makt	8	progressive	malign auto (SCA)	1.0000	1.0000	1.0000	1.0000	ok
BDPA Norwegian	mann	8	progressive	malign auto (SCA)	1.0000	1.0000	1.0000	1.0000	ok
BDPA Norwegian	mannen	8	progressive	malign auto (SCA)	1.0000	1.0000	1.0000	1.0000	ok
BDPA Norwegian	matte	8	progressive	malign auto (SCA)	1.0000	1.0000	1.0000	1.0000	ok
BDPA Norwegian	med	8	progressive	malign auto (SCA)	1.0000	1.0000	1.0000	1.0000	ok
BDPA Norwegian	meir	8	progressive	malign auto (SCA)	1.0000	1.0000	1.0000	1.0000	ok
BDPA Norwegian	nordavinden	8	progressive	malign auto (SCA)	1.0000	1.0000	1.0000	1.0000	ok
BDPA Norwegian	opp	8	progressive	malign auto (SCA)	1.0000	1.0000	1.0000	1.0000	ok
BDPA Norwegian	pa	8	progressive	malign auto (SCA)	1.0000	1.0000	1.0000	1.0000	ok
BDPA Norwegian	rund	8	progressive	malign auto (SCA)	1.0000	1.0000	1.0000	1.0000	ok
BDPA Norwegian	seg	8	progressive	malign auto (SCA)	1.0000	1.0000	1.0000	1.0000	ok
BDPA Norwegian	sist	8	progressive	malign auto (SCA)		0.3286	0.4107	0.3651	len_mismatch
BDPA Norwegian	skein/skinte	8	progressive	malign auto (SCA)	1.0000	1.0000	1.0000	1.0000	ok
BDPA Norwegian	skulle	8	progressive	malign auto (SCA)	1.0000	1.0000	1.0000	1.0000	ok
BDPA Norwegian	sola	8	progressive	malign auto (SCA)	1.0000	1.0000	1.0000	1.0000	ok
BDPA Norwegian	som	8	progressive	malign auto (SCA)	1.0000	1.0000	1.0000	1.0000	ok
BDPA Norwegian	sterkare	8	progressive	malign auto (SCA)		0.7714	0.8571	0.8120	len_mismatch
BDPA Norwegian	sterkaste	8	progressive	malign auto (SCA)		0.8036	0.8929	0.8459	len_mismatch
BDPA Norwegian	straks	8	progressive	malign auto (SCA)	1.0000	1.0000	1.0000	1.0000	ok
BDPA Norwegian	tettare	8	progressive	malign auto (SCA)		0.7194	0.8393	0.7747	len_mismatch
BDPA Norwegian	trakk	8	progressive	malign auto (SCA)	1.0000	1.0000	1.0000	1.0000	ok
BDPA Norwegian	var	8	progressive	malign auto (SCA)	1.0000	1.0000	1.0000	1.0000	ok
BDPA Norwegian	varm	8	progressive	malign auto (SCA)	1.0000	1.0000	1.0000	1.0000	ok
BDPA Norwegian	varmt	8	progressive	malign auto (SCA)	0.4000	0.7214	0.7214	0.7214	ok
BDPA Norwegian	all	8	progressive	malign auto (boot)	0.0000	0.7500	0.7500	0.7500	ok
BDPA Norwegian	andre	8	progressive	malign auto (boot)	0.4286	0.7653	0.7653	0.7653	ok
BDPA Norwegian	blaste	8	progressive	malign auto (boot)	1.0000	1.0000	1.0000	1.0000	ok
BDPA Norwegian	enige	8	progressive	malign auto (boot)		0.0992	0.1488	0.1190	len_mismatch
BDPA Norwegian	fa	8	progressive	malign auto (boot)	1.0000	1.0000	1.0000	1.0000	ok
BDPA Norwegian	forst	8	progressive	malign auto (boot)		0.7500	0.9375	0.8333	len_mismatch
BDPA Norwegian	frakk	8	progressive	malign auto (boot)	1.0000	1.0000	1.0000	1.0000	ok
BDPA Norwegian	frakken	8	progressive	malign auto (boot)	1.0000	1.0000	1.0000	1.0000	ok
BDPA Norwegian	fram	8	progressive	malign auto (boot)	1.0000	1.0000	1.0000	1.0000	ok
BDPA Norwegian	gaande	8	progressive	malign auto (boot)	0.1667	0.2381	0.2381	0.2381	ok
BDPA Norwegian	godt	8	progressive	malign auto (boot)	0.3333	0.8333	0.8333	0.8333	ok
BDPA Norwegian	inromme	8	progressive	malign auto (boot)		0.8170	0.9337	0.8714	len_mismatch
BDPA Norwegian	kom	8	progressive	malign auto (boot)	1.0000	1.0000	1.0000	1.0000	ok
BDPA Norwegian	kun	8	progressive	malign auto (boot)	1.0000	1.0000	1.0000	1.0000	ok
BDPA Norwegian	makt	8	progressive	malign auto (boot)	1.0000	1.0000	1.0000	1.0000	ok
BDPA Norwegian	mann	8	progressive	malign auto (boot)	1.0000	1.0000	1.0000	1.0000	ok
BDPA Norwegian	mannen	8	progressive	malign auto (boot)	0.5000	0.8750	0.8750	0.8750	ok
BDPA Norwegian	matte	8	progressive	malign auto (boot)	1.0000	1.0000	1.0000	1.0000	ok
BDPA Norwegian	med	8	progressive	malign auto (boot)	1.0000	1.0000	1.0000	1.0000	ok
BDPA Norwegian	meir	8	progressive	malign auto (boot)	1.0000	1.0000	1.0000	1.0000	ok
BDPA Norwegian	nordavinden	8	progressive	malign auto (boot)	0.7778	0.9444	0.9444	0.9444	ok
BDPA Norwegian	opp	8	progressive	malign auto (boot)		0.0179	0.0357	0.0238	len_mismatch
BDPA Norwegian	pa	8	progressive	malign auto (boot)	1.0000	1.0000	1.0000	1.0000	ok
BDPA Norwegian	rund	8	progressive	malign auto (boot)	1.0000	1.0000	1.0000	1.0000	ok
BDPA Norwegian	seg	8	progressive	malign auto (boot)	0.3333	0.8333	0.8333	0.8333	ok
BDPA Norwegian	sist	8	progressive	malign auto (boot)	1.0000	1.0000	1.0000	1.0000	ok
BDPA Norwegian	skein/skinte	8	progressive	malign auto (boot)	0.0000	0.3571	0.3571	0.3571	ok
BDPA Norwegian	skulle	8	progressive	malign auto (boot)	1.0000	1.0000	1.0000	1.0000	ok
BDPA Norwegian	sola	8	progressive	malign auto (boot)	1.0000	1.0000	1.0000	1.0000	ok
BDPA Norwegian	som	8	progressive	malign auto (boot)		0.2381	0.4762	0.3175	len_mismatch
BDPA Norwegian	sterkare	8	progressive	malign auto (boot)	1.0000	1.0000	1.0000	1.0000	ok
BDPA Norwegian	sterkaste	8	progressive	malign auto (boot)	1.0000	1.0000	1.0000	1.0000	ok
BDPA Norwegian	straks	8	progressive	malign auto (boot)	1.0000	1.0000	1.0000	1.0000	ok
BDPA Norwegian	tettare	8	progressive	malign auto (boot)	1.0000	1.0000	1.0000	1.0000	ok
BDPA Norwegian	trakk	8	progressive	malign auto (boot)	0.6667	0.8452	0.8452	0.8452	ok
BDPA Norwegian	var	8	progressive	malign auto (boot)	1.0000	1.0000	1.0000	1.0000	ok
BDPA Norwegian	varm	8	progressive	malign auto (boot)	1.0000	1.0000	1.0000	1.0000	ok
BDPA Norwegian	varmt	8	progressive	malign auto (boot)		0.4226	0.5071	0.4610	len_mismatch
BDPA Norwegian	all	8	progressive	malign auto (SCA+boot)	0.0000	0.7500	0.7500	0.7500	ok
BDPA Norwegian	andre	8	progressive	malign auto (SCA+boot)		0.5000	0.4286	0.4615	len_mismatch
BDPA Norwegian	blaste	8	progressive	malign auto (SCA+boot)	1.0000	1.0000	1.0000	1.0000	ok
BDPA Norwegian	enige	8	progressive	malign auto (SCA+boot)		0.2959	0.3452	0.3187	len_mismatch
BDPA Norwegian	fa	8	progressive	malign auto (SCA+boot)	1.0000	1.0000	1.0000	1.0000	ok
BDPA Norwegian	forst	8	progressive	malign auto (SCA+boot)	1.0000	1.0000	1.0000	1.0000	ok
BDPA Norwegian	frakk	8	progressive	malign auto (SCA+boot)	1.0000	1.0000	1.0000	1.0000	ok
BDPA Norwegian	frakken	8	progressive	malign auto (SCA+boot)	1.0000	1.0000	1.0000	1.0000	ok
BDPA Norwegian	fram	8	progressive	malign auto (SCA+boot)	1.0000	1.0000	1.0000	1.0000	ok
BDPA Norwegian	gaande	8	progressive	malign auto (SCA+boot)		0.6643	0.5536	0.6039	len_mismatch
BDPA Norwegian	godt	8	progressive	malign auto (SCA+boot)	1.0000	1.0000	1.0000	1.0000	ok
BDPA Norwegian	inromme	8	progressive	malign auto (SCA+boot)		0.8170	0.9337	0.8714	len_mismatch
BDPA Norwegian	kom	8	progressive	malign auto (SCA+boot)	1.0000	1.0000	1.0000	1.0000	ok
BDPA Norwegian	kun	8	progressive	malign auto (SCA+boot)	1.0000	1.0000	1.0000	1.0000	ok
BDPA Norwegian	makt	8	progressive	malign auto (SCA+boot)	1.0000	1.0000	1.0000	1.0000	ok
BDPA Norwegian	mann	8	progressive	malign auto (SCA+boot)	1.0000	1.0000	1.0000	1.0000	ok
BDPA Norwegian	mannen	8	progressive	malign auto (SCA+boot)	0.5000	0.8750	0.8750	0.8750	ok
BDPA Norwegian	matte	8	progressive	malign auto (SCA+boot)	1.0000	1.0000	1.0000	1.0000	ok
BDPA Norwegian	med	8	progressive	malign auto (SCA+boot)	1.0000	1.0000	1.0000	1.0000	ok
BDPA Norwegian	meir	8	progressive	malign auto (SCA+boot)	1.0000	1.0000	1.0000	1.0000	ok
BDPA Norwegian	nordavinden	8	progressive	malign auto (SCA+boot)	0.7778	0.9444	0.9444	0.9444	ok
BDPA Norwegian	opp	8	progressive	malign auto (SCA+boot)	1.0000	1.0000	1.0000	1.0000	ok
BDPA Norwegian	pa	8	progressive	malign auto (SCA+boot)	1.0000	1.0000	1.0000	1.0000	ok
BDPA Norwegian	rund	8	progressive	malign auto (SCA+boot)	1.0000	1.0000	1.0000	1.0000	ok
BDPA Norwegian	seg	8	progressive	malign auto (SCA+boot)	1.0000	1.0000	1.0000	1.0000	ok
BDPA Norwegian	sist	8	progressive	malign auto (SCA+boot)	1.0000	1.0000	1.0000	1.0000	ok
BDPA Norwegian	skein/skinte	8	progressive	malign auto (SCA+boot)	1.0000	1.0000	1.0000	1.0000	ok
BDPA Norwegian	skulle	8	progressive	malign auto (SCA+boot)	1.0000	1.0000	1.0000	1.0000	ok
BDPA Norwegian	sola	8	progressive	malign auto (SCA+boot)	1.0000	1.0000	1.0000	1.0000	ok
BDPA Norwegian	som	8	progressive	malign auto (SCA+boot)	0.3333	0.8333	0.8333	0.8333	ok
BDPA Norwegian	sterkare	8	progressive	malign auto (SCA+boot)	1.0000	1.0000	1.0000	1.0000	ok
BDPA Norwegian	sterkaste	8	progressive	malign auto (SCA+boot)	1.0000	1.0000	1.0000	1.0000	ok
BDPA Norwegian	straks	8	progressive	malign auto (SCA+boot)	1.0000	1.0000	1.0000	1.0000	ok
BDPA Norwegian	tettare	8	progressive	malign auto (SCA+boot)	1.0000	1.0000	1.0000	1.0000	ok
BDPA Norwegian	trakk	8	progressive	malign auto (SCA+boot)	1.0000	1.0000	1.0000	1.0000	ok
BDPA Norwegian	var	8	progressive	malign auto (SCA+boot)	1.0000	1.0000	1.0000	1.0000	ok
BDPA Norwegian	varm	8	progressive	malign auto (SCA+boot)	1.0000	1.0000	1.0000	1.0000	ok
BDPA Norwegian	varmt	8	progressive	malign auto (SCA+boot)	0.4000	0.7214	0.7214	0.7214	ok
BDPA Ob-Ugrian	ashes	8	progressive	LingPy prog	1.0000	1.0000	1.0000	1.0000	ok
BDPA Ob-Ugrian	big	8	progressive	LingPy prog	1.0000	1.0000	1.0000	1.0000	ok
BDPA Ob-Ugrian	bird	8	progressive	LingPy prog	1.0000	1.0000	1.0000	1.0000	ok
BDPA Ob-Ugrian	black	8	progressive	LingPy prog	1.0000	1.0000	1.0000	1.0000	ok
BDPA Ob-Ugrian	bone	8	progressive	LingPy prog	1.0000	1.0000	1.0000	1.0000	ok
BDPA Ob-Ugrian	breast	8	progressive	LingPy prog	1.0000	1.0000	1.0000	1.0000	ok
BDPA Ob-Ugrian	cloud	8	progressive	LingPy prog	1.0000	1.0000	1.0000	1.0000	ok
BDPA Ob-Ugrian	cold	8	progressive	LingPy prog	1.0000	1.0000	1.0000	1.0000	ok
BDPA Ob-Ugrian	fingernail	8	progressive	LingPy prog	1.0000	1.0000	1.0000	1.0000	ok
BDPA Ob-Ugrian	fire	8	progressive	LingPy prog	1.0000	1.0000	1.0000	1.0000	ok
BDPA Ob-Ugrian	fish	8	progressive	LingPy prog	1.0000	1.0000	1.0000	1.0000	ok
BDPA Ob-Ugrian	fly	5	progressive	LingPy prog	1.0000	1.0000	1.0000	1.0000	ok
BDPA Ob-Ugrian	foot	6	progressive	LingPy prog	1.0000	1.0000	1.0000	1.0000	ok
BDPA Ob-Ugrian	full	8	progressive	LingPy prog		0.5357	0.4464	0.4870	len_mismatch
BDPA Ob-Ugrian	hair	8	progressive	LingPy prog	1.0000	1.0000	1.0000	1.0000	ok
BDPA Ob-Ugrian	head	6	progressive	LingPy prog	1.0000	1.0000	1.0000	1.0000	ok
BDPA Ob-Ugrian	hear	8	progressive	LingPy prog	1.0000	1.0000	1.0000	1.0000	ok
BDPA Ob-Ugrian	heavy	8	progressive	LingPy prog	1.0000	1.0000	1.0000	1.0000	ok
BDPA Ob-Ugrian	horn	8	progressive	LingPy prog	1.0000	1.0000	1.0000	1.0000	ok
BDPA Ob-Ugrian	knee	8	progressive	LingPy prog	1.0000	1.0000	1.0000	1.0000	ok
BDPA Ob-Ugrian	leaf	8	progressive	LingPy prog	1.0000	1.0000	1.0000	1.0000	ok
BDPA Ob-Ugrian	long	8	progressive	LingPy prog	1.0000	1.0000	1.0000	1.0000	ok
BDPA Ob-Ugrian	louse	8	progressive	LingPy prog	1.0000	1.0000	1.0000	1.0000	ok
BDPA Ob-Ugrian	meat	8	progressive	LingPy prog		0.8393	0.6714	0.7460	len_mismatch
BDPA Ob-Ugrian	moon	8	progressive	LingPy prog	1.0000	1.0000	1.0000	1.0000	ok
BDPA Ob-Ugrian	mouth	8	progressive	LingPy prog	1.0000	1.0000	1.0000	1.0000	ok
BDPA Ob-Ugrian	neck	8	progressive	LingPy prog	1.0000	1.0000	1.0000	1.0000	ok
BDPA Ob-Ugrian	new	8	progressive	LingPy prog	1.0000	1.0000	1.0000	1.0000	ok
BDPA Ob-Ugrian	nose	8	progressive	LingPy prog	1.0000	1.0000	1.0000	1.0000	ok
BDPA Ob-Ugrian	not	8	progressive	LingPy prog	1.0000	1.0000	1.0000	1.0000	ok
BDPA Ob-Ugrian	rain	7	progressive	LingPy prog	1.0000	1.0000	1.0000	1.0000	ok
BDPA Ob-Ugrian	red	8	progressive	LingPy prog	1.0000	1.0000	1.0000	1.0000	ok
BDPA Ob-Ugrian	road	8	progressive	LingPy prog	1.0000	1.0000	1.0000	1.0000	ok
BDPA Ob-Ugrian	root	8	progressive	LingPy prog	1.0000	1.0000	1.0000	1.0000	ok
BDPA Ob-Ugrian	say	7	progressive	LingPy prog	1.0000	1.0000	1.0000	1.0000	ok
BDPA Ob-Ugrian	skin	8	progressive	LingPy prog	1.0000	1.0000	1.0000	1.0000	ok
BDPA Ob-Ugrian	sleep	7	progressive	LingPy prog	1.0000	1.0000	1.0000	1.0000	ok
BDPA Ob-Ugrian	smoke	4	ndim	LingPy prog		0.0741	0.0667	0.0702	len_mismatch
BDPA Ob-Ugrian	stand	8	progressive	LingPy prog	1.0000	1.0000	1.0000	1.0000	ok
BDPA Ob-Ugrian	star	8	progressive	LingPy prog	1.0000	1.0000	1.0000	1.0000	ok
BDPA Ob-Ugrian	stone	5	progressive	LingPy prog	1.0000	1.0000	1.0000	1.0000	ok
BDPA Ob-Ugrian	sun	8	progressive	LingPy prog	1.0000	1.0000	1.0000	1.0000	ok
BDPA Ob-Ugrian	swim	8	progressive	LingPy prog	1.0000	1.0000	1.0000	1.0000	ok
BDPA Ob-Ugrian	tail	8	progressive	LingPy prog	1.0000	1.0000	1.0000	1.0000	ok
BDPA Ob-Ugrian	tongue	8	progressive	LingPy prog	1.0000	1.0000	1.0000	1.0000	ok
BDPA Ob-Ugrian	walk	8	progressive	LingPy prog	1.0000	1.0000	1.0000	1.0000	ok
BDPA Ob-Ugrian	ashes	8	progressive	malign auto (SCA)	1.0000	1.0000	1.0000	1.0000	ok
BDPA Ob-Ugrian	big	8	progressive	malign auto (SCA)	0.6000	0.7429	0.7429	0.7429	ok
BDPA Ob-Ugrian	bird	8	progressive	malign auto (SCA)	0.1818	0.3896	0.3896	0.3896	ok
BDPA Ob-Ugrian	black	8	progressive	malign auto (SCA)	1.0000	1.0000	1.0000	1.0000	ok
BDPA Ob-Ugrian	bone	8	progressive	malign auto (SCA)	1.0000	1.0000	1.0000	1.0000	ok
BDPA Ob-Ugrian	breast	8	progressive	malign auto (SCA)	0.6000	0.7429	0.7429	0.7429	ok
BDPA Ob-Ugrian	cloud	8	progressive	malign auto (SCA)	1.0000	1.0000	1.0000	1.0000	ok
BDPA Ob-Ugrian	cold	8	progressive	malign auto (SCA)	1.0000	1.0000	1.0000	1.0000	ok
BDPA Ob-Ugrian	fingernail	8	progressive	malign auto (SCA)	1.0000	1.0000	1.0000	1.0000	ok
BDPA Ob-Ugrian	fire	8	progressive	malign auto (SCA)	1.0000	1.0000	1.0000	1.0000	ok
BDPA Ob-Ugrian	fish	8	progressive	malign auto (SCA)	1.0000	1.0000	1.0000	1.0000	ok
BDPA Ob-Ugrian	fly	5	progressive	malign auto (SCA)	1.0000	1.0000	1.0000	1.0000	ok
BDPA Ob-Ugrian	foot	6	progressive	malign auto (SCA)	1.0000	1.0000	1.0000	1.0000	ok
BDPA Ob-Ugrian	full	8	progressive	malign auto (SCA)		0.7643	0.6369	0.6948	len_mismatch
BDPA Ob-Ugrian	hair	8	progressive	malign auto (SCA)	1.0000	1.0000	1.0000	1.0000	ok
BDPA Ob-Ugrian	head	6	progressive	malign auto (SCA)	1.0000	1.0000	1.0000	1.0000	ok
BDPA Ob-Ugrian	hear	8	progressive	malign auto (SCA)	1.0000	1.0000	1.0000	1.0000	ok
BDPA Ob-Ugrian	heavy	8	progressive	malign auto (SCA)	1.0000	1.0000	1.0000	1.0000	ok
BDPA Ob-Ugrian	horn	8	progressive	malign auto (SCA)	1.0000	1.0000	1.0000	1.0000	ok
BDPA Ob-Ugrian	knee	8	progressive	malign auto (SCA)	0.6000	0.9000	0.9000	0.9000	ok
BDPA Ob-Ugrian	leaf	8	progressive	malign auto (SCA)	1.0000	1.0000	1.0000	1.0000	ok
BDPA Ob-Ugrian	long	8	progressive	malign auto (SCA)	1.0000	1.0000	1.0000	1.0000	ok
BDPA Ob-Ugrian	louse	8	progressive	malign auto (SCA)	1.0000	1.0000	1.0000	1.0000	ok
BDPA Ob-Ugrian	meat	8	progressive	malign auto (SCA)		0.8393	0.6714	0.7460	len_mismatch
BDPA Ob-Ugrian	moon	8	progressive	malign auto (SCA)	1.0000	1.0000	1.0000	1.0000	ok
BDPA Ob-Ugrian	mouth	8	progressive	malign auto (SCA)	1.0000	1.0000	1.0000	1.0000	ok
BDPA Ob-Ugrian	neck	8	progressive	malign auto (SCA)	1.0000	1.0000	1.0000	1.0000	ok
BDPA Ob-Ugrian	new	8	progressive	malign auto (SCA)		0.5000	0.4286	0.4615	len_mismatch
BDPA Ob-Ugrian	nose	8	progressive	malign auto (SCA)	1.0000	1.0000	1.0000	1.0000	ok
BDPA Ob-Ugrian	not	8	progressive	malign auto (SCA)	1.0000	1.0000	1.0000	1.0000	ok
BDPA Ob-Ugrian	rain	7	progressive	malign auto (SCA)	1.0000	1.0000	1.0000	1.0000	ok
BDPA Ob-Ugrian	red	8	progressive	malign auto (SCA)		0.3690	0.3163	0.3407	len_mismatch
BDPA Ob-Ugrian	road	8	progressive	malign auto (SCA)	1.0000	1.0000	1.0000	1.0000	ok
BDPA Ob-Ugrian	root	8	progressive	malign auto (SCA)	1.0000	1.0000	1.0000	1.0000	ok
BDPA Ob-Ugrian	say	7	progressive	malign auto (SCA)	1.0000	1.0000	1.0000	1.0000	ok
BDPA Ob-Ugrian	skin	8	progressive	malign auto (SCA)	1.0000	1.0000	1.0000	1.0000	ok
BDPA Ob-Ugrian	sleep	7	progressive	malign auto (SCA)	1.0000	1.0000	1.0000	1.0000	ok
BDPA Ob-Ugrian	smoke	4	ndim	malign auto (SCA)		0.1667	0.1500	0.1579	len_mismatch
BDPA Ob-Ugrian	stand	8	progressive	malign auto (SCA)		0.2653	0.3714	0.3095	len_mismatch
BDPA Ob-Ugrian	star	8	progressive	malign auto (SCA)	1.0000	1.0000	1.0000	1.0000	ok
BDPA Ob-Ugrian	stone	5	progressive	malign auto (SCA)	1.0000	1.0000	1.0000	1.0000	ok
BDPA Ob-Ugrian	sun	8	progressive	malign auto (SCA)	1.0000	1.0000	1.0000	1.0000	ok
BDPA Ob-Ugrian	swim	8	progressive	malign auto (SCA)	1.0000	1.0000	1.0000	1.0000	ok
BDPA Ob-Ugrian	tail	8	progressive	malign auto (SCA)	1.0000	1.0000	1.0000	1.0000	ok
BDPA Ob-Ugrian	tongue	8	progressive	malign auto (SCA)	1.0000	1.0000	1.0000	1.0000	ok
BDPA Ob-Ugrian	walk	8	progressive	malign auto (SCA)	1.0000	1.0000	1.0000	1.0000	ok
BDPA Ob-Ugrian	ashes	8	progressive	malign auto (boot)	1.0000	1.0000	1.0000	1.0000	ok
BDPA Ob-Ugrian	big	8	progressive	malign auto (boot)		0.4554	0.3643	0.4048	len_mismatch
BDPA Ob-Ugrian	bird	8	progressive	malign auto (boot)	0.0909	0.4253	0.4253	0.4253	ok
BDPA Ob-Ugrian	black	8	progressive	malign auto (boot)	1.0000	1.0000	1.0000	1.0000	ok
BDPA Ob-Ugrian	bone	8	progressive	malign auto (boot)	1.0000	1.0000	1.0000	1.0000	ok
BDPA Ob-Ugrian	breast	8	progressive	malign auto (boot)		0.2024	0.2429	0.2208	len_mismatch
BDPA Ob-Ugrian	cloud	8	progressive	malign auto (boot)	1.0000	1.0000	1.0000	1.0000	ok
BDPA Ob-Ugrian	cold	8	progressive	malign auto (boot)		0.6429	0.5357	0.5844	len_mismatch
BDPA Ob-Ugrian	fingernail	8	progressive	malign auto (boot)	1.0000	1.0000	1.0000	1.0000	ok
BDPA Ob-Ugrian	fire	8	progressive	malign auto (boot)	0.4000	0.6571	0.6571	0.6571	ok
BDPA Ob-Ugrian	fish	8	progressive	malign auto (boot)	1.0000	1.0000	1.0000	1.0000	ok
BDPA Ob-Ugrian	fly	5	progressive	malign auto (boot)	1.0000	1.0000	1.0000	1.0000	ok
BDPA Ob-Ugrian	foot	6	progressive	malign auto (boot)	0.2000	0.4400	0.4400	0.4400	ok
BDPA Ob-Ugrian	full	8	progressive	malign auto (boot)	0.5000	0.5060	0.5060	0.5060	ok
BDPA Ob-Ugrian	hair	8	progressive	malign auto (boot)	1.0000	1.0000	1.0000	1.0000	ok
BDPA Ob-Ugrian	head	6	progressive	malign auto (boot)	1.0000	1.0000	1.0000	1.0000	ok
BDPA Ob-Ugrian	hear	8	progressive	malign auto (boot)		0.0000	0.0000	0.0000	len_mismatch
BDPA Ob-Ugrian	heavy	8	progressive	malign auto (boot)	1.0000	1.0000	1.0000	1.0000	ok
BDPA Ob-Ugrian	horn	8	progressive	malign auto (boot)		0.4071	0.5089	0.4524	len_mismatch
BDPA Ob-Ugrian	knee	8	progressive	malign auto (boot)	0.6000	0.9000	0.9000	0.9000	ok
BDPA Ob-Ugrian	leaf	8	progressive	malign auto (boot)	0.5000	0.8750	0.8750	0.8750	ok
BDPA Ob-Ugrian	long	8	progressive	malign auto (boot)	1.0000	1.0000	1.0000	1.0000	ok
BDPA Ob-Ugrian	louse	8	progressive	malign auto (boot)	1.0000	1.0000	1.0000	1.0000	ok
BDPA Ob-Ugrian	meat	8	progressive	malign auto (boot)		0.8393	0.6714	0.7460	len_mismatch
BDPA Ob-Ugrian	moon	8	progressive	malign auto (boot)	1.0000	1.0000	1.0000	1.0000	ok
BDPA Ob-Ugrian	mouth	8	progressive	malign auto (boot)	1.0000	1.0000	1.0000	1.0000	ok
BDPA Ob-Ugrian	neck	8	progressive	malign auto (boot)	1.0000	1.0000	1.0000	1.0000	ok
BDPA Ob-Ugrian	new	8	progressive	malign auto (boot)		0.5000	0.4286	0.4615	len_mismatch
BDPA Ob-Ugrian	nose	8	progressive	malign auto (boot)	1.0000	1.0000	1.0000	1.0000	ok
BDPA Ob-Ugrian	not	8	progressive	malign auto (boot)	0.5000	0.6071	0.6071	0.6071	ok
BDPA Ob-Ugrian	rain	7	progressive	malign auto (boot)		0.6286	0.7857	0.6984	len_mismatch
BDPA Ob-Ugrian	red	8	progressive	malign auto (boot)		0.4857	0.3469	0.4048	len_mismatch
BDPA Ob-Ugrian	road	8	progressive	malign auto (boot)	0.5000	0.6786	0.6786	0.6786	ok
BDPA Ob-Ugrian	root	8	progressive	malign auto (boot)	1.0000	1.0000	1.0000	1.0000	ok
BDPA Ob-Ugrian	say	7	progressive	malign auto (boot)	1.0000	1.0000	1.0000	1.0000	ok
BDPA Ob-Ugrian	skin	8	progressive	malign auto (boot)	1.0000	1.0000	1.0000	1.0000	ok
BDPA Ob-Ugrian	sleep	7	progressive	malign auto (boot)	1.0000	1.0000	1.0000	1.0000	ok
BDPA Ob-Ugrian	smoke	4	ndim	malign auto (boot)		0.1667	0.1500	0.1579	len_mismatch
BDPA Ob-Ugrian	stand	8	progressive	malign auto (boot)	0.2000	0.8000	0.8000	0.8000	ok
BDPA Ob-Ugrian	star	8	progressive	malign auto (boot)	1.0000	1.0000	1.0000	1.0000	ok
BDPA Ob-Ugrian	stone	5	progressive	malign auto (boot)	1.0000	1.0000	1.0000	1.0000	ok
BDPA Ob-Ugrian	sun	8	progressive	malign auto (boot)	1.0000	1.0000	1.0000	1.0000	ok
BDPA Ob-Ugrian	swim	8	progressive	malign auto (boot)	0.0000	0.0714	0.0714	0.0714	ok
BDPA Ob-Ugrian	tail	8	progressive	malign auto (boot)	1.0000	1.0000	1.0000	1.0000	ok
BDPA Ob-Ugrian	tongue	8	progressive	malign auto (boot)	1.0000	1.0000	1.0000	1.0000	ok
BDPA Ob-Ugrian	walk	8	progressive	malign auto (boot)	1.0000	1.0000	1.0000	1.0000	ok
BDPA Ob-Ugrian	ashes	8	progressive	malign auto (SCA+boot)	1.0000	1.0000	1.0000	1.0000	ok
BDPA Ob-Ugrian	big	8	progressive	malign auto (SCA+boot)		0.6161	0.4929	0.5476	len_mismatch
BDPA Ob-Ugrian	bird	8	progressive	malign auto (SCA+boot)	0.0909	0.4253	0.4253	0.4253	ok
BDPA Ob-Ugrian	black	8	progressive	malign auto (SCA+boot)	1.0000	1.0000	1.0000	1.0000	ok
BDPA Ob-Ugrian	bone	8	progressive	malign auto (SCA+boot)	1.0000	1.0000	1.0000	1.0000	ok
BDPA Ob-Ugrian	breast	8	progressive	malign auto (SCA+boot)	1.0000	1.0000	1.0000	1.0000	ok
BDPA Ob-Ugrian	cloud	8	progressive	malign auto (SCA+boot)	1.0000	1.0000	1.0000	1.0000	ok
BDPA Ob-Ugrian	cold	8	progressive	malign auto (SCA+boot)	1.0000	1.0000	1.0000	1.0000	ok
BDPA Ob-Ugrian	fingernail	8	progressive	malign auto (SCA+boot)	1.0000	1.0000	1.0000	1.0000	ok
BDPA Ob-Ugrian	fire	8	progressive	malign auto (SCA+boot)	0.6000	0.9000	0.9000	0.9000	ok
BDPA Ob-Ugrian	fish	8	progressive	malign auto (SCA+boot)	1.0000	1.0000	1.0000	1.0000	ok
BDPA Ob-Ugrian	fly	5	progressive	malign auto (SCA+boot)	1.0000	1.0000	1.0000	1.0000	ok
BDPA Ob-Ugrian	foot	6	progressive	malign auto (SCA+boot)	0.2000	0.4400	0.4400	0.4400	ok
BDPA Ob-Ugrian	full	8	progressive	malign auto (SCA+boot)		0.7643	0.6369	0.6948	len_mismatch
BDPA Ob-Ugrian	hair	8	progressive	malign auto (SCA+boot)	1.0000	1.0000	1.0000	1.0000	ok
BDPA Ob-Ugrian	head	6	progressive	malign auto (SCA+boot)	1.0000	1.0000	1.0000	1.0000	ok
BDPA Ob-Ugrian	hear	8	progressive	malign auto (SCA+boot)	1.0000	1.0000	1.0000	1.0000	ok
BDPA Ob-Ugrian	heavy	8	progressive	malign auto (SCA+boot)	1.0000	1.0000	1.0000	1.0000	ok
BDPA Ob-Ugrian	horn	8	progressive	malign auto (SCA+boot)	1.0000	1.0000	1.0000	1.0000	ok
BDPA Ob-Ugrian	knee	8	progressive	malign auto (SCA+boot)	0.6000	0.9000	0.9000	0.9000	ok
BDPA Ob-Ugrian	leaf	8	progressive	malign auto (SCA+boot)	0.5000	0.8750	0.8750	0.8750	ok
BDPA Ob-Ugrian	long	8	progressive	malign auto (SCA+boot)	1.0000	1.0000	1.0000	1.0000	ok
BDPA Ob-Ugrian	louse	8	progressive	malign auto (SCA+boot)	1.0000	1.0000	1.0000	1.0000	ok
BDPA Ob-Ugrian	meat	8	progressive	malign auto (SCA+boot)		0.8393	0.6714	0.7460	len_mismatch
BDPA Ob-Ugrian	moon	8	progressive	malign auto (SCA+boot)	1.0000	1.0000	1.0000	1.0000	ok
BDPA Ob-Ugrian	mouth	8	progressive	malign auto (SCA+boot)	1.0000	1.0000	1.0000	1.0000	ok
BDPA Ob-Ugrian	neck	8	progressive	malign auto (SCA+boot)	1.0000	1.0000	1.0000	1.0000	ok
BDPA Ob-Ugrian	new	8	progressive	malign auto (SCA+boot)		0.5000	0.4286	0.4615	len_mismatch
BDPA Ob-Ugrian	nose	8	progressive	malign auto (SCA+boot)	1.0000	1.0000	1.0000	1.0000	ok
BDPA Ob-Ugrian	not	8	progressive	malign auto (SCA+boot)	0.5000	0.6071	0.6071	0.6071	ok
BDPA Ob-Ugrian	rain	7	progressive	malign auto (SCA+boot)	1.0000	1.0000	1.0000	1.0000	ok
BDPA Ob-Ugrian	red	8	progressive	malign auto (SCA+boot)	0.7143	0.9286	0.9286	0.9286	ok
BDPA Ob-Ugrian	road	8	progressive	malign auto (SCA+boot)	1.0000	1.0000	1.0000	1.0000	ok
BDPA Ob-Ugrian	root	8	progressive	malign auto (SCA+boot)	1.0000	1.0000	1.0000	1.0000	ok
BDPA Ob-Ugrian	say	7	progressive	malign auto (SCA+boot)	1.0000	1.0000	1.0000	1.0000	ok
BDPA Ob-Ugrian	skin	8	progressive	malign auto (SCA+boot)	1.0000	1.0000	1.0000	1.0000	ok
BDPA Ob-Ugrian	sleep	7	progressive	malign auto (SCA+boot)	1.0000	1.0000	1.0000	1.0000	ok
BDPA Ob-Ugrian	smoke	4	ndim	malign auto (SCA+boot)		0.1667	0.1500	0.1579	len_mismatch
BDPA Ob-Ugrian	stand	8	progressive	malign auto (SCA+boot)	0.2000	0.8000	0.8000	0.8000	ok
BDPA Ob-Ugrian	star	8	progressive	malign auto (SCA+boot)	1.0000	1.0000	1.0000	1.0000	ok
BDPA Ob-Ugrian	stone	5	progressive	malign auto (SCA+boot)	1.0000	1.0000	1.0000	1.0000	ok
BDPA Ob-Ugrian	sun	8	progressive	malign auto (SCA+boot)	0.6000	0.7429	0.7429	0.7429	ok
BDPA Ob-Ugrian	swim	8	progressive	malign auto (SCA+boot)	0.0000	0.1071	0.1071	0.1071	ok
BDPA Ob-Ugrian	tail	8	progressive	malign auto (SCA+boot)	1.0000	1.0000	1.0000	1.0000	ok
BDPA Ob-Ugrian	tongue	8	progressive	malign auto (SCA+boot)	1.0000	1.0000	1.0000	1.0000	ok
BDPA Ob-Ugrian	walk	8	progressive	malign auto (SCA+boot)	1.0000	1.0000	1.0000	1.0000	ok
BDPA Ob-Ugrian	ashes	8	progressive	malign prog (SCA)	1.0000	1.0000	1.0000	1.0000	ok
BDPA Ob-Ugrian	big	8	progressive	malign prog (SCA)	0.6000	0.7429	0.7429	0.7429	ok
BDPA Ob-Ugrian	bird	8	progressive	malign prog (SCA)	0.1818	0.3896	0.3896	0.3896	ok
BDPA Ob-Ugrian	black	8	progressive	malign prog (SCA)	1.0000	1.0000	1.0000	1.0000	ok
BDPA Ob-Ugrian	bone	8	progressive	malign prog (SCA)	1.0000	1.0000	1.0000	1.0000	ok
BDPA Ob-Ugrian	breast	8	progressive	malign prog (SCA)	0.6000	0.7429	0.7429	0.7429	ok
BDPA Ob-Ugrian	cloud	8	progressive	malign prog (SCA)	1.0000	1.0000	1.0000	1.0000	ok
BDPA Ob-Ugrian	cold	8	progressive	malign prog (SCA)	1.0000	1.0000	1.0000	1.0000	ok
BDPA Ob-Ugrian	fingernail	8	progressive	malign prog (SCA)	1.0000	1.0000	1.0000	1.0000	ok
BDPA Ob-Ugrian	fire	8	progressive	malign prog (SCA)	1.0000	1.0000	1.0000	1.0000	ok
BDPA Ob-Ugrian	fish	8	progressive	malign prog (SCA)	1.0000	1.0000	1.0000	1.0000	ok
BDPA Ob-Ugrian	fly	5	progressive	malign prog (SCA)	1.0000	1.0000	1.0000	1.0000	ok
BDPA Ob-Ugrian	foot	6	progressive	malign prog (SCA)	1.0000	1.0000	1.0000	1.0000	ok
BDPA Ob-Ugrian	full	8	progressive	malign prog (SCA)		0.7643	0.6369	0.6948	len_mismatch
BDPA Ob-Ugrian	hair	8	progressive	malign prog (SCA)	1.0000	1.0000	1.0000	1.0000	ok
BDPA Ob-Ugrian	head	6	progressive	malign prog (SCA)	1.0000	1.0000	1.0000	1.0000	ok
BDPA Ob-Ugrian	hear	8	progressive	malign prog (SCA)	1.0000	1.0000	1.0000	1.0000	ok
BDPA Ob-Ugrian	heavy	8	progressive	malign prog (SCA)	1.0000	1.0000	1.0000	1.0000	ok
BDPA Ob-Ugrian	horn	8	progressive	malign prog (SCA)	1.0000	1.0000	1.0000	1.0000	ok
BDPA Ob-Ugrian	knee	8	progressive	malign prog (SCA)	0.6000	0.9000	0.9000	0.9000	ok
BDPA Ob-Ugrian	leaf	8	progressive	malign prog (SCA)	1.0000	1.0000	1.0000	1.0000	ok
BDPA Ob-Ugrian	long	8	progressive	malign prog (SCA)	1.0000	1.0000	1.0000	1.0000	ok
BDPA Ob-Ugrian	louse	8	progressive	malign prog (SCA)	1.0000	1.0000	1.0000	1.0000	ok
BDPA Ob-Ugrian	meat	8	progressive	malign prog (SCA)		0.8393	0.6714	0.7460	len_mismatch
BDPA Ob-Ugrian	moon	8	progressive	malign prog (SCA)	1.0000	1.0000	1.0000	1.0000	ok
BDPA Ob-Ugrian	mouth	8	progressive	malign prog (SCA)	1.0000	1.0000	1.0000	1.0000	ok
BDPA Ob-Ugrian	neck	8	progressive	malign prog (SCA)	1.0000	1.0000	1.0000	1.0000	ok
BDPA Ob-Ugrian	new	8	progressive	malign prog (SCA)		0.5000	0.4286	0.4615	len_mismatch
BDPA Ob-Ugrian	nose	8	progressive	malign prog (SCA)	1.0000	1.0000	1.0000	1.0000	ok
BDPA Ob-Ugrian	not	8	progressive	malign prog (SCA)	1.0000	1.0000	1.0000	1.0000	ok
BDPA Ob-Ugrian	rain	7	progressive	malign prog (SCA)	1.0000	1.0000	1.0000	1.0000	ok
BDPA Ob-Ugrian	red	8	progressive	malign prog (SCA)		0.3690	0.3163	0.3407	len_mismatch
BDPA Ob-Ugrian	road	8	progressive	malign prog (SCA)	1.0000	1.0000	1.0000	1.0000	ok
BDPA Ob-Ugrian	root	8	progressive	malign prog (SCA)	1.0000	1.0000	1.0000	1.0000	ok
BDPA Ob-Ugrian	say	7	progressive	malign prog (SCA)	1.0000	1.0000	1.0000	1.0000	ok
BDPA Ob-Ugrian	skin	8	progressive	malign prog (SCA)	1.0000	1.0000	1.0000	1.0000	ok
BDPA Ob-Ugrian	sleep	7	progressive	malign prog (SCA)	1.0000	1.0000	1.0000	1.0000	ok
BDPA Ob-Ugrian	smoke	4	ndim	malign prog (SCA)		0.0556	0.0500	0.0526	len_mismatch
BDPA Ob-Ugrian	stand	8	progressive	malign prog (SCA)		0.2653	0.3714	0.3095	len_mismatch
BDPA Ob-Ugrian	star	8	progressive	malign prog (SCA)	1.0000	1.0000	1.0000	1.0000	ok
BDPA Ob-Ugrian	stone	5	progressive	malign prog (SCA)	1.0000	1.0000	1.0000	1.0000	ok
BDPA Ob-Ugrian	sun	8	progressive	malign prog (SCA)	1.0000	1.0000	1.0000	1.0000	ok
BDPA Ob-Ugrian	swim	8	progressive	malign prog (SCA)	1.0000	1.0000	1.0000	1.0000	ok
BDPA Ob-Ugrian	tail	8	progressive	malign prog (SCA)	1.0000	1.0000	1.0000	1.0000	ok
BDPA Ob-Ugrian	tongue	8	progressive	malign prog (SCA)	1.0000	1.0000	1.0000	1.0000	ok
BDPA Ob-Ugrian	walk	8	progressive	malign prog (SCA)	1.0000	1.0000	1.0000	1.0000	ok
BDPA Bulgarian	agne	8	progressive	LingPy prog	1.0000	1.0000	1.0000	1.0000	ok
BDPA Bulgarian	az	8	progressive	LingPy prog	1.0000	1.0000	1.0000	1.0000	ok
BDPA Bulgarian	b_rzo	8	progressive	LingPy prog	1.0000	1.0000	1.0000	1.0000	ok
BDPA Bulgarian	beli	8	progressive	LingPy prog	1.0000	1.0000	1.0000	1.0000	ok
BDPA Bulgarian	berat	8	progressive	LingPy prog	1.0000	1.0000	1.0000	1.0000	ok
BDPA Bulgarian	beshe	8	progressive	LingPy prog	1.0000	1.0000	1.0000	1.0000	ok
BDPA Bulgarian	biakhme	8	progressive	LingPy prog	0.7143	0.9286	0.9286	0.9286	ok
BDPA Bulgarian	brane	8	progressive	LingPy prog	1.0000	1.0000	1.0000	1.0000	ok
BDPA Bulgarian	brashno	8	progressive	LingPy prog	1.0000	1.0000	1.0000	1.0000	ok
BDPA Bulgarian	chakat	8	progressive	LingPy prog		0.6964	0.5969	0.6429	len_mismatch
BDPA Bulgarian	cheren	8	progressive	LingPy prog	1.0000	1.0000	1.0000	1.0000	ok
BDPA Bulgarian	cheresha	8	progressive	LingPy prog	1.0000	1.0000	1.0000	1.0000	ok
BDPA Bulgarian	cherven	8	progressive	LingPy prog	1.0000	1.0000	1.0000	1.0000	ok
BDPA Bulgarian	cheshma	8	progressive	LingPy prog	1.0000	1.0000	1.0000	1.0000	ok
BDPA Bulgarian	cheta	8	progressive	LingPy prog	1.0000	1.0000	1.0000	1.0000	ok
BDPA Bulgarian	chovek	8	progressive	LingPy prog	1.0000	1.0000	1.0000	1.0000	ok
BDPA Bulgarian	d_lbok	8	progressive	LingPy prog	0.7143	0.9286	0.9286	0.9286	ok
BDPA Bulgarian	d_no	8	progressive	LingPy prog	1.0000	1.0000	1.0000	1.0000	ok
BDPA Bulgarian	d_rvo	8	progressive	LingPy prog	1.0000	1.0000	1.0000	1.0000	ok
BDPA Bulgarian	d_zhd	8	progressive	LingPy prog	1.0000	1.0000	1.0000	1.0000	ok
BDPA Bulgarian	dadokha	8	progressive	LingPy prog	1.0000	1.0000	1.0000	1.0000	ok
BDPA Bulgarian	den	8	progressive	LingPy prog	1.0000	1.0000	1.0000	1.0000	ok
BDPA Bulgarian	dera	8	progressive	LingPy prog	1.0000	1.0000	1.0000	1.0000	ok
BDPA Bulgarian	deset	8	progressive	LingPy prog	1.0000	1.0000	1.0000	1.0000	ok
BDPA Bulgarian	dete	8	progressive	LingPy prog	1.0000	1.0000	1.0000	1.0000	ok
BDPA Bulgarian	dnes	8	progressive	LingPy prog	1.0000	1.0000	1.0000	1.0000	ok
BDPA Bulgarian	dobre	8	progressive	LingPy prog	1.0000	1.0000	1.0000	1.0000	ok
BDPA Bulgarian	dolu	8	progressive	LingPy prog	1.0000	1.0000	1.0000	1.0000	ok
BDPA Bulgarian	dosh_l	8	progressive	LingPy prog	1.0000	1.0000	1.0000	1.0000	ok
BDPA Bulgarian	dve	8	progressive	LingPy prog	1.0000	1.0000	1.0000	1.0000	ok
BDPA Bulgarian	dvor	8	progressive	LingPy prog	1.0000	1.0000	1.0000	1.0000	ok
BDPA Bulgarian	dzhob	8	progressive	LingPy prog	1.0000	1.0000	1.0000	1.0000	ok
BDPA Bulgarian	echemik	8	progressive	LingPy prog	1.0000	1.0000	1.0000	1.0000	ok
BDPA Bulgarian	edin	8	progressive	LingPy prog	1.0000	1.0000	1.0000	1.0000	ok
BDPA Bulgarian	edno	8	progressive	LingPy prog	0.6667	0.9167	0.9167	0.9167	ok
BDPA Bulgarian	ezik	8	progressive	LingPy prog	1.0000	1.0000	1.0000	1.0000	ok
BDPA Bulgarian	furna	8	progressive	LingPy prog	1.0000	1.0000	1.0000	1.0000	ok
BDPA Bulgarian	gladen	8	progressive	LingPy prog	1.0000	1.0000	1.0000	1.0000	ok
BDPA Bulgarian	glava	8	progressive	LingPy prog	1.0000	1.0000	1.0000	1.0000	ok
BDPA Bulgarian	gore	8	progressive	LingPy prog	1.0000	1.0000	1.0000	1.0000	ok
BDPA Bulgarian	gosti	8	progressive	LingPy prog	1.0000	1.0000	1.0000	1.0000	ok
BDPA Bulgarian	govedo	8	progressive	LingPy prog	1.0000	1.0000	1.0000	1.0000	ok
BDPA Bulgarian	grad_t	8	progressive	LingPy prog	1.0000	1.0000	1.0000	1.0000	ok
BDPA Bulgarian	grozde	8	progressive	LingPy prog	1.0000	1.0000	1.0000	1.0000	ok
BDPA Bulgarian	i	8	progressive	LingPy prog	1.0000	1.0000	1.0000	1.0000	ok
BDPA Bulgarian	ia	8	progressive	LingPy prog	1.0000	1.0000	1.0000	1.0000	ok
BDPA Bulgarian	iab_lka	8	progressive	LingPy prog	1.0000	1.0000	1.0000	1.0000	ok
BDPA Bulgarian	iab_lki	8	progressive	LingPy prog	1.0000	1.0000	1.0000	1.0000	ok
BDPA Bulgarian	iadesh	8	progressive	LingPy prog	1.0000	1.0000	1.0000	1.0000	ok
BDPA Bulgarian	iaitsa	8	progressive	LingPy prog	1.0000	1.0000	1.0000	1.0000	ok
BDPA Bulgarian	iaitse	8	progressive	LingPy prog	1.0000	1.0000	1.0000	1.0000	ok
BDPA Bulgarian	iam	8	progressive	LingPy prog	0.2000	0.3714	0.3714	0.3714	ok
BDPA Bulgarian	im	8	progressive	LingPy prog	1.0000	1.0000	1.0000	1.0000	ok
BDPA Bulgarian	k_de	8	progressive	LingPy prog	1.0000	1.0000	1.0000	1.0000	ok
BDPA Bulgarian	kam_k	8	progressive	LingPy prog	1.0000	1.0000	1.0000	1.0000	ok
BDPA Bulgarian	khliab	8	progressive	LingPy prog	1.0000	1.0000	1.0000	1.0000	ok
BDPA Bulgarian	khoro	8	progressive	LingPy prog	1.0000	1.0000	1.0000	1.0000	ok
BDPA Bulgarian	khubav	8	progressive	LingPy prog	1.0000	1.0000	1.0000	1.0000	ok
BDPA Bulgarian	khubavo	8	progressive	LingPy prog	1.0000	1.0000	1.0000	1.0000	ok
BDPA Bulgarian	kliuch	8	progressive	LingPy prog	1.0000	1.0000	1.0000	1.0000	ok
BDPA Bulgarian	koe	8	progressive	LingPy prog		0.2000	0.2500	0.2222	len_mismatch
BDPA Bulgarian	kon	8	progressive	LingPy prog	1.0000	1.0000	1.0000	1.0000	ok
BDPA Bulgarian	kr_v	8	progressive	LingPy prog	1.0000	1.0000	1.0000	1.0000	ok
BDPA Bulgarian	leshcha	8	progressive	LingPy prog	1.0000	1.0000	1.0000	1.0000	ok
BDPA Bulgarian	lesno	8	progressive	LingPy prog	1.0000	1.0000	1.0000	1.0000	ok
BDPA Bulgarian	m_zh	8	progressive	LingPy prog	1.0000	1.0000	1.0000	1.0000	ok
BDPA Bulgarian	m_zh_t	8	progressive	LingPy prog	1.0000	1.0000	1.0000	1.0000	ok
BDPA Bulgarian	m_zhe	8	progressive	LingPy prog		0.6214	0.5179	0.5649	len_mismatch
BDPA Bulgarian	maika	8	progressive	LingPy prog	1.0000	1.0000	1.0000	1.0000	ok
BDPA Bulgarian	mesets	8	progressive	LingPy prog	1.0000	1.0000	1.0000	1.0000	ok
BDPA Bulgarian	meso	8	progressive	LingPy prog	1.0000	1.0000	1.0000	1.0000	ok
BDPA Bulgarian	mliakoto	8	progressive	LingPy prog	1.0000	1.0000	1.0000	1.0000	ok
BDPA Bulgarian	mnogo	8	progressive	LingPy prog	1.0000	1.0000	1.0000	1.0000	ok
BDPA Bulgarian	nashe	8	progressive	LingPy prog	1.0000	1.0000	1.0000	1.0000	ok
BDPA Bulgarian	nedelia	8	progressive	LingPy prog	1.0000	1.0000	1.0000	1.0000	ok
BDPA Bulgarian	neia	8	progressive	LingPy prog	0.5000	0.7679	0.7679	0.7679	ok
BDPA Bulgarian	neshche	8	progressive	LingPy prog	1.0000	1.0000	1.0000	1.0000	ok
BDPA Bulgarian	neshcho	8	progressive	LingPy prog	1.0000	1.0000	1.0000	1.0000	ok
BDPA Bulgarian	niama	8	progressive	LingPy prog	1.0000	1.0000	1.0000	1.0000	ok
BDPA Bulgarian	noshch	8	progressive	LingPy prog	1.0000	1.0000	1.0000	1.0000	ok
BDPA Bulgarian	nosiat	8	progressive	LingPy prog	1.0000	1.0000	1.0000	1.0000	ok
BDPA Bulgarian	og_n	8	progressive	LingPy prog	1.0000	1.0000	1.0000	1.0000	ok
BDPA Bulgarian	onezi	8	progressive	LingPy prog	0.5000	0.6250	0.6250	0.6250	ok
BDPA Bulgarian	orekh	8	progressive	LingPy prog	1.0000	1.0000	1.0000	1.0000	ok
BDPA Bulgarian	ovchar	8	progressive	LingPy prog	1.0000	1.0000	1.0000	1.0000	ok
BDPA Bulgarian	ovchari	8	progressive	LingPy prog	1.0000	1.0000	1.0000	1.0000	ok
BDPA Bulgarian	ovtsa	8	progressive	LingPy prog	1.0000	1.0000	1.0000	1.0000	ok
BDPA Bulgarian	ovtse	8	progressive	LingPy prog	1.0000	1.0000	1.0000	1.0000	ok
BDPA Bulgarian	p_rviiat	8	progressive	LingPy prog	0.8000	0.9500	0.9500	0.9500	ok
BDPA Bulgarian	p_t	8	progressive	LingPy prog	1.0000	1.0000	1.0000	1.0000	ok
BDPA Bulgarian	peka	8	progressive	LingPy prog	1.0000	1.0000	1.0000	1.0000	ok
BDPA Bulgarian	pepel	8	progressive	LingPy prog	1.0000	1.0000	1.0000	1.0000	ok
BDPA Bulgarian	pet_k	8	progressive	LingPy prog	1.0000	1.0000	1.0000	1.0000	ok
BDPA Bulgarian	petel	8	progressive	LingPy prog	1.0000	1.0000	1.0000	1.0000	ok
BDPA Bulgarian	pias_k	8	progressive	LingPy prog	1.0000	1.0000	1.0000	1.0000	ok
BDPA Bulgarian	plashcham	8	progressive	LingPy prog	0.7500	0.7500	0.7500	0.7500	ok
BDPA Bulgarian	ponedelnik	8	progressive	LingPy prog	1.0000	1.0000	1.0000	1.0000	ok
BDPA Bulgarian	pr_ch	8	progressive	LingPy prog	1.0000	1.0000	1.0000	1.0000	ok
BDPA Bulgarian	r_ka	8	progressive	LingPy prog	1.0000	1.0000	1.0000	1.0000	ok
BDPA Bulgarian	r_tse	8	progressive	LingPy prog	1.0000	1.0000	1.0000	1.0000	ok
BDPA Bulgarian	reka	8	progressive	LingPy prog	1.0000	1.0000	1.0000	1.0000	ok
BDPA Bulgarian	s_bota	8	progressive	LingPy prog	1.0000	1.0000	1.0000	1.0000	ok
BDPA Bulgarian	s_rp	8	progressive	LingPy prog	1.0000	1.0000	1.0000	1.0000	ok
BDPA Bulgarian	s_s	8	progressive	LingPy prog	1.0000	1.0000	1.0000	1.0000	ok
BDPA Bulgarian	se	8	progressive	LingPy prog	1.0000	1.0000	1.0000	1.0000	ok
BDPA Bulgarian	sedia	8	progressive	LingPy prog	1.0000	1.0000	1.0000	1.0000	ok
BDPA Bulgarian	sega	8	progressive	LingPy prog	0.5000	0.7679	0.7679	0.7679	ok
BDPA Bulgarian	sestra	8	progressive	LingPy prog	1.0000	1.0000	1.0000	1.0000	ok
BDPA Bulgarian	shche	8	progressive	LingPy prog	0.3333	0.4762	0.4762	0.4762	ok
BDPA Bulgarian	sirene	8	progressive	LingPy prog	1.0000	1.0000	1.0000	1.0000	ok
BDPA Bulgarian	sol	8	progressive	LingPy prog	1.0000	1.0000	1.0000	1.0000	ok
BDPA Bulgarian	sredata	8	progressive	LingPy prog	1.0000	1.0000	1.0000	1.0000	ok
BDPA Bulgarian	sriada	8	progressive	LingPy prog	1.0000	1.0000	1.0000	1.0000	ok
BDPA Bulgarian	starets	8	progressive	LingPy prog	1.0000	1.0000	1.0000	1.0000	ok
BDPA Bulgarian	strakh	8	progressive	LingPy prog	1.0000	1.0000	1.0000	1.0000	ok
BDPA Bulgarian	sukh	8	progressive	LingPy prog	1.0000	1.0000	1.0000	1.0000	ok
BDPA Bulgarian	t_mno	8	progressive	LingPy prog	1.0000	1.0000	1.0000	1.0000	ok
BDPA Bulgarian	t_nko	8	progressive	LingPy prog	1.0000	1.0000	1.0000	1.0000	ok
BDPA Bulgarian	tak_v	8	progressive	LingPy prog	1.0000	1.0000	1.0000	1.0000	ok
BDPA Bulgarian	togava	8	progressive	LingPy prog	1.0000	1.0000	1.0000	1.0000	ok
BDPA Bulgarian	tova	8	progressive	LingPy prog		0.6500	0.8125	0.7222	len_mismatch
BDPA Bulgarian	treva	8	progressive	LingPy prog	1.0000	1.0000	1.0000	1.0000	ok
BDPA Bulgarian	tsial	8	progressive	LingPy prog	1.0000	1.0000	1.0000	1.0000	ok
BDPA Bulgarian	tvoi	8	progressive	LingPy prog	1.0000	1.0000	1.0000	1.0000	ok
BDPA Bulgarian	ukho	8	progressive	LingPy prog	1.0000	1.0000	1.0000	1.0000	ok
BDPA Bulgarian	utre	8	progressive	LingPy prog	1.0000	1.0000	1.0000	1.0000	ok
BDPA Bulgarian	v_lk	8	progressive	LingPy prog	1.0000	1.0000	1.0000	1.0000	ok
BDPA Bulgarian	v_lna	8	progressive	LingPy prog	1.0000	1.0000	1.0000	1.0000	ok
BDPA Bulgarian	v_nka	8	progressive	LingPy prog	1.0000	1.0000	1.0000	1.0000	ok
BDPA Bulgarian	v_tre	8	progressive	LingPy prog		0.0459	0.0536	0.0495	len_mismatch
BDPA Bulgarian	veche	8	progressive	LingPy prog	1.0000	1.0000	1.0000	1.0000	ok
BDPA Bulgarian	vecher	8	progressive	LingPy prog	1.0000	1.0000	1.0000	1.0000	ok
BDPA Bulgarian	vezhda	8	progressive	LingPy prog	0.6000	0.8143	0.8143	0.8143	ok
BDPA Bulgarian	viat_r	8	progressive	LingPy prog	1.0000	1.0000	1.0000	1.0000	ok
BDPA Bulgarian	vidiakh	8	progressive	LingPy prog	1.0000	1.0000	1.0000	1.0000	ok
BDPA Bulgarian	vie	8	progressive	LingPy prog	1.0000	1.0000	1.0000	1.0000	ok
BDPA Bulgarian	vino	8	progressive	LingPy prog	1.0000	1.0000	1.0000	1.0000	ok
BDPA Bulgarian	vlizam	8	progressive	LingPy prog		0.3929	0.3438	0.3667	len_mismatch
BDPA Bulgarian	voda	8	progressive	LingPy prog	1.0000	1.0000	1.0000	1.0000	ok
BDPA Bulgarian	vol	8	progressive	LingPy prog	1.0000	1.0000	1.0000	1.0000	ok
BDPA Bulgarian	vr_kh	8	progressive	LingPy prog	1.0000	1.0000	1.0000	1.0000	ok
BDPA Bulgarian	vr_shcham	8	progressive	LingPy prog	1.0000	1.0000	1.0000	1.0000	ok
BDPA Bulgarian	vreme	8	progressive	LingPy prog	1.0000	1.0000	1.0000	1.0000	ok
BDPA Bulgarian	zdrav	8	progressive	LingPy prog	1.0000	1.0000	1.0000	1.0000	ok
BDPA Bulgarian	zemia	8	progressive	LingPy prog	1.0000	1.0000	1.0000	1.0000	ok
BDPA Bulgarian	zet	8	progressive	LingPy prog	1.0000	1.0000	1.0000	1.0000	ok
BDPA Bulgarian	zh_lt	8	progressive	LingPy prog	1.0000	1.0000	1.0000	1.0000	ok
BDPA Bulgarian	zh_tva	8	progressive	LingPy prog	1.0000	1.0000	1.0000	1.0000	ok
BDPA Bulgarian	zheliazo	8	progressive	LingPy prog	1.0000	1.0000	1.0000	1.0000	ok
BDPA Bulgarian	zhena	8	progressive	LingPy prog	1.0000	1.0000	1.0000	1.0000	ok
BDPA Bulgarian	zhiv	8	progressive	LingPy prog	1.0000	1.0000	1.0000	1.0000	ok
BDPA Bulgarian	zvezda	8	progressive	LingPy prog	1.0000	1.0000	1.0000	1.0000	ok
BDPA Bulgarian	agne	8	progressive	malign auto (SCA)	1.0000	1.0000	1.0000	1.0000	ok
BDPA Bulgarian	az	8	progressive	malign auto (SCA)		0.2000	0.2500	0.2222	len_mismatch
BDPA Bulgarian	b_rzo	8	progressive	malign auto (SCA)	1.0000	1.0000	1.0000	1.0000	ok
BDPA Bulgarian	beli	8	progressive	malign auto (SCA)	1.0000	1.0000	1.0000	1.0000	ok
BDPA Bulgarian	berat	8	progressive	malign auto (SCA)	1.0000	1.0000	1.0000	1.0000	ok
BDPA Bulgarian	beshe	8	progressive	malign auto (SCA)	1.0000	1.0000	1.0000	1.0000	ok
BDPA Bulgarian	biakhme	8	progressive	malign auto (SCA)	0.2857	0.5459	0.5459	0.5459	ok
BDPA Bulgarian	brane	8	progressive	malign auto (SCA)	1.0000	1.0000	1.0000	1.0000	ok
BDPA Bulgarian	brashno	8	progressive	malign auto (SCA)	1.0000	1.0000	1.0000	1.0000	ok
BDPA Bulgarian	chakat	8	progressive	malign auto (SCA)		0.6964	0.5969	0.6429	len_mismatch
BDPA Bulgarian	cheren	8	progressive	malign auto (SCA)	1.0000	1.0000	1.0000	1.0000	ok
BDPA Bulgarian	cheresha	8	progressive	malign auto (SCA)	1.0000	1.0000	1.0000	1.0000	ok
BDPA Bulgarian	cherven	8	progressive	malign auto (SCA)	1.0000	1.0000	1.0000	1.0000	ok
BDPA Bulgarian	cheshma	8	progressive	malign auto (SCA)	1.0000	1.0000	1.0000	1.0000	ok
BDPA Bulgarian	cheta	8	progressive	malign auto (SCA)	1.0000	1.0000	1.0000	1.0000	ok
BDPA Bulgarian	chovek	8	progressive	malign auto (SCA)	1.0000	1.0000	1.0000	1.0000	ok
BDPA Bulgarian	d_lbok	8	progressive	malign auto (SCA)	0.1429	0.2500	0.2500	0.2500	ok
BDPA Bulgarian	d_no	8	progressive	malign auto (SCA)	1.0000	1.0000	1.0000	1.0000	ok
BDPA Bulgarian	d_rvo	8	progressive	malign auto (SCA)	0.6667	0.8452	0.8452	0.8452	ok
BDPA Bulgarian	d_zhd	8	progressive	malign auto (SCA)	1.0000	1.0000	1.0000	1.0000	ok
BDPA Bulgarian	dadokha	8	progressive	malign auto (SCA)	1.0000	1.0000	1.0000	1.0000	ok
BDPA Bulgarian	den	8	progressive	malign auto (SCA)	1.0000	1.0000	1.0000	1.0000	ok
BDPA Bulgarian	dera	8	progressive	malign auto (SCA)	1.0000	1.0000	1.0000	1.0000	ok
BDPA Bulgarian	deset	8	progressive	malign auto (SCA)	1.0000	1.0000	1.0000	1.0000	ok
BDPA Bulgarian	dete	8	progressive	malign auto (SCA)	1.0000	1.0000	1.0000	1.0000	ok
BDPA Bulgarian	dnes	8	progressive	malign auto (SCA)	1.0000	1.0000	1.0000	1.0000	ok
BDPA Bulgarian	dobre	8	progressive	malign auto (SCA)	1.0000	1.0000	1.0000	1.0000	ok
BDPA Bulgarian	dolu	8	progressive	malign auto (SCA)	1.0000	1.0000	1.0000	1.0000	ok
BDPA Bulgarian	dosh_l	8	progressive	malign auto (SCA)	1.0000	1.0000	1.0000	1.0000	ok
BDPA Bulgarian	dve	8	progressive	malign auto (SCA)	1.0000	1.0000	1.0000	1.0000	ok
BDPA Bulgarian	dvor	8	progressive	malign auto (SCA)	1.0000	1.0000	1.0000	1.0000	ok
BDPA Bulgarian	dzhob	8	progressive	malign auto (SCA)	1.0000	1.0000	1.0000	1.0000	ok
BDPA Bulgarian	echemik	8	progressive	malign auto (SCA)		0.3010	0.3512	0.3242	len_mismatch
BDPA Bulgarian	edin	8	progressive	malign auto (SCA)	1.0000	1.0000	1.0000	1.0000	ok
BDPA Bulgarian	edno	8	progressive	malign auto (SCA)		0.4500	0.3750	0.4091	len_mismatch
BDPA Bulgarian	ezik	8	progressive	malign auto (SCA)	1.0000	1.0000	1.0000	1.0000	ok
BDPA Bulgarian	furna	8	progressive	malign auto (SCA)	1.0000	1.0000	1.0000	1.0000	ok
BDPA Bulgarian	gladen	8	progressive	malign auto (SCA)	1.0000	1.0000	1.0000	1.0000	ok
BDPA Bulgarian	glava	8	progressive	malign auto (SCA)	1.0000	1.0000	1.0000	1.0000	ok
BDPA Bulgarian	gore	8	progressive	malign auto (SCA)	1.0000	1.0000	1.0000	1.0000	ok
BDPA Bulgarian	gosti	8	progressive	malign auto (SCA)	1.0000	1.0000	1.0000	1.0000	ok
BDPA Bulgarian	govedo	8	progressive	malign auto (SCA)	1.0000	1.0000	1.0000	1.0000	ok
BDPA Bulgarian	grad_t	8	progressive	malign auto (SCA)	1.0000	1.0000	1.0000	1.0000	ok
BDPA Bulgarian	grozde	8	progressive	malign auto (SCA)	1.0000	1.0000	1.0000	1.0000	ok
BDPA Bulgarian	i	8	progressive	malign auto (SCA)	1.0000	1.0000	1.0000	1.0000	ok
BDPA Bulgarian	ia	8	progressive	malign auto (SCA)	1.0000	1.0000	1.0000	1.0000	ok
BDPA Bulgarian	iab_lka	8	progressive	malign auto (SCA)		0.1071	0.1224	0.1143	len_mismatch
BDPA Bulgarian	iab_lki	8	progressive	malign auto (SCA)		0.1071	0.1224	0.1143	len_mismatch
BDPA Bulgarian	iadesh	8	progressive	malign auto (SCA)	1.0000	1.0000	1.0000	1.0000	ok
BDPA Bulgarian	iaitsa	8	progressive	malign auto (SCA)		0.2798	0.3357	0.3052	len_mismatch
BDPA Bulgarian	iaitse	8	progressive	malign auto (SCA)		0.0000	0.0000	0.0000	len_mismatch
BDPA Bulgarian	iam	8	progressive	malign auto (SCA)	0.6000	0.6857	0.6857	0.6857	ok
BDPA Bulgarian	im	8	progressive	malign auto (SCA)	1.0000	1.0000	1.0000	1.0000	ok
BDPA Bulgarian	k_de	8	progressive	malign auto (SCA)	1.0000	1.0000	1.0000	1.0000	ok
BDPA Bulgarian	kam_k	8	progressive	malign auto (SCA)	1.0000	1.0000	1.0000	1.0000	ok
BDPA Bulgarian	khliab	8	progressive	malign auto (SCA)	1.0000	1.0000	1.0000	1.0000	ok
BDPA Bulgarian	khoro	8	progressive	malign auto (SCA)	1.0000	1.0000	1.0000	1.0000	ok
BDPA Bulgarian	khubav	8	progressive	malign auto (SCA)	1.0000	1.0000	1.0000	1.0000	ok
BDPA Bulgarian	khubavo	8	progressive	malign auto (SCA)	0.0000	0.7500	0.7500	0.7500	ok
BDPA Bulgarian	kliuch	8	progressive	malign auto (SCA)	1.0000	1.0000	1.0000	1.0000	ok
BDPA Bulgarian	koe	8	progressive	malign auto (SCA)	1.0000	1.0000	1.0000	1.0000	ok
BDPA Bulgarian	kon	8	progressive	malign auto (SCA)	1.0000	1.0000	1.0000	1.0000	ok
BDPA Bulgarian	kr_v	8	progressive	malign auto (SCA)	1.0000	1.0000	1.0000	1.0000	ok
BDPA Bulgarian	leshcha	8	progressive	malign auto (SCA)	1.0000	1.0000	1.0000	1.0000	ok
BDPA Bulgarian	lesno	8	progressive	malign auto (SCA)	1.0000	1.0000	1.0000	1.0000	ok
BDPA Bulgarian	m_zh	8	progressive	malign auto (SCA)	1.0000	1.0000	1.0000	1.0000	ok
BDPA Bulgarian	m_zh_t	8	progressive	malign auto (SCA)	1.0000	1.0000	1.0000	1.0000	ok
BDPA Bulgarian	m_zhe	8	progressive	malign auto (SCA)		0.6214	0.5179	0.5649	len_mismatch
BDPA Bulgarian	maika	8	progressive	malign auto (SCA)	1.0000	1.0000	1.0000	1.0000	ok
BDPA Bulgarian	mesets	8	progressive	malign auto (SCA)	1.0000	1.0000	1.0000	1.0000	ok
BDPA Bulgarian	meso	8	progressive	malign auto (SCA)	1.0000	1.0000	1.0000	1.0000	ok
BDPA Bulgarian	mliakoto	8	progressive	malign auto (SCA)	1.0000	1.0000	1.0000	1.0000	ok
BDPA Bulgarian	mnogo	8	progressive	malign auto (SCA)	1.0000	1.0000	1.0000	1.0000	ok
BDPA Bulgarian	nashe	8	progressive	malign auto (SCA)	1.0000	1.0000	1.0000	1.0000	ok
BDPA Bulgarian	nedelia	8	progressive	malign auto (SCA)	1.0000	1.0000	1.0000	1.0000	ok
BDPA Bulgarian	neia	8	progressive	malign auto (SCA)		0.5500	0.6875	0.6111	len_mismatch
BDPA Bulgarian	neshche	8	progressive	malign auto (SCA)	1.0000	1.0000	1.0000	1.0000	ok
BDPA Bulgarian	neshcho	8	progressive	malign auto (SCA)	1.0000	1.0000	1.0000	1.0000	ok
BDPA Bulgarian	niama	8	progressive	malign auto (SCA)	1.0000	1.0000	1.0000	1.0000	ok
BDPA Bulgarian	noshch	8	progressive	malign auto (SCA)	1.0000	1.0000	1.0000	1.0000	ok
BDPA Bulgarian	nosiat	8	progressive	malign auto (SCA)	1.0000	1.0000	1.0000	1.0000	ok
BDPA Bulgarian	og_n	8	progressive	malign auto (SCA)	1.0000	1.0000	1.0000	1.0000	ok
BDPA Bulgarian	onezi	8	progressive	malign auto (SCA)		0.1116	0.1488	0.1276	len_mismatch
BDPA Bulgarian	orekh	8	progressive	malign auto (SCA)	0.0000	0.2143	0.2143	0.2143	ok
BDPA Bulgarian	ovchar	8	progressive	malign auto (SCA)	1.0000	1.0000	1.0000	1.0000	ok
BDPA Bulgarian	ovchari	8	progressive	malign auto (SCA)	1.0000	1.0000	1.0000	1.0000	ok
BDPA Bulgarian	ovtsa	8	progressive	malign auto (SCA)	1.0000	1.0000	1.0000	1.0000	ok
BDPA Bulgarian	ovtse	8	progressive	malign auto (SCA)	1.0000	1.0000	1.0000	1.0000	ok
BDPA Bulgarian	p_rviiat	8	progressive	malign auto (SCA)		0.2917	0.3500	0.3182	len_mismatch
BDPA Bulgarian	p_t	8	progressive	malign auto (SCA)	1.0000	1.0000	1.0000	1.0000	ok
BDPA Bulgarian	peka	8	progressive	malign auto (SCA)	1.0000	1.0000	1.0000	1.0000	ok
BDPA Bulgarian	pepel	8	progressive	malign auto (SCA)	1.0000	1.0000	1.0000	1.0000	ok
BDPA Bulgarian	pet_k	8	progressive	malign auto (SCA)	1.0000	1.0000	1.0000	1.0000	ok
BDPA Bulgarian	petel	8	progressive	malign auto (SCA)	1.0000	1.0000	1.0000	1.0000	ok
BDPA Bulgarian	pias_k	8	progressive	malign auto (SCA)	1.0000	1.0000	1.0000	1.0000	ok
BDPA Bulgarian	plashcham	8	progressive	malign auto (SCA)	1.0000	1.0000	1.0000	1.0000	ok
BDPA Bulgarian	ponedelnik	8	progressive	malign auto (SCA)	1.0000	1.0000	1.0000	1.0000	ok
BDPA Bulgarian	pr_ch	8	progressive	malign auto (SCA)	1.0000	1.0000	1.0000	1.0000	ok
BDPA Bulgarian	r_ka	8	progressive	malign auto (SCA)	1.0000	1.0000	1.0000	1.0000	ok
BDPA Bulgarian	r_tse	8	progressive	malign auto (SCA)	1.0000	1.0000	1.0000	1.0000	ok
BDPA Bulgarian	reka	8	progressive	malign auto (SCA)	1.0000	1.0000	1.0000	1.0000	ok
BDPA Bulgarian	s_bota	8	progressive	malign auto (SCA)	1.0000	1.0000	1.0000	1.0000	ok
BDPA Bulgarian	s_rp	8	progressive	malign auto (SCA)	1.0000	1.0000	1.0000	1.0000	ok
BDPA Bulgarian	s_s	8	progressive	malign auto (SCA)	1.0000	1.0000	1.0000	1.0000	ok
BDPA Bulgarian	se	8	progressive	malign auto (SCA)	1.0000	1.0000	1.0000	1.0000	ok
BDPA Bulgarian	sedia	8	progressive	malign auto (SCA)	1.0000	1.0000	1.0000	1.0000	ok
BDPA Bulgarian	sega	8	progressive	malign auto (SCA)	0.5000	0.7679	0.7679	0.7679	ok
BDPA Bulgarian	sestra	8	progressive	malign auto (SCA)	1.0000	1.0000	1.0000	1.0000	ok
BDPA Bulgarian	shche	8	progressive	malign auto (SCA)	1.0000	1.0000	1.0000	1.0000	ok
BDPA Bulgarian	sirene	8	progressive	malign auto (SCA)	1.0000	1.0000	1.0000	1.0000	ok
BDPA Bulgarian	sol	8	progressive	malign auto (SCA)	1.0000	1.0000	1.0000	1.0000	ok
BDPA Bulgarian	sredata	8	progressive	malign auto (SCA)	1.0000	1.0000	1.0000	1.0000	ok
BDPA Bulgarian	sriada	8	progressive	malign auto (SCA)	1.0000	1.0000	1.0000	1.0000	ok
BDPA Bulgarian	starets	8	progressive	malign auto (SCA)	1.0000	1.0000	1.0000	1.0000	ok
BDPA Bulgarian	strakh	8	progressive	malign auto (SCA)	1.0000	1.0000	1.0000	1.0000	ok
BDPA Bulgarian	sukh	8	progressive	malign auto (SCA)	1.0000	1.0000	1.0000	1.0000	ok
BDPA Bulgarian	t_mno	8	progressive	malign auto (SCA)	1.0000	1.0000	1.0000	1.0000	ok
BDPA Bulgarian	t_nko	8	progressive	malign auto (SCA)	1.0000	1.0000	1.0000	1.0000	ok
BDPA Bulgarian	tak_v	8	progressive	malign auto (SCA)	1.0000	1.0000	1.0000	1.0000	ok
BDPA Bulgarian	togava	8	progressive	malign auto (SCA)		0.4898	0.5714	0.5275	len_mismatch
BDPA Bulgarian	tova	8	progressive	malign auto (SCA)	1.0000	1.0000	1.0000	1.0000	ok
BDPA Bulgarian	treva	8	progressive	malign auto (SCA)	1.0000	1.0000	1.0000	1.0000	ok
BDPA Bulgarian	tsial	8	progressive	malign auto (SCA)	1.0000	1.0000	1.0000	1.0000	ok
BDPA Bulgarian	tvoi	8	progressive	malign auto (SCA)	1.0000	1.0000	1.0000	1.0000	ok
BDPA Bulgarian	ukho	8	progressive	malign auto (SCA)	1.0000	1.0000	1.0000	1.0000	ok
BDPA Bulgarian	utre	8	progressive	malign auto (SCA)	1.0000	1.0000	1.0000	1.0000	ok
BDPA Bulgarian	v_lk	8	progressive	malign auto (SCA)	0.5000	0.6786	0.6786	0.6786	ok
BDPA Bulgarian	v_lna	8	progressive	malign auto (SCA)	0.4000	0.6143	0.6143	0.6143	ok
BDPA Bulgarian	v_nka	8	progressive	malign auto (SCA)	1.0000	1.0000	1.0000	1.0000	ok
BDPA Bulgarian	v_tre	8	progressive	malign auto (SCA)	1.0000	1.0000	1.0000	1.0000	ok
BDPA Bulgarian	veche	8	progressive	malign auto (SCA)	1.0000	1.0000	1.0000	1.0000	ok
BDPA Bulgarian	vecher	8	progressive	malign auto (SCA)	1.0000	1.0000	1.0000	1.0000	ok
BDPA Bulgarian	vezhda	8	progressive	malign auto (SCA)	1.0000	1.0000	1.0000	1.0000	ok
BDPA Bulgarian	viat_r	8	progressive	malign auto (SCA)	1.0000	1.0000	1.0000	1.0000	ok
BDPA Bulgarian	vidiakh	8	progressive	malign auto (SCA)	1.0000	1.0000	1.0000	1.0000	ok
BDPA Bulgarian	vie	8	progressive	malign auto (SCA)		0.6786	0.5429	0.6032	len_mismatch
BDPA Bulgarian	vino	8	progressive	malign auto (SCA)	1.0000	1.0000	1.0000	1.0000	ok
BDPA Bulgarian	vlizam	8	progressive	malign auto (SCA)		0.0357	0.0268	0.0306	len_mismatch
BDPA Bulgarian	voda	8	progressive	malign auto (SCA)	1.0000	1.0000	1.0000	1.0000	ok
BDPA Bulgarian	vol	8	progressive	malign auto (SCA)	1.0000	1.0000	1.0000	1.0000	ok
BDPA Bulgarian	vr_kh	8	progressive	malign auto (SCA)	0.6000	0.7429	0.7429	0.7429	ok
BDPA Bulgarian	vr_shcham	8	progressive	malign auto (SCA)	1.0000	1.0000	1.0000	1.0000	ok
BDPA Bulgarian	vreme	8	progressive	malign auto (SCA)	1.0000	1.0000	1.0000	1.0000	ok
BDPA Bulgarian	zdrav	8	progressive	malign auto (SCA)	1.0000	1.0000	1.0000	1.0000	ok
BDPA Bulgarian	zemia	8	progressive	malign auto (SCA)	1.0000	1.0000	1.0000	1.0000	ok
BDPA Bulgarian	zet	8	progressive	malign auto (SCA)	1.0000	1.0000	1.0000	1.0000	ok
BDPA Bulgarian	zh_lt	8	progressive	malign auto (SCA)	0.2000	0.4857	0.4857	0.4857	ok
BDPA Bulgarian	zh_tva	8	progressive	malign auto (SCA)	1.0000	1.0000	1.0000	1.0000	ok
BDPA Bulgarian	zheliazo	8	progressive	malign auto (SCA)	1.0000	1.0000	1.0000	1.0000	ok
BDPA Bulgarian	zhena	8	progressive	malign auto (SCA)	1.0000	1.0000	1.0000	1.0000	ok
BDPA Bulgarian	zhiv	8	progressive	malign auto (SCA)	1.0000	1.0000	1.0000	1.0000	ok
BDPA Bulgarian	zvezda	8	progressive	malign auto (SCA)	1.0000	1.0000	1.0000	1.0000	ok
BDPA Bulgarian	agne	8	progressive	malign auto (boot)	0.6000	0.9000	0.9000	0.9000	ok
BDPA Bulgarian	az	8	progressive	malign auto (boot)	0.5000	0.8750	0.8750	0.8750	ok
BDPA Bulgarian	b_rzo	8	progressive	malign auto (boot)		0.6735	0.7857	0.7253	len_mismatch
BDPA Bulgarian	beli	8	progressive	malign auto (boot)		0.0571	0.0714	0.0635	len_mismatch
BDPA Bulgarian	berat	8	progressive	malign auto (boot)	1.0000	1.0000	1.0000	1.0000	ok
BDPA Bulgarian	beshe	8	progressive	malign auto (boot)		0.0714	0.1071	0.0857	len_mismatch
BDPA Bulgarian	biakhme	8	progressive	malign auto (boot)		0.0714	0.1020	0.0840	len_mismatch
BDPA Bulgarian	brane	8	progressive	malign auto (boot)	1.0000	1.0000	1.0000	1.0000	ok
BDPA Bulgarian	brashno	8	progressive	malign auto (boot)		0.7908	0.9226	0.8516	len_mismatch
BDPA Bulgarian	chakat	8	progressive	malign auto (boot)		0.6964	0.5969	0.6429	len_mismatch
BDPA Bulgarian	cheren	8	progressive	malign auto (boot)		0.0179	0.0286	0.0220	len_mismatch
BDPA Bulgarian	cheresha	8	progressive	malign auto (boot)		0.2341	0.3010	0.2634	len_mismatch
BDPA Bulgarian	cherven	8	progressive	malign auto (boot)		0.1473	0.1684	0.1571	len_mismatch
BDPA Bulgarian	cheshma	8	progressive	malign auto (boot)	1.0000	1.0000	1.0000	1.0000	ok
BDPA Bulgarian	cheta	8	progressive	malign auto (boot)		0.6667	0.8000	0.7273	len_mismatch
BDPA Bulgarian	chovek	8	progressive	malign auto (boot)		0.2500	0.3000	0.2727	len_mismatch
BDPA Bulgarian	d_lbok	8	progressive	malign auto (boot)	0.1429	0.6633	0.6633	0.6633	ok
BDPA Bulgarian	d_no	8	progressive	malign auto (boot)	1.0000	1.0000	1.0000	1.0000	ok
BDPA Bulgarian	d_rvo	8	progressive	malign auto (boot)	0.6667	0.8452	0.8452	0.8452	ok
BDPA Bulgarian	d_zhd	8	progressive	malign auto (boot)	1.0000	1.0000	1.0000	1.0000	ok
BDPA Bulgarian	dadokha	8	progressive	malign auto (boot)	0.6667	0.7381	0.7381	0.7381	ok
BDPA Bulgarian	den	8	progressive	malign auto (boot)	1.0000	1.0000	1.0000	1.0000	ok
BDPA Bulgarian	dera	8	progressive	malign auto (boot)	0.6000	0.9000	0.9000	0.9000	ok
BDPA Bulgarian	deset	8	progressive	malign auto (boot)		0.5867	0.8214	0.6845	len_mismatch
BDPA Bulgarian	dete	8	progressive	malign auto (boot)	1.0000	1.0000	1.0000	1.0000	ok
BDPA Bulgarian	dnes	8	progressive	malign auto (boot)		0.2768	0.3163	0.2952	len_mismatch
BDPA Bulgarian	dobre	8	progressive	malign auto (boot)	1.0000	1.0000	1.0000	1.0000	ok
BDPA Bulgarian	dolu	8	progressive	malign auto (boot)	1.0000	1.0000	1.0000	1.0000	ok
BDPA Bulgarian	dosh_l	8	progressive	malign auto (boot)	1.0000	1.0000	1.0000	1.0000	ok
BDPA Bulgarian	dve	8	progressive	malign auto (boot)	1.0000	1.0000	1.0000	1.0000	ok
BDPA Bulgarian	dvor	8	progressive	malign auto (boot)	1.0000	1.0000	1.0000	1.0000	ok
BDPA Bulgarian	dzhob	8	progressive	malign auto (boot)	1.0000	1.0000	1.0000	1.0000	ok
BDPA Bulgarian	echemik	8	progressive	malign auto (boot)		0.3316	0.3869	0.3571	len_mismatch
BDPA Bulgarian	edin	8	progressive	malign auto (boot)	0.0000	0.1071	0.1071	0.1071	ok
BDPA Bulgarian	edno	8	progressive	malign auto (boot)		0.0612	0.0714	0.0659	len_mismatch
BDPA Bulgarian	ezik	8	progressive	malign auto (boot)	0.6000	0.6857	0.6857	0.6857	ok
BDPA Bulgarian	furna	8	progressive	malign auto (boot)	1.0000	1.0000	1.0000	1.0000	ok
BDPA Bulgarian	gladen	8	progressive	malign auto (boot)	1.0000	1.0000	1.0000	1.0000	ok
BDPA Bulgarian	glava	8	progressive	malign auto (boot)	1.0000	1.0000	1.0000	1.0000	ok
BDPA Bulgarian	gore	8	progressive	malign auto (boot)	1.0000	1.0000	1.0000	1.0000	ok
BDPA Bulgarian	gosti	8	progressive	malign auto (boot)	1.0000	1.0000	1.0000	1.0000	ok
BDPA Bulgarian	govedo	8	progressive	malign auto (boot)	1.0000	1.0000	1.0000	1.0000	ok
BDPA Bulgarian	grad_t	8	progressive	malign auto (boot)	1.0000	1.0000	1.0000	1.0000	ok
BDPA Bulgarian	grozde	8	progressive	malign auto (boot)	1.0000	1.0000	1.0000	1.0000	ok
BDPA Bulgarian	i	8	progressive	malign auto (boot)		0.2679	0.3571	0.3061	len_mismatch
BDPA Bulgarian	ia	8	progressive	malign auto (boot)	0.0000	0.5357	0.5357	0.5357	ok
BDPA Bulgarian	iab_lka	8	progressive	malign auto (boot)		0.1741	0.1990	0.1857	len_mismatch
BDPA Bulgarian	iab_lki	8	progressive	malign auto (boot)		0.0952	0.1224	0.1071	len_mismatch
BDPA Bulgarian	iadesh	8	progressive	malign auto (boot)		0.6000	0.7500	0.6667	len_mismatch
BDPA Bulgarian	iaitsa	8	progressive	malign auto (boot)		0.0153	0.0214	0.0179	len_mismatch
BDPA Bulgarian	iaitse	8	progressive	malign auto (boot)	0.0000	0.7071	0.7071	0.7071	ok
BDPA Bulgarian	iam	8	progressive	malign auto (boot)	0.4000	0.5143	0.5143	0.5143	ok
BDPA Bulgarian	im	8	progressive	malign auto (boot)	0.2500	0.2500	0.2500	0.2500	ok
BDPA Bulgarian	k_de	8	progressive	malign auto (boot)		0.5000	0.6250	0.5556	len_mismatch
BDPA Bulgarian	kam_k	8	progressive	malign auto (boot)	1.0000	1.0000	1.0000	1.0000	ok
BDPA Bulgarian	khliab	8	progressive	malign auto (boot)	1.0000	1.0000	1.0000	1.0000	ok
BDPA Bulgarian	khoro	8	progressive	malign auto (boot)	0.5000	0.5536	0.5536	0.5536	ok
BDPA Bulgarian	khubav	8	progressive	malign auto (boot)		0.3452	0.4143	0.3766	len_mismatch
BDPA Bulgarian	khubavo	8	progressive	malign auto (boot)		0.2602	0.3036	0.2802	len_mismatch
BDPA Bulgarian	kliuch	8	progressive	malign auto (boot)		0.6845	0.8214	0.7468	len_mismatch
BDPA Bulgarian	koe	8	progressive	malign auto (boot)		0.5000	0.6250	0.5556	len_mismatch
BDPA Bulgarian	kon	8	progressive	malign auto (boot)	1.0000	1.0000	1.0000	1.0000	ok
BDPA Bulgarian	kr_v	8	progressive	malign auto (boot)	0.6000	0.8143	0.8143	0.8143	ok
BDPA Bulgarian	leshcha	8	progressive	malign auto (boot)	0.6000	0.8143	0.8143	0.8143	ok
BDPA Bulgarian	lesno	8	progressive	malign auto (boot)	1.0000	1.0000	1.0000	1.0000	ok
BDPA Bulgarian	m_zh	8	progressive	malign auto (boot)	1.0000	1.0000	1.0000	1.0000	ok
BDPA Bulgarian	m_zh_t	8	progressive	malign auto (boot)	1.0000	1.0000	1.0000	1.0000	ok
BDPA Bulgarian	m_zhe	8	progressive	malign auto (boot)		0.6286	0.5238	0.5714	len_mismatch
BDPA Bulgarian	maika	8	progressive	malign auto (boot)	1.0000	1.0000	1.0000	1.0000	ok
BDPA Bulgarian	mesets	8	progressive	malign auto (boot)	1.0000	1.0000	1.0000	1.0000	ok
BDPA Bulgarian	meso	8	progressive	malign auto (boot)	1.0000	1.0000	1.0000	1.0000	ok
BDPA Bulgarian	mliakoto	8	progressive	malign auto (boot)	1.0000	1.0000	1.0000	1.0000	ok
BDPA Bulgarian	mnogo	8	progressive	malign auto (boot)	0.6000	0.9000	0.9000	0.9000	ok
BDPA Bulgarian	nashe	8	progressive	malign auto (boot)		0.4000	0.5000	0.4444	len_mismatch
BDPA Bulgarian	nedelia	8	progressive	malign auto (boot)	1.0000	1.0000	1.0000	1.0000	ok
BDPA Bulgarian	neia	8	progressive	malign auto (boot)		0.4000	0.5000	0.4444	len_mismatch
BDPA Bulgarian	neshche	8	progressive	malign auto (boot)	0.6000	0.7429	0.7429	0.7429	ok
BDPA Bulgarian	neshcho	8	progressive	malign auto (boot)	1.0000	1.0000	1.0000	1.0000	ok
BDPA Bulgarian	niama	8	progressive	malign auto (boot)	1.0000	1.0000	1.0000	1.0000	ok
BDPA Bulgarian	noshch	8	progressive	malign auto (boot)		0.5000	0.6667	0.5714	len_mismatch
BDPA Bulgarian	nosiat	8	progressive	malign auto (boot)		0.5000	0.6000	0.5455	len_mismatch
BDPA Bulgarian	og_n	8	progressive	malign auto (boot)	0.6000	0.6000	0.6000	0.6000	ok
BDPA Bulgarian	onezi	8	progressive	malign auto (boot)		0.0893	0.1190	0.1020	len_mismatch
BDPA Bulgarian	orekh	8	progressive	malign auto (boot)		0.0153	0.0214	0.0179	len_mismatch
BDPA Bulgarian	ovchar	8	progressive	malign auto (boot)	1.0000	1.0000	1.0000	1.0000	ok
BDPA Bulgarian	ovchari	8	progressive	malign auto (boot)	1.0000	1.0000	1.0000	1.0000	ok
BDPA Bulgarian	ovtsa	8	progressive	malign auto (boot)		0.2024	0.3036	0.2429	len_mismatch
BDPA Bulgarian	ovtse	8	progressive	malign auto (boot)	0.6000	0.6000	0.6000	0.6000	ok
BDPA Bulgarian	p_rviiat	8	progressive	malign auto (boot)	0.1000	0.2214	0.2214	0.2214	ok
BDPA Bulgarian	p_t	8	progressive	malign auto (boot)		0.4429	0.7381	0.5536	len_mismatch
BDPA Bulgarian	peka	8	progressive	malign auto (boot)	0.6000	0.9000	0.9000	0.9000	ok
BDPA Bulgarian	pepel	8	progressive	malign auto (boot)		0.3452	0.4143	0.3766	len_mismatch
BDPA Bulgarian	pet_k	8	progressive	malign auto (boot)	1.0000	1.0000	1.0000	1.0000	ok
BDPA Bulgarian	petel	8	progressive	malign auto (boot)		0.0000	0.0000	0.0000	len_mismatch
BDPA Bulgarian	pias_k	8	progressive	malign auto (boot)	1.0000	1.0000	1.0000	1.0000	ok
BDPA Bulgarian	plashcham	8	progressive	malign auto (boot)		0.6582	0.5759	0.6143	len_mismatch
BDPA Bulgarian	ponedelnik	8	progressive	malign auto (boot)	0.3000	0.6750	0.6750	0.6750	ok
BDPA Bulgarian	pr_ch	8	progressive	malign auto (boot)	1.0000	1.0000	1.0000	1.0000	ok
BDPA Bulgarian	r_ka	8	progressive	malign auto (boot)	1.0000	1.0000	1.0000	1.0000	ok
BDPA Bulgarian	r_tse	8	progressive	malign auto (boot)	1.0000	1.0000	1.0000	1.0000	ok
BDPA Bulgarian	reka	8	progressive	malign auto (boot)		0.3857	0.4821	0.4286	len_mismatch
BDPA Bulgarian	s_bota	8	progressive	malign auto (boot)	1.0000	1.0000	1.0000	1.0000	ok
BDPA Bulgarian	s_rp	8	progressive	malign auto (boot)	1.0000	1.0000	1.0000	1.0000	ok
BDPA Bulgarian	s_s	8	progressive	malign auto (boot)	1.0000	1.0000	1.0000	1.0000	ok
BDPA Bulgarian	se	8	progressive	malign auto (boot)	1.0000	1.0000	1.0000	1.0000	ok
BDPA Bulgarian	sedia	8	progressive	malign auto (boot)	1.0000	1.0000	1.0000	1.0000	ok
BDPA Bulgarian	sega	8	progressive	malign auto (boot)		0.3571	0.4464	0.3968	len_mismatch
BDPA Bulgarian	sestra	8	progressive	malign auto (boot)	1.0000	1.0000	1.0000	1.0000	ok
BDPA Bulgarian	shche	8	progressive	malign auto (boot)	0.3333	0.5714	0.5714	0.5714	ok
BDPA Bulgarian	sirene	8	progressive	malign auto (boot)	1.0000	1.0000	1.0000	1.0000	ok
BDPA Bulgarian	sol	8	progressive	malign auto (boot)	1.0000	1.0000	1.0000	1.0000	ok
BDPA Bulgarian	sredata	8	progressive	malign auto (boot)	0.1250	0.2188	0.2188	0.2188	ok
BDPA Bulgarian	sriada	8	progressive	malign auto (boot)	0.1667	0.2560	0.2560	0.2560	ok
BDPA Bulgarian	starets	8	progressive	malign auto (boot)	1.0000	1.0000	1.0000	1.0000	ok
BDPA Bulgarian	strakh	8	progressive	malign auto (boot)		0.1837	0.2143	0.1978	len_mismatch
BDPA Bulgarian	sukh	8	progressive	malign auto (boot)		0.4071	0.6786	0.5089	len_mismatch
BDPA Bulgarian	t_mno	8	progressive	malign auto (boot)		0.6845	0.8214	0.7468	len_mismatch
BDPA Bulgarian	t_nko	8	progressive	malign auto (boot)	1.0000	1.0000	1.0000	1.0000	ok
BDPA Bulgarian	tak_v	8	progressive	malign auto (boot)		0.6667	0.8000	0.7273	len_mismatch
BDPA Bulgarian	togava	8	progressive	malign auto (boot)		0.2500	0.3333	0.2857	len_mismatch
BDPA Bulgarian	tova	8	progressive	malign auto (boot)	1.0000	1.0000	1.0000	1.0000	ok
BDPA Bulgarian	treva	8	progressive	malign auto (boot)	1.0000	1.0000	1.0000	1.0000	ok
BDPA Bulgarian	tsial	8	progressive	malign auto (boot)		0.1786	0.2381	0.2041	len_mismatch
BDPA Bulgarian	tvoi	8	progressive	malign auto (boot)	1.0000	1.0000	1.0000	1.0000	ok
BDPA Bulgarian	ukho	8	progressive	malign auto (boot)		0.3036	0.4048	0.3469	len_mismatch
BDPA Bulgarian	utre	8	progressive	malign auto (boot)	0.6000	0.6857	0.6857	0.6857	ok
BDPA Bulgarian	v_lk	8	progressive	malign auto (boot)	0.5000	0.6786	0.6786	0.6786	ok
BDPA Bulgarian	v_lna	8	progressive	malign auto (boot)	0.4000	0.6143	0.6143	0.6143	ok
BDPA Bulgarian	v_nka	8	progressive	malign auto (boot)	1.0000	1.0000	1.0000	1.0000	ok
BDPA Bulgarian	v_tre	8	progressive	malign auto (boot)	0.6667	0.7857	0.7857	0.7857	ok
BDPA Bulgarian	veche	8	progressive	malign auto (boot)		0.4643	0.3869	0.4221	len_mismatch
BDPA Bulgarian	vecher	8	progressive	malign auto (boot)	1.0000	1.0000	1.0000	1.0000	ok
BDPA Bulgarian	vezhda	8	progressive	malign auto (boot)	1.0000	1.0000	1.0000	1.0000	ok
BDPA Bulgarian	viat_r	8	progressive	malign auto (boot)	1.0000	1.0000	1.0000	1.0000	ok
BDPA Bulgarian	vidiakh	8	progressive	malign auto (boot)		0.4133	0.5786	0.4821	len_mismatch
BDPA Bulgarian	vie	8	progressive	malign auto (boot)		0.6786	0.5429	0.6032	len_mismatch
BDPA Bulgarian	vino	8	progressive	malign auto (boot)		0.6071	0.7589	0.6746	len_mismatch
BDPA Bulgarian	vlizam	8	progressive	malign auto (boot)		0.0357	0.0268	0.0306	len_mismatch
BDPA Bulgarian	voda	8	progressive	malign auto (boot)	0.0000	0.6429	0.6429	0.6429	ok
BDPA Bulgarian	vol	8	progressive	malign auto (boot)	0.3333	0.6905	0.6905	0.6905	ok
BDPA Bulgarian	vr_kh	8	progressive	malign auto (boot)	0.6000	0.6857	0.6857	0.6857	ok
BDPA Bulgarian	vr_shcham	8	progressive	malign auto (boot)	0.4286	0.7347	0.7347	0.7347	ok
BDPA Bulgarian	vreme	8	progressive	malign auto (boot)	1.0000	1.0000	1.0000	1.0000	ok
BDPA Bulgarian	zdrav	8	progressive	malign auto (boot)		0.6667	0.8000	0.7273	len_mismatch
BDPA Bulgarian	zemia	8	progressive	malign auto (boot)	0.4000	0.8071	0.8071	0.8071	ok
BDPA Bulgarian	zet	8	progressive	malign auto (boot)		0.3393	0.6786	0.4524	len_mismatch
BDPA Bulgarian	zh_lt	8	progressive	malign auto (boot)		0.4464	0.3571	0.3968	len_mismatch
BDPA Bulgarian	zh_tva	8	progressive	malign auto (boot)	1.0000	1.0000	1.0000	1.0000	ok
BDPA Bulgarian	zheliazo	8	progressive	malign auto (boot)	1.0000	1.0000	1.0000	1.0000	ok
BDPA Bulgarian	zhena	8	progressive	malign auto (boot)	1.0000	1.0000	1.0000	1.0000	ok
BDPA Bulgarian	zhiv	8	progressive	malign auto (boot)		0.5000	0.6667	0.5714	len_mismatch
BDPA Bulgarian	zvezda	8	progressive	malign auto (boot)	0.1429	0.1735	0.1735	0.1735	ok
BDPA Bulgarian	agne	8	progressive	malign auto (SCA+boot)	0.6000	0.9000	0.9000	0.9000	ok
BDPA Bulgarian	az	8	progressive	malign auto (SCA+boot)	0.2500	0.8125	0.8125	0.8125	ok
BDPA Bulgarian	b_rzo	8	progressive	malign auto (SCA+boot)	1.0000	1.0000	1.0000	1.0000	ok
BDPA Bulgarian	beli	8	progressive	malign auto (SCA+boot)	1.0000	1.0000	1.0000	1.0000	ok
BDPA Bulgarian	berat	8	progressive	malign auto (SCA+boot)	1.0000	1.0000	1.0000	1.0000	ok
BDPA Bulgarian	beshe	8	progressive	malign auto (SCA+boot)	1.0000	1.0000	1.0000	1.0000	ok
BDPA Bulgarian	biakhme	8	progressive	malign auto (SCA+boot)	0.1429	0.3214	0.3214	0.3214	ok
BDPA Bulgarian	brane	8	progressive	malign auto (SCA+boot)	1.0000	1.0000	1.0000	1.0000	ok
BDPA Bulgarian	brashno	8	progressive	malign auto (SCA+boot)	1.0000	1.0000	1.0000	1.0000	ok
BDPA Bulgarian	chakat	8	progressive	malign auto (SCA+boot)		0.7976	0.6837	0.7363	len_mismatch
BDPA Bulgarian	cheren	8	progressive	malign auto (SCA+boot)	1.0000	1.0000	1.0000	1.0000	ok
BDPA Bulgarian	cheresha	8	progressive	malign auto (SCA+boot)	0.7143	0.7245	0.7245	0.7245	ok
BDPA Bulgarian	cherven	8	progressive	malign auto (SCA+boot)	0.4286	0.8571	0.8571	0.8571	ok
BDPA Bulgarian	cheshma	8	progressive	malign auto (SCA+boot)	1.0000	1.0000	1.0000	1.0000	ok
BDPA Bulgarian	cheta	8	progressive	malign auto (SCA+boot)	1.0000	1.0000	1.0000	1.0000	ok
BDPA Bulgarian	chovek	8	progressive	malign auto (SCA+boot)	1.0000	1.0000	1.0000	1.0000	ok
BDPA Bulgarian	d_lbok	8	progressive	malign auto (SCA+boot)	0.1429	0.6633	0.6633	0.6633	ok
BDPA Bulgarian	d_no	8	progressive	malign auto (SCA+boot)	1.0000	1.0000	1.0000	1.0000	ok
BDPA Bulgarian	d_rvo	8	progressive	malign auto (SCA+boot)	0.6667	0.8452	0.8452	0.8452	ok
BDPA Bulgarian	d_zhd	8	progressive	malign auto (SCA+boot)	1.0000	1.0000	1.0000	1.0000	ok
BDPA Bulgarian	dadokha	8	progressive	malign auto (SCA+boot)	0.6667	0.7381	0.7381	0.7381	ok
BDPA Bulgarian	den	8	progressive	malign auto (SCA+boot)	1.0000	1.0000	1.0000	1.0000	ok
BDPA Bulgarian	dera	8	progressive	malign auto (SCA+boot)	1.0000	1.0000	1.0000	1.0000	ok
BDPA Bulgarian	deset	8	progressive	malign auto (SCA+boot)	1.0000	1.0000	1.0000	1.0000	ok
BDPA Bulgarian	dete	8	progressive	malign auto (SCA+boot)	1.0000	1.0000	1.0000	1.0000	ok
BDPA Bulgarian	dnes	8	progressive	malign auto (SCA+boot)	1.0000	1.0000	1.0000	1.0000	ok
BDPA Bulgarian	dobre	8	progressive	malign auto (SCA+boot)	1.0000	1.0000	1.0000	1.0000	ok
BDPA Bulgarian	dolu	8	progressive	malign auto (SCA+boot)	1.0000	1.0000	1.0000	1.0000	ok
BDPA Bulgarian	dosh_l	8	progressive	malign auto (SCA+boot)	1.0000	1.0000	1.0000	1.0000	ok
BDPA Bulgarian	dve	8	progressive	malign auto (SCA+boot)	1.0000	1.0000	1.0000	1.0000	ok
BDPA Bulgarian	dvor	8	progressive	malign auto (SCA+boot)	1.0000	1.0000	1.0000	1.0000	ok
BDPA Bulgarian	dzhob	8	progressive	malign auto (SCA+boot)	1.0000	1.0000	1.0000	1.0000	ok
BDPA Bulgarian	echemik	8	progressive	malign auto (SCA+boot)		0.3010	0.3512	0.3242	len_mismatch
BDPA Bulgarian	edin	8	progressive	malign auto (SCA+boot)	0.0000	0.1071	0.1071	0.1071	ok
BDPA Bulgarian	edno	8	progressive	malign auto (SCA+boot)		0.0612	0.0714	0.0659	len_mismatch
BDPA Bulgarian	ezik	8	progressive	malign auto (SCA+boot)	0.6000	0.9000	0.9000	0.9000	ok
BDPA Bulgarian	furna	8	progressive	malign auto (SCA+boot)	1.0000	1.0000	1.0000	1.0000	ok
BDPA Bulgarian	gladen	8	progressive	malign auto (SCA+boot)	1.0000	1.0000	1.0000	1.0000	ok
BDPA Bulgarian	glava	8	progressive	malign auto (SCA+boot)	1.0000	1.0000	1.0000	1.0000	ok
BDPA Bulgarian	gore	8	progressive	malign auto (SCA+boot)	1.0000	1.0000	1.0000	1.0000	ok
BDPA Bulgarian	gosti	8	progressive	malign auto (SCA+boot)	1.0000	1.0000	1.0000	1.0000	ok
BDPA Bulgarian	govedo	8	progressive	malign auto (SCA+boot)	1.0000	1.0000	1.0000	1.0000	ok
BDPA Bulgarian	grad_t	8	progressive	malign auto (SCA+boot)	1.0000	1.0000	1.0000	1.0000	ok
BDPA Bulgarian	grozde	8	progressive	malign auto (SCA+boot)	1.0000	1.0000	1.0000	1.0000	ok
BDPA Bulgarian	i	8	progressive	malign auto (SCA+boot)	0.3333	0.5714	0.5714	0.5714	ok
BDPA Bulgarian	ia	8	progressive	malign auto (SCA+boot)	0.0000	0.7500	0.7500	0.7500	ok
BDPA Bulgarian	iab_lka	8	progressive	malign auto (SCA+boot)		0.1741	0.1990	0.1857	len_mismatch
BDPA Bulgarian	iab_lki	8	progressive	malign auto (SCA+boot)		0.1741	0.1990	0.1857	len_mismatch
BDPA Bulgarian	iadesh	8	progressive	malign auto (SCA+boot)	1.0000	1.0000	1.0000	1.0000	ok
BDPA Bulgarian	iaitsa	8	progressive	malign auto (SCA+boot)		0.0000	0.0000	0.0000	len_mismatch
BDPA Bulgarian	iaitse	8	progressive	malign auto (SCA+boot)		0.2381	0.2857	0.2597	len_mismatch
BDPA Bulgarian	iam	8	progressive	malign auto (SCA+boot)	0.6000	0.6857	0.6857	0.6857	ok
BDPA Bulgarian	im	8	progressive	malign auto (SCA+boot)	0.5000	0.5000	0.5000	0.5000	ok
BDPA Bulgarian	k_de	8	progressive	malign auto (SCA+boot)	1.0000	1.0000	1.0000	1.0000	ok
BDPA Bulgarian	kam_k	8	progressive	malign auto (SCA+boot)	1.0000	1.0000	1.0000	1.0000	ok
BDPA Bulgarian	khliab	8	progressive	malign auto (SCA+boot)	1.0000	1.0000	1.0000	1.0000	ok
BDPA Bulgarian	khoro	8	progressive	malign auto (SCA+boot)	0.5000	0.5179	0.5179	0.5179	ok
BDPA Bulgarian	khubav	8	progressive	malign auto (SCA+boot)	0.6000	0.6143	0.6143	0.6143	ok
BDPA Bulgarian	khubavo	8	progressive	malign auto (SCA+boot)	0.0000	0.5119	0.5119	0.5119	ok
BDPA Bulgarian	kliuch	8	progressive	malign auto (SCA+boot)	0.6000	0.8143	0.8143	0.8143	ok
BDPA Bulgarian	koe	8	progressive	malign auto (SCA+boot)	0.2500	0.6161	0.6161	0.6161	ok
BDPA Bulgarian	kon	8	progressive	malign auto (SCA+boot)	1.0000	1.0000	1.0000	1.0000	ok
BDPA Bulgarian	kr_v	8	progressive	malign auto (SCA+boot)	0.6000	0.8143	0.8143	0.8143	ok
BDPA Bulgarian	leshcha	8	progressive	malign auto (SCA+boot)	1.0000	1.0000	1.0000	1.0000	ok
BDPA Bulgarian	lesno	8	progressive	malign auto (SCA+boot)	1.0000	1.0000	1.0000	1.0000	ok
BDPA Bulgarian	m_zh	8	progressive	malign auto (SCA+boot)	1.0000	1.0000	1.0000	1.0000	ok
BDPA Bulgarian	m_zh_t	8	progressive	malign auto (SCA+boot)	1.0000	1.0000	1.0000	1.0000	ok
BDPA Bulgarian	m_zhe	8	progressive	malign auto (SCA+boot)		0.6286	0.5238	0.5714	len_mismatch
BDPA Bulgarian	maika	8	progressive	malign auto (SCA+boot)	1.0000	1.0000	1.0000	1.0000	ok
BDPA Bulgarian	mesets	8	progressive	malign auto (SCA+boot)	1.0000	1.0000	1.0000	1.0000	ok
BDPA Bulgarian	meso	8	progressive	malign auto (SCA+boot)	1.0000	1.0000	1.0000	1.0000	ok
BDPA Bulgarian	mliakoto	8	progressive	malign auto (SCA+boot)	1.0000	1.0000	1.0000	1.0000	ok
BDPA Bulgarian	mnogo	8	progressive	malign auto (SCA+boot)	0.6000	0.9000	0.9000	0.9000	ok
BDPA Bulgarian	nashe	8	progressive	malign auto (SCA+boot)	1.0000	1.0000	1.0000	1.0000	ok
BDPA Bulgarian	nedelia	8	progressive	malign auto (SCA+boot)	1.0000	1.0000	1.0000	1.0000	ok
BDPA Bulgarian	neia	8	progressive	malign auto (SCA+boot)	0.2500	0.5714	0.5714	0.5714	ok
BDPA Bulgarian	neshche	8	progressive	malign auto (SCA+boot)	0.6000	0.7429	0.7429	0.7429	ok
BDPA Bulgarian	neshcho	8	progressive	malign auto (SCA+boot)	1.0000	1.0000	1.0000	1.0000	ok
BDPA Bulgarian	niama	8	progressive	malign auto (SCA+boot)	1.0000	1.0000	1.0000	1.0000	ok
BDPA Bulgarian	noshch	8	progressive	malign auto (SCA+boot)	1.0000	1.0000	1.0000	1.0000	ok
BDPA Bulgarian	nosiat	8	progressive	malign auto (SCA+boot)	1.0000	1.0000	1.0000	1.0000	ok
BDPA Bulgarian	og_n	8	progressive	malign auto (SCA+boot)	0.0000	0.3214	0.3214	0.3214	ok
BDPA Bulgarian	onezi	8	progressive	malign auto (SCA+boot)		0.0893	0.1190	0.1020	len_mismatch
BDPA Bulgarian	orekh	8	progressive	malign auto (SCA+boot)	0.0000	0.1286	0.1286	0.1286	ok
BDPA Bulgarian	ovchar	8	progressive	malign auto (SCA+boot)	1.0000	1.0000	1.0000	1.0000	ok
BDPA Bulgarian	ovchari	8	progressive	malign auto (SCA+boot)	1.0000	1.0000	1.0000	1.0000	ok
BDPA Bulgarian	ovtsa	8	progressive	malign auto (SCA+boot)	1.0000	1.0000	1.0000	1.0000	ok
BDPA Bulgarian	ovtse	8	progressive	malign auto (SCA+boot)	0.6000	0.6000	0.6000	0.6000	ok
BDPA Bulgarian	p_rviiat	8	progressive	malign auto (SCA+boot)		0.1637	0.1964	0.1786	len_mismatch
BDPA Bulgarian	p_t	8	progressive	malign auto (SCA+boot)	1.0000	1.0000	1.0000	1.0000	ok
BDPA Bulgarian	peka	8	progressive	malign auto (SCA+boot)	1.0000	1.0000	1.0000	1.0000	ok
BDPA Bulgarian	pepel	8	progressive	malign auto (SCA+boot)	1.0000	1.0000	1.0000	1.0000	ok
BDPA Bulgarian	pet_k	8	progressive	malign auto (SCA+boot)	1.0000	1.0000	1.0000	1.0000	ok
BDPA Bulgarian	petel	8	progressive	malign auto (SCA+boot)	1.0000	1.0000	1.0000	1.0000	ok
BDPA Bulgarian	pias_k	8	progressive	malign auto (SCA+boot)	1.0000	1.0000	1.0000	1.0000	ok
BDPA Bulgarian	plashcham	8	progressive	malign auto (SCA+boot)		0.6888	0.6027	0.6429	len_mismatch
BDPA Bulgarian	ponedelnik	8	progressive	malign auto (SCA+boot)	0.3000	0.6750	0.6750	0.6750	ok
BDPA Bulgarian	pr_ch	8	progressive	malign auto (SCA+boot)	1.0000	1.0000	1.0000	1.0000	ok
BDPA Bulgarian	r_ka	8	progressive	malign auto (SCA+boot)	1.0000	1.0000	1.0000	1.0000	ok
BDPA Bulgarian	r_tse	8	progressive	malign auto (SCA+boot)	1.0000	1.0000	1.0000	1.0000	ok
BDPA Bulgarian	reka	8	progressive	malign auto (SCA+boot)	1.0000	1.0000	1.0000	1.0000	ok
BDPA Bulgarian	s_bota	8	progressive	malign auto (SCA+boot)	1.0000	1.0000	1.0000	1.0000	ok
BDPA Bulgarian	s_rp	8	progressive	malign auto (SCA+boot)	1.0000	1.0000	1.0000	1.0000	ok
BDPA Bulgarian	s_s	8	progressive	malign auto (SCA+boot)	1.0000	1.0000	1.0000	1.0000	ok
BDPA Bulgarian	se	8	progressive	malign auto (SCA+boot)	1.0000	1.0000	1.0000	1.0000	ok
BDPA Bulgarian	sedia	8	progressive	malign auto (SCA+boot)	1.0000	1.0000	1.0000	1.0000	ok
BDPA Bulgarian	sega	8	progressive	malign auto (SCA+boot)	0.0000	0.5536	0.5536	0.5536	ok
BDPA Bulgarian	sestra	8	progressive	malign auto (SCA+boot)	1.0000	1.0000	1.0000	1.0000	ok
BDPA Bulgarian	shche	8	progressive	malign auto (SCA+boot)	1.0000	1.0000	1.0000	1.0000	ok
BDPA Bulgarian	sirene	8	progressive	malign auto (SCA+boot)	1.0000	1.0000	1.0000	1.0000	ok
BDPA Bulgarian	sol	8	progressive	malign auto (SCA+boot)	1.0000	1.0000	1.0000	1.0000	ok
BDPA Bulgarian	sredata	8	progressive	malign auto (SCA+boot)	0.1250	0.2188	0.2188	0.2188	ok
BDPA Bulgarian	sriada	8	progressive	malign auto (SCA+boot)	0.1667	0.2560	0.2560	0.2560	ok
BDPA Bulgarian	starets	8	progressive	malign auto (SCA+boot)	1.0000	1.0000	1.0000	1.0000	ok
BDPA Bulgarian	strakh	8	progressive	malign auto (SCA+boot)	0.0000	0.1786	0.1786	0.1786	ok
BDPA Bulgarian	sukh	8	progressive	malign auto (SCA+boot)	1.0000	1.0000	1.0000	1.0000	ok
BDPA Bulgarian	t_mno	8	progressive	malign auto (SCA+boot)	1.0000	1.0000	1.0000	1.0000	ok
BDPA Bulgarian	t_nko	8	progressive	malign auto (SCA+boot)	1.0000	1.0000	1.0000	1.0000	ok
BDPA Bulgarian	tak_v	8	progressive	malign auto (SCA+boot)	1.0000	1.0000	1.0000	1.0000	ok
BDPA Bulgarian	togava	8	progressive	malign auto (SCA+boot)	0.6667	0.9167	0.9167	0.9167	ok
BDPA Bulgarian	tova	8	progressive	malign auto (SCA+boot)	1.0000	1.0000	1.0000	1.0000	ok
BDPA Bulgarian	treva	8	progressive	malign auto (SCA+boot)	1.0000	1.0000	1.0000	1.0000	ok
BDPA Bulgarian	tsial	8	progressive	malign auto (SCA+boot)	1.0000	1.0000	1.0000	1.0000	ok
BDPA Bulgarian	tvoi	8	progressive	malign auto (SCA+boot)	1.0000	1.0000	1.0000	1.0000	ok
BDPA Bulgarian	ukho	8	progressive	malign auto (SCA+boot)	0.3333	0.8333	0.8333	0.8333	ok
BDPA Bulgarian	utre	8	progressive	malign auto (SCA+boot)	0.6000	0.6857	0.6857	0.6857	ok
BDPA Bulgarian	v_lk	8	progressive	malign auto (SCA+boot)	0.5000	0.6786	0.6786	0.6786	ok
BDPA Bulgarian	v_lna	8	progressive	malign auto (SCA+boot)	0.4000	0.6143	0.6143	0.6143	ok
BDPA Bulgarian	v_nka	8	progressive	malign auto (SCA+boot)	1.0000	1.0000	1.0000	1.0000	ok
BDPA Bulgarian	v_tre	8	progressive	malign auto (SCA+boot)	1.0000	1.0000	1.0000	1.0000	ok
BDPA Bulgarian	veche	8	progressive	malign auto (SCA+boot)		0.4643	0.3869	0.4221	len_mismatch
BDPA Bulgarian	vecher	8	progressive	malign auto (SCA+boot)	1.0000	1.0000	1.0000	1.0000	ok
BDPA Bulgarian	vezhda	8	progressive	malign auto (SCA+boot)	1.0000	1.0000	1.0000	1.0000	ok
BDPA Bulgarian	viat_r	8	progressive	malign auto (SCA+boot)	1.0000	1.0000	1.0000	1.0000	ok
BDPA Bulgarian	vidiakh	8	progressive	malign auto (SCA+boot)	0.6000	0.7429	0.7429	0.7429	ok
BDPA Bulgarian	vie	8	progressive	malign auto (SCA+boot)		0.6786	0.5429	0.6032	len_mismatch
BDPA Bulgarian	vino	8	progressive	malign auto (SCA+boot)	1.0000	1.0000	1.0000	1.0000	ok
BDPA Bulgarian	vlizam	8	progressive	malign auto (SCA+boot)		0.0357	0.0268	0.0306	len_mismatch
BDPA Bulgarian	voda	8	progressive	malign auto (SCA+boot)	0.0000	0.6429	0.6429	0.6429	ok
BDPA Bulgarian	vol	8	progressive	malign auto (SCA+boot)	1.0000	1.0000	1.0000	1.0000	ok
BDPA Bulgarian	vr_kh	8	progressive	malign auto (SCA+boot)	0.4000	0.6643	0.6643	0.6643	ok
BDPA Bulgarian	vr_shcham	8	progressive	malign auto (SCA+boot)	0.4286	0.7347	0.7347	0.7347	ok
BDPA Bulgarian	vreme	8	progressive	malign auto (SCA+boot)	1.0000	1.0000	1.0000	1.0000	ok
BDPA Bulgarian	zdrav	8	progressive	malign auto (SCA+boot)	1.0000	1.0000	1.0000	1.0000	ok
BDPA Bulgarian	zemia	8	progressive	malign auto (SCA+boot)	0.4000	0.8071	0.8071	0.8071	ok
BDPA Bulgarian	zet	8	progressive	malign auto (SCA+boot)	1.0000	1.0000	1.0000	1.0000	ok
BDPA Bulgarian	zh_lt	8	progressive	malign auto (SCA+boot)	0.2000	0.6429	0.6429	0.6429	ok
BDPA Bulgarian	zh_tva	8	progressive	malign auto (SCA+boot)	1.0000	1.0000	1.0000	1.0000	ok
BDPA Bulgarian	zheliazo	8	progressive	malign auto (SCA+boot)	1.0000	1.0000	1.0000	1.0000	ok
BDPA Bulgarian	zhena	8	progressive	malign auto (SCA+boot)	1.0000	1.0000	1.0000	1.0000	ok
BDPA Bulgarian	zhiv	8	progressive	malign auto (SCA+boot)	1.0000	1.0000	1.0000	1.0000	ok
BDPA Bulgarian	zvezda	8	progressive	malign auto (SCA+boot)	0.1429	0.2347	0.2347	0.2347	ok
BDPA Dutch	aarde	8	progressive	LingPy prog	0.0000	0.0089	0.0089	0.0089	ok
BDPA Dutch	adem	8	progressive	LingPy prog		0.5179	0.4439	0.4780	len_mismatch
BDPA Dutch	blaadje	8	progressive	LingPy prog	1.0000	1.0000	1.0000	1.0000	ok
BDPA Dutch	bloempje	8	progressive	LingPy prog		0.6786	0.6107	0.6429	len_mismatch
BDPA Dutch	buiten	8	progressive	LingPy prog	1.0000	1.0000	1.0000	1.0000	ok
BDPA Dutch	goed	8	progressive	LingPy prog	1.0000	1.0000	1.0000	1.0000	ok
BDPA Dutch	gras	8	progressive	LingPy prog	1.0000	1.0000	1.0000	1.0000	ok
BDPA Dutch	graven	8	progressive	LingPy prog		0.9226	0.7908	0.8516	len_mismatch
BDPA Dutch	grijs	8	progressive	LingPy prog	1.0000	1.0000	1.0000	1.0000	ok
BDPA Dutch	groot	8	progressive	LingPy prog	1.0000	1.0000	1.0000	1.0000	ok
BDPA Dutch	handje	8	progressive	LingPy prog	0.6250	0.7188	0.7188	0.7188	ok
BDPA Dutch	kaas	8	progressive	LingPy prog	1.0000	1.0000	1.0000	1.0000	ok
BDPA Dutch	kopen	8	progressive	LingPy prog	0.6000	0.6000	0.6000	0.6000	ok
BDPA Dutch	kort	8	progressive	LingPy prog	1.0000	1.0000	1.0000	1.0000	ok
BDPA Dutch	lang	8	progressive	LingPy prog	1.0000	1.0000	1.0000	1.0000	ok
BDPA Dutch	melk	8	progressive	LingPy prog	1.0000	1.0000	1.0000	1.0000	ok
BDPA Dutch	n_aap	8	progressive	LingPy prog	0.5000	0.7768	0.7768	0.7768	ok
BDPA Dutch	n_appel	8	progressive	LingPy prog	1.0000	1.0000	1.0000	1.0000	ok
BDPA Dutch	n_arm	8	progressive	LingPy prog	1.0000	1.0000	1.0000	1.0000	ok
BDPA Dutch	n_baard	8	progressive	LingPy prog	1.0000	1.0000	1.0000	1.0000	ok
BDPA Dutch	n_been	8	progressive	LingPy prog	1.0000	1.0000	1.0000	1.0000	ok
BDPA Dutch	n_beest	8	progressive	LingPy prog		0.0000	0.0000	0.0000	len_mismatch
BDPA Dutch	n_beitel	8	progressive	LingPy prog	1.0000	1.0000	1.0000	1.0000	ok
BDPA Dutch	n_berg	8	progressive	LingPy prog	0.6667	0.7341	0.7341	0.7341	ok
BDPA Dutch	n_blad	8	progressive	LingPy prog	1.0000	1.0000	1.0000	1.0000	ok
BDPA Dutch	n_bloem	8	progressive	LingPy prog	1.0000	1.0000	1.0000	1.0000	ok
BDPA Dutch	n_brief	8	progressive	LingPy prog	1.0000	1.0000	1.0000	1.0000	ok
BDPA Dutch	n_broer	8	progressive	LingPy prog	1.0000	1.0000	1.0000	1.0000	ok
BDPA Dutch	n_burgemeester	8	progressive	LingPy prog	1.0000	1.0000	1.0000	1.0000	ok
BDPA Dutch	n_dag	8	progressive	LingPy prog	1.0000	1.0000	1.0000	1.0000	ok
BDPA Dutch	n_dak	8	progressive	LingPy prog	1.0000	1.0000	1.0000	1.0000	ok
BDPA Dutch	n_dief	8	progressive	LingPy prog	1.0000	1.0000	1.0000	1.0000	ok
BDPA Dutch	n_dochter	8	progressive	LingPy prog	1.0000	1.0000	1.0000	1.0000	ok
BDPA Dutch	n_gans	8	progressive	LingPy prog	1.0000	1.0000	1.0000	1.0000	ok
BDPA Dutch	n_gast	8	progressive	LingPy prog	1.0000	1.0000	1.0000	1.0000	ok
BDPA Dutch	n_glas	8	progressive	LingPy prog	0.7143	0.7143	0.7143	0.7143	ok
BDPA Dutch	n_kalf	8	progressive	LingPy prog		0.2063	0.2321	0.2185	len_mismatch
BDPA Dutch	n_kat	8	progressive	LingPy prog	1.0000	1.0000	1.0000	1.0000	ok
BDPA Dutch	n_roos	8	progressive	LingPy prog	1.0000	1.0000	1.0000	1.0000	ok
BDPA Dutch	n_stapel	8	progressive	LingPy prog	0.7778	0.8016	0.8016	0.8016	ok
BDPA Dutch	n_wijf	8	progressive	LingPy prog	1.0000	1.0000	1.0000	1.0000	ok
BDPA Dutch	regen	8	progressive	LingPy prog		0.8500	0.6071	0.7083	len_mismatch
BDPA Dutch	spelen	8	progressive	LingPy prog	1.0000	1.0000	1.0000	1.0000	ok
BDPA Dutch	tam	8	progressive	LingPy prog	1.0000	1.0000	1.0000	1.0000	ok
BDPA Dutch	twaalf	8	progressive	LingPy prog	1.0000	1.0000	1.0000	1.0000	ok
BDPA Dutch	twijfel	8	progressive	LingPy prog	1.0000	1.0000	1.0000	1.0000	ok
BDPA Dutch	vader	8	progressive	LingPy prog	1.0000	1.0000	1.0000	1.0000	ok
BDPA Dutch	zand	8	progressive	LingPy prog	1.0000	1.0000	1.0000	1.0000	ok
BDPA Dutch	zeker	8	progressive	LingPy prog	1.0000	1.0000	1.0000	1.0000	ok
BDPA Dutch	zeven	8	progressive	LingPy prog	0.6000	0.9000	0.9000	0.9000	ok
BDPA Dutch	aarde	8	progressive	malign auto (SCA)		0.3010	0.2634	0.2810	len_mismatch
BDPA Dutch	adem	8	progressive	malign auto (SCA)		0.0429	0.0306	0.0357	len_mismatch
BDPA Dutch	blaadje	8	progressive	malign auto (SCA)		0.7464	0.8294	0.7857	len_mismatch
BDPA Dutch	bloempje	8	progressive	malign auto (SCA)		0.6667	0.6000	0.6316	len_mismatch
BDPA Dutch	buiten	8	progressive	malign auto (SCA)		0.5952	0.7143	0.6494	len_mismatch
BDPA Dutch	goed	8	progressive	malign auto (SCA)	1.0000	1.0000	1.0000	1.0000	ok
BDPA Dutch	gras	8	progressive	malign auto (SCA)	1.0000	1.0000	1.0000	1.0000	ok
BDPA Dutch	graven	8	progressive	malign auto (SCA)		0.9226	0.7908	0.8516	len_mismatch
BDPA Dutch	grijs	8	progressive	malign auto (SCA)	1.0000	1.0000	1.0000	1.0000	ok
BDPA Dutch	groot	8	progressive	malign auto (SCA)	1.0000	1.0000	1.0000	1.0000	ok
BDPA Dutch	handje	8	progressive	malign auto (SCA)		0.5102	0.4464	0.4762	len_mismatch
BDPA Dutch	kaas	8	progressive	malign auto (SCA)	1.0000	1.0000	1.0000	1.0000	ok
BDPA Dutch	kopen	8	progressive	malign auto (SCA)	0.6000	0.6000	0.6000	0.6000	ok
BDPA Dutch	kort	8	progressive	malign auto (SCA)	1.0000	1.0000	1.0000	1.0000	ok
BDPA Dutch	lang	8	progressive	malign auto (SCA)	1.0000	1.0000	1.0000	1.0000	ok
BDPA Dutch	melk	8	progressive	malign auto (SCA)	0.6000	0.8143	0.8143	0.8143	ok
BDPA Dutch	n_aap	8	progressive	malign auto (SCA)	0.1250	0.3571	0.3571	0.3571	ok
BDPA Dutch	n_appel	8	progressive	malign auto (SCA)	0.0000	0.4563	0.4563	0.4563	ok
BDPA Dutch	n_arm	8	progressive	malign auto (SCA)		0.0812	0.0893	0.0850	len_mismatch
BDPA Dutch	n_baard	8	progressive	malign auto (SCA)	0.0000	0.4048	0.4048	0.4048	ok
BDPA Dutch	n_been	8	progressive	malign auto (SCA)	0.1667	0.5298	0.5298	0.5298	ok
BDPA Dutch	n_beest	8	progressive	malign auto (SCA)	0.1250	0.3482	0.3482	0.3482	ok
BDPA Dutch	n_beitel	8	progressive	malign auto (SCA)		0.3968	0.4464	0.4202	len_mismatch
BDPA Dutch	n_berg	8	progressive	malign auto (SCA)		0.1280	0.1706	0.1463	len_mismatch
BDPA Dutch	n_blad	8	progressive	malign auto (SCA)	1.0000	1.0000	1.0000	1.0000	ok
BDPA Dutch	n_bloem	8	progressive	malign auto (SCA)		0.4745	0.4152	0.4429	len_mismatch
BDPA Dutch	n_brief	8	progressive	malign auto (SCA)	0.0000	0.2812	0.2812	0.2812	ok
BDPA Dutch	n_broer	8	progressive	malign auto (SCA)	1.0000	1.0000	1.0000	1.0000	ok
BDPA Dutch	n_burgemeester	8	progressive	malign auto (SCA)	0.4167	0.8542	0.8542	0.8542	ok
BDPA Dutch	n_dag	8	progressive	malign auto (SCA)	0.0000	0.1116	0.1116	0.1116	ok
BDPA Dutch	n_dak	8	progressive	malign auto (SCA)	1.0000	1.0000	1.0000	1.0000	ok
BDPA Dutch	n_dief	8	progressive	malign auto (SCA)	0.0000	0.4643	0.4643	0.4643	ok
BDPA Dutch	n_dochter	8	progressive	malign auto (SCA)	1.0000	1.0000	1.0000	1.0000	ok
BDPA Dutch	n_gans	8	progressive	malign auto (SCA)	0.0000	0.2602	0.2602	0.2602	ok
BDPA Dutch	n_gast	8	progressive	malign auto (SCA)	0.0000	0.0670	0.0670	0.0670	ok
BDPA Dutch	n_glas	8	progressive	malign auto (SCA)		0.1250	0.1071	0.1154	len_mismatch
BDPA Dutch	n_kalf	8	progressive	malign auto (SCA)		0.1825	0.2054	0.1933	len_mismatch
BDPA Dutch	n_kat	8	progressive	malign auto (SCA)	1.0000	1.0000	1.0000	1.0000	ok
BDPA Dutch	n_roos	8	progressive	malign auto (SCA)		0.2500	0.2143	0.2308	len_mismatch
BDPA Dutch	n_stapel	8	progressive	malign auto (SCA)	0.1111	0.2897	0.2897	0.2897	ok
BDPA Dutch	n_wijf	8	progressive	malign auto (SCA)	0.1429	0.1939	0.1939	0.1939	ok
BDPA Dutch	regen	8	progressive	malign auto (SCA)		0.4167	0.3571	0.3846	len_mismatch
BDPA Dutch	spelen	8	progressive	malign auto (SCA)	0.6667	0.6667	0.6667	0.6667	ok
BDPA Dutch	tam	8	progressive	malign auto (SCA)	1.0000	1.0000	1.0000	1.0000	ok
BDPA Dutch	twaalf	8	progressive	malign auto (SCA)	0.5714	0.6327	0.6327	0.6327	ok
BDPA Dutch	twijfel	8	progressive	malign auto (SCA)	0.5714	0.5765	0.5765	0.5765	ok
BDPA Dutch	vader	8	progressive	malign auto (SCA)	1.0000	1.0000	1.0000	1.0000	ok
BDPA Dutch	zand	8	progressive	malign auto (SCA)	1.0000	1.0000	1.0000	1.0000	ok
BDPA Dutch	zeker	8	progressive	malign auto (SCA)	1.0000	1.0000	1.0000	1.0000	ok
BDPA Dutch	zeven	8	progressive	malign auto (SCA)	0.6000	0.9000	0.9000	0.9000	ok
BDPA Dutch	aarde	8	progressive	malign auto (boot)		0.3512	0.2634	0.3010	len_mismatch
BDPA Dutch	adem	8	progressive	malign auto (boot)		0.0429	0.0306	0.0357	len_mismatch
BDPA Dutch	blaadje	8	progressive	malign auto (boot)		0.3065	0.4087	0.3503	len_mismatch
BDPA Dutch	bloempje	8	progressive	malign auto (boot)	0.0000	0.3964	0.3964	0.3964	ok
BDPA Dutch	buiten	8	progressive	malign auto (boot)	0.6000	0.9000	0.9000	0.9000	ok
BDPA Dutch	goed	8	progressive	malign auto (boot)	1.0000	1.0000	1.0000	1.0000	ok
BDPA Dutch	gras	8	progressive	malign auto (boot)	1.0000	1.0000	1.0000	1.0000	ok
BDPA Dutch	graven	8	progressive	malign auto (boot)		0.8512	0.7296	0.7857	len_mismatch
BDPA Dutch	grijs	8	progressive	malign auto (boot)		0.1667	0.2500	0.2000	len_mismatch
BDPA Dutch	groot	8	progressive	malign auto (boot)	1.0000	1.0000	1.0000	1.0000	ok
BDPA Dutch	handje	8	progressive	malign auto (boot)		0.2262	0.2545	0.2395	len_mismatch
BDPA Dutch	kaas	8	progressive	malign auto (boot)	1.0000	1.0000	1.0000	1.0000	ok
BDPA Dutch	kopen	8	progressive	malign auto (boot)		0.9375	0.7500	0.8333	len_mismatch
BDPA Dutch	kort	8	progressive	malign auto (boot)	0.5000	0.7679	0.7679	0.7679	ok
BDPA Dutch	lang	8	progressive	malign auto (boot)	1.0000	1.0000	1.0000	1.0000	ok
BDPA Dutch	melk	8	progressive	malign auto (boot)	0.6000	0.9000	0.9000	0.9000	ok
BDPA Dutch	n_aap	8	progressive	malign auto (boot)		0.0204	0.0179	0.0190	len_mismatch
BDPA Dutch	n_appel	8	progressive	malign auto (boot)	0.0000	0.0754	0.0754	0.0754	ok
BDPA Dutch	n_arm	8	progressive	malign auto (boot)		0.0625	0.0750	0.0682	len_mismatch
BDPA Dutch	n_baard	8	progressive	malign auto (boot)		0.0536	0.0595	0.0564	len_mismatch
BDPA Dutch	n_been	8	progressive	malign auto (boot)	0.0000	0.4345	0.4345	0.4345	ok
BDPA Dutch	n_beest	8	progressive	malign auto (boot)	0.1250	0.6830	0.6830	0.6830	ok
BDPA Dutch	n_beitel	8	progressive	malign auto (boot)	0.0000	0.3036	0.3036	0.3036	ok
BDPA Dutch	n_berg	8	progressive	malign auto (boot)		0.0260	0.0317	0.0286	len_mismatch
BDPA Dutch	n_blad	8	progressive	malign auto (boot)	0.0000	0.0918	0.0918	0.0918	ok
BDPA Dutch	n_bloem	8	progressive	malign auto (boot)	0.7500	0.8839	0.8839	0.8839	ok
BDPA Dutch	n_brief	8	progressive	malign auto (boot)		0.3968	0.4464	0.4202	len_mismatch
BDPA Dutch	n_broer	8	progressive	malign auto (boot)		0.4881	0.5491	0.5168	len_mismatch
BDPA Dutch	n_burgemeester	8	progressive	malign auto (boot)		0.4423	0.4792	0.4600	len_mismatch
BDPA Dutch	n_dag	8	progressive	malign auto (boot)	0.0000	0.1339	0.1339	0.1339	ok
BDPA Dutch	n_dak	8	progressive	malign auto (boot)	0.6667	0.8452	0.8452	0.8452	ok
BDPA Dutch	n_dief	8	progressive	malign auto (boot)	0.0000	0.1429	0.1429	0.1429	ok
BDPA Dutch	n_dochter	8	progressive	malign auto (boot)	0.0000	0.1250	0.1250	0.1250	ok
BDPA Dutch	n_gans	8	progressive	malign auto (boot)	0.0000	0.2908	0.2908	0.2908	ok
BDPA Dutch	n_gast	8	progressive	malign auto (boot)		0.1032	0.1161	0.1092	len_mismatch
BDPA Dutch	n_glas	8	progressive	malign auto (boot)		0.1250	0.1071	0.1154	len_mismatch
BDPA Dutch	n_kalf	8	progressive	malign auto (boot)		0.0893	0.1116	0.0992	len_mismatch
BDPA Dutch	n_kat	8	progressive	malign auto (boot)	0.1429	0.4490	0.4490	0.4490	ok
BDPA Dutch	n_roos	8	progressive	malign auto (boot)		0.1667	0.1429	0.1538	len_mismatch
BDPA Dutch	n_stapel	8	progressive	malign auto (boot)		0.0565	0.0754	0.0646	len_mismatch
BDPA Dutch	n_wijf	8	progressive	malign auto (boot)	0.1429	0.1735	0.1735	0.1735	ok
BDPA Dutch	regen	8	progressive	malign auto (boot)		0.5714	0.4082	0.4762	len_mismatch
BDPA Dutch	spelen	8	progressive	malign auto (boot)	0.3333	0.6190	0.6190	0.6190	ok
BDPA Dutch	tam	8	progressive	malign auto (boot)	1.0000	1.0000	1.0000	1.0000	ok
BDPA Dutch	twaalf	8	progressive	malign auto (boot)	0.7143	0.9286	0.9286	0.9286	ok
BDPA Dutch	twijfel	8	progressive	malign auto (boot)		0.4062	0.4643	0.4333	len_mismatch
BDPA Dutch	vader	8	progressive	malign auto (boot)	1.0000	1.0000	1.0000	1.0000	ok
BDPA Dutch	zand	8	progressive	malign auto (boot)		0.6071	0.7589	0.6746	len_mismatch
BDPA Dutch	zeker	8	progressive	malign auto (boot)	1.0000	1.0000	1.0000	1.0000	ok
BDPA Dutch	zeven	8	progressive	malign auto (boot)	0.0000	0.2000	0.2000	0.2000	ok
BDPA Dutch	aarde	8	progressive	malign auto (SCA+boot)		0.1905	0.1429	0.1633	len_mismatch
BDPA Dutch	adem	8	progressive	malign auto (SCA+boot)		0.0429	0.0306	0.0357	len_mismatch
BDPA Dutch	blaadje	8	progressive	malign auto (SCA+boot)	0.6667	0.7738	0.7738	0.7738	ok
BDPA Dutch	bloempje	8	progressive	malign auto (SCA+boot)		0.3651	0.3286	0.3459	len_mismatch
BDPA Dutch	buiten	8	progressive	malign auto (SCA+boot)	1.0000	1.0000	1.0000	1.0000	ok
BDPA Dutch	goed	8	progressive	malign auto (SCA+boot)	1.0000	1.0000	1.0000	1.0000	ok
BDPA Dutch	gras	8	progressive	malign auto (SCA+boot)	1.0000	1.0000	1.0000	1.0000	ok
BDPA Dutch	graven	8	progressive	malign auto (SCA+boot)		0.8512	0.7296	0.7857	len_mismatch
BDPA Dutch	grijs	8	progressive	malign auto (SCA+boot)	1.0000	1.0000	1.0000	1.0000	ok
BDPA Dutch	groot	8	progressive	malign auto (SCA+boot)	1.0000	1.0000	1.0000	1.0000	ok
BDPA Dutch	handje	8	progressive	malign auto (SCA+boot)		0.5102	0.4464	0.4762	len_mismatch
BDPA Dutch	kaas	8	progressive	malign auto (SCA+boot)	1.0000	1.0000	1.0000	1.0000	ok
BDPA Dutch	kopen	8	progressive	malign auto (SCA+boot)		0.9375	0.7500	0.8333	len_mismatch
BDPA Dutch	kort	8	progressive	malign auto (SCA+boot)	0.5000	0.7679	0.7679	0.7679	ok
BDPA Dutch	lang	8	progressive	malign auto (SCA+boot)	1.0000	1.0000	1.0000	1.0000	ok
BDPA Dutch	melk	8	progressive	malign auto (SCA+boot)	0.6000	0.9000	0.9000	0.9000	ok
BDPA Dutch	n_aap	8	progressive	malign auto (SCA+boot)	0.0000	0.0536	0.0536	0.0536	ok
BDPA Dutch	n_appel	8	progressive	malign auto (SCA+boot)	0.0000	0.0754	0.0754	0.0754	ok
BDPA Dutch	n_arm	8	progressive	malign auto (SCA+boot)		0.0714	0.0786	0.0748	len_mismatch
BDPA Dutch	n_baard	8	progressive	malign auto (SCA+boot)		0.0487	0.0595	0.0536	len_mismatch
BDPA Dutch	n_been	8	progressive	malign auto (SCA+boot)	0.0000	0.1667	0.1667	0.1667	ok
BDPA Dutch	n_beest	8	progressive	malign auto (SCA+boot)		0.5714	0.6429	0.6050	len_mismatch
BDPA Dutch	n_beitel	8	progressive	malign auto (SCA+boot)		0.2817	0.3170	0.2983	len_mismatch
BDPA Dutch	n_berg	8	progressive	malign auto (SCA+boot)		0.0422	0.0516	0.0464	len_mismatch
BDPA Dutch	n_blad	8	progressive	malign auto (SCA+boot)	0.0000	0.2602	0.2602	0.2602	ok
BDPA Dutch	n_bloem	8	progressive	malign auto (SCA+boot)		0.3112	0.2723	0.2905	len_mismatch
BDPA Dutch	n_brief	8	progressive	malign auto (SCA+boot)	0.0000	0.2277	0.2277	0.2277	ok
BDPA Dutch	n_broer	8	progressive	malign auto (SCA+boot)	0.0000	0.1741	0.1741	0.1741	ok
BDPA Dutch	n_burgemeester	8	progressive	malign auto (SCA+boot)	0.2500	0.4345	0.4345	0.4345	ok
BDPA Dutch	n_dag	8	progressive	malign auto (SCA+boot)	0.0000	0.1607	0.1607	0.1607	ok
BDPA Dutch	n_dak	8	progressive	malign auto (SCA+boot)	0.6667	0.8452	0.8452	0.8452	ok
BDPA Dutch	n_dief	8	progressive	malign auto (SCA+boot)	0.0000	0.1429	0.1429	0.1429	ok
BDPA Dutch	n_dochter	8	progressive	malign auto (SCA+boot)	0.1250	0.2188	0.2188	0.2188	ok
BDPA Dutch	n_gans	8	progressive	malign auto (SCA+boot)	0.0000	0.2908	0.2908	0.2908	ok
BDPA Dutch	n_gast	8	progressive	malign auto (SCA+boot)		0.1071	0.1205	0.1134	len_mismatch
BDPA Dutch	n_glas	8	progressive	malign auto (SCA+boot)		0.1250	0.1071	0.1154	len_mismatch
BDPA Dutch	n_kalf	8	progressive	malign auto (SCA+boot)		0.0625	0.0938	0.0750	len_mismatch
BDPA Dutch	n_kat	8	progressive	malign auto (SCA+boot)	0.1429	0.5612	0.5612	0.5612	ok
BDPA Dutch	n_roos	8	progressive	malign auto (SCA+boot)		0.1310	0.1122	0.1209	len_mismatch
BDPA Dutch	n_stapel	8	progressive	malign auto (SCA+boot)		0.1071	0.0952	0.1008	len_mismatch
BDPA Dutch	n_wijf	8	progressive	malign auto (SCA+boot)	0.1429	0.2551	0.2551	0.2551	ok
BDPA Dutch	regen	8	progressive	malign auto (SCA+boot)		0.8036	0.6888	0.7418	len_mismatch
BDPA Dutch	spelen	8	progressive	malign auto (SCA+boot)		0.9500	0.7917	0.8636	len_mismatch
BDPA Dutch	tam	8	progressive	malign auto (SCA+boot)	1.0000	1.0000	1.0000	1.0000	ok
BDPA Dutch	twaalf	8	progressive	malign auto (SCA+boot)	0.7143	0.9286	0.9286	0.9286	ok
BDPA Dutch	twijfel	8	progressive	malign auto (SCA+boot)	1.0000	1.0000	1.0000	1.0000	ok
BDPA Dutch	vader	8	progressive	malign auto (SCA+boot)	1.0000	1.0000	1.0000	1.0000	ok
BDPA Dutch	zand	8	progressive	malign auto (SCA+boot)	1.0000	1.0000	1.0000	1.0000	ok
BDPA Dutch	zeker	8	progressive	malign auto (SCA+boot)	1.0000	1.0000	1.0000	1.0000	ok
BDPA Dutch	zeven	8	progressive	malign auto (SCA+boot)	0.4000	0.7286	0.7286	0.7286	ok
NorthEuralex Italic	ACHE_87	5	progressive	LingPy prog	1.0000	1.0000	1.0000	1.0000	ok
NorthEuralex Italic	AFFAIR_2374	4	ndim	LingPy prog	1.0000	1.0000	1.0000	1.0000	ok
NorthEuralex Italic	AFTERWARDS_96	3	ndim	LingPy prog	1.0000	1.0000	1.0000	1.0000	ok
NorthEuralex Italic	AGAIN_104	3	ndim	LingPy prog		0.5238	0.4583	0.4889	len_mismatch
NorthEuralex Italic	AGE_110	3	ndim	LingPy prog	1.0000	1.0000	1.0000	1.0000	ok
NorthEuralex Italic	AIR_129	4	ndim	LingPy prog	1.0000	1.0000	1.0000	1.0000	ok
NorthEuralex Italic	ALL_1325	6	progressive	LingPy prog	1.0000	1.0000	1.0000	1.0000	ok
NorthEuralex Italic	ALREADY_135	4	ndim	LingPy prog	1.0000	1.0000	1.0000	1.0000	ok
NorthEuralex Italic	ALWAYS_145	5	progressive	LingPy prog	1.0000	1.0000	1.0000	1.0000	ok
NorthEuralex Italic	AMOUNT_149	6	progressive	LingPy prog	1.0000	1.0000	1.0000	1.0000	ok
NorthEuralex Italic	AND_151	3	ndim	LingPy prog	1.0000	1.0000	1.0000	1.0000	ok
NorthEuralex Italic	ANIMAL_162	6	progressive	LingPy prog	1.0000	1.0000	1.0000	1.0000	ok
NorthEuralex Italic	ANT_171	7	progressive	LingPy prog	1.0000	1.0000	1.0000	1.0000	ok
NorthEuralex Italic	APRIL_1	7	progressive	LingPy prog	1.0000	1.0000	1.0000	1.0000	ok
NorthEuralex Italic	AREA_178	5	progressive	LingPy prog	1.0000	1.0000	1.0000	1.0000	ok
NorthEuralex Italic	ARM_184	6	progressive	LingPy prog	1.0000	1.0000	1.0000	1.0000	ok
NorthEuralex Italic	ARRIVE_186	3	ndim	LingPy prog	1.0000	1.0000	1.0000	1.0000	ok
NorthEuralex Italic	ARROW_191	4	ndim	LingPy prog	1.0000	1.0000	1.0000	1.0000	ok
NorthEuralex Italic	ASK_(INQUIRE)_201	3	ndim	LingPy prog	1.0000	1.0000	1.0000	1.0000	ok
NorthEuralex Italic	ASK_(REQUEST)_3000	3	ndim	LingPy prog	1.0000	1.0000	1.0000	1.0000	ok
NorthEuralex Italic	ASSEMBLE_(GET_TOGETHER)_206	4	ndim	LingPy prog		0.1000	0.1111	0.1053	len_mismatch
NorthEuralex Italic	AT_FIRST_211	6	progressive	LingPy prog	0.8333	0.9444	0.9444	0.9444	ok
NorthEuralex Italic	AUGUST_2	5	progressive	LingPy prog	1.0000	1.0000	1.0000	1.0000	ok
NorthEuralex Italic	AUNT_230	4	ndim	LingPy prog	1.0000	1.0000	1.0000	1.0000	ok
NorthEuralex Italic	AUTUMN_234	5	progressive	LingPy prog	1.0000	1.0000	1.0000	1.0000	ok
NorthEuralex Italic	A_LITTLE_71	3	ndim	LingPy prog	1.0000	1.0000	1.0000	1.0000	ok
NorthEuralex Italic	BAD_LUCK_2448	3	ndim	LingPy prog		0.8148	0.7333	0.7719	len_mismatch
NorthEuralex Italic	BAG_273	4	ndim	LingPy prog	1.0000	1.0000	1.0000	1.0000	ok
NorthEuralex Italic	BAKE_277	3	ndim	LingPy prog	1.0000	1.0000	1.0000	1.0000	ok
NorthEuralex Italic	BAKE_278	3	ndim	LingPy prog	1.0000	1.0000	1.0000	1.0000	ok
NorthEuralex Italic	BARKING_282	6	progressive	LingPy prog	1.0000	1.0000	1.0000	1.0000	ok
NorthEuralex Italic	BARK_283	3	ndim	LingPy prog	1.0000	1.0000	1.0000	1.0000	ok
NorthEuralex Italic	BARK_284	3	ndim	LingPy prog	1.0000	1.0000	1.0000	1.0000	ok
NorthEuralex Italic	BATHE_288	4	ndim	LingPy prog	1.0000	1.0000	1.0000	1.0000	ok
NorthEuralex Italic	BAY_933	3	ndim	LingPy prog	1.0000	1.0000	1.0000	1.0000	ok
NorthEuralex Italic	BAY_934	3	ndim	LingPy prog	1.0000	1.0000	1.0000	1.0000	ok
NorthEuralex Italic	BEARD_336	7	progressive	LingPy prog	1.0000	1.0000	1.0000	1.0000	ok
NorthEuralex Italic	BEAR_334	6	progressive	LingPy prog	1.0000	1.0000	1.0000	1.0000	ok
NorthEuralex Italic	BEAUTIFUL_342	3	ndim	LingPy prog	1.0000	1.0000	1.0000	1.0000	ok
NorthEuralex Italic	BECAUSE_OF_348	4	ndim	LingPy prog	1.0000	1.0000	1.0000	1.0000	ok
NorthEuralex Italic	BED_362	4	ndim	LingPy prog	1.0000	1.0000	1.0000	1.0000	ok
NorthEuralex Italic	BEFORE_365	3	ndim	LingPy prog	0.6667	0.6667	0.6667	0.6667	ok
NorthEuralex Italic	BEGIN_3595	4	ndim	LingPy prog	0.6667	0.7407	0.7407	0.7407	ok
NorthEuralex Italic	BELIEVE_383	7	progressive	LingPy prog		0.2857	0.2500	0.2667	len_mismatch
NorthEuralex Italic	BELLY_384	5	progressive	LingPy prog	1.0000	1.0000	1.0000	1.0000	ok
NorthEuralex Italic	BELOW_OR_UNDER_4122	3	ndim	LingPy prog	1.0000	1.0000	1.0000	1.0000	ok
NorthEuralex Italic	BELT_399	4	ndim	LingPy prog	1.0000	1.0000	1.0000	1.0000	ok
NorthEuralex Italic	BENEFIT_411	6	progressive	LingPy prog	1.0000	1.0000	1.0000	1.0000	ok
NorthEuralex Italic	BERRY_415	4	ndim	LingPy prog	1.0000	1.0000	1.0000	1.0000	ok
NorthEuralex Italic	BETWEEN_419	6	progressive	LingPy prog	1.0000	1.0000	1.0000	1.0000	ok
NorthEuralex Italic	BE_ABLE_680	3	ndim	LingPy prog	1.0000	1.0000	1.0000	1.0000	ok
NorthEuralex Italic	BE_ABLE_681	3	ndim	LingPy prog	1.0000	1.0000	1.0000	1.0000	ok
NorthEuralex Italic	BE_ALIVE_2315	6	progressive	LingPy prog	1.0000	1.0000	1.0000	1.0000	ok
NorthEuralex Italic	BE_ALIVE_2321	7	progressive	LingPy prog	1.0000	1.0000	1.0000	1.0000	ok
NorthEuralex Italic	BE_BORN_313	4	ndim	LingPy prog	1.0000	1.0000	1.0000	1.0000	ok
NorthEuralex Italic	BE_HUNGRY_2018	4	ndim	LingPy prog	0.7143	0.8571	0.8571	0.8571	ok
NorthEuralex Italic	BIG_421	4	ndim	LingPy prog	1.0000	1.0000	1.0000	1.0000	ok
NorthEuralex Italic	BIRCH_425	4	ndim	LingPy prog	1.0000	1.0000	1.0000	1.0000	ok
NorthEuralex Italic	BIRD_429	3	ndim	LingPy prog	1.0000	1.0000	1.0000	1.0000	ok
NorthEuralex Italic	BITE_436	5	progressive	LingPy prog	1.0000	1.0000	1.0000	1.0000	ok
NorthEuralex Italic	BITTER_438	7	progressive	LingPy prog	1.0000	1.0000	1.0000	1.0000	ok
NorthEuralex Italic	BLACK_440	4	ndim	LingPy prog	1.0000	1.0000	1.0000	1.0000	ok
NorthEuralex Italic	BLIND_450	4	ndim	LingPy prog	1.0000	1.0000	1.0000	1.0000	ok
NorthEuralex Italic	BLOOD_454	4	ndim	LingPy prog	0.7500	0.7917	0.7917	0.7917	ok
NorthEuralex Italic	BLOW_(OF_WIND)_458	4	ndim	LingPy prog	0.3750	0.4375	0.4375	0.4375	ok
NorthEuralex Italic	BLOW_(WITH_MOUTH)_458	5	progressive	LingPy prog	0.3750	0.4625	0.4625	0.4625	ok
NorthEuralex Italic	BLUE_462	3	ndim	LingPy prog	1.0000	1.0000	1.0000	1.0000	ok
NorthEuralex Italic	BLUNT_467	3	ndim	LingPy prog	1.0000	1.0000	1.0000	1.0000	ok
NorthEuralex Italic	BOARD_474	5	progressive	LingPy prog	1.0000	1.0000	1.0000	1.0000	ok
NorthEuralex Italic	BOAST_544	3	ndim	LingPy prog	1.0000	1.0000	1.0000	1.0000	ok
NorthEuralex Italic	BOAT_479	5	progressive	LingPy prog	1.0000	1.0000	1.0000	1.0000	ok
NorthEuralex Italic	BOAT_480	4	ndim	LingPy prog	1.0000	1.0000	1.0000	1.0000	ok
NorthEuralex Italic	BODY_484	6	progressive	LingPy prog	1.0000	1.0000	1.0000	1.0000	ok
NorthEuralex Italic	BOIL_(OF_LIQUID)_487	3	ndim	LingPy prog	1.0000	1.0000	1.0000	1.0000	ok
NorthEuralex Italic	BOIL_(SOMETHING)_486	5	progressive	LingPy prog	1.0000	1.0000	1.0000	1.0000	ok
NorthEuralex Italic	BONE_494	7	progressive	LingPy prog	1.0000	1.0000	1.0000	1.0000	ok
NorthEuralex Italic	BOOK_495	6	progressive	LingPy prog	1.0000	1.0000	1.0000	1.0000	ok
NorthEuralex Italic	BOOT_497	4	ndim	LingPy prog	1.0000	1.0000	1.0000	1.0000	ok
NorthEuralex Italic	BORDER_502	6	progressive	LingPy prog	1.0000	1.0000	1.0000	1.0000	ok
NorthEuralex Italic	BOSS_512	3	ndim	LingPy prog	1.0000	1.0000	1.0000	1.0000	ok
NorthEuralex Italic	BOSS_513	3	ndim	LingPy prog	1.0000	1.0000	1.0000	1.0000	ok
NorthEuralex Italic	BOTHER_(HARASS)_517	6	progressive	LingPy prog	1.0000	1.0000	1.0000	1.0000	ok
NorthEuralex Italic	BOTHER_(HARASS)_518	3	ndim	LingPy prog	1.0000	1.0000	1.0000	1.0000	ok
NorthEuralex Italic	BOW_521	7	progressive	LingPy prog	1.0000	1.0000	1.0000	1.0000	ok
NorthEuralex Italic	BOX_530	5	progressive	LingPy prog	1.0000	1.0000	1.0000	1.0000	ok
NorthEuralex Italic	BRAIN_551	3	ndim	LingPy prog	1.0000	1.0000	1.0000	1.0000	ok
NorthEuralex Italic	BRAIN_552	3	ndim	LingPy prog	1.0000	1.0000	1.0000	1.0000	ok
NorthEuralex Italic	BRANCH_2304	4	ndim	LingPy prog	1.0000	1.0000	1.0000	1.0000	ok
NorthEuralex Italic	BRANCH_2305	3	ndim	LingPy prog	1.0000	1.0000	1.0000	1.0000	ok
NorthEuralex Italic	BRAWL_(FIGHT)_555	3	ndim	LingPy prog	1.0000	1.0000	1.0000	1.0000	ok
NorthEuralex Italic	BREAD_561	7	progressive	LingPy prog	1.0000	1.0000	1.0000	1.0000	ok
NorthEuralex Italic	BREAK_(CLEAVE)_562	5	progressive	LingPy prog	0.7143	0.8857	0.8857	0.8857	ok
NorthEuralex Italic	BREAK_(DESTROY_OR_GET_DESTROYED)_562	6	progressive	LingPy prog	1.0000	1.0000	1.0000	1.0000	ok
NorthEuralex Italic	BREAK_(OF_ROPE)_3424	4	ndim	LingPy prog	1.0000	1.0000	1.0000	1.0000	ok
NorthEuralex Italic	BREAST_507	3	ndim	LingPy prog	1.0000	1.0000	1.0000	1.0000	ok
NorthEuralex Italic	BREATHE_581	7	progressive	LingPy prog	1.0000	1.0000	1.0000	1.0000	ok
NorthEuralex Italic	BRIDGE_582	7	progressive	LingPy prog	1.0000	1.0000	1.0000	1.0000	ok
NorthEuralex Italic	BRIGHT_583	7	progressive	LingPy prog	1.0000	1.0000	1.0000	1.0000	ok
NorthEuralex Italic	BRING_585	4	ndim	LingPy prog	1.0000	1.0000	1.0000	1.0000	ok
NorthEuralex Italic	BROOM_600	4	ndim	LingPy prog	0.7778	0.7778	0.7778	0.7778	ok
NorthEuralex Italic	BROTHER_604	4	ndim	LingPy prog	1.0000	1.0000	1.0000	1.0000	ok
NorthEuralex Italic	BROTHER_605	3	ndim	LingPy prog	1.0000	1.0000	1.0000	1.0000	ok
NorthEuralex Italic	BUILD_618	7	progressive	LingPy prog	0.8182	0.8268	0.8268	0.8268	ok
NorthEuralex Italic	BULL_622	5	progressive	LingPy prog	1.0000	1.0000	1.0000	1.0000	ok
NorthEuralex Italic	BUNDLE_625	3	ndim	LingPy prog	1.0000	1.0000	1.0000	1.0000	ok
NorthEuralex Italic	BURNING_632	5	progressive	LingPy prog	0.6667	0.8667	0.8667	0.8667	ok
NorthEuralex Italic	BURN_(SOMETHING)_633	4	ndim	LingPy prog	0.7500	0.8750	0.8750	0.8750	ok
NorthEuralex Italic	BUSINESS_638	5	progressive	LingPy prog	0.7500	0.8250	0.8250	0.8250	ok
NorthEuralex Italic	BUSINESS_639	3	ndim	LingPy prog	1.0000	1.0000	1.0000	1.0000	ok
NorthEuralex Italic	BUTTER_642	3	ndim	LingPy prog		0.5926	0.5333	0.5614	len_mismatch
NorthEuralex Italic	BUTTER_643	3	ndim	LingPy prog	1.0000	1.0000	1.0000	1.0000	ok
NorthEuralex Italic	BUTTON_652	6	progressive	LingPy prog	1.0000	1.0000	1.0000	1.0000	ok
NorthEuralex Italic	BUY_654	5	progressive	LingPy prog	1.0000	1.0000	1.0000	1.0000	ok
NorthEuralex Italic	CALCULATE_658	7	progressive	LingPy prog	1.0000	1.0000	1.0000	1.0000	ok
NorthEuralex Italic	CALL_(APPEAL)_661	3	ndim	LingPy prog	1.0000	1.0000	1.0000	1.0000	ok
NorthEuralex Italic	CALL_(APPEAL)_663	3	ndim	LingPy prog	1.0000	1.0000	1.0000	1.0000	ok
NorthEuralex Italic	CALL_BY_NAME_2527	6	progressive	LingPy prog	0.5556	0.6222	0.6222	0.6222	ok
NorthEuralex Italic	CARRY_690	4	ndim	LingPy prog	1.0000	1.0000	1.0000	1.0000	ok
NorthEuralex Italic	CAT_696	4	ndim	LingPy prog	1.0000	1.0000	1.0000	1.0000	ok
NorthEuralex Italic	CAUSE_TO_(LET)_2256	5	progressive	LingPy prog	1.0000	1.0000	1.0000	1.0000	ok
NorthEuralex Italic	CAVE_707	5	progressive	LingPy prog	1.0000	1.0000	1.0000	1.0000	ok
NorthEuralex Italic	CEASE_1302	3	ndim	LingPy prog	1.0000	1.0000	1.0000	1.0000	ok
NorthEuralex Italic	CHANGE_(BECOME_DIFFERENT)_718	3	ndim	LingPy prog	1.0000	1.0000	1.0000	1.0000	ok
NorthEuralex Italic	CHANGE_(BECOME_DIFFERENT)_719	3	ndim	LingPy prog	0.7500	0.7500	0.7500	0.7500	ok
NorthEuralex Italic	CHANGE_139	4	ndim	LingPy prog	1.0000	1.0000	1.0000	1.0000	ok
NorthEuralex Italic	CHANGE_140	3	ndim	LingPy prog	1.0000	1.0000	1.0000	1.0000	ok
NorthEuralex Italic	CHARACTER_724	7	progressive	LingPy prog	1.0000	1.0000	1.0000	1.0000	ok
NorthEuralex Italic	CHARACTER_725	3	ndim	LingPy prog	1.0000	1.0000	1.0000	1.0000	ok
NorthEuralex Italic	CHAT_(WITH_SOMEBODY)_726	5	progressive	LingPy prog	1.0000	1.0000	1.0000	1.0000	ok
NorthEuralex Italic	CHEAP_733	3	ndim	LingPy prog	1.0000	1.0000	1.0000	1.0000	ok
NorthEuralex Italic	CHEST_569	5	progressive	LingPy prog	1.0000	1.0000	1.0000	1.0000	ok
NorthEuralex Italic	CHICKEN_753	5	progressive	LingPy prog	1.0000	1.0000	1.0000	1.0000	ok
NorthEuralex Italic	CHIME_(ACTION)_766	6	progressive	LingPy prog	0.7143	0.7714	0.7714	0.7714	ok
NorthEuralex Italic	CHIN_769	4	ndim	LingPy prog	1.0000	1.0000	1.0000	1.0000	ok
NorthEuralex Italic	CHOOSE_773	3	ndim	LingPy prog	1.0000	1.0000	1.0000	1.0000	ok
NorthEuralex Italic	CHOP_(INTO_PIECES)_780	3	ndim	LingPy prog	1.0000	1.0000	1.0000	1.0000	ok
NorthEuralex Italic	CHURCH_788	5	progressive	LingPy prog	1.0000	1.0000	1.0000	1.0000	ok
NorthEuralex Italic	CIRCLE_791	5	progressive	LingPy prog	1.0000	1.0000	1.0000	1.0000	ok
NorthEuralex Italic	CLAY_801	3	ndim	LingPy prog	1.0000	1.0000	1.0000	1.0000	ok
NorthEuralex Italic	CLEAN_(SOMETHING)_807	3	ndim	LingPy prog	1.0000	1.0000	1.0000	1.0000	ok
NorthEuralex Italic	CLEAN_(SOMETHING)_810	3	ndim	LingPy prog	1.0000	1.0000	1.0000	1.0000	ok
NorthEuralex Italic	CLEAN_809	3	ndim	LingPy prog	1.0000	1.0000	1.0000	1.0000	ok
NorthEuralex Italic	CLEVER_814	5	progressive	LingPy prog	0.8182	0.9273	0.9273	0.9273	ok
NorthEuralex Italic	CLOTHES_845	3	ndim	LingPy prog		0.7407	0.6667	0.7018	len_mismatch
NorthEuralex Italic	CLOTHES_846	3	ndim	LingPy prog	1.0000	1.0000	1.0000	1.0000	ok
NorthEuralex Italic	CLOTH_839	4	ndim	LingPy prog	1.0000	1.0000	1.0000	1.0000	ok
NorthEuralex Italic	CLOUD_853	5	progressive	LingPy prog	1.0000	1.0000	1.0000	1.0000	ok
NorthEuralex Italic	COAL_856	7	progressive	LingPy prog	1.0000	1.0000	1.0000	1.0000	ok
NorthEuralex Italic	COAST_857	6	progressive	LingPy prog	1.0000	1.0000	1.0000	1.0000	ok
NorthEuralex Italic	COLD_(CHILL)_765	7	progressive	LingPy prog	0.6667	0.8254	0.8254	0.8254	ok
NorthEuralex Italic	COLD_(OF_WEATHER)_907	5	progressive	LingPy prog	1.0000	1.0000	1.0000	1.0000	ok
NorthEuralex Italic	COLD_862	6	progressive	LingPy prog	1.0000	1.0000	1.0000	1.0000	ok
NorthEuralex Italic	COLLAR_864	6	progressive	LingPy prog	1.0000	1.0000	1.0000	1.0000	ok
NorthEuralex Italic	COLORFUL_867	3	ndim	LingPy prog	1.0000	1.0000	1.0000	1.0000	ok
NorthEuralex Italic	COMB_(VERB)_871	6	progressive	LingPy prog	1.0000	1.0000	1.0000	1.0000	ok
NorthEuralex Italic	COMB_871	4	ndim	LingPy prog	1.0000	1.0000	1.0000	1.0000	ok
NorthEuralex Italic	COME_874	7	progressive	LingPy prog	1.0000	1.0000	1.0000	1.0000	ok
NorthEuralex Italic	COMPANIONSHIP_885	5	progressive	LingPy prog	1.0000	1.0000	1.0000	1.0000	ok
NorthEuralex Italic	CONNECT_894	4	ndim	LingPy prog	1.0000	1.0000	1.0000	1.0000	ok
NorthEuralex Italic	CONVERSATION_3813	6	progressive	LingPy prog	0.8462	0.9487	0.9487	0.9487	ok
NorthEuralex Italic	CONVEY_(A_MESSAGE)_902	7	progressive	LingPy prog	1.0000	1.0000	1.0000	1.0000	ok
NorthEuralex Italic	COOK_(SOMETHING)_905	6	progressive	LingPy prog	1.0000	1.0000	1.0000	1.0000	ok
NorthEuralex Italic	CORRECT_(RIGHT)_921	5	progressive	LingPy prog	1.0000	1.0000	1.0000	1.0000	ok
NorthEuralex Italic	CORRECT_(RIGHT)_922	5	progressive	LingPy prog	1.0000	1.0000	1.0000	1.0000	ok
NorthEuralex Italic	COUGH_925	7	progressive	LingPy prog	1.0000	1.0000	1.0000	1.0000	ok
NorthEuralex Italic	COUNTRY_931	5	progressive	LingPy prog	1.0000	1.0000	1.0000	1.0000	ok
NorthEuralex Italic	COUNT_(QUANTITY)_926	4	ndim	LingPy prog	1.0000	1.0000	1.0000	1.0000	ok
NorthEuralex Italic	COUNT_(QUANTITY)_927	5	progressive	LingPy prog	1.0000	1.0000	1.0000	1.0000	ok
NorthEuralex Italic	COUNT_928	4	ndim	LingPy prog	0.7143	0.8571	0.8571	0.8571	ok
NorthEuralex Italic	COVER_938	6	progressive	LingPy prog	1.0000	1.0000	1.0000	1.0000	ok
NorthEuralex Italic	COW_946	7	progressive	LingPy prog	1.0000	1.0000	1.0000	1.0000	ok
NorthEuralex Italic	CRADLE_947	3	ndim	LingPy prog	1.0000	1.0000	1.0000	1.0000	ok
NorthEuralex Italic	CRANE_951	4	ndim	LingPy prog	1.0000	1.0000	1.0000	1.0000	ok
NorthEuralex Italic	CREEP_955	5	progressive	LingPy prog	1.0000	1.0000	1.0000	1.0000	ok
NorthEuralex Italic	CROSS_960	7	progressive	LingPy prog	1.0000	1.0000	1.0000	1.0000	ok
NorthEuralex Italic	CROW_961	5	progressive	LingPy prog	0.7500	0.9000	0.9000	0.9000	ok
NorthEuralex Italic	CRY_4265	3	ndim	LingPy prog	1.0000	1.0000	1.0000	1.0000	ok
NorthEuralex Italic	CUCKOO_964	7	progressive	LingPy prog	1.0000	1.0000	1.0000	1.0000	ok
NorthEuralex Italic	CUP_965	4	ndim	LingPy prog	1.0000	1.0000	1.0000	1.0000	ok
NorthEuralex Italic	CURRENT_(STREAM)_969	6	progressive	LingPy prog	1.0000	1.0000	1.0000	1.0000	ok
NorthEuralex Italic	CUT_971	3	ndim	LingPy prog	1.0000	1.0000	1.0000	1.0000	ok
NorthEuralex Italic	DAMAGE_(INJURY)_981	6	progressive	LingPy prog	1.0000	1.0000	1.0000	1.0000	ok
NorthEuralex Italic	DAMP_993	7	progressive	LingPy prog	1.0000	1.0000	1.0000	1.0000	ok
NorthEuralex Italic	DANCE_995	3	ndim	LingPy prog		0.3889	0.3333	0.3590	len_mismatch
NorthEuralex Italic	DARK_999	4	ndim	LingPy prog	1.0000	1.0000	1.0000	1.0000	ok
NorthEuralex Italic	DASH_(OF_VEHICLE)_1005	5	progressive	LingPy prog	0.6667	0.8667	0.8667	0.8667	ok
NorthEuralex Italic	DAUGHTER_1009	5	progressive	LingPy prog	1.0000	1.0000	1.0000	1.0000	ok
NorthEuralex Italic	DAY_(NOT_NIGHT)_1012	4	ndim	LingPy prog	1.0000	1.0000	1.0000	1.0000	ok
NorthEuralex Italic	DEAF_1015	7	progressive	LingPy prog	1.0000	1.0000	1.0000	1.0000	ok
NorthEuralex Italic	DEAR_1016	4	ndim	LingPy prog	0.6667	0.8333	0.8333	0.8333	ok
NorthEuralex Italic	DEATH_1022	7	progressive	LingPy prog	1.0000	1.0000	1.0000	1.0000	ok
NorthEuralex Italic	DECEIVE_1028	4	ndim	LingPy prog	0.7500	0.8750	0.8750	0.8750	ok
NorthEuralex Italic	DECEMBER_5	7	progressive	LingPy prog	1.0000	1.0000	1.0000	1.0000	ok
NorthEuralex Italic	DECORATE_1034	6	progressive	LingPy prog	0.7500	0.8500	0.8500	0.8500	ok
NorthEuralex Italic	DECORATE_1035	3	ndim	LingPy prog	1.0000	1.0000	1.0000	1.0000	ok
NorthEuralex Italic	DECREASE_1037	5	progressive	LingPy prog	0.8000	0.9200	0.9200	0.9200	ok
NorthEuralex Italic	DECREASE_1038	4	ndim	LingPy prog	0.8000	0.9000	0.9000	0.9000	ok
NorthEuralex Italic	DEFEND_1040	6	progressive	LingPy prog	0.6667	0.8889	0.8889	0.8889	ok
NorthEuralex Italic	DENSE_1056	7	progressive	LingPy prog	1.0000	1.0000	1.0000	1.0000	ok
NorthEuralex Italic	DESTROY_1069	6	progressive	LingPy prog	1.0000	1.0000	1.0000	1.0000	ok
NorthEuralex Italic	DEXTEROUS_3367	5	progressive	LingPy prog	1.0000	1.0000	1.0000	1.0000	ok
NorthEuralex Italic	DIE_(FROM_ACCIDENT)_2776	6	progressive	LingPy prog	1.0000	1.0000	1.0000	1.0000	ok
NorthEuralex Italic	DIE_1071	7	progressive	LingPy prog	1.0000	1.0000	1.0000	1.0000	ok
NorthEuralex Italic	DIFFERENT_1072	6	progressive	LingPy prog		0.8296	0.7467	0.7860	len_mismatch
NorthEuralex Italic	DIG_1076	4	ndim	LingPy prog	0.7143	0.8571	0.8571	0.8571	ok
NorthEuralex Italic	DILIGENT_1080	4	ndim	LingPy prog	0.7778	0.8889	0.8889	0.8889	ok
NorthEuralex Italic	DILIGENT_1081	3	ndim	LingPy prog	1.0000	1.0000	1.0000	1.0000	ok
NorthEuralex Italic	DIRTY_1094	3	ndim	LingPy prog	1.0000	1.0000	1.0000	1.0000	ok
NorthEuralex Italic	DISAPPEAR_1101	5	progressive	LingPy prog	1.0000	1.0000	1.0000	1.0000	ok
NorthEuralex Italic	DISEASE_2041	4	ndim	LingPy prog	1.0000	1.0000	1.0000	1.0000	ok
NorthEuralex Italic	DISH_1108	4	ndim	LingPy prog	1.0000	1.0000	1.0000	1.0000	ok
NorthEuralex Italic	DISTANCE_1113	6	progressive	LingPy prog	1.0000	1.0000	1.0000	1.0000	ok
NorthEuralex Italic	DIVE_1122	3	ndim	LingPy prog	1.0000	1.0000	1.0000	1.0000	ok
NorthEuralex Italic	DIVIDE_1129	6	progressive	LingPy prog	0.7500	0.8500	0.8500	0.8500	ok
NorthEuralex Italic	DIVIDE_1130	3	ndim	LingPy prog	1.0000	1.0000	1.0000	1.0000	ok
NorthEuralex Italic	DOG_1138	3	ndim	LingPy prog	1.0000	1.0000	1.0000	1.0000	ok
NorthEuralex Italic	DONATE_1658	3	ndim	LingPy prog	1.0000	1.0000	1.0000	1.0000	ok
NorthEuralex Italic	DOOR_1149	5	progressive	LingPy prog	1.0000	1.0000	1.0000	1.0000	ok
NorthEuralex Italic	DO_1132	6	progressive	LingPy prog	1.0000	1.0000	1.0000	1.0000	ok
NorthEuralex Italic	DRAW_MILK_2427	3	ndim	LingPy prog	1.0000	1.0000	1.0000	1.0000	ok
NorthEuralex Italic	DREAM_1170	5	progressive	LingPy prog	1.0000	1.0000	1.0000	1.0000	ok
NorthEuralex Italic	DRESS_UP_1629	5	progressive	LingPy prog	1.0000	1.0000	1.0000	1.0000	ok
NorthEuralex Italic	DRINK_1173	5	progressive	LingPy prog	1.0000	1.0000	1.0000	1.0000	ok
NorthEuralex Italic	DROP_(OF_A_LIQUID)_1189	6	progressive	LingPy prog	1.0000	1.0000	1.0000	1.0000	ok
NorthEuralex Italic	DROP_(SOMETHING)_1190	3	ndim	LingPy prog	1.0000	1.0000	1.0000	1.0000	ok
NorthEuralex Italic	DRY_1207	6	progressive	LingPy prog	1.0000	1.0000	1.0000	1.0000	ok
NorthEuralex Italic	DRY_UP_1208	4	ndim	LingPy prog	1.0000	1.0000	1.0000	1.0000	ok
NorthEuralex Italic	DWELL_(LIVE,_RESIDE)_1226	5	progressive	LingPy prog	1.0000	1.0000	1.0000	1.0000	ok
NorthEuralex Italic	DYE_1233	6	progressive	LingPy prog	1.0000	1.0000	1.0000	1.0000	ok
NorthEuralex Italic	DYE_1234	3	ndim	LingPy prog	1.0000	1.0000	1.0000	1.0000	ok
NorthEuralex Italic	EAGLE_1236	4	ndim	LingPy prog	1.0000	1.0000	1.0000	1.0000	ok
NorthEuralex Italic	EARTH_(SOIL)_1242	6	progressive	LingPy prog	1.0000	1.0000	1.0000	1.0000	ok
NorthEuralex Italic	EAR_1240	6	progressive	LingPy prog	1.0000	1.0000	1.0000	1.0000	ok
NorthEuralex Italic	EAST_1245	3	ndim	LingPy prog	1.0000	1.0000	1.0000	1.0000	ok
NorthEuralex Italic	EAST_1246	3	ndim	LingPy prog	0.7143	0.8095	0.8095	0.8095	ok
NorthEuralex Italic	EAT_1251	4	ndim	LingPy prog	1.0000	1.0000	1.0000	1.0000	ok
NorthEuralex Italic	EDGE_1254	3	ndim	LingPy prog	1.0000	1.0000	1.0000	1.0000	ok
NorthEuralex Italic	EGG_1262	7	progressive	LingPy prog	1.0000	1.0000	1.0000	1.0000	ok
NorthEuralex Italic	EIGHTY_1266	5	progressive	LingPy prog	1.0000	1.0000	1.0000	1.0000	ok
NorthEuralex Italic	EIGHT_1263	4	ndim	LingPy prog	1.0000	1.0000	1.0000	1.0000	ok
NorthEuralex Italic	ELBOW_1269	3	ndim	LingPy prog	1.0000	1.0000	1.0000	1.0000	ok
NorthEuralex Italic	ELEVEN_1282	3	ndim	LingPy prog	1.0000	1.0000	1.0000	1.0000	ok
NorthEuralex Italic	ELK_1286	4	ndim	LingPy prog	1.0000	1.0000	1.0000	1.0000	ok
NorthEuralex Italic	EMERGE_(APPEAR)_172	7	progressive	LingPy prog	1.0000	1.0000	1.0000	1.0000	ok
NorthEuralex Italic	ENDURE_1307	5	progressive	LingPy prog	1.0000	1.0000	1.0000	1.0000	ok
NorthEuralex Italic	END_(OF_SPACE)_1299	6	progressive	LingPy prog	1.0000	1.0000	1.0000	1.0000	ok
NorthEuralex Italic	END_(OF_SPACE)_1301	3	ndim	LingPy prog	1.0000	1.0000	1.0000	1.0000	ok
NorthEuralex Italic	END_(OF_TIME)_1297	4	ndim	LingPy prog	1.0000	1.0000	1.0000	1.0000	ok
NorthEuralex Italic	END_(OF_TIME)_1300	4	ndim	LingPy prog	1.0000	1.0000	1.0000	1.0000	ok
NorthEuralex Italic	ENEMY_1312	6	progressive	LingPy prog	1.0000	1.0000	1.0000	1.0000	ok
NorthEuralex Italic	ENTER_1692	6	progressive	LingPy prog	1.0000	1.0000	1.0000	1.0000	ok
NorthEuralex Italic	EVENING_1321	3	ndim	LingPy prog	1.0000	1.0000	1.0000	1.0000	ok
NorthEuralex Italic	EVERYWHERE_1327	3	ndim	LingPy prog	1.0000	1.0000	1.0000	1.0000	ok
NorthEuralex Italic	EXPENSIVE_1341	5	progressive	LingPy prog	1.0000	1.0000	1.0000	1.0000	ok
NorthEuralex Italic	EYE_1344	5	progressive	LingPy prog	0.5000	0.6500	0.6500	0.6500	ok
NorthEuralex Italic	FACE_1347	3	ndim	LingPy prog	1.0000	1.0000	1.0000	1.0000	ok
NorthEuralex Italic	FACE_1348	3	ndim	LingPy prog	1.0000	1.0000	1.0000	1.0000	ok
NorthEuralex Italic	FAIRY_TALE_1353	4	ndim	LingPy prog	1.0000	1.0000	1.0000	1.0000	ok
NorthEuralex Italic	FALL_1358	6	progressive	LingPy prog	1.0000	1.0000	1.0000	1.0000	ok
NorthEuralex Italic	FALL_ASLEEP_1361	5	progressive	LingPy prog	1.0000	1.0000	1.0000	1.0000	ok
NorthEuralex Italic	FAMILIAR_1372	5	progressive	LingPy prog	1.0000	1.0000	1.0000	1.0000	ok
NorthEuralex Italic	FAMILY_1375	7	progressive	LingPy prog	1.0000	1.0000	1.0000	1.0000	ok
NorthEuralex Italic	FATHER_1395	6	progressive	LingPy prog	0.6667	0.8889	0.8889	0.8889	ok
NorthEuralex Italic	FAT_(OBESE)_1388	5	progressive	LingPy prog	1.0000	1.0000	1.0000	1.0000	ok
NorthEuralex Italic	FAT_(ORGANIC_SUBSTANCE)_1388	4	ndim	LingPy prog	1.0000	1.0000	1.0000	1.0000	ok
NorthEuralex Italic	FAULT_1398	5	progressive	LingPy prog	1.0000	1.0000	1.0000	1.0000	ok
NorthEuralex Italic	FEATHER_1402	4	ndim	LingPy prog	1.0000	1.0000	1.0000	1.0000	ok
NorthEuralex Italic	FEATHER_1403	3	ndim	LingPy prog	1.0000	1.0000	1.0000	1.0000	ok
NorthEuralex Italic	FEBRUARY_6	6	progressive	LingPy prog	1.0000	1.0000	1.0000	1.0000	ok
NorthEuralex Italic	FEEL_(TACTUALLY)_1411	6	progressive	LingPy prog	0.7143	0.9048	0.9048	0.9048	ok
NorthEuralex Italic	FEVER_1421	7	progressive	LingPy prog	1.0000	1.0000	1.0000	1.0000	ok
NorthEuralex Italic	FIFTY_1422	6	progressive	LingPy prog	1.0000	1.0000	1.0000	1.0000	ok
NorthEuralex Italic	FILL_1430	3	ndim	LingPy prog	1.0000	1.0000	1.0000	1.0000	ok
NorthEuralex Italic	FIND_1441	3	ndim	LingPy prog	1.0000	1.0000	1.0000	1.0000	ok
NorthEuralex Italic	FINE_OR_THIN_1042	4	ndim	LingPy prog	1.0000	1.0000	1.0000	1.0000	ok
NorthEuralex Italic	FINGERNAIL_1450	4	ndim	LingPy prog	1.0000	1.0000	1.0000	1.0000	ok
NorthEuralex Italic	FINGERNAIL_OR_TOENAIL_2518	4	ndim	LingPy prog	1.0000	1.0000	1.0000	1.0000	ok
NorthEuralex Italic	FINGER_1446	4	ndim	LingPy prog	1.0000	1.0000	1.0000	1.0000	ok
NorthEuralex Italic	FINISH_1453	5	progressive	LingPy prog	0.7778	0.8444	0.8444	0.8444	ok
NorthEuralex Italic	FINISH_1454	3	ndim	LingPy prog	1.0000	1.0000	1.0000	1.0000	ok
NorthEuralex Italic	FINISH_1455	3	ndim	LingPy prog	1.0000	1.0000	1.0000	1.0000	ok
NorthEuralex Italic	FIRE_1461	6	progressive	LingPy prog	1.0000	1.0000	1.0000	1.0000	ok
NorthEuralex Italic	FIRST_1468	7	progressive	LingPy prog	1.0000	1.0000	1.0000	1.0000	ok
NorthEuralex Italic	FIR_1457	4	ndim	LingPy prog	1.0000	1.0000	1.0000	1.0000	ok
NorthEuralex Italic	FISHING_1469	6	progressive	LingPy prog	1.0000	1.0000	1.0000	1.0000	ok
NorthEuralex Italic	FISH_1470	5	progressive	LingPy prog	1.0000	1.0000	1.0000	1.0000	ok
NorthEuralex Italic	FIVE_1472	3	ndim	LingPy prog	1.0000	1.0000	1.0000	1.0000	ok
NorthEuralex Italic	FIVE_1473	3	ndim	LingPy prog	1.0000	1.0000	1.0000	1.0000	ok
NorthEuralex Italic	FLAT_1475	7	progressive	LingPy prog	0.4286	0.5306	0.5306	0.5306	ok
NorthEuralex Italic	FLEE_1479	5	progressive	LingPy prog	1.0000	1.0000	1.0000	1.0000	ok
NorthEuralex Italic	FLOWER_1502	6	progressive	LingPy prog	1.0000	1.0000	1.0000	1.0000	ok
NorthEuralex Italic	FLOW_1496	3	ndim	LingPy prog	1.0000	1.0000	1.0000	1.0000	ok
NorthEuralex Italic	FLY_(INSECT)_1504	7	progressive	LingPy prog	1.0000	1.0000	1.0000	1.0000	ok
NorthEuralex Italic	FLY_(MOVE_THROUGH_AIR)_1505	5	progressive	LingPy prog	1.0000	1.0000	1.0000	1.0000	ok
NorthEuralex Italic	FOAM_1508	7	progressive	LingPy prog	1.0000	1.0000	1.0000	1.0000	ok
NorthEuralex Italic	FOG_1510	3	ndim	LingPy prog	1.0000	1.0000	1.0000	1.0000	ok
NorthEuralex Italic	FOOD_1517	6	progressive	LingPy prog	1.0000	1.0000	1.0000	1.0000	ok
NorthEuralex Italic	FOOTPRINT_4047	3	ndim	LingPy prog	1.0000	1.0000	1.0000	1.0000	ok
NorthEuralex Italic	FOOT_1523	5	progressive	LingPy prog	1.0000	1.0000	1.0000	1.0000	ok
NorthEuralex Italic	FOREHEAD_1529	6	progressive	LingPy prog	1.0000	1.0000	1.0000	1.0000	ok
NorthEuralex Italic	FOREIGN_1531	4	ndim	LingPy prog	1.0000	1.0000	1.0000	1.0000	ok
NorthEuralex Italic	FOREST_1536	4	ndim	LingPy prog	1.0000	1.0000	1.0000	1.0000	ok
NorthEuralex Italic	FORK_1549	4	ndim	LingPy prog	1.0000	1.0000	1.0000	1.0000	ok
NorthEuralex Italic	FORMER_1553	3	ndim	LingPy prog	1.0000	1.0000	1.0000	1.0000	ok
NorthEuralex Italic	FORTY_1560	6	progressive	LingPy prog	1.0000	1.0000	1.0000	1.0000	ok
NorthEuralex Italic	FOUR_1568	5	progressive	LingPy prog	1.0000	1.0000	1.0000	1.0000	ok
NorthEuralex Italic	FOX_1571	3	ndim	LingPy prog	1.0000	1.0000	1.0000	1.0000	ok
NorthEuralex Italic	FREEZE_1576	6	progressive	LingPy prog	0.8000	0.9333	0.9333	0.9333	ok
NorthEuralex Italic	FRESH_1578	5	progressive	LingPy prog	1.0000	1.0000	1.0000	1.0000	ok
NorthEuralex Italic	FRIEND_1582	7	progressive	LingPy prog	1.0000	1.0000	1.0000	1.0000	ok
NorthEuralex Italic	FRINGE_1584	5	progressive	LingPy prog	1.0000	1.0000	1.0000	1.0000	ok
NorthEuralex Italic	FRINGE_1585	3	ndim	LingPy prog	1.0000	1.0000	1.0000	1.0000	ok
NorthEuralex Italic	FROST_1587	4	ndim	LingPy prog	1.0000	1.0000	1.0000	1.0000	ok
NorthEuralex Italic	FRY_1592	3	ndim	LingPy prog	1.0000	1.0000	1.0000	1.0000	ok
NorthEuralex Italic	FRY_1593	3	ndim	LingPy prog	1.0000	1.0000	1.0000	1.0000	ok
NorthEuralex Italic	FULL_1597	4	ndim	LingPy prog	1.0000	1.0000	1.0000	1.0000	ok
NorthEuralex Italic	FUR_1601	5	progressive	LingPy prog	1.0000	1.0000	1.0000	1.0000	ok
NorthEuralex Italic	GAME_1605	5	progressive	LingPy prog	1.0000	1.0000	1.0000	1.0000	ok
NorthEuralex Italic	GAP_(DISTANCE)_1608	5	progressive	LingPy prog		0.7300	0.8111	0.7684	len_mismatch
NorthEuralex Italic	GATE_1612	7	progressive	LingPy prog	1.0000	1.0000	1.0000	1.0000	ok
NorthEuralex Italic	GATHER_1613	6	progressive	LingPy prog	1.0000	1.0000	1.0000	1.0000	ok
NorthEuralex Italic	GATHER_1614	4	ndim	LingPy prog	0.8000	0.9000	0.9000	0.9000	ok
NorthEuralex Italic	GENTLE_1616	3	ndim	LingPy prog	1.0000	1.0000	1.0000	1.0000	ok
NorthEuralex Italic	GET_2973	5	progressive	LingPy prog	1.0000	1.0000	1.0000	1.0000	ok
NorthEuralex Italic	GET_TIRED_1632	3	ndim	LingPy prog	1.0000	1.0000	1.0000	1.0000	ok
NorthEuralex Italic	GIFT_1643	3	ndim	LingPy prog	1.0000	1.0000	1.0000	1.0000	ok
NorthEuralex Italic	GIVE_1657	4	ndim	LingPy prog	1.0000	1.0000	1.0000	1.0000	ok
NorthEuralex Italic	GLASS_1665	6	progressive	LingPy prog	1.0000	1.0000	1.0000	1.0000	ok
NorthEuralex Italic	GLUE_1668	4	ndim	LingPy prog	1.0000	1.0000	1.0000	1.0000	ok
NorthEuralex Italic	GOLD_1700	4	ndim	LingPy prog	1.0000	1.0000	1.0000	1.0000	ok
NorthEuralex Italic	GOOD_1704	4	ndim	LingPy prog	1.0000	1.0000	1.0000	1.0000	ok
NorthEuralex Italic	GOOD_1705	3	ndim	LingPy prog		0.2381	0.2778	0.2564	len_mismatch
NorthEuralex Italic	GOOSE_1706	3	ndim	LingPy prog	1.0000	1.0000	1.0000	1.0000	ok
NorthEuralex Italic	GO_1677	4	ndim	LingPy prog	1.0000	1.0000	1.0000	1.0000	ok
NorthEuralex Italic	GO_1678	3	ndim	LingPy prog	1.0000	1.0000	1.0000	1.0000	ok
NorthEuralex Italic	GRAIN_1716	7	progressive	LingPy prog	1.0000	1.0000	1.0000	1.0000	ok
NorthEuralex Italic	GRASSLAND_2379	6	progressive	LingPy prog	1.0000	1.0000	1.0000	1.0000	ok
NorthEuralex Italic	GRASS_1738	7	progressive	LingPy prog	1.0000	1.0000	1.0000	1.0000	ok
NorthEuralex Italic	GRAVE_1740	4	ndim	LingPy prog	1.0000	1.0000	1.0000	1.0000	ok
NorthEuralex Italic	GRAVE_1741	3	ndim	LingPy prog	1.0000	1.0000	1.0000	1.0000	ok
NorthEuralex Italic	GREEN_1746	6	progressive	LingPy prog	1.0000	1.0000	1.0000	1.0000	ok
NorthEuralex Italic	GREY_1748	5	progressive	LingPy prog	1.0000	1.0000	1.0000	1.0000	ok
NorthEuralex Italic	GRIEF_1752	3	ndim	LingPy prog	1.0000	1.0000	1.0000	1.0000	ok
NorthEuralex Italic	GROAN_1758	7	progressive	LingPy prog	1.0000	1.0000	1.0000	1.0000	ok
NorthEuralex Italic	GROUND_1759	7	progressive	LingPy prog	1.0000	1.0000	1.0000	1.0000	ok
NorthEuralex Italic	GROW_1763	6	progressive	LingPy prog	0.7500	0.9167	0.9167	0.9167	ok
NorthEuralex Italic	GUEST_1778	3	ndim	LingPy prog	1.0000	1.0000	1.0000	1.0000	ok
NorthEuralex Italic	GUN_1793	4	ndim	LingPy prog	1.0000	1.0000	1.0000	1.0000	ok
NorthEuralex Italic	HAIR_1799	5	progressive	LingPy prog	1.0000	1.0000	1.0000	1.0000	ok
NorthEuralex Italic	HALF_1802	5	progressive	LingPy prog	1.0000	1.0000	1.0000	1.0000	ok
NorthEuralex Italic	HALT_(STOP)_3652	3	ndim	LingPy prog	1.0000	1.0000	1.0000	1.0000	ok
NorthEuralex Italic	HANDLE_1812	3	ndim	LingPy prog	1.0000	1.0000	1.0000	1.0000	ok
NorthEuralex Italic	HAND_1805	4	ndim	LingPy prog	1.0000	1.0000	1.0000	1.0000	ok
NorthEuralex Italic	HAND_1807	3	ndim	LingPy prog	1.0000	1.0000	1.0000	1.0000	ok
NorthEuralex Italic	HANG_1820	5	progressive	LingPy prog	1.0000	1.0000	1.0000	1.0000	ok
NorthEuralex Italic	HAPPINESS_1839	5	progressive	LingPy prog	1.0000	1.0000	1.0000	1.0000	ok
NorthEuralex Italic	HARD_1842	7	progressive	LingPy prog	1.0000	1.0000	1.0000	1.0000	ok
NorthEuralex Italic	HARE_1848	5	progressive	LingPy prog	1.0000	1.0000	1.0000	1.0000	ok
NorthEuralex Italic	HAY_1851	6	progressive	LingPy prog	1.0000	1.0000	1.0000	1.0000	ok
NorthEuralex Italic	HEAD_1859	4	ndim	LingPy prog	1.0000	1.0000	1.0000	1.0000	ok
NorthEuralex Italic	HEALTHY_1863	4	ndim	LingPy prog	1.0000	1.0000	1.0000	1.0000	ok
NorthEuralex Italic	HEART_1882	3	ndim	LingPy prog	1.0000	1.0000	1.0000	1.0000	ok
NorthEuralex Italic	HEAT_1886	6	progressive	LingPy prog	1.0000	1.0000	1.0000	1.0000	ok
NorthEuralex Italic	HEAVY_1890	5	progressive	LingPy prog	1.0000	1.0000	1.0000	1.0000	ok
NorthEuralex Italic	HEEL_1894	4	ndim	LingPy prog	0.6667	0.7222	0.7222	0.7222	ok
NorthEuralex Italic	HEIGHT_1898	6	progressive	LingPy prog	1.0000	1.0000	1.0000	1.0000	ok
NorthEuralex Italic	HEIGHT_1899	3	ndim	LingPy prog	1.0000	1.0000	1.0000	1.0000	ok
NorthEuralex Italic	HELP_(ASSISTANCE)_1902	4	ndim	LingPy prog	1.0000	1.0000	1.0000	1.0000	ok
NorthEuralex Italic	HELP_(ASSISTANCE)_1903	3	ndim	LingPy prog	1.0000	1.0000	1.0000	1.0000	ok
NorthEuralex Italic	HERE_1922	3	ndim	LingPy prog	1.0000	1.0000	1.0000	1.0000	ok
NorthEuralex Italic	HE_1853	4	ndim	LingPy prog	1.0000	1.0000	1.0000	1.0000	ok
NorthEuralex Italic	HE_1854	3	ndim	LingPy prog	1.0000	1.0000	1.0000	1.0000	ok
NorthEuralex Italic	HIDE_(CONCEAL)_888	4	ndim	LingPy prog	0.7500	0.8750	0.8750	0.8750	ok
NorthEuralex Italic	HIDE_(CONCEAL)_889	4	ndim	LingPy prog	1.0000	1.0000	1.0000	1.0000	ok
NorthEuralex Italic	HIDE_(ONESELF)_1927	4	ndim	LingPy prog	1.0000	1.0000	1.0000	1.0000	ok
NorthEuralex Italic	HILL_1931	5	progressive	LingPy prog	1.0000	1.0000	1.0000	1.0000	ok
NorthEuralex Italic	HINDER_1937	4	ndim	LingPy prog	1.0000	1.0000	1.0000	1.0000	ok
NorthEuralex Italic	HOLD_1960	4	ndim	LingPy prog	1.0000	1.0000	1.0000	1.0000	ok
NorthEuralex Italic	HOME_1971	3	ndim	LingPy prog	1.0000	1.0000	1.0000	1.0000	ok
NorthEuralex Italic	HONEY_1977	7	progressive	LingPy prog	1.0000	1.0000	1.0000	1.0000	ok
NorthEuralex Italic	HOOK_1978	3	ndim	LingPy prog	1.0000	1.0000	1.0000	1.0000	ok
NorthEuralex Italic	HORN_(ANATOMY)_1984	7	progressive	LingPy prog	1.0000	1.0000	1.0000	1.0000	ok
NorthEuralex Italic	HORSE_1988	6	progressive	LingPy prog	1.0000	1.0000	1.0000	1.0000	ok
NorthEuralex Italic	HOUSE_1999	5	progressive	LingPy prog	1.0000	1.0000	1.0000	1.0000	ok
NorthEuralex Italic	HOWL_2006	5	progressive	LingPy prog	1.0000	1.0000	1.0000	1.0000	ok
NorthEuralex Italic	HOW_2002	7	progressive	LingPy prog	1.0000	1.0000	1.0000	1.0000	ok
NorthEuralex Italic	HOW_MANY_2003	5	progressive	LingPy prog	0.6667	0.8667	0.8667	0.8667	ok
NorthEuralex Italic	HUNDRED_68	6	progressive	LingPy prog	0.6667	0.8000	0.8000	0.8000	ok
NorthEuralex Italic	HUNGER_2015	6	progressive	LingPy prog	1.0000	1.0000	1.0000	1.0000	ok
NorthEuralex Italic	HUNT_2022	5	progressive	LingPy prog	1.0000	1.0000	1.0000	1.0000	ok
NorthEuralex Italic	HUSBAND_2032	3	ndim	LingPy prog	1.0000	1.0000	1.0000	1.0000	ok
NorthEuralex Italic	HUSBAND_2033	3	ndim	LingPy prog	1.0000	1.0000	1.0000	1.0000	ok
NorthEuralex Italic	ICE_2037	3	ndim	LingPy prog	1.0000	1.0000	1.0000	1.0000	ok
NorthEuralex Italic	ICE_2038	3	ndim	LingPy prog	1.0000	1.0000	1.0000	1.0000	ok
NorthEuralex Italic	IDOL_1427	6	progressive	LingPy prog	1.0000	1.0000	1.0000	1.0000	ok
NorthEuralex Italic	IMPROVE_(SOMETHING)_2046	6	progressive	LingPy prog	1.0000	1.0000	1.0000	1.0000	ok
NorthEuralex Italic	INCREASE_2062	5	progressive	LingPy prog	1.0000	1.0000	1.0000	1.0000	ok
NorthEuralex Italic	INCREASE_2063	3	ndim	LingPy prog	1.0000	1.0000	1.0000	1.0000	ok
NorthEuralex Italic	INVITE_2078	7	progressive	LingPy prog	1.0000	1.0000	1.0000	1.0000	ok
NorthEuralex Italic	IRON_2079	7	progressive	LingPy prog	1.0000	1.0000	1.0000	1.0000	ok
NorthEuralex Italic	IRRIGATE_4230	4	ndim	LingPy prog	1.0000	1.0000	1.0000	1.0000	ok
NorthEuralex Italic	ISLAND_2080	4	ndim	LingPy prog	1.0000	1.0000	1.0000	1.0000	ok
NorthEuralex Italic	ISLAND_2081	3	ndim	LingPy prog	1.0000	1.0000	1.0000	1.0000	ok
NorthEuralex Italic	ITEM_2082	4	ndim	LingPy prog	0.7143	0.8571	0.8571	0.8571	ok
NorthEuralex Italic	JANUARY_20	3	ndim	LingPy prog	1.0000	1.0000	1.0000	1.0000	ok
NorthEuralex Italic	JAW_2086	3	ndim	LingPy prog	1.0000	1.0000	1.0000	1.0000	ok
NorthEuralex Italic	JAW_2087	3	ndim	LingPy prog	1.0000	1.0000	1.0000	1.0000	ok
NorthEuralex Italic	JOIN_4131	5	progressive	LingPy prog	1.0000	1.0000	1.0000	1.0000	ok
NorthEuralex Italic	JOY_2098	3	ndim	LingPy prog	1.0000	1.0000	1.0000	1.0000	ok
NorthEuralex Italic	JOY_2099	3	ndim	LingPy prog	1.0000	1.0000	1.0000	1.0000	ok
NorthEuralex Italic	JULY_25	4	ndim	LingPy prog	1.0000	1.0000	1.0000	1.0000	ok
NorthEuralex Italic	JUMP_2107	6	progressive	LingPy prog	1.0000	1.0000	1.0000	1.0000	ok
NorthEuralex Italic	JUNE_29	4	ndim	LingPy prog	1.0000	1.0000	1.0000	1.0000	ok
NorthEuralex Italic	KEEP_2109	7	progressive	LingPy prog	1.0000	1.0000	1.0000	1.0000	ok
NorthEuralex Italic	KETTLE_2114	5	progressive	LingPy prog	1.0000	1.0000	1.0000	1.0000	ok
NorthEuralex Italic	KICK_2119	3	ndim	LingPy prog	1.0000	1.0000	1.0000	1.0000	ok
NorthEuralex Italic	KILL_2125	3	ndim	LingPy prog	1.0000	1.0000	1.0000	1.0000	ok
NorthEuralex Italic	KIND_(THING)_3469	4	ndim	LingPy prog	1.0000	1.0000	1.0000	1.0000	ok
NorthEuralex Italic	KING_2131	3	ndim	LingPy prog	1.0000	1.0000	1.0000	1.0000	ok
NorthEuralex Italic	KNEE_2141	3	ndim	LingPy prog	1.0000	1.0000	1.0000	1.0000	ok
NorthEuralex Italic	KNIFE_2146	5	progressive	LingPy prog	1.0000	1.0000	1.0000	1.0000	ok
NorthEuralex Italic	KNIT_2149	3	ndim	LingPy prog	1.0000	1.0000	1.0000	1.0000	ok
NorthEuralex Italic	KNOT_2163	7	progressive	LingPy prog	1.0000	1.0000	1.0000	1.0000	ok
NorthEuralex Italic	KNOW_(SOMETHING)_2164	6	progressive	LingPy prog	1.0000	1.0000	1.0000	1.0000	ok
NorthEuralex Italic	LADDER_2166	5	progressive	LingPy prog	1.0000	1.0000	1.0000	1.0000	ok
NorthEuralex Italic	LAIR_2171	3	ndim	LingPy prog	1.0000	1.0000	1.0000	1.0000	ok
NorthEuralex Italic	LAKE_2179	7	progressive	LingPy prog	1.0000	1.0000	1.0000	1.0000	ok
NorthEuralex Italic	LANGUAGE_2184	5	progressive	LingPy prog	0.7778	0.9111	0.9111	0.9111	ok
NorthEuralex Italic	LAST_(FINAL)_2188	5	progressive	LingPy prog	1.0000	1.0000	1.0000	1.0000	ok
NorthEuralex Italic	LAUGHTER_2198	6	progressive	LingPy prog	1.0000	1.0000	1.0000	1.0000	ok
NorthEuralex Italic	LAUGH_2197	7	progressive	LingPy prog	0.7143	0.9184	0.9184	0.9184	ok
NorthEuralex Italic	LAY_(VERB)_2201	6	progressive	LingPy prog	1.0000	1.0000	1.0000	1.0000	ok
NorthEuralex Italic	LAZY_2204	3	ndim	LingPy prog	1.0000	1.0000	1.0000	1.0000	ok
NorthEuralex Italic	LEAD_(GUIDE)_1787	4	ndim	LingPy prog		0.8125	0.7222	0.7647	len_mismatch
NorthEuralex Italic	LEAD_(GUIDE)_2211	5	progressive	LingPy prog	1.0000	1.0000	1.0000	1.0000	ok
NorthEuralex Italic	LEAF_2217	5	progressive	LingPy prog	1.0000	1.0000	1.0000	1.0000	ok
NorthEuralex Italic	LEARN_2220	5	progressive	LingPy prog	1.0000	1.0000	1.0000	1.0000	ok
NorthEuralex Italic	LEASH_2224	3	ndim	LingPy prog	1.0000	1.0000	1.0000	1.0000	ok
NorthEuralex Italic	LEATHER_2229	3	ndim	LingPy prog	1.0000	1.0000	1.0000	1.0000	ok
NorthEuralex Italic	LEFT_2242	3	ndim	LingPy prog	1.0000	1.0000	1.0000	1.0000	ok
NorthEuralex Italic	LENGTH_2252	4	ndim	LingPy prog	1.0000	1.0000	1.0000	1.0000	ok
NorthEuralex Italic	LETTER_2259	3	ndim	LingPy prog	1.0000	1.0000	1.0000	1.0000	ok
NorthEuralex Italic	LICK_2263	4	ndim	LingPy prog	1.0000	1.0000	1.0000	1.0000	ok
NorthEuralex Italic	LID_(COVER,_CAP)_942	3	ndim	LingPy prog	1.0000	1.0000	1.0000	1.0000	ok
NorthEuralex Italic	LID_(COVER,_CAP)_943	3	ndim	LingPy prog	1.0000	1.0000	1.0000	1.0000	ok
NorthEuralex Italic	LIE_(FALSEHOOD)_2267	5	progressive	LingPy prog	1.0000	1.0000	1.0000	1.0000	ok
NorthEuralex Italic	LIFE_2279	6	progressive	LingPy prog	1.0000	1.0000	1.0000	1.0000	ok
NorthEuralex Italic	LIFT_2281	4	ndim	LingPy prog	1.0000	1.0000	1.0000	1.0000	ok
NorthEuralex Italic	LIGHT_(IGNITE)_2286	4	ndim	LingPy prog	1.0000	1.0000	1.0000	1.0000	ok
NorthEuralex Italic	LIGHT_(RADIATION)_2287	4	ndim	LingPy prog	1.0000	1.0000	1.0000	1.0000	ok
NorthEuralex Italic	LINE_2306	7	progressive	LingPy prog	0.5000	0.5873	0.5873	0.5873	ok
NorthEuralex Italic	LIP_2307	6	progressive	LingPy prog	1.0000	1.0000	1.0000	1.0000	ok
NorthEuralex Italic	LISTEN_2309	7	progressive	LingPy prog	1.0000	1.0000	1.0000	1.0000	ok
NorthEuralex Italic	LIVER_2317	4	ndim	LingPy prog	1.0000	1.0000	1.0000	1.0000	ok
NorthEuralex Italic	LOAD_2323	4	ndim	LingPy prog	1.0000	1.0000	1.0000	1.0000	ok
NorthEuralex Italic	LOCK_2329	3	ndim	LingPy prog	1.0000	1.0000	1.0000	1.0000	ok
NorthEuralex Italic	LONG_2334	3	ndim	LingPy prog	1.0000	1.0000	1.0000	1.0000	ok
NorthEuralex Italic	LOOK_FOR_2349	3	ndim	LingPy prog	1.0000	1.0000	1.0000	1.0000	ok
NorthEuralex Italic	LOUSE_2357	3	ndim	LingPy prog	1.0000	1.0000	1.0000	1.0000	ok
NorthEuralex Italic	LOVE_2361	4	ndim	LingPy prog	1.0000	1.0000	1.0000	1.0000	ok
NorthEuralex Italic	MAINLAND_2180	3	ndim	LingPy prog	1.0000	1.0000	1.0000	1.0000	ok
NorthEuralex Italic	MAKE_2366	6	progressive	LingPy prog	1.0000	1.0000	1.0000	1.0000	ok
NorthEuralex Italic	MAN_2368	4	ndim	LingPy prog	1.0000	1.0000	1.0000	1.0000	ok
NorthEuralex Italic	MARCH_33	7	progressive	LingPy prog	0.7500	0.8690	0.8690	0.8690	ok
NorthEuralex Italic	MASTER_2373	7	progressive	LingPy prog	1.0000	1.0000	1.0000	1.0000	ok
NorthEuralex Italic	MAY_(MONTH)_34	6	progressive	LingPy prog	0.6000	0.7600	0.7600	0.7600	ok
NorthEuralex Italic	MEAL_2382	4	ndim	LingPy prog	1.0000	1.0000	1.0000	1.0000	ok
NorthEuralex Italic	MEANING_2389	4	ndim	LingPy prog	0.6667	0.8333	0.8333	0.8333	ok
NorthEuralex Italic	MEANING_2390	3	ndim	LingPy prog	1.0000	1.0000	1.0000	1.0000	ok
NorthEuralex Italic	MEANING_2391	3	ndim	LingPy prog	1.0000	1.0000	1.0000	1.0000	ok
NorthEuralex Italic	MEASURE_2394	4	ndim	LingPy prog	1.0000	1.0000	1.0000	1.0000	ok
NorthEuralex Italic	MEASURE_2395	3	ndim	LingPy prog	1.0000	1.0000	1.0000	1.0000	ok
NorthEuralex Italic	MEAT_2396	6	progressive	LingPy prog	1.0000	1.0000	1.0000	1.0000	ok
NorthEuralex Italic	MEDICINE_2398	3	ndim	LingPy prog	1.0000	1.0000	1.0000	1.0000	ok
NorthEuralex Italic	MEDICINE_2399	3	ndim	LingPy prog	1.0000	1.0000	1.0000	1.0000	ok
NorthEuralex Italic	MEDICINE_2400	3	ndim	LingPy prog	1.0000	1.0000	1.0000	1.0000	ok
NorthEuralex Italic	MEET_2403	4	ndim	LingPy prog	1.0000	1.0000	1.0000	1.0000	ok
NorthEuralex Italic	MELT_2407	5	progressive	LingPy prog	0.7778	0.8444	0.8444	0.8444	ok
NorthEuralex Italic	MEMORY_2412	7	progressive	LingPy prog	1.0000	1.0000	1.0000	1.0000	ok
NorthEuralex Italic	MERRY_2413	4	ndim	LingPy prog	1.0000	1.0000	1.0000	1.0000	ok
NorthEuralex Italic	MESSAGE_2419	5	progressive	LingPy prog	1.0000	1.0000	1.0000	1.0000	ok
NorthEuralex Italic	MIDDAY_2612	4	ndim	LingPy prog	0.7500	0.8750	0.8750	0.8750	ok
NorthEuralex Italic	MIDDLE_2422	4	ndim	LingPy prog	1.0000	1.0000	1.0000	1.0000	ok
NorthEuralex Italic	MIDDLE_2423	4	ndim	LingPy prog	1.0000	1.0000	1.0000	1.0000	ok
NorthEuralex Italic	MILK_2426	6	progressive	LingPy prog	1.0000	1.0000	1.0000	1.0000	ok
NorthEuralex Italic	MISPLACE_2355	7	progressive	LingPy prog	0.7500	0.9286	0.9286	0.9286	ok
NorthEuralex Italic	MISTAKE_2454	6	progressive	LingPy prog	1.0000	1.0000	1.0000	1.0000	ok
NorthEuralex Italic	MONEY_2459	4	ndim	LingPy prog	0.7500	0.7500	0.7500	0.7500	ok
NorthEuralex Italic	MONTH_2466	5	progressive	LingPy prog	1.0000	1.0000	1.0000	1.0000	ok
NorthEuralex Italic	MOON_2469	7	progressive	LingPy prog		0.5000	0.4000	0.4444	len_mismatch
NorthEuralex Italic	MOORLAND_2470	3	ndim	LingPy prog		0.4815	0.5417	0.5098	len_mismatch
NorthEuralex Italic	MORNING_2475	6	progressive	LingPy prog	1.0000	1.0000	1.0000	1.0000	ok
NorthEuralex Italic	MOSQUITO_1673	3	ndim	LingPy prog	1.0000	1.0000	1.0000	1.0000	ok
NorthEuralex Italic	MOTHER_2477	5	progressive	LingPy prog	1.0000	1.0000	1.0000	1.0000	ok
NorthEuralex Italic	MOUNTAIN_2480	6	progressive	LingPy prog	0.7143	0.9048	0.9048	0.9048	ok
NorthEuralex Italic	MOUSE_2482	3	ndim	LingPy prog	0.6667	0.7778	0.7778	0.7778	ok
NorthEuralex Italic	MOUSTACHE_2488	3	ndim	LingPy prog	1.0000	1.0000	1.0000	1.0000	ok
NorthEuralex Italic	MOUSTACHE_2489	3	ndim	LingPy prog	1.0000	1.0000	1.0000	1.0000	ok
NorthEuralex Italic	MOUTH_2492	5	progressive	LingPy prog	1.0000	1.0000	1.0000	1.0000	ok
NorthEuralex Italic	MOVE_(AFFECT_EMOTIONALLY)_2495	5	progressive	LingPy prog	1.0000	1.0000	1.0000	1.0000	ok
NorthEuralex Italic	MUSHROOM_2510	4	ndim	LingPy prog	1.0000	1.0000	1.0000	1.0000	ok
NorthEuralex Italic	MUSH_(FOOD)_2505	5	progressive	LingPy prog	1.0000	1.0000	1.0000	1.0000	ok
NorthEuralex Italic	NAIL_(TOOL)_2517	5	progressive	LingPy prog	1.0000	1.0000	1.0000	1.0000	ok
NorthEuralex Italic	NAKED_2523	5	progressive	LingPy prog	1.0000	1.0000	1.0000	1.0000	ok
NorthEuralex Italic	NAME_2527	7	progressive	LingPy prog	0.4286	0.5782	0.5782	0.5782	ok
NorthEuralex Italic	NAPE_(OF_NECK)_2532	5	progressive	LingPy prog	1.0000	1.0000	1.0000	1.0000	ok
NorthEuralex Italic	NARROW_2536	4	ndim	LingPy prog	1.0000	1.0000	1.0000	1.0000	ok
NorthEuralex Italic	NAVEL_2548	5	progressive	LingPy prog	1.0000	1.0000	1.0000	1.0000	ok
NorthEuralex Italic	NECK_2558	4	ndim	LingPy prog	1.0000	1.0000	1.0000	1.0000	ok
NorthEuralex Italic	NEEDLE_(FOR_SEWING)_2563	3	ndim	LingPy prog	1.0000	1.0000	1.0000	1.0000	ok
NorthEuralex Italic	NEEDLE_(FOR_SEWING)_2564	3	ndim	LingPy prog	1.0000	1.0000	1.0000	1.0000	ok
NorthEuralex Italic	NEST_2566	6	progressive	LingPy prog	1.0000	1.0000	1.0000	1.0000	ok
NorthEuralex Italic	NET_2568	4	ndim	LingPy prog	1.0000	1.0000	1.0000	1.0000	ok
NorthEuralex Italic	NEWSPAPER_2583	3	ndim	LingPy prog	1.0000	1.0000	1.0000	1.0000	ok
NorthEuralex Italic	NEWS_2578	3	ndim	LingPy prog	1.0000	1.0000	1.0000	1.0000	ok
NorthEuralex Italic	NEWS_2579	3	ndim	LingPy prog	1.0000	1.0000	1.0000	1.0000	ok
NorthEuralex Italic	NEW_2577	7	progressive	LingPy prog	1.0000	1.0000	1.0000	1.0000	ok
NorthEuralex Italic	NIGHT_2598	6	progressive	LingPy prog	0.4286	0.5810	0.5810	0.5810	ok
NorthEuralex Italic	NINETY_2601	5	progressive	LingPy prog	1.0000	1.0000	1.0000	1.0000	ok
NorthEuralex Italic	NINE_2600	7	progressive	LingPy prog	1.0000	1.0000	1.0000	1.0000	ok
NorthEuralex Italic	NOOSE_2617	4	ndim	LingPy prog	0.6000	0.8000	0.8000	0.8000	ok
NorthEuralex Italic	NORTH_2621	6	progressive	LingPy prog	1.0000	1.0000	1.0000	1.0000	ok
NorthEuralex Italic	NOSE_2624	5	progressive	LingPy prog	1.0000	1.0000	1.0000	1.0000	ok
NorthEuralex Italic	NOTICE_(SOMETHING)_2629	4	ndim	LingPy prog	1.0000	1.0000	1.0000	1.0000	ok
NorthEuralex Italic	NOTICE_(SOMETHING)_2630	3	ndim	LingPy prog	1.0000	1.0000	1.0000	1.0000	ok
NorthEuralex Italic	NOT_2626	5	progressive	LingPy prog	1.0000	1.0000	1.0000	1.0000	ok
NorthEuralex Italic	NOVEMBER_42	7	progressive	LingPy prog	1.0000	1.0000	1.0000	1.0000	ok
NorthEuralex Italic	NOW_2634	4	ndim	LingPy prog	1.0000	1.0000	1.0000	1.0000	ok
NorthEuralex Italic	OAR_2639	6	progressive	LingPy prog	1.0000	1.0000	1.0000	1.0000	ok
NorthEuralex Italic	OCTOBER_43	7	progressive	LingPy prog	1.0000	1.0000	1.0000	1.0000	ok
NorthEuralex Italic	ODOR_(SMELL)_2643	6	progressive	LingPy prog	1.0000	1.0000	1.0000	1.0000	ok
NorthEuralex Italic	OF_THIS_KIND_(SUCH)_3433	3	ndim	LingPy prog	1.0000	1.0000	1.0000	1.0000	ok
NorthEuralex Italic	OF_THIS_KIND_(SUCH)_3434	3	ndim	LingPy prog	1.0000	1.0000	1.0000	1.0000	ok
NorthEuralex Italic	OIL_(ORGANIC_SUBSTANCE)_2654	3	ndim	LingPy prog	1.0000	1.0000	1.0000	1.0000	ok
NorthEuralex Italic	ONE_2678	4	ndim	LingPy prog	1.0000	1.0000	1.0000	1.0000	ok
NorthEuralex Italic	ONE_2679	3	ndim	LingPy prog	1.0000	1.0000	1.0000	1.0000	ok
NorthEuralex Italic	ONE_TIME_2665	4	ndim	LingPy prog	1.0000	1.0000	1.0000	1.0000	ok
NorthEuralex Italic	ONION_2680	4	ndim	LingPy prog	1.0000	1.0000	1.0000	1.0000	ok
NorthEuralex Italic	OPEN_(STATE)_2695	4	ndim	LingPy prog	1.0000	1.0000	1.0000	1.0000	ok
NorthEuralex Italic	OPEN_2694	6	progressive	LingPy prog	0.4286	0.8095	0.8095	0.8095	ok
NorthEuralex Italic	OR_2697	4	ndim	LingPy prog	1.0000	1.0000	1.0000	1.0000	ok
NorthEuralex Italic	OTHER_2701	5	progressive	LingPy prog	1.0000	1.0000	1.0000	1.0000	ok
NorthEuralex Italic	OWN_2714	7	progressive	LingPy prog	1.0000	1.0000	1.0000	1.0000	ok
NorthEuralex Italic	PAINTING_2717	7	progressive	LingPy prog	1.0000	1.0000	1.0000	1.0000	ok
NorthEuralex Italic	PAINT_(PIGMENTS)_2717	4	ndim	LingPy prog	1.0000	1.0000	1.0000	1.0000	ok
NorthEuralex Italic	PAIN_2716	7	progressive	LingPy prog	0.6667	0.9048	0.9048	0.9048	ok
NorthEuralex Italic	PALM_OF_HAND_2721	6	progressive	LingPy prog	1.0000	1.0000	1.0000	1.0000	ok
NorthEuralex Italic	PARENTS_2724	5	progressive	LingPy prog	1.0000	1.0000	1.0000	1.0000	ok
NorthEuralex Italic	PART_2727	7	progressive	LingPy prog	1.0000	1.0000	1.0000	1.0000	ok
NorthEuralex Italic	PASS_2730	5	progressive	LingPy prog	1.0000	1.0000	1.0000	1.0000	ok
NorthEuralex Italic	PASTURE_2734	4	ndim	LingPy prog	1.0000	1.0000	1.0000	1.0000	ok
NorthEuralex Italic	PATH_2738	3	ndim	LingPy prog	1.0000	1.0000	1.0000	1.0000	ok
NorthEuralex Italic	PATH_2739	3	ndim	LingPy prog	1.0000	1.0000	1.0000	1.0000	ok
NorthEuralex Italic	PATH_OR_ROAD_4241	4	ndim	LingPy prog	1.0000	1.0000	1.0000	1.0000	ok
NorthEuralex Italic	PATTERN_2742	5	progressive	LingPy prog	1.0000	1.0000	1.0000	1.0000	ok
NorthEuralex Italic	PAW_2746	3	ndim	LingPy prog	1.0000	1.0000	1.0000	1.0000	ok
NorthEuralex Italic	PEOPLE_2544	5	progressive	LingPy prog	1.0000	1.0000	1.0000	1.0000	ok
NorthEuralex Italic	PERCH_(FISH)_2774	6	progressive	LingPy prog	0.7143	0.9048	0.9048	0.9048	ok
NorthEuralex Italic	PERSON_2009	3	ndim	LingPy prog	1.0000	1.0000	1.0000	1.0000	ok
NorthEuralex Italic	PERSON_2010	3	ndim	LingPy prog	1.0000	1.0000	1.0000	1.0000	ok
NorthEuralex Italic	PHYSICIAN_1134	5	progressive	LingPy prog	1.0000	1.0000	1.0000	1.0000	ok
NorthEuralex Italic	PICK_2778	6	progressive	LingPy prog	1.0000	1.0000	1.0000	1.0000	ok
NorthEuralex Italic	PICTURE_(PAINTING)_2788	3	ndim	LingPy prog	1.0000	1.0000	1.0000	1.0000	ok
NorthEuralex Italic	PICTURE_(PAINTING)_2789	3	ndim	LingPy prog	1.0000	1.0000	1.0000	1.0000	ok
NorthEuralex Italic	PICTURE_(PAINTING)_2790	3	ndim	LingPy prog	1.0000	1.0000	1.0000	1.0000	ok
NorthEuralex Italic	PIECE_2793	4	ndim	LingPy prog	1.0000	1.0000	1.0000	1.0000	ok
NorthEuralex Italic	PIG_2798	6	progressive	LingPy prog	1.0000	1.0000	1.0000	1.0000	ok
NorthEuralex Italic	PIKE_(FISH)_2803	4	ndim	LingPy prog	0.6000	0.8000	0.8000	0.8000	ok
NorthEuralex Italic	PINE_2813	7	progressive	LingPy prog	1.0000	1.0000	1.0000	1.0000	ok
NorthEuralex Italic	PIT_(POTHOLE)_2818	4	ndim	LingPy prog	1.0000	1.0000	1.0000	1.0000	ok
NorthEuralex Italic	PLACE_(POSITION)_2825	4	ndim	LingPy prog	1.0000	1.0000	1.0000	1.0000	ok
NorthEuralex Italic	PLAY_2835	4	ndim	LingPy prog	1.0000	1.0000	1.0000	1.0000	ok
NorthEuralex Italic	POINTED_2840	4	ndim	LingPy prog	0.5714	0.5952	0.5952	0.5952	ok
NorthEuralex Italic	POOR_2850	5	progressive	LingPy prog	1.0000	1.0000	1.0000	1.0000	ok
NorthEuralex Italic	POST_2846	6	progressive	LingPy prog	1.0000	1.0000	1.0000	1.0000	ok
NorthEuralex Italic	POST_2847	3	ndim	LingPy prog	1.0000	1.0000	1.0000	1.0000	ok
NorthEuralex Italic	POT_2854	3	ndim	LingPy prog	1.0000	1.0000	1.0000	1.0000	ok
NorthEuralex Italic	POUCH_2861	4	ndim	LingPy prog	1.0000	1.0000	1.0000	1.0000	ok
NorthEuralex Italic	POUCH_2862	3	ndim	LingPy prog	1.0000	1.0000	1.0000	1.0000	ok
NorthEuralex Italic	POUR_2866	3	ndim	LingPy prog	1.0000	1.0000	1.0000	1.0000	ok
NorthEuralex Italic	POWERFUL_2876	6	progressive	LingPy prog	1.0000	1.0000	1.0000	1.0000	ok
NorthEuralex Italic	POWERFUL_2877	3	ndim	LingPy prog	1.0000	1.0000	1.0000	1.0000	ok
NorthEuralex Italic	POWER_2871	5	progressive	LingPy prog	1.0000	1.0000	1.0000	1.0000	ok
NorthEuralex Italic	POWER_2872	4	ndim	LingPy prog	1.0000	1.0000	1.0000	1.0000	ok
NorthEuralex Italic	PRECIOUS_2887	7	progressive	LingPy prog	0.6000	0.7429	0.7429	0.7429	ok
NorthEuralex Italic	PREPARE_2888	6	progressive	LingPy prog	1.0000	1.0000	1.0000	1.0000	ok
NorthEuralex Italic	PRESERVE_2890	6	progressive	LingPy prog	1.0000	1.0000	1.0000	1.0000	ok
NorthEuralex Italic	PRESS_2893	3	ndim	LingPy prog	1.0000	1.0000	1.0000	1.0000	ok
NorthEuralex Italic	PRICE_2909	7	progressive	LingPy prog	1.0000	1.0000	1.0000	1.0000	ok
NorthEuralex Italic	PRODUCE_2910	5	progressive	LingPy prog	0.7778	0.8444	0.8444	0.8444	ok
NorthEuralex Italic	PRODUCE_2911	4	ndim	LingPy prog	1.0000	1.0000	1.0000	1.0000	ok
NorthEuralex Italic	PROMISE_2913	6	progressive	LingPy prog	1.0000	1.0000	1.0000	1.0000	ok
NorthEuralex Italic	PROTECT_2916	6	progressive	LingPy prog	1.0000	1.0000	1.0000	1.0000	ok
NorthEuralex Italic	PULL_2919	5	progressive	LingPy prog		0.0875	0.0700	0.0778	len_mismatch
NorthEuralex Italic	RAIN_(RAINING)_2943	4	ndim	LingPy prog	1.0000	1.0000	1.0000	1.0000	ok
NorthEuralex Italic	RAISE_(BRING_UP)_588	3	ndim	LingPy prog	0.6667	0.6667	0.6667	0.6667	ok
NorthEuralex Italic	RAW_2963	7	progressive	LingPy prog	1.0000	1.0000	1.0000	1.0000	ok
NorthEuralex Italic	READ_2964	5	progressive	LingPy prog	1.0000	1.0000	1.0000	1.0000	ok
NorthEuralex Italic	REASON_2967	6	progressive	LingPy prog	1.0000	1.0000	1.0000	1.0000	ok
NorthEuralex Italic	RECOGNIZE_(SOMEBODY)_2977	7	progressive	LingPy prog	0.6923	0.8022	0.8022	0.8022	ok
NorthEuralex Italic	RECOVER_2978	3	ndim	LingPy prog	1.0000	1.0000	1.0000	1.0000	ok
NorthEuralex Italic	RED_2984	4	ndim	LingPy prog	1.0000	1.0000	1.0000	1.0000	ok
NorthEuralex Italic	REMAIN_3603	3	ndim	LingPy prog	1.0000	1.0000	1.0000	1.0000	ok
NorthEuralex Italic	REPAIR_2998	7	progressive	LingPy prog	1.0000	1.0000	1.0000	1.0000	ok
NorthEuralex Italic	RESCUE_3005	7	progressive	LingPy prog	1.0000	1.0000	1.0000	1.0000	ok
NorthEuralex Italic	REST_2987	3	ndim	LingPy prog	1.0000	1.0000	1.0000	1.0000	ok
NorthEuralex Italic	RICH_3020	5	progressive	LingPy prog	1.0000	1.0000	1.0000	1.0000	ok
NorthEuralex Italic	RIGHT_3024	5	progressive	LingPy prog	1.0000	1.0000	1.0000	1.0000	ok
NorthEuralex Italic	RING_(MAKE_SOUND)_3028	3	ndim	LingPy prog	1.0000	1.0000	1.0000	1.0000	ok
NorthEuralex Italic	RING_3027	6	progressive	LingPy prog	1.0000	1.0000	1.0000	1.0000	ok
NorthEuralex Italic	RIPEN_3045	6	progressive	LingPy prog	0.8333	0.9444	0.9444	0.9444	ok
NorthEuralex Italic	RIPE_3042	5	progressive	LingPy prog	1.0000	1.0000	1.0000	1.0000	ok
NorthEuralex Italic	RIVER_3059	4	ndim	LingPy prog	1.0000	1.0000	1.0000	1.0000	ok
NorthEuralex Italic	ROAD_3064	3	ndim	LingPy prog	1.0000	1.0000	1.0000	1.0000	ok
NorthEuralex Italic	ROAD_3065	3	ndim	LingPy prog	1.0000	1.0000	1.0000	1.0000	ok
NorthEuralex Italic	ROOF_3083	3	ndim	LingPy prog	1.0000	1.0000	1.0000	1.0000	ok
NorthEuralex Italic	ROOF_3084	3	ndim	LingPy prog	1.0000	1.0000	1.0000	1.0000	ok
NorthEuralex Italic	ROOSTER_859	5	progressive	LingPy prog	1.0000	1.0000	1.0000	1.0000	ok
NorthEuralex Italic	ROT_1023	3	ndim	LingPy prog	1.0000	1.0000	1.0000	1.0000	ok
NorthEuralex Italic	ROUND_3099	5	progressive	LingPy prog	1.0000	1.0000	1.0000	1.0000	ok
NorthEuralex Italic	ROW_3103	6	progressive	LingPy prog	0.7500	0.8500	0.8500	0.8500	ok
NorthEuralex Italic	RUB_3110	4	ndim	LingPy prog	0.7778	0.8148	0.8148	0.8148	ok
NorthEuralex Italic	RULE_3114	4	ndim	LingPy prog	1.0000	1.0000	1.0000	1.0000	ok
NorthEuralex Italic	RUN_3119	6	progressive	LingPy prog	1.0000	1.0000	1.0000	1.0000	ok
NorthEuralex Italic	RUSTLE_(OF_LEAVES)_3129	3	ndim	LingPy prog	1.0000	1.0000	1.0000	1.0000	ok
NorthEuralex Italic	SACK_3135	7	progressive	LingPy prog	1.0000	1.0000	1.0000	1.0000	ok
NorthEuralex Italic	SAD_3136	6	progressive	LingPy prog	1.0000	1.0000	1.0000	1.0000	ok
NorthEuralex Italic	SALT_3139	7	progressive	LingPy prog	1.0000	1.0000	1.0000	1.0000	ok
NorthEuralex Italic	SAND_3140	5	progressive	LingPy prog	1.0000	1.0000	1.0000	1.0000	ok
NorthEuralex Italic	SATURDAY_44	3	ndim	LingPy prog	1.0000	1.0000	1.0000	1.0000	ok
NorthEuralex Italic	SAY_3144	6	progressive	LingPy prog	1.0000	1.0000	1.0000	1.0000	ok
NorthEuralex Italic	SCRAPE_3154	3	ndim	LingPy prog	0.7778	0.7778	0.7778	0.7778	ok
NorthEuralex Italic	SCRAPE_3155	3	ndim	LingPy prog	1.0000	1.0000	1.0000	1.0000	ok
NorthEuralex Italic	SEA_3157	7	progressive	LingPy prog	1.0000	1.0000	1.0000	1.0000	ok
NorthEuralex Italic	SECOND_3158	6	progressive	LingPy prog	1.0000	1.0000	1.0000	1.0000	ok
NorthEuralex Italic	SEEM_3168	5	progressive	LingPy prog	0.7500	0.9000	0.9000	0.9000	ok
NorthEuralex Italic	SEEM_3169	3	ndim	LingPy prog	1.0000	1.0000	1.0000	1.0000	ok
NorthEuralex Italic	SEE_3161	7	progressive	LingPy prog	1.0000	1.0000	1.0000	1.0000	ok
NorthEuralex Italic	SELL_3193	7	progressive	LingPy prog	1.0000	1.0000	1.0000	1.0000	ok
NorthEuralex Italic	SEND_3194	4	ndim	LingPy prog	1.0000	1.0000	1.0000	1.0000	ok
NorthEuralex Italic	SEPARATE_3198	4	ndim	LingPy prog	1.0000	1.0000	1.0000	1.0000	ok
NorthEuralex Italic	SEPTEMBER_49	7	progressive	LingPy prog	1.0000	1.0000	1.0000	1.0000	ok
NorthEuralex Italic	SET_(HEAVENLY_BODIES)_3204	3	ndim	LingPy prog	1.0000	1.0000	1.0000	1.0000	ok
NorthEuralex Italic	SEVENTY_3211	5	progressive	LingPy prog	1.0000	1.0000	1.0000	1.0000	ok
NorthEuralex Italic	SEVEN_3210	7	progressive	LingPy prog	1.0000	1.0000	1.0000	1.0000	ok
NorthEuralex Italic	SEVERE_2540	6	progressive	LingPy prog	1.0000	1.0000	1.0000	1.0000	ok
NorthEuralex Italic	SEW_3214	6	progressive	LingPy prog	1.0000	1.0000	1.0000	1.0000	ok
NorthEuralex Italic	SHADE_3217	7	progressive	LingPy prog	1.0000	1.0000	1.0000	1.0000	ok
NorthEuralex Italic	SHAKE_3218	4	ndim	LingPy prog	1.0000	1.0000	1.0000	1.0000	ok
NorthEuralex Italic	SHAKE_3219	4	ndim	LingPy prog	0.7143	0.8571	0.8571	0.8571	ok
NorthEuralex Italic	SHARPEN_(SOMETHING)_3230	4	ndim	LingPy prog	1.0000	1.0000	1.0000	1.0000	ok
NorthEuralex Italic	SHARP_3223	3	ndim	LingPy prog	1.0000	1.0000	1.0000	1.0000	ok
NorthEuralex Italic	SHEEP_3236	3	ndim	LingPy prog	1.0000	1.0000	1.0000	1.0000	ok
NorthEuralex Italic	SHINE_3249	4	ndim	LingPy prog	1.0000	1.0000	1.0000	1.0000	ok
NorthEuralex Italic	SHIRT_3254	5	progressive	LingPy prog	1.0000	1.0000	1.0000	1.0000	ok
NorthEuralex Italic	SHIVER_4064	6	progressive	LingPy prog	1.0000	1.0000	1.0000	1.0000	ok
NorthEuralex Italic	SHOE_3257	3	ndim	LingPy prog	1.0000	1.0000	1.0000	1.0000	ok
NorthEuralex Italic	SHOOT_3263	5	progressive	LingPy prog	0.1111	0.4778	0.4778	0.4778	ok
NorthEuralex Italic	SHORE_OF_LAKE_3273	4	ndim	LingPy prog	1.0000	1.0000	1.0000	1.0000	ok
NorthEuralex Italic	SHORT_3279	5	progressive	LingPy prog	1.0000	1.0000	1.0000	1.0000	ok
NorthEuralex Italic	SHOUT_3288	5	progressive	LingPy prog	0.7143	0.8000	0.8000	0.8000	ok
NorthEuralex Italic	SHOVEL_3295	5	progressive	LingPy prog	1.0000	1.0000	1.0000	1.0000	ok
NorthEuralex Italic	SHOW_3298	5	progressive	LingPy prog	1.0000	1.0000	1.0000	1.0000	ok
NorthEuralex Italic	SICK_3310	3	ndim	LingPy prog	1.0000	1.0000	1.0000	1.0000	ok
NorthEuralex Italic	SICK_3311	3	ndim	LingPy prog	1.0000	1.0000	1.0000	1.0000	ok
NorthEuralex Italic	SIDE_3315	4	ndim	LingPy prog	1.0000	1.0000	1.0000	1.0000	ok
NorthEuralex Italic	SIDE_3316	3	ndim	LingPy prog	1.0000	1.0000	1.0000	1.0000	ok
NorthEuralex Italic	SIGN_3320	4	ndim	LingPy prog	1.0000	1.0000	1.0000	1.0000	ok
NorthEuralex Italic	SIGN_3321	4	ndim	LingPy prog	1.0000	1.0000	1.0000	1.0000	ok
NorthEuralex Italic	SILENCE_667	5	progressive	LingPy prog	1.0000	1.0000	1.0000	1.0000	ok
NorthEuralex Italic	SILENCE_668	3	ndim	LingPy prog	1.0000	1.0000	1.0000	1.0000	ok
NorthEuralex Italic	SILVER_3324	3	ndim	LingPy prog	1.0000	1.0000	1.0000	1.0000	ok
NorthEuralex Italic	SILVER_3325	3	ndim	LingPy prog	1.0000	1.0000	1.0000	1.0000	ok
NorthEuralex Italic	SING_3331	6	progressive	LingPy prog	1.0000	1.0000	1.0000	1.0000	ok
NorthEuralex Italic	SINK_(DESCEND)_3333	3	ndim	LingPy prog	1.0000	1.0000	1.0000	1.0000	ok
NorthEuralex Italic	SIN_3327	6	progressive	LingPy prog	1.0000	1.0000	1.0000	1.0000	ok
NorthEuralex Italic	SISTER_3338	3	ndim	LingPy prog	0.6000	0.7333	0.7333	0.7333	ok
NorthEuralex Italic	SIT_3342	4	ndim	LingPy prog	1.0000	1.0000	1.0000	1.0000	ok
NorthEuralex Italic	SIT_DOWN_3346	3	ndim	LingPy prog	1.0000	1.0000	1.0000	1.0000	ok
NorthEuralex Italic	SIXTY_3355	6	progressive	LingPy prog	1.0000	1.0000	1.0000	1.0000	ok
NorthEuralex Italic	SIX_3352	5	progressive	LingPy prog	1.0000	1.0000	1.0000	1.0000	ok
NorthEuralex Italic	SKIN_(OF_FRUIT)_2763	3	ndim	LingPy prog	1.0000	1.0000	1.0000	1.0000	ok
NorthEuralex Italic	SKIN_3370	6	progressive	LingPy prog	1.0000	1.0000	1.0000	1.0000	ok
NorthEuralex Italic	SKI_3364	5	progressive	LingPy prog	1.0000	1.0000	1.0000	1.0000	ok
NorthEuralex Italic	SLAB_3378	4	ndim	LingPy prog	1.0000	1.0000	1.0000	1.0000	ok
NorthEuralex Italic	SLED_3388	4	ndim	LingPy prog	0.5714	0.6190	0.6190	0.6190	ok
NorthEuralex Italic	SLEEP_(STATE)_3384	6	progressive	LingPy prog	1.0000	1.0000	1.0000	1.0000	ok
NorthEuralex Italic	SLEEP_3383	7	progressive	LingPy prog	1.0000	1.0000	1.0000	1.0000	ok
NorthEuralex Italic	SLEEVE_3386	6	progressive	LingPy prog	1.0000	1.0000	1.0000	1.0000	ok
NorthEuralex Italic	SLOPE_3405	3	ndim	LingPy prog	1.0000	1.0000	1.0000	1.0000	ok
NorthEuralex Italic	SMOKE_(EMIT_SMOKE)_3416	6	progressive	LingPy prog		0.6571	0.5750	0.6133	len_mismatch
NorthEuralex Italic	SMOKE_(EXHAUST)_3416	6	progressive	LingPy prog		0.8400	0.7000	0.7636	len_mismatch
NorthEuralex Italic	SMOOTH_3420	6	progressive	LingPy prog	1.0000	1.0000	1.0000	1.0000	ok
NorthEuralex Italic	SNAKE_3423	7	progressive	LingPy prog	1.0000	1.0000	1.0000	1.0000	ok
NorthEuralex Italic	SNOW_3430	4	ndim	LingPy prog	1.0000	1.0000	1.0000	1.0000	ok
NorthEuralex Italic	SOFT_3439	4	ndim	LingPy prog	1.0000	1.0000	1.0000	1.0000	ok
NorthEuralex Italic	SOLID_1463	7	progressive	LingPy prog	1.0000	1.0000	1.0000	1.0000	ok
NorthEuralex Italic	SOLID_1464	4	ndim	LingPy prog	1.0000	1.0000	1.0000	1.0000	ok
NorthEuralex Italic	SOMETIMES_3443	3	ndim	LingPy prog	0.8000	0.8667	0.8667	0.8667	ok
NorthEuralex Italic	SONG_3454	3	ndim	LingPy prog	0.7500	0.8333	0.8333	0.8333	ok
NorthEuralex Italic	SON_3451	6	progressive	LingPy prog	1.0000	1.0000	1.0000	1.0000	ok
NorthEuralex Italic	SOUND_(OF_INSTRUMENT_OR_VOICE)_3477	6	progressive	LingPy prog	1.0000	1.0000	1.0000	1.0000	ok
NorthEuralex Italic	SOUND_OR_NOISE_3477	4	ndim	LingPy prog	1.0000	1.0000	1.0000	1.0000	ok
NorthEuralex Italic	SOUND_OR_NOISE_3478	3	ndim	LingPy prog	1.0000	1.0000	1.0000	1.0000	ok
NorthEuralex Italic	SOUP_3480	6	progressive	LingPy prog	1.0000	1.0000	1.0000	1.0000	ok
NorthEuralex Italic	SOUR_3486	4	ndim	LingPy prog	1.0000	1.0000	1.0000	1.0000	ok
NorthEuralex Italic	SOUTH_3499	5	progressive	LingPy prog	1.0000	1.0000	1.0000	1.0000	ok
NorthEuralex Italic	SPADE_3510	3	ndim	LingPy prog	1.0000	1.0000	1.0000	1.0000	ok
NorthEuralex Italic	SPARK_3516	5	progressive	LingPy prog	1.0000	1.0000	1.0000	1.0000	ok
NorthEuralex Italic	SPEAK_3528	3	ndim	LingPy prog	1.0000	1.0000	1.0000	1.0000	ok
NorthEuralex Italic	SPEECH_3532	6	progressive	LingPy prog	1.0000	1.0000	1.0000	1.0000	ok
NorthEuralex Italic	SPIDER_3536	6	progressive	LingPy prog	1.0000	1.0000	1.0000	1.0000	ok
NorthEuralex Italic	SPIRIT_3544	6	progressive	LingPy prog	1.0000	1.0000	1.0000	1.0000	ok
NorthEuralex Italic	SPIRIT_3545	5	progressive	LingPy prog	1.0000	1.0000	1.0000	1.0000	ok
NorthEuralex Italic	SPOIL_(BECOME_SPOILED)_3093	3	ndim	LingPy prog	1.0000	1.0000	1.0000	1.0000	ok
NorthEuralex Italic	SPOIL_(SOMEBODY_OR_SOMETHING)_3549	3	ndim	LingPy prog	1.0000	1.0000	1.0000	1.0000	ok
NorthEuralex Italic	SPOON_3555	4	ndim	LingPy prog	0.5000	0.6667	0.6667	0.6667	ok
NorthEuralex Italic	SPREAD_OUT_3559	3	ndim	LingPy prog	1.0000	1.0000	1.0000	1.0000	ok
NorthEuralex Italic	SPRINGTIME_3565	5	progressive	LingPy prog	1.0000	1.0000	1.0000	1.0000	ok
NorthEuralex Italic	STAR_3592	4	ndim	LingPy prog	1.0000	1.0000	1.0000	1.0000	ok
NorthEuralex Italic	STAR_3593	3	ndim	LingPy prog	1.0000	1.0000	1.0000	1.0000	ok
NorthEuralex Italic	STATE_(POLITICS)_3600	5	progressive	LingPy prog	1.0000	1.0000	1.0000	1.0000	ok
NorthEuralex Italic	STEAL_3609	4	ndim	LingPy prog	0.7143	0.8571	0.8571	0.8571	ok
NorthEuralex Italic	STEAL_3610	3	ndim	LingPy prog	0.6667	0.7778	0.7778	0.7778	ok
NorthEuralex Italic	STEP_(VERB)_3613	3	ndim	LingPy prog	0.7778	0.8519	0.8519	0.8519	ok
NorthEuralex Italic	STICK_3618	4	ndim	LingPy prog	1.0000	1.0000	1.0000	1.0000	ok
NorthEuralex Italic	STICK_3619	3	ndim	LingPy prog	1.0000	1.0000	1.0000	1.0000	ok
NorthEuralex Italic	STILL_(CONTINUING)_3629	3	ndim	LingPy prog	1.0000	1.0000	1.0000	1.0000	ok
NorthEuralex Italic	STINGY_3639	5	progressive	LingPy prog	0.7143	0.8000	0.8000	0.8000	ok
NorthEuralex Italic	STING_3635	6	progressive	LingPy prog	1.0000	1.0000	1.0000	1.0000	ok
NorthEuralex Italic	STIR_3643	3	ndim	LingPy prog	1.0000	1.0000	1.0000	1.0000	ok
NorthEuralex Italic	STOMACH_3647	7	progressive	LingPy prog	1.0000	1.0000	1.0000	1.0000	ok
NorthEuralex Italic	STONE_3648	6	progressive	LingPy prog	1.0000	1.0000	1.0000	1.0000	ok
NorthEuralex Italic	STORY_3659	6	progressive	LingPy prog		0.5400	0.4909	0.5143	len_mismatch
NorthEuralex Italic	STORY_3660	3	ndim	LingPy prog	1.0000	1.0000	1.0000	1.0000	ok
NorthEuralex Italic	STOVE_3664	4	ndim	LingPy prog	1.0000	1.0000	1.0000	1.0000	ok
NorthEuralex Italic	STRAP_3669	5	progressive	LingPy prog	1.0000	1.0000	1.0000	1.0000	ok
NorthEuralex Italic	STREAM_(FLOW_CONTINUOUSLY)_3673	3	ndim	LingPy prog		0.5714	0.6667	0.6154	len_mismatch
NorthEuralex Italic	STRENGTH_3677	3	ndim	LingPy prog	0.7778	0.8519	0.8519	0.8519	ok
NorthEuralex Italic	STRENGTH_3678	4	ndim	LingPy prog	1.0000	1.0000	1.0000	1.0000	ok
NorthEuralex Italic	STRIKE_(SOMEONE)_337	5	progressive	LingPy prog	1.0000	1.0000	1.0000	1.0000	ok
NorthEuralex Italic	STRIKE_(SOMETHING)_1942	4	ndim	LingPy prog	0.7143	0.8571	0.8571	0.8571	ok
NorthEuralex Italic	STRING_3681	5	progressive	LingPy prog	1.0000	1.0000	1.0000	1.0000	ok
NorthEuralex Italic	STROKE_(OF_PEN)_3686	5	progressive	LingPy prog	1.0000	1.0000	1.0000	1.0000	ok
NorthEuralex Italic	STRONG_3691	5	progressive	LingPy prog	1.0000	1.0000	1.0000	1.0000	ok
NorthEuralex Italic	STRONG_3692	3	ndim	LingPy prog	1.0000	1.0000	1.0000	1.0000	ok
NorthEuralex Italic	STUPID_3698	5	progressive	LingPy prog	1.0000	1.0000	1.0000	1.0000	ok
NorthEuralex Italic	SUMMIT_3729	4	ndim	LingPy prog	1.0000	1.0000	1.0000	1.0000	ok
NorthEuralex Italic	SUNDAY_50	5	progressive	LingPy prog	1.0000	1.0000	1.0000	1.0000	ok
NorthEuralex Italic	SUN_3735	5	progressive	LingPy prog	1.0000	1.0000	1.0000	1.0000	ok
NorthEuralex Italic	SUPPORT_(OF_OBJECT)_3738	4	ndim	LingPy prog	1.0000	1.0000	1.0000	1.0000	ok
NorthEuralex Italic	SWAMP_3752	3	ndim	LingPy prog	1.0000	1.0000	1.0000	1.0000	ok
NorthEuralex Italic	SWAN_3757	4	ndim	LingPy prog	1.0000	1.0000	1.0000	1.0000	ok
NorthEuralex Italic	SWAY_3770	6	progressive	LingPy prog	1.0000	1.0000	1.0000	1.0000	ok
NorthEuralex Italic	SWEEP_3773	3	ndim	LingPy prog	1.0000	1.0000	1.0000	1.0000	ok
NorthEuralex Italic	SWEET_3780	5	progressive	LingPy prog	1.0000	1.0000	1.0000	1.0000	ok
NorthEuralex Italic	SWIM_3783	6	progressive	LingPy prog	0.7143	0.8286	0.8286	0.8286	ok
NorthEuralex Italic	SWINDLE_738	3	ndim	LingPy prog	1.0000	1.0000	1.0000	1.0000	ok
NorthEuralex Italic	SWING_(MOVEMENT)_3785	5	progressive	LingPy prog	0.7143	0.8000	0.8000	0.8000	ok
NorthEuralex Italic	SWING_(MOVEMENT)_3787	4	ndim	LingPy prog	0.7500	0.7917	0.7917	0.7917	ok
NorthEuralex Italic	SWING_(SOMETHING)_3786	5	progressive	LingPy prog	1.0000	1.0000	1.0000	1.0000	ok
NorthEuralex Italic	TABLE_3791	4	ndim	LingPy prog	1.0000	1.0000	1.0000	1.0000	ok
NorthEuralex Italic	TABLE_3792	3	ndim	LingPy prog	1.0000	1.0000	1.0000	1.0000	ok
NorthEuralex Italic	TAIL_3793	4	ndim	LingPy prog	1.0000	1.0000	1.0000	1.0000	ok
NorthEuralex Italic	TAKE_3797	3	ndim	LingPy prog	1.0000	1.0000	1.0000	1.0000	ok
NorthEuralex Italic	TAKE_3798	3	ndim	LingPy prog	1.0000	1.0000	1.0000	1.0000	ok
NorthEuralex Italic	TALK_3814	3	ndim	LingPy prog	1.0000	1.0000	1.0000	1.0000	ok
NorthEuralex Italic	TASTE_(SOMETHING)_3822	3	ndim	LingPy prog	1.0000	1.0000	1.0000	1.0000	ok
NorthEuralex Italic	TASTE_(SOMETHING)_3823	3	ndim	LingPy prog	1.0000	1.0000	1.0000	1.0000	ok
NorthEuralex Italic	TASTE_1477	7	progressive	LingPy prog	1.0000	1.0000	1.0000	1.0000	ok
NorthEuralex Italic	TASTE_1478	4	ndim	LingPy prog	1.0000	1.0000	1.0000	1.0000	ok
NorthEuralex Italic	TASTY_1049	4	ndim	LingPy prog	0.8000	0.9000	0.9000	0.9000	ok
NorthEuralex Italic	TEACHER_3837	5	progressive	LingPy prog	1.0000	1.0000	1.0000	1.0000	ok
NorthEuralex Italic	TEACH_3831	4	ndim	LingPy prog	0.7500	0.8750	0.8750	0.8750	ok
NorthEuralex Italic	TEAR_(OF_EYE)_3842	6	progressive	LingPy prog	1.0000	1.0000	1.0000	1.0000	ok
NorthEuralex Italic	TEA_3827	4	ndim	LingPy prog	1.0000	1.0000	1.0000	1.0000	ok
NorthEuralex Italic	TELL_3859	5	progressive	LingPy prog	0.7778	0.9111	0.9111	0.9111	ok
NorthEuralex Italic	TENDON_3329	6	progressive	LingPy prog	1.0000	1.0000	1.0000	1.0000	ok
NorthEuralex Italic	TEN_3864	4	ndim	LingPy prog	1.0000	1.0000	1.0000	1.0000	ok
NorthEuralex Italic	THAT_3868	3	ndim	LingPy prog	1.0000	1.0000	1.0000	1.0000	ok
NorthEuralex Italic	THERE_3895	4	ndim	LingPy prog	1.0000	1.0000	1.0000	1.0000	ok
NorthEuralex Italic	THEY_3900	4	ndim	LingPy prog	1.0000	1.0000	1.0000	1.0000	ok
NorthEuralex Italic	THICK_3904	5	progressive	LingPy prog	1.0000	1.0000	1.0000	1.0000	ok
NorthEuralex Italic	THING_3919	4	ndim	LingPy prog	1.0000	1.0000	1.0000	1.0000	ok
NorthEuralex Italic	THINK_(REFLECT)_3924	5	progressive	LingPy prog	1.0000	1.0000	1.0000	1.0000	ok
NorthEuralex Italic	THIN_(SLIM)_3401	5	progressive	LingPy prog	1.0000	1.0000	1.0000	1.0000	ok
NorthEuralex Italic	THIRD_3927	5	progressive	LingPy prog	1.0000	1.0000	1.0000	1.0000	ok
NorthEuralex Italic	THIRTY_3930	6	progressive	LingPy prog	1.0000	1.0000	1.0000	1.0000	ok
NorthEuralex Italic	THIS_3932	3	ndim	LingPy prog	1.0000	1.0000	1.0000	1.0000	ok
NorthEuralex Italic	THOUGHT_3947	4	ndim	LingPy prog	0.6000	0.8000	0.8000	0.8000	ok
NorthEuralex Italic	THOUGHT_3948	3	ndim	LingPy prog	0.8182	0.8788	0.8788	0.8788	ok
NorthEuralex Italic	THOUSAND_76	6	progressive	LingPy prog	1.0000	1.0000	1.0000	1.0000	ok
NorthEuralex Italic	THOU_3945	7	progressive	LingPy prog	1.0000	1.0000	1.0000	1.0000	ok
NorthEuralex Italic	THREAD_3954	5	progressive	LingPy prog	1.0000	1.0000	1.0000	1.0000	ok
NorthEuralex Italic	THREE_3957	7	progressive	LingPy prog	1.0000	1.0000	1.0000	1.0000	ok
NorthEuralex Italic	THROUGH_3963	6	progressive	LingPy prog	1.0000	1.0000	1.0000	1.0000	ok
NorthEuralex Italic	THROW_3967	5	progressive	LingPy prog	1.0000	1.0000	1.0000	1.0000	ok
NorthEuralex Italic	THUNDER_(VERB)_3972	7	progressive	LingPy prog		0.6964	0.6190	0.6555	len_mismatch
NorthEuralex Italic	THUNDER_3972	4	ndim	LingPy prog	0.7778	0.8889	0.8889	0.8889	ok
NorthEuralex Italic	TIE_3975	5	progressive	LingPy prog	0.6667	0.7667	0.7667	0.7667	ok
NorthEuralex Italic	TIE_UP_(TETHER)_3980	4	ndim	LingPy prog	1.0000	1.0000	1.0000	1.0000	ok
NorthEuralex Italic	TIME_3983	5	progressive	LingPy prog	1.0000	1.0000	1.0000	1.0000	ok
NorthEuralex Italic	TINKLE_3987	3	ndim	LingPy prog	0.8000	0.8000	0.8000	0.8000	ok
NorthEuralex Italic	TIP_(OF_OBJECT)_3992	4	ndim	LingPy prog	1.0000	1.0000	1.0000	1.0000	ok
NorthEuralex Italic	TOE_4006	4	ndim	LingPy prog	1.0000	1.0000	1.0000	1.0000	ok
NorthEuralex Italic	TONE_(MUSIC)_4022	6	progressive	LingPy prog	1.0000	1.0000	1.0000	1.0000	ok
NorthEuralex Italic	TONGUE_4024	5	progressive	LingPy prog	1.0000	1.0000	1.0000	1.0000	ok
NorthEuralex Italic	TOOTH_4027	6	progressive	LingPy prog	1.0000	1.0000	1.0000	1.0000	ok
NorthEuralex Italic	TOUCH_4029	6	progressive	LingPy prog	1.0000	1.0000	1.0000	1.0000	ok
NorthEuralex Italic	TOWN_4040	3	ndim	LingPy prog	0.7143	0.8095	0.8095	0.8095	ok
NorthEuralex Italic	TRANSLATE_4052	6	progressive	LingPy prog	1.0000	1.0000	1.0000	1.0000	ok
NorthEuralex Italic	TREE_4061	6	progressive	LingPy prog	1.0000	1.0000	1.0000	1.0000	ok
NorthEuralex Italic	TREE_TRUNK_4074	6	progressive	LingPy prog	1.0000	1.0000	1.0000	1.0000	ok
NorthEuralex Italic	TROUSERS_4066	4	ndim	LingPy prog	1.0000	1.0000	1.0000	1.0000	ok
NorthEuralex Italic	TRUE_4069	3	ndim	LingPy prog	0.8000	0.8667	0.8667	0.8667	ok
NorthEuralex Italic	TRUE_4070	3	ndim	LingPy prog	1.0000	1.0000	1.0000	1.0000	ok
NorthEuralex Italic	TRUTH_4076	6	progressive	LingPy prog	1.0000	1.0000	1.0000	1.0000	ok
NorthEuralex Italic	TRY_4078	5	progressive	LingPy prog	1.0000	1.0000	1.0000	1.0000	ok
NorthEuralex Italic	TUBE_2814	6	progressive	LingPy prog	1.0000	1.0000	1.0000	1.0000	ok
NorthEuralex Italic	TUESDAY_60	4	ndim	LingPy prog	0.7143	0.8571	0.8571	0.8571	ok
NorthEuralex Italic	TUMBLE_(FALL_DOWN)_4082	3	ndim	LingPy prog	1.0000	1.0000	1.0000	1.0000	ok
NorthEuralex Italic	TURN_(SOMETHING)_4094	3	ndim	LingPy prog	1.0000	1.0000	1.0000	1.0000	ok
NorthEuralex Italic	TWELVE_4106	4	ndim	LingPy prog	1.0000	1.0000	1.0000	1.0000	ok
NorthEuralex Italic	TWENTY_4109	3	ndim	LingPy prog	1.0000	1.0000	1.0000	1.0000	ok
NorthEuralex Italic	TWENTY_4110	3	ndim	LingPy prog	0.5000	0.6667	0.6667	0.6667	ok
NorthEuralex Italic	TWIG_4112	6	progressive	LingPy prog	1.0000	1.0000	1.0000	1.0000	ok
NorthEuralex Italic	TWO_4115	7	progressive	LingPy prog		0.7500	0.6000	0.6667	len_mismatch
NorthEuralex Italic	UNDERSTAND_4128	6	progressive	LingPy prog	0.8000	0.8800	0.8800	0.8800	ok
NorthEuralex Italic	UNDERSTAND_4129	4	ndim	LingPy prog	1.0000	1.0000	1.0000	1.0000	ok
NorthEuralex Italic	URGE_(SOMEONE)_4143	3	ndim	LingPy prog	1.0000	1.0000	1.0000	1.0000	ok
NorthEuralex Italic	VEIN_4149	7	progressive	LingPy prog	1.0000	1.0000	1.0000	1.0000	ok
NorthEuralex Italic	VERY_4151	5	progressive	LingPy prog	1.0000	1.0000	1.0000	1.0000	ok
NorthEuralex Italic	VIOLENCE_4164	6	progressive	LingPy prog	1.0000	1.0000	1.0000	1.0000	ok
NorthEuralex Italic	VISIT_4166	7	progressive	LingPy prog	1.0000	1.0000	1.0000	1.0000	ok
NorthEuralex Italic	VOICE_4173	3	ndim	LingPy prog	1.0000	1.0000	1.0000	1.0000	ok
NorthEuralex Italic	WAIT_(FOR)_4178	4	ndim	LingPy prog	1.0000	1.0000	1.0000	1.0000	ok
NorthEuralex Italic	WAKE_UP_(SOMEONE)_4182	4	ndim	LingPy prog	1.0000	1.0000	1.0000	1.0000	ok
NorthEuralex Italic	WALK_(MANNER)_4194	4	ndim	LingPy prog	1.0000	1.0000	1.0000	1.0000	ok
NorthEuralex Italic	WALK_(TAKE_A_WALK)_3800	4	ndim	LingPy prog		0.3167	0.2879	0.3016	len_mismatch
NorthEuralex Italic	WALK_4195	3	ndim	LingPy prog	0.7500	0.8333	0.8333	0.8333	ok
NorthEuralex Italic	WANT_4205	4	ndim	LingPy prog	0.7143	0.7619	0.7619	0.7619	ok
NorthEuralex Italic	WARE_4211	3	ndim	LingPy prog	1.0000	1.0000	1.0000	1.0000	ok
NorthEuralex Italic	WARM_4216	5	progressive	LingPy prog	1.0000	1.0000	1.0000	1.0000	ok
NorthEuralex Italic	WAR_4208	5	progressive	LingPy prog	1.0000	1.0000	1.0000	1.0000	ok
NorthEuralex Italic	WASH_(ONESELF)_4221	5	progressive	LingPy prog	0.7778	0.9111	0.9111	0.9111	ok
NorthEuralex Italic	WASH_4221	5	progressive	LingPy prog	0.6667	0.8667	0.8667	0.8667	ok
NorthEuralex Italic	WATCH_4224	3	ndim	LingPy prog	1.0000	1.0000	1.0000	1.0000	ok
NorthEuralex Italic	WATER_4229	5	progressive	LingPy prog	1.0000	1.0000	1.0000	1.0000	ok
NorthEuralex Italic	WAVE_4236	5	progressive	LingPy prog	1.0000	1.0000	1.0000	1.0000	ok
NorthEuralex Italic	WEAK_4249	3	ndim	LingPy prog	1.0000	1.0000	1.0000	1.0000	ok
NorthEuralex Italic	WEALTH_4254	5	progressive	LingPy prog	1.0000	1.0000	1.0000	1.0000	ok
NorthEuralex Italic	WEATHER_4259	5	progressive	LingPy prog	1.0000	1.0000	1.0000	1.0000	ok
NorthEuralex Italic	WEDNESDAY_64	4	ndim	LingPy prog	1.0000	1.0000	1.0000	1.0000	ok
NorthEuralex Italic	WEEK_4264	7	progressive	LingPy prog	1.0000	1.0000	1.0000	1.0000	ok
NorthEuralex Italic	WEIGHT_4269	4	ndim	LingPy prog	1.0000	1.0000	1.0000	1.0000	ok
NorthEuralex Italic	WELL_4273	5	progressive	LingPy prog	1.0000	1.0000	1.0000	1.0000	ok
NorthEuralex Italic	WEST_4276	3	ndim	LingPy prog	1.0000	1.0000	1.0000	1.0000	ok
NorthEuralex Italic	WET_4284	3	ndim	LingPy prog	1.0000	1.0000	1.0000	1.0000	ok
NorthEuralex Italic	WE_4247	5	progressive	LingPy prog	1.0000	1.0000	1.0000	1.0000	ok
NorthEuralex Italic	WHAT_4289	5	progressive	LingPy prog	1.0000	1.0000	1.0000	1.0000	ok
NorthEuralex Italic	WHERE_4293	3	ndim	LingPy prog	1.0000	1.0000	1.0000	1.0000	ok
NorthEuralex Italic	WHITE_4313	5	progressive	LingPy prog	1.0000	1.0000	1.0000	1.0000	ok
NorthEuralex Italic	WHO_4316	4	ndim	LingPy prog	1.0000	1.0000	1.0000	1.0000	ok
NorthEuralex Italic	WHY_4320	3	ndim	LingPy prog	1.0000	1.0000	1.0000	1.0000	ok
NorthEuralex Italic	WIDE_4325	4	ndim	LingPy prog	1.0000	1.0000	1.0000	1.0000	ok
NorthEuralex Italic	WILLOW_4335	3	ndim	LingPy prog	1.0000	1.0000	1.0000	1.0000	ok
NorthEuralex Italic	WINDOW_4346	5	progressive	LingPy prog	1.0000	1.0000	1.0000	1.0000	ok
NorthEuralex Italic	WIND_4345	7	progressive	LingPy prog	1.0000	1.0000	1.0000	1.0000	ok
NorthEuralex Italic	WING_4349	4	ndim	LingPy prog	1.0000	1.0000	1.0000	1.0000	ok
NorthEuralex Italic	WINTER_4353	5	progressive	LingPy prog	1.0000	1.0000	1.0000	1.0000	ok
NorthEuralex Italic	WIN_4341	5	progressive	LingPy prog	1.0000	1.0000	1.0000	1.0000	ok
NorthEuralex Italic	WOLF_4369	7	progressive	LingPy prog	1.0000	1.0000	1.0000	1.0000	ok
NorthEuralex Italic	WOMAN_4370	3	ndim	LingPy prog	1.0000	1.0000	1.0000	1.0000	ok
NorthEuralex Italic	WOOL_4379	6	progressive	LingPy prog	1.0000	1.0000	1.0000	1.0000	ok
NorthEuralex Italic	WORKER_4390	3	ndim	LingPy prog	1.0000	1.0000	1.0000	1.0000	ok
NorthEuralex Italic	WORKER_4391	3	ndim	LingPy prog	1.0000	1.0000	1.0000	1.0000	ok
NorthEuralex Italic	WORKER_4392	3	ndim	LingPy prog	1.0000	1.0000	1.0000	1.0000	ok
NorthEuralex Italic	WORK_(ACTIVITY)_4387	4	ndim	LingPy prog	1.0000	1.0000	1.0000	1.0000	ok
NorthEuralex Italic	WORK_(LABOUR)_4387	4	ndim	LingPy prog		0.9286	0.8125	0.8667	len_mismatch
NorthEuralex Italic	WORK_(LABOUR)_4388	3	ndim	LingPy prog	0.6667	0.7778	0.7778	0.7778	ok
NorthEuralex Italic	WORLD_4395	6	progressive	LingPy prog	1.0000	1.0000	1.0000	1.0000	ok
NorthEuralex Italic	WORM_4397	4	ndim	LingPy prog	1.0000	1.0000	1.0000	1.0000	ok
NorthEuralex Italic	WOUND_4402	4	ndim	LingPy prog	1.0000	1.0000	1.0000	1.0000	ok
NorthEuralex Italic	WRAP_4409	3	ndim	LingPy prog	1.0000	1.0000	1.0000	1.0000	ok
NorthEuralex Italic	WRITE_4416	6	progressive	LingPy prog	1.0000	1.0000	1.0000	1.0000	ok
NorthEuralex Italic	YEAR_4418	5	progressive	LingPy prog	1.0000	1.0000	1.0000	1.0000	ok
NorthEuralex Italic	YOUNG_4436	3	ndim	LingPy prog	1.0000	1.0000	1.0000	1.0000	ok
NorthEuralex Italic	YOU_4433	3	ndim	LingPy prog	1.0000	1.0000	1.0000	1.0000	ok
NorthEuralex Italic	ACHE_87	5	progressive	malign auto (SCA)	0.5000	0.5875	0.5875	0.5875	ok
NorthEuralex Italic	AFFAIR_2374	4	ndim	malign auto (SCA)	0.0000	0.1667	0.1667	0.1667	ok
NorthEuralex Italic	AFTERWARDS_96	3	ndim	malign auto (SCA)		0.3810	0.3333	0.3556	len_mismatch
NorthEuralex Italic	AGAIN_104	3	ndim	malign auto (SCA)		0.1429	0.1250	0.1333	len_mismatch
NorthEuralex Italic	AGE_110	3	ndim	malign auto (SCA)	0.0000	0.0000	0.0000	0.0000	ok
NorthEuralex Italic	AIR_129	4	ndim	malign auto (SCA)	1.0000	1.0000	1.0000	1.0000	ok
NorthEuralex Italic	ALL_1325	6	progressive	malign auto (SCA)	1.0000	1.0000	1.0000	1.0000	ok
NorthEuralex Italic	ALREADY_135	4	ndim	malign auto (SCA)	1.0000	1.0000	1.0000	1.0000	ok
NorthEuralex Italic	ALWAYS_145	5	progressive	malign auto (SCA)	0.1250	0.6500	0.6500	0.6500	ok
NorthEuralex Italic	AMOUNT_149	6	progressive	malign auto (SCA)		0.6970	0.7667	0.7302	len_mismatch
NorthEuralex Italic	AND_151	3	ndim	malign auto (SCA)	1.0000	1.0000	1.0000	1.0000	ok
NorthEuralex Italic	ANIMAL_162	6	progressive	malign auto (SCA)	1.0000	1.0000	1.0000	1.0000	ok
NorthEuralex Italic	ANT_171	7	progressive	malign auto (SCA)		0.0060	0.0068	0.0063	len_mismatch
NorthEuralex Italic	APRIL_1	7	progressive	malign auto (SCA)		0.9184	0.8036	0.8571	len_mismatch
NorthEuralex Italic	AREA_178	5	progressive	malign auto (SCA)		0.6000	0.5143	0.5538	len_mismatch
NorthEuralex Italic	ARM_184	6	progressive	malign auto (SCA)	0.6667	0.6889	0.6889	0.6889	ok
NorthEuralex Italic	ARRIVE_186	3	ndim	malign auto (SCA)	0.1429	0.1429	0.1429	0.1429	ok
NorthEuralex Italic	ARROW_191	4	ndim	malign auto (SCA)	0.0000	0.5000	0.5000	0.5000	ok
NorthEuralex Italic	ASK_(INQUIRE)_201	3	ndim	malign auto (SCA)		0.0741	0.0667	0.0702	len_mismatch
NorthEuralex Italic	ASK_(REQUEST)_3000	3	ndim	malign auto (SCA)	0.1429	0.4286	0.4286	0.4286	ok
NorthEuralex Italic	ASSEMBLE_(GET_TOGETHER)_206	4	ndim	malign auto (SCA)	0.5556	0.6296	0.6296	0.6296	ok
NorthEuralex Italic	AT_FIRST_211	6	progressive	malign auto (SCA)		0.0733	0.0611	0.0667	len_mismatch
NorthEuralex Italic	AUGUST_2	5	progressive	malign auto (SCA)	0.6250	0.8500	0.8500	0.8500	ok
NorthEuralex Italic	AUNT_230	4	ndim	malign auto (SCA)	1.0000	1.0000	1.0000	1.0000	ok
NorthEuralex Italic	AUTUMN_234	5	progressive	malign auto (SCA)	0.7500	0.7750	0.7750	0.7750	ok
NorthEuralex Italic	A_LITTLE_71	3	ndim	malign auto (SCA)		0.0000	0.0000	0.0000	len_mismatch
NorthEuralex Italic	BAD_LUCK_2448	3	ndim	malign auto (SCA)		0.2593	0.2333	0.2456	len_mismatch
NorthEuralex Italic	BAG_273	4	ndim	malign auto (SCA)	0.4000	0.7000	0.7000	0.7000	ok
NorthEuralex Italic	BAKE_277	3	ndim	malign auto (SCA)	0.0714	0.1905	0.1905	0.1905	ok
NorthEuralex Italic	BAKE_278	3	ndim	malign auto (SCA)	0.0000	0.1905	0.1905	0.1905	ok
NorthEuralex Italic	BARKING_282	6	progressive	malign auto (SCA)	0.7143	0.8286	0.8286	0.8286	ok
NorthEuralex Italic	BARK_283	3	ndim	malign auto (SCA)	0.0000	0.0833	0.0833	0.0833	ok
NorthEuralex Italic	BARK_284	3	ndim	malign auto (SCA)		0.0476	0.0417	0.0444	len_mismatch
NorthEuralex Italic	BATHE_288	4	ndim	malign auto (SCA)	0.1429	0.5714	0.5714	0.5714	ok
NorthEuralex Italic	BAY_933	3	ndim	malign auto (SCA)	1.0000	1.0000	1.0000	1.0000	ok
NorthEuralex Italic	BAY_934	3	ndim	malign auto (SCA)	0.4000	0.4000	0.4000	0.4000	ok
NorthEuralex Italic	BEARD_336	7	progressive	malign auto (SCA)	1.0000	1.0000	1.0000	1.0000	ok
NorthEuralex Italic	BEAR_334	6	progressive	malign auto (SCA)		0.5667	0.6800	0.6182	len_mismatch
NorthEuralex Italic	BEAUTIFUL_342	3	ndim	malign auto (SCA)	1.0000	1.0000	1.0000	1.0000	ok
NorthEuralex Italic	BECAUSE_OF_348	4	ndim	malign auto (SCA)		0.3167	0.2879	0.3016	len_mismatch
NorthEuralex Italic	BED_362	4	ndim	malign auto (SCA)	0.0000	0.1111	0.1111	0.1111	ok
NorthEuralex Italic	BEFORE_365	3	ndim	malign auto (SCA)		0.6000	0.5000	0.5455	len_mismatch
NorthEuralex Italic	BEGIN_3595	4	ndim	malign auto (SCA)		0.0625	0.0556	0.0588	len_mismatch
NorthEuralex Italic	BELIEVE_383	7	progressive	malign auto (SCA)	0.5000	0.7976	0.7976	0.7976	ok
NorthEuralex Italic	BELLY_384	5	progressive	malign auto (SCA)	0.1250	0.3000	0.3000	0.3000	ok
NorthEuralex Italic	BELOW_OR_UNDER_4122	3	ndim	malign auto (SCA)	0.0000	0.3333	0.3333	0.3333	ok
NorthEuralex Italic	BELT_399	4	ndim	malign auto (SCA)	0.0000	0.0208	0.0208	0.0208	ok
NorthEuralex Italic	BENEFIT_411	6	progressive	malign auto (SCA)	1.0000	1.0000	1.0000	1.0000	ok
NorthEuralex Italic	BERRY_415	4	ndim	malign auto (SCA)	1.0000	1.0000	1.0000	1.0000	ok
NorthEuralex Italic	BETWEEN_419	6	progressive	malign auto (SCA)	0.0000	0.4000	0.4000	0.4000	ok
NorthEuralex Italic	BE_ABLE_680	3	ndim	malign auto (SCA)		0.2778	0.2381	0.2564	len_mismatch
NorthEuralex Italic	BE_ABLE_681	3	ndim	malign auto (SCA)	0.0000	0.0000	0.0000	0.0000	ok
NorthEuralex Italic	BE_ALIVE_2315	6	progressive	malign auto (SCA)	1.0000	1.0000	1.0000	1.0000	ok
NorthEuralex Italic	BE_ALIVE_2321	7	progressive	malign auto (SCA)	1.0000	1.0000	1.0000	1.0000	ok
NorthEuralex Italic	BE_BORN_313	4	ndim	malign auto (SCA)		0.1389	0.1190	0.1282	len_mismatch
NorthEuralex Italic	BE_HUNGRY_2018	4	ndim	malign auto (SCA)	0.0000	0.2619	0.2619	0.2619	ok
NorthEuralex Italic	BIG_421	4	ndim	malign auto (SCA)	0.0000	0.2778	0.2778	0.2778	ok
NorthEuralex Italic	BIRCH_425	4	ndim	malign auto (SCA)	0.0000	0.5000	0.5000	0.5000	ok
NorthEuralex Italic	BIRD_429	3	ndim	malign auto (SCA)	1.0000	1.0000	1.0000	1.0000	ok
NorthEuralex Italic	BITE_436	5	progressive	malign auto (SCA)		0.5625	0.6429	0.6000	len_mismatch
NorthEuralex Italic	BITTER_438	7	progressive	malign auto (SCA)	0.5714	0.6871	0.6871	0.6871	ok
NorthEuralex Italic	BLACK_440	4	ndim	malign auto (SCA)	0.4000	0.7000	0.7000	0.7000	ok
NorthEuralex Italic	BLIND_450	4	ndim	malign auto (SCA)	0.0000	0.3333	0.3333	0.3333	ok
NorthEuralex Italic	BLOOD_454	4	ndim	malign auto (SCA)		0.3611	0.2708	0.3095	len_mismatch
NorthEuralex Italic	BLOW_(OF_WIND)_458	4	ndim	malign auto (SCA)		0.0476	0.0417	0.0444	len_mismatch
NorthEuralex Italic	BLOW_(WITH_MOUTH)_458	5	progressive	malign auto (SCA)		0.5286	0.4625	0.4933	len_mismatch
NorthEuralex Italic	BLUE_462	3	ndim	malign auto (SCA)	0.0000	0.0000	0.0000	0.0000	ok
NorthEuralex Italic	BLUNT_467	3	ndim	malign auto (SCA)		0.0476	0.0417	0.0444	len_mismatch
NorthEuralex Italic	BOARD_474	5	progressive	malign auto (SCA)	1.0000	1.0000	1.0000	1.0000	ok
NorthEuralex Italic	BOAST_544	3	ndim	malign auto (SCA)	0.6250	0.7500	0.7500	0.7500	ok
NorthEuralex Italic	BOAT_479	5	progressive	malign auto (SCA)	1.0000	1.0000	1.0000	1.0000	ok
NorthEuralex Italic	BOAT_480	4	ndim	malign auto (SCA)	0.0000	0.0833	0.0833	0.0833	ok
NorthEuralex Italic	BODY_484	6	progressive	malign auto (SCA)	0.5714	0.8571	0.8571	0.8571	ok
NorthEuralex Italic	BOIL_(OF_LIQUID)_487	3	ndim	malign auto (SCA)	0.0000	0.0476	0.0476	0.0476	ok
NorthEuralex Italic	BOIL_(SOMETHING)_486	5	progressive	malign auto (SCA)	0.1429	0.6143	0.6143	0.6143	ok
NorthEuralex Italic	BONE_494	7	progressive	malign auto (SCA)	1.0000	1.0000	1.0000	1.0000	ok
NorthEuralex Italic	BOOK_495	6	progressive	malign auto (SCA)	1.0000	1.0000	1.0000	1.0000	ok
NorthEuralex Italic	BOOT_497	4	ndim	malign auto (SCA)	0.0000	0.5000	0.5000	0.5000	ok
NorthEuralex Italic	BORDER_502	6	progressive	malign auto (SCA)		0.4364	0.4800	0.4571	len_mismatch
NorthEuralex Italic	BOSS_512	3	ndim	malign auto (SCA)	0.0000	0.0476	0.0476	0.0476	ok
NorthEuralex Italic	BOSS_513	3	ndim	malign auto (SCA)	0.0000	0.3333	0.3333	0.3333	ok
NorthEuralex Italic	BOTHER_(HARASS)_517	6	progressive	malign auto (SCA)		0.2667	0.2909	0.2783	len_mismatch
NorthEuralex Italic	BOTHER_(HARASS)_518	3	ndim	malign auto (SCA)	0.0000	0.0370	0.0370	0.0370	ok
NorthEuralex Italic	BOW_521	7	progressive	malign auto (SCA)	1.0000	1.0000	1.0000	1.0000	ok
NorthEuralex Italic	BOX_530	5	progressive	malign auto (SCA)	1.0000	1.0000	1.0000	1.0000	ok
NorthEuralex Italic	BRAIN_551	3	ndim	malign auto (SCA)	1.0000	1.0000	1.0000	1.0000	ok
NorthEuralex Italic	BRAIN_552	3	ndim	malign auto (SCA)	0.0000	0.0000	0.0000	0.0000	ok
NorthEuralex Italic	BRANCH_2304	4	ndim	malign auto (SCA)	0.0000	0.0000	0.0000	0.0000	ok
NorthEuralex Italic	BRANCH_2305	3	ndim	malign auto (SCA)	0.0000	0.1429	0.1429	0.1429	ok
NorthEuralex Italic	BRAWL_(FIGHT)_555	3	ndim	malign auto (SCA)	1.0000	1.0000	1.0000	1.0000	ok
NorthEuralex Italic	BREAD_561	7	progressive	malign auto (SCA)	0.6667	0.9048	0.9048	0.9048	ok
NorthEuralex Italic	BREAK_(CLEAVE)_562	5	progressive	malign auto (SCA)	0.5714	0.8286	0.8286	0.8286	ok
NorthEuralex Italic	BREAK_(DESTROY_OR_GET_DESTROYED)_562	6	progressive	malign auto (SCA)	0.2857	0.6095	0.6095	0.6095	ok
NorthEuralex Italic	BREAK_(OF_ROPE)_3424	4	ndim	malign auto (SCA)		0.2037	0.1833	0.1930	len_mismatch
NorthEuralex Italic	BREAST_507	3	ndim	malign auto (SCA)	0.0000	0.0000	0.0000	0.0000	ok
NorthEuralex Italic	BREATHE_581	7	progressive	malign auto (SCA)	0.7778	0.8413	0.8413	0.8413	ok
NorthEuralex Italic	BRIDGE_582	7	progressive	malign auto (SCA)	0.6667	0.7619	0.7619	0.7619	ok
NorthEuralex Italic	BRIGHT_583	7	progressive	malign auto (SCA)	0.3333	0.8095	0.8095	0.8095	ok
NorthEuralex Italic	BRING_585	4	ndim	malign auto (SCA)	0.1250	0.3125	0.3125	0.3125	ok
NorthEuralex Italic	BROOM_600	4	ndim	malign auto (SCA)		0.0833	0.0741	0.0784	len_mismatch
NorthEuralex Italic	BROTHER_604	4	ndim	malign auto (SCA)	0.0000	0.0000	0.0000	0.0000	ok
NorthEuralex Italic	BROTHER_605	3	ndim	malign auto (SCA)		0.0000	0.0000	0.0000	len_mismatch
NorthEuralex Italic	BUILD_618	7	progressive	malign auto (SCA)	0.1818	0.4242	0.4242	0.4242	ok
NorthEuralex Italic	BULL_622	5	progressive	malign auto (SCA)	1.0000	1.0000	1.0000	1.0000	ok
NorthEuralex Italic	BUNDLE_625	3	ndim	malign auto (SCA)	0.0000	0.3333	0.3333	0.3333	ok
NorthEuralex Italic	BURNING_632	5	progressive	malign auto (SCA)	0.6667	0.8667	0.8667	0.8667	ok
NorthEuralex Italic	BURN_(SOMETHING)_633	4	ndim	malign auto (SCA)		0.1190	0.1042	0.1111	len_mismatch
NorthEuralex Italic	BUSINESS_638	5	progressive	malign auto (SCA)		0.7571	0.6625	0.7067	len_mismatch
NorthEuralex Italic	BUSINESS_639	3	ndim	malign auto (SCA)	0.0000	0.1905	0.1905	0.1905	ok
NorthEuralex Italic	BUTTER_642	3	ndim	malign auto (SCA)		0.0000	0.0000	0.0000	len_mismatch
NorthEuralex Italic	BUTTER_643	3	ndim	malign auto (SCA)	0.0000	0.1667	0.1667	0.1667	ok
NorthEuralex Italic	BUTTON_652	6	progressive	malign auto (SCA)	1.0000	1.0000	1.0000	1.0000	ok
NorthEuralex Italic	BUY_654	5	progressive	malign auto (SCA)		0.2667	0.3000	0.2824	len_mismatch
NorthEuralex Italic	CALCULATE_658	7	progressive	malign auto (SCA)	1.0000	1.0000	1.0000	1.0000	ok
NorthEuralex Italic	CALL_(APPEAL)_661	3	ndim	malign auto (SCA)	0.0000	0.2381	0.2381	0.2381	ok
NorthEuralex Italic	CALL_(APPEAL)_663	3	ndim	malign auto (SCA)	0.0000	0.3333	0.3333	0.3333	ok
NorthEuralex Italic	CALL_BY_NAME_2527	6	progressive	malign auto (SCA)	0.4444	0.6074	0.6074	0.6074	ok
NorthEuralex Italic	CARRY_690	4	ndim	malign auto (SCA)	0.1429	0.2857	0.2857	0.2857	ok
NorthEuralex Italic	CAT_696	4	ndim	malign auto (SCA)	0.0000	0.5000	0.5000	0.5000	ok
NorthEuralex Italic	CAUSE_TO_(LET)_2256	5	progressive	malign auto (SCA)	1.0000	1.0000	1.0000	1.0000	ok
NorthEuralex Italic	CAVE_707	5	progressive	malign auto (SCA)	1.0000	1.0000	1.0000	1.0000	ok
NorthEuralex Italic	CEASE_1302	3	ndim	malign auto (SCA)	0.1250	0.1667	0.1667	0.1667	ok
NorthEuralex Italic	CHANGE_(BECOME_DIFFERENT)_718	3	ndim	malign auto (SCA)	0.0000	0.3333	0.3333	0.3333	ok
NorthEuralex Italic	CHANGE_(BECOME_DIFFERENT)_719	3	ndim	malign auto (SCA)		0.0952	0.0833	0.0889	len_mismatch
NorthEuralex Italic	CHANGE_139	4	ndim	malign auto (SCA)	0.0000	0.1667	0.1667	0.1667	ok
NorthEuralex Italic	CHANGE_140	3	ndim	malign auto (SCA)	0.0000	0.0000	0.0000	0.0000	ok
NorthEuralex Italic	CHARACTER_724	7	progressive	malign auto (SCA)	1.0000	1.0000	1.0000	1.0000	ok
NorthEuralex Italic	CHARACTER_725	3	ndim	malign auto (SCA)	1.0000	1.0000	1.0000	1.0000	ok
NorthEuralex Italic	CHAT_(WITH_SOMEBODY)_726	5	progressive	malign auto (SCA)		0.2727	0.3000	0.2857	len_mismatch
NorthEuralex Italic	CHEAP_733	3	ndim	malign auto (SCA)	0.0000	0.3333	0.3333	0.3333	ok
NorthEuralex Italic	CHEST_569	5	progressive	malign auto (SCA)	0.6667	0.8667	0.8667	0.8667	ok
NorthEuralex Italic	CHICKEN_753	5	progressive	malign auto (SCA)	1.0000	1.0000	1.0000	1.0000	ok
NorthEuralex Italic	CHIME_(ACTION)_766	6	progressive	malign auto (SCA)	0.4286	0.5429	0.5429	0.5429	ok
NorthEuralex Italic	CHIN_769	4	ndim	malign auto (SCA)	0.4000	0.7000	0.7000	0.7000	ok
NorthEuralex Italic	CHOOSE_773	3	ndim	malign auto (SCA)	0.0000	0.3333	0.3333	0.3333	ok
NorthEuralex Italic	CHOP_(INTO_PIECES)_780	3	ndim	malign auto (SCA)	0.1429	0.1905	0.1905	0.1905	ok
NorthEuralex Italic	CHURCH_788	5	progressive	malign auto (SCA)	0.7500	0.8250	0.8250	0.8250	ok
NorthEuralex Italic	CIRCLE_791	5	progressive	malign auto (SCA)	1.0000	1.0000	1.0000	1.0000	ok
NorthEuralex Italic	CLAY_801	3	ndim	malign auto (SCA)	1.0000	1.0000	1.0000	1.0000	ok
NorthEuralex Italic	CLEAN_(SOMETHING)_807	3	ndim	malign auto (SCA)		0.0000	0.0000	0.0000	len_mismatch
NorthEuralex Italic	CLEAN_(SOMETHING)_810	3	ndim	malign auto (SCA)	0.4286	0.4286	0.4286	0.4286	ok
NorthEuralex Italic	CLEAN_809	3	ndim	malign auto (SCA)	0.0000	0.0000	0.0000	0.0000	ok
NorthEuralex Italic	CLEVER_814	5	progressive	malign auto (SCA)		0.5250	0.5727	0.5478	len_mismatch
NorthEuralex Italic	CLOTHES_845	3	ndim	malign auto (SCA)		0.2593	0.2333	0.2456	len_mismatch
NorthEuralex Italic	CLOTHES_846	3	ndim	malign auto (SCA)	1.0000	1.0000	1.0000	1.0000	ok
NorthEuralex Italic	CLOTH_839	4	ndim	malign auto (SCA)		0.3333	0.2857	0.3077	len_mismatch
NorthEuralex Italic	CLOUD_853	5	progressive	malign auto (SCA)	1.0000	1.0000	1.0000	1.0000	ok
NorthEuralex Italic	COAL_856	7	progressive	malign auto (SCA)	1.0000	1.0000	1.0000	1.0000	ok
NorthEuralex Italic	COAST_857	6	progressive	malign auto (SCA)	1.0000	1.0000	1.0000	1.0000	ok
NorthEuralex Italic	COLD_(CHILL)_765	7	progressive	malign auto (SCA)	0.3333	0.4286	0.4286	0.4286	ok
NorthEuralex Italic	COLD_(OF_WEATHER)_907	5	progressive	malign auto (SCA)	1.0000	1.0000	1.0000	1.0000	ok
NorthEuralex Italic	COLD_862	6	progressive	malign auto (SCA)		0.4148	0.4667	0.4392	len_mismatch
NorthEuralex Italic	COLLAR_864	6	progressive	malign auto (SCA)	0.6667	0.8889	0.8889	0.8889	ok
NorthEuralex Italic	COLORFUL_867	3	ndim	malign auto (SCA)	0.0000	0.3333	0.3333	0.3333	ok
NorthEuralex Italic	COMB_(VERB)_871	6	progressive	malign auto (SCA)	0.4000	0.6067	0.6067	0.6067	ok
NorthEuralex Italic	COMB_871	4	ndim	malign auto (SCA)	0.1250	0.3958	0.3958	0.3958	ok
NorthEuralex Italic	COME_874	7	progressive	malign auto (SCA)	1.0000	1.0000	1.0000	1.0000	ok
NorthEuralex Italic	COMPANIONSHIP_885	5	progressive	malign auto (SCA)	0.3750	0.7500	0.7500	0.7500	ok
NorthEuralex Italic	CONNECT_894	4	ndim	malign auto (SCA)	0.0000	0.0333	0.0333	0.0333	ok
NorthEuralex Italic	CONVERSATION_3813	6	progressive	malign auto (SCA)		0.2444	0.2821	0.2619	len_mismatch
NorthEuralex Italic	CONVEY_(A_MESSAGE)_902	7	progressive	malign auto (SCA)	0.8000	0.8571	0.8571	0.8571	ok
NorthEuralex Italic	COOK_(SOMETHING)_905	6	progressive	malign auto (SCA)	1.0000	1.0000	1.0000	1.0000	ok
NorthEuralex Italic	CORRECT_(RIGHT)_921	5	progressive	malign auto (SCA)	1.0000	1.0000	1.0000	1.0000	ok
NorthEuralex Italic	CORRECT_(RIGHT)_922	5	progressive	malign auto (SCA)	1.0000	1.0000	1.0000	1.0000	ok
NorthEuralex Italic	COUGH_925	7	progressive	malign auto (SCA)	1.0000	1.0000	1.0000	1.0000	ok
NorthEuralex Italic	COUNTRY_931	5	progressive	malign auto (SCA)	0.4000	0.7600	0.7600	0.7600	ok
NorthEuralex Italic	COUNT_(QUANTITY)_926	4	ndim	malign auto (SCA)	0.0000	0.0000	0.0000	0.0000	ok
NorthEuralex Italic	COUNT_(QUANTITY)_927	5	progressive	malign auto (SCA)		0.8727	0.9600	0.9143	len_mismatch
NorthEuralex Italic	COUNT_928	4	ndim	malign auto (SCA)	0.0000	0.0476	0.0476	0.0476	ok
NorthEuralex Italic	COVER_938	6	progressive	malign auto (SCA)	0.1000	0.3667	0.3667	0.3667	ok
NorthEuralex Italic	COW_946	7	progressive	malign auto (SCA)	1.0000	1.0000	1.0000	1.0000	ok
NorthEuralex Italic	CRADLE_947	3	ndim	malign auto (SCA)	0.0000	0.0000	0.0000	0.0000	ok
NorthEuralex Italic	CRANE_951	4	ndim	malign auto (SCA)	0.0000	0.0000	0.0000	0.0000	ok
NorthEuralex Italic	CREEP_955	5	progressive	malign auto (SCA)	0.0909	0.2000	0.2000	0.2000	ok
NorthEuralex Italic	CROSS_960	7	progressive	malign auto (SCA)	0.5000	0.5238	0.5238	0.5238	ok
NorthEuralex Italic	CROW_961	5	progressive	malign auto (SCA)		0.6667	0.7500	0.7059	len_mismatch
NorthEuralex Italic	CRY_4265	3	ndim	malign auto (SCA)	1.0000	1.0000	1.0000	1.0000	ok
NorthEuralex Italic	CUCKOO_964	7	progressive	malign auto (SCA)	0.7143	0.9184	0.9184	0.9184	ok
NorthEuralex Italic	CUP_965	4	ndim	malign auto (SCA)	0.0000	0.1333	0.1333	0.1333	ok
NorthEuralex Italic	CURRENT_(STREAM)_969	6	progressive	malign auto (SCA)		0.4000	0.4500	0.4235	len_mismatch
NorthEuralex Italic	CUT_971	3	ndim	malign auto (SCA)	0.1667	0.1667	0.1667	0.1667	ok
NorthEuralex Italic	DAMAGE_(INJURY)_981	6	progressive	malign auto (SCA)	1.0000	1.0000	1.0000	1.0000	ok
NorthEuralex Italic	DAMP_993	7	progressive	malign auto (SCA)	1.0000	1.0000	1.0000	1.0000	ok
NorthEuralex Italic	DANCE_995	3	ndim	malign auto (SCA)		0.1111	0.0952	0.1026	len_mismatch
NorthEuralex Italic	DARK_999	4	ndim	malign auto (SCA)	0.1250	0.1250	0.1250	0.1250	ok
NorthEuralex Italic	DASH_(OF_VEHICLE)_1005	5	progressive	malign auto (SCA)	0.6667	0.8667	0.8667	0.8667	ok
NorthEuralex Italic	DAUGHTER_1009	5	progressive	malign auto (SCA)	1.0000	1.0000	1.0000	1.0000	ok
NorthEuralex Italic	DAY_(NOT_NIGHT)_1012	4	ndim	malign auto (SCA)	0.0000	0.0000	0.0000	0.0000	ok
NorthEuralex Italic	DEAF_1015	7	progressive	malign auto (SCA)	1.0000	1.0000	1.0000	1.0000	ok
NorthEuralex Italic	DEAR_1016	4	ndim	malign auto (SCA)	0.0000	0.2222	0.2222	0.2222	ok
NorthEuralex Italic	DEATH_1022	7	progressive	malign auto (SCA)		0.2698	0.2313	0.2491	len_mismatch
NorthEuralex Italic	DECEIVE_1028	4	ndim	malign auto (SCA)	0.0000	0.0208	0.0208	0.0208	ok
NorthEuralex Italic	DECEMBER_5	7	progressive	malign auto (SCA)		0.3571	0.3896	0.3727	len_mismatch
NorthEuralex Italic	DECORATE_1034	6	progressive	malign auto (SCA)	0.0000	0.0500	0.0500	0.0500	ok
NorthEuralex Italic	DECORATE_1035	3	ndim	malign auto (SCA)	0.1250	0.4167	0.4167	0.4167	ok
NorthEuralex Italic	DECREASE_1037	5	progressive	malign auto (SCA)	0.2000	0.4800	0.4800	0.4800	ok
NorthEuralex Italic	DECREASE_1038	4	ndim	malign auto (SCA)		0.1296	0.1167	0.1228	len_mismatch
NorthEuralex Italic	DEFEND_1040	6	progressive	malign auto (SCA)	0.4444	0.7556	0.7556	0.7556	ok
NorthEuralex Italic	DENSE_1056	7	progressive	malign auto (SCA)	0.3333	0.4762	0.4762	0.4762	ok
NorthEuralex Italic	DESTROY_1069	6	progressive	malign auto (SCA)		0.4667	0.5091	0.4870	len_mismatch
NorthEuralex Italic	DEXTEROUS_3367	5	progressive	malign auto (SCA)	1.0000	1.0000	1.0000	1.0000	ok
NorthEuralex Italic	DIE_(FROM_ACCIDENT)_2776	6	progressive	malign auto (SCA)	0.7500	0.7667	0.7667	0.7667	ok
NorthEuralex Italic	DIE_1071	7	progressive	malign auto (SCA)	1.0000	1.0000	1.0000	1.0000	ok
NorthEuralex Italic	DIFFERENT_1072	6	progressive	malign auto (SCA)		0.7630	0.6867	0.7228	len_mismatch
NorthEuralex Italic	DIG_1076	4	ndim	malign auto (SCA)	0.1429	0.1429	0.1429	0.1429	ok
NorthEuralex Italic	DILIGENT_1080	4	ndim	malign auto (SCA)	0.0000	0.2778	0.2778	0.2778	ok
NorthEuralex Italic	DILIGENT_1081	3	ndim	malign auto (SCA)	0.1250	0.4167	0.4167	0.4167	ok
NorthEuralex Italic	DIRTY_1094	3	ndim	malign auto (SCA)	0.1667	0.2222	0.2222	0.2222	ok
NorthEuralex Italic	DISAPPEAR_1101	5	progressive	malign auto (SCA)	0.3333	0.5833	0.5833	0.5833	ok
NorthEuralex Italic	DISEASE_2041	4	ndim	malign auto (SCA)		0.1042	0.0926	0.0980	len_mismatch
NorthEuralex Italic	DISH_1108	4	ndim	malign auto (SCA)	0.0000	0.0000	0.0000	0.0000	ok
NorthEuralex Italic	DISTANCE_1113	6	progressive	malign auto (SCA)	0.5556	0.7926	0.7926	0.7926	ok
NorthEuralex Italic	DIVE_1122	3	ndim	malign auto (SCA)	0.7273	0.7576	0.7576	0.7576	ok
NorthEuralex Italic	DIVIDE_1129	6	progressive	malign auto (SCA)	1.0000	1.0000	1.0000	1.0000	ok
NorthEuralex Italic	DIVIDE_1130	3	ndim	malign auto (SCA)	0.0000	0.0000	0.0000	0.0000	ok
NorthEuralex Italic	DOG_1138	3	ndim	malign auto (SCA)		0.2667	0.2222	0.2424	len_mismatch
NorthEuralex Italic	DONATE_1658	3	ndim	malign auto (SCA)	0.0000	0.0833	0.0833	0.0833	ok
NorthEuralex Italic	DOOR_1149	5	progressive	malign auto (SCA)	1.0000	1.0000	1.0000	1.0000	ok
NorthEuralex Italic	DO_1132	6	progressive	malign auto (SCA)	0.0000	0.4444	0.4444	0.4444	ok
NorthEuralex Italic	DRAW_MILK_2427	3	ndim	malign auto (SCA)	0.1429	0.4286	0.4286	0.4286	ok
NorthEuralex Italic	DREAM_1170	5	progressive	malign auto (SCA)	1.0000	1.0000	1.0000	1.0000	ok
NorthEuralex Italic	DRESS_UP_1629	5	progressive	malign auto (SCA)	1.0000	1.0000	1.0000	1.0000	ok
NorthEuralex Italic	DRINK_1173	5	progressive	malign auto (SCA)	1.0000	1.0000	1.0000	1.0000	ok
NorthEuralex Italic	DROP_(OF_A_LIQUID)_1189	6	progressive	malign auto (SCA)		0.2444	0.2933	0.2667	len_mismatch
NorthEuralex Italic	DROP_(SOMETHING)_1190	3	ndim	malign auto (SCA)	0.0000	0.0833	0.0833	0.0833	ok
NorthEuralex Italic	DRY_1207	6	progressive	malign auto (SCA)	1.0000	1.0000	1.0000	1.0000	ok
NorthEuralex Italic	DRY_UP_1208	4	ndim	malign auto (SCA)	0.1250	0.5625	0.5625	0.5625	ok
NorthEuralex Italic	DWELL_(LIVE,_RESIDE)_1226	5	progressive	malign auto (SCA)	0.0000	0.2500	0.2500	0.2500	ok
NorthEuralex Italic	DYE_1233	6	progressive	malign auto (SCA)	0.7143	0.9048	0.9048	0.9048	ok
NorthEuralex Italic	DYE_1234	3	ndim	malign auto (SCA)	0.0000	0.1250	0.1250	0.1250	ok
NorthEuralex Italic	EAGLE_1236	4	ndim	malign auto (SCA)	0.5000	0.5000	0.5000	0.5000	ok
NorthEuralex Italic	EARTH_(SOIL)_1242	6	progressive	malign auto (SCA)	1.0000	1.0000	1.0000	1.0000	ok
NorthEuralex Italic	EAR_1240	6	progressive	malign auto (SCA)	0.6667	0.8889	0.8889	0.8889	ok
NorthEuralex Italic	EAST_1245	3	ndim	malign auto (SCA)	1.0000	1.0000	1.0000	1.0000	ok
NorthEuralex Italic	EAST_1246	3	ndim	malign auto (SCA)	0.0000	0.0000	0.0000	0.0000	ok
NorthEuralex Italic	EAT_1251	4	ndim	malign auto (SCA)	0.1429	0.1667	0.1667	0.1667	ok
NorthEuralex Italic	EDGE_1254	3	ndim	malign auto (SCA)	0.1429	0.1429	0.1429	0.1429	ok
NorthEuralex Italic	EGG_1262	7	progressive	malign auto (SCA)	0.2500	0.4643	0.4643	0.4643	ok
NorthEuralex Italic	EIGHTY_1266	5	progressive	malign auto (SCA)	0.8000	0.8000	0.8000	0.8000	ok
NorthEuralex Italic	EIGHT_1263	4	ndim	malign auto (SCA)	0.5000	0.5833	0.5833	0.5833	ok
NorthEuralex Italic	ELBOW_1269	3	ndim	malign auto (SCA)	0.0000	0.0000	0.0000	0.0000	ok
NorthEuralex Italic	ELEVEN_1282	3	ndim	malign auto (SCA)	0.5000	0.6667	0.6667	0.6667	ok
NorthEuralex Italic	ELK_1286	4	ndim	malign auto (SCA)	0.0000	0.0000	0.0000	0.0000	ok
NorthEuralex Italic	EMERGE_(APPEAR)_172	7	progressive	malign auto (SCA)		0.6151	0.6710	0.6418	len_mismatch
NorthEuralex Italic	ENDURE_1307	5	progressive	malign auto (SCA)	0.7778	0.8444	0.8444	0.8444	ok
NorthEuralex Italic	END_(OF_SPACE)_1299	6	progressive	malign auto (SCA)	1.0000	1.0000	1.0000	1.0000	ok
NorthEuralex Italic	END_(OF_SPACE)_1301	3	ndim	malign auto (SCA)		0.0000	0.0000	0.0000	len_mismatch
NorthEuralex Italic	END_(OF_TIME)_1297	4	ndim	malign auto (SCA)	0.0000	0.5000	0.5000	0.5000	ok
NorthEuralex Italic	END_(OF_TIME)_1300	4	ndim	malign auto (SCA)	0.0000	0.0000	0.0000	0.0000	ok
NorthEuralex Italic	ENEMY_1312	6	progressive	malign auto (SCA)		0.0467	0.0583	0.0519	len_mismatch
NorthEuralex Italic	ENTER_1692	6	progressive	malign auto (SCA)		0.3000	0.3429	0.3200	len_mismatch
NorthEuralex Italic	EVENING_1321	3	ndim	malign auto (SCA)		0.0556	0.0417	0.0476	len_mismatch
NorthEuralex Italic	EVERYWHERE_1327	3	ndim	malign auto (SCA)	0.2222	0.2222	0.2222	0.2222	ok
NorthEuralex Italic	EXPENSIVE_1341	5	progressive	malign auto (SCA)	1.0000	1.0000	1.0000	1.0000	ok
NorthEuralex Italic	EYE_1344	5	progressive	malign auto (SCA)	0.5000	0.8000	0.8000	0.8000	ok
NorthEuralex Italic	FACE_1347	3	ndim	malign auto (SCA)	0.0000	0.0000	0.0000	0.0000	ok
NorthEuralex Italic	FACE_1348	3	ndim	malign auto (SCA)	1.0000	1.0000	1.0000	1.0000	ok
NorthEuralex Italic	FAIRY_TALE_1353	4	ndim	malign auto (SCA)	0.0000	0.3056	0.3056	0.3056	ok
NorthEuralex Italic	FALL_1358	6	progressive	malign auto (SCA)		0.3524	0.4111	0.3795	len_mismatch
NorthEuralex Italic	FALL_ASLEEP_1361	5	progressive	malign auto (SCA)	0.7692	0.8308	0.8308	0.8308	ok
NorthEuralex Italic	FAMILIAR_1372	5	progressive	malign auto (SCA)		0.6000	0.5333	0.5647	len_mismatch
NorthEuralex Italic	FAMILY_1375	7	progressive	malign auto (SCA)		0.6607	0.7551	0.7048	len_mismatch
NorthEuralex Italic	FATHER_1395	6	progressive	malign auto (SCA)		0.4933	0.4111	0.4485	len_mismatch
NorthEuralex Italic	FAT_(OBESE)_1388	5	progressive	malign auto (SCA)	1.0000	1.0000	1.0000	1.0000	ok
NorthEuralex Italic	FAT_(ORGANIC_SUBSTANCE)_1388	4	ndim	malign auto (SCA)	0.0000	0.1667	0.1667	0.1667	ok
NorthEuralex Italic	FAULT_1398	5	progressive	malign auto (SCA)	1.0000	1.0000	1.0000	1.0000	ok
NorthEuralex Italic	FEATHER_1402	4	ndim	malign auto (SCA)	1.0000	1.0000	1.0000	1.0000	ok
NorthEuralex Italic	FEATHER_1403	3	ndim	malign auto (SCA)	0.0000	0.3333	0.3333	0.3333	ok
NorthEuralex Italic	FEBRUARY_6	6	progressive	malign auto (SCA)		0.5212	0.4778	0.4986	len_mismatch
NorthEuralex Italic	FEEL_(TACTUALLY)_1411	6	progressive	malign auto (SCA)		0.6750	0.7714	0.7200	len_mismatch
NorthEuralex Italic	FEVER_1421	7	progressive	malign auto (SCA)	1.0000	1.0000	1.0000	1.0000	ok
NorthEuralex Italic	FIFTY_1422	6	progressive	malign auto (SCA)	0.4000	0.8000	0.8000	0.8000	ok
NorthEuralex Italic	FILL_1430	3	ndim	malign auto (SCA)	0.2500	0.2500	0.2500	0.2500	ok
NorthEuralex Italic	FIND_1441	3	ndim	malign auto (SCA)	0.1429	0.1429	0.1429	0.1429	ok
NorthEuralex Italic	FINE_OR_THIN_1042	4	ndim	malign auto (SCA)	0.0000	0.5000	0.5000	0.5000	ok
NorthEuralex Italic	FINGERNAIL_1450	4	ndim	malign auto (SCA)	0.6000	0.8000	0.8000	0.8000	ok
NorthEuralex Italic	FINGERNAIL_OR_TOENAIL_2518	4	ndim	malign auto (SCA)	0.6000	0.8000	0.8000	0.8000	ok
NorthEuralex Italic	FINGER_1446	4	ndim	malign auto (SCA)	0.0000	0.5000	0.5000	0.5000	ok
NorthEuralex Italic	FINISH_1453	5	progressive	malign auto (SCA)	0.7778	0.8444	0.8444	0.8444	ok
NorthEuralex Italic	FINISH_1454	3	ndim	malign auto (SCA)	0.0000	0.3333	0.3333	0.3333	ok
NorthEuralex Italic	FINISH_1455	3	ndim	malign auto (SCA)	0.0000	0.3333	0.3333	0.3333	ok
NorthEuralex Italic	FIRE_1461	6	progressive	malign auto (SCA)	0.1667	0.3556	0.3556	0.3556	ok
NorthEuralex Italic	FIRST_1468	7	progressive	malign auto (SCA)	0.6250	0.8095	0.8095	0.8095	ok
NorthEuralex Italic	FIR_1457	4	ndim	malign auto (SCA)	0.0000	0.5000	0.5000	0.5000	ok
NorthEuralex Italic	FISHING_1469	6	progressive	malign auto (SCA)	1.0000	1.0000	1.0000	1.0000	ok
NorthEuralex Italic	FISH_1470	5	progressive	malign auto (SCA)	0.3333	0.5667	0.5667	0.5667	ok
NorthEuralex Italic	FIVE_1472	3	ndim	malign auto (SCA)	0.1667	0.1667	0.1667	0.1667	ok
NorthEuralex Italic	FIVE_1473	3	ndim	malign auto (SCA)	0.0000	0.0000	0.0000	0.0000	ok
NorthEuralex Italic	FLAT_1475	7	progressive	malign auto (SCA)	0.2857	0.6054	0.6054	0.6054	ok
NorthEuralex Italic	FLEE_1479	5	progressive	malign auto (SCA)		0.5750	0.6571	0.6133	len_mismatch
NorthEuralex Italic	FLOWER_1502	6	progressive	malign auto (SCA)	1.0000	1.0000	1.0000	1.0000	ok
NorthEuralex Italic	FLOW_1496	3	ndim	malign auto (SCA)		0.0556	0.0476	0.0513	len_mismatch
NorthEuralex Italic	FLY_(INSECT)_1504	7	progressive	malign auto (SCA)	1.0000	1.0000	1.0000	1.0000	ok
NorthEuralex Italic	FLY_(MOVE_THROUGH_AIR)_1505	5	progressive	malign auto (SCA)	1.0000	1.0000	1.0000	1.0000	ok
NorthEuralex Italic	FOAM_1508	7	progressive	malign auto (SCA)	0.1429	0.3878	0.3878	0.3878	ok
NorthEuralex Italic	FOG_1510	3	ndim	malign auto (SCA)		0.1667	0.1429	0.1538	len_mismatch
NorthEuralex Italic	FOOD_1517	6	progressive	malign auto (SCA)		0.8000	0.9000	0.8471	len_mismatch
NorthEuralex Italic	FOOTPRINT_4047	3	ndim	malign auto (SCA)	0.0000	0.1111	0.1111	0.1111	ok
NorthEuralex Italic	FOOT_1523	5	progressive	malign auto (SCA)	1.0000	1.0000	1.0000	1.0000	ok
NorthEuralex Italic	FOREHEAD_1529	6	progressive	malign auto (SCA)	1.0000	1.0000	1.0000	1.0000	ok
NorthEuralex Italic	FOREIGN_1531	4	ndim	malign auto (SCA)		0.0185	0.0152	0.0167	len_mismatch
NorthEuralex Italic	FOREST_1536	4	ndim	malign auto (SCA)	0.0000	0.5000	0.5000	0.5000	ok
NorthEuralex Italic	FORK_1549	4	ndim	malign auto (SCA)	0.0000	0.0741	0.0741	0.0741	ok
NorthEuralex Italic	FORMER_1553	3	ndim	malign auto (SCA)	0.0000	0.0952	0.0952	0.0952	ok
NorthEuralex Italic	FORTY_1560	6	progressive	malign auto (SCA)	0.0909	0.3212	0.3212	0.3212	ok
NorthEuralex Italic	FOUR_1568	5	progressive	malign auto (SCA)	1.0000	1.0000	1.0000	1.0000	ok
NorthEuralex Italic	FOX_1571	3	ndim	malign auto (SCA)	0.0000	0.0000	0.0000	0.0000	ok
NorthEuralex Italic	FREEZE_1576	6	progressive	malign auto (SCA)		0.3091	0.3400	0.3238	len_mismatch
NorthEuralex Italic	FRESH_1578	5	progressive	malign auto (SCA)	1.0000	1.0000	1.0000	1.0000	ok
NorthEuralex Italic	FRIEND_1582	7	progressive	malign auto (SCA)	1.0000	1.0000	1.0000	1.0000	ok
NorthEuralex Italic	FRINGE_1584	5	progressive	malign auto (SCA)	0.7143	0.7429	0.7429	0.7429	ok
NorthEuralex Italic	FRINGE_1585	3	ndim	malign auto (SCA)	0.0000	0.0000	0.0000	0.0000	ok
NorthEuralex Italic	FROST_1587	4	ndim	malign auto (SCA)	1.0000	1.0000	1.0000	1.0000	ok
NorthEuralex Italic	FRY_1592	3	ndim	malign auto (SCA)	0.0000	0.0000	0.0000	0.0000	ok
NorthEuralex Italic	FRY_1593	3	ndim	malign auto (SCA)	0.1250	0.1250	0.1250	0.1250	ok
NorthEuralex Italic	FULL_1597	4	ndim	malign auto (SCA)	0.0000	0.0000	0.0000	0.0000	ok
NorthEuralex Italic	FUR_1601	5	progressive	malign auto (SCA)		0.6571	0.7667	0.7077	len_mismatch
NorthEuralex Italic	GAME_1605	5	progressive	malign auto (SCA)	1.0000	1.0000	1.0000	1.0000	ok
NorthEuralex Italic	GAP_(DISTANCE)_1608	5	progressive	malign auto (SCA)	0.5556	0.8222	0.8222	0.8222	ok
NorthEuralex Italic	GATE_1612	7	progressive	malign auto (SCA)	0.1111	0.1270	0.1270	0.1270	ok
NorthEuralex Italic	GATHER_1613	6	progressive	malign auto (SCA)		0.3857	0.4154	0.4000	len_mismatch
NorthEuralex Italic	GATHER_1614	4	ndim	malign auto (SCA)		0.0556	0.0500	0.0526	len_mismatch
NorthEuralex Italic	GENTLE_1616	3	ndim	malign auto (SCA)	0.0000	0.3333	0.3333	0.3333	ok
NorthEuralex Italic	GET_2973	5	progressive	malign auto (SCA)	0.4444	0.7778	0.7778	0.7778	ok
NorthEuralex Italic	GET_TIRED_1632	3	ndim	malign auto (SCA)	0.6250	0.7500	0.7500	0.7500	ok
NorthEuralex Italic	GIFT_1643	3	ndim	malign auto (SCA)	0.0000	0.3333	0.3333	0.3333	ok
NorthEuralex Italic	GIVE_1657	4	ndim	malign auto (SCA)	0.0000	0.1667	0.1667	0.1667	ok
NorthEuralex Italic	GLASS_1665	6	progressive	malign auto (SCA)	1.0000	1.0000	1.0000	1.0000	ok
NorthEuralex Italic	GLUE_1668	4	ndim	malign auto (SCA)	0.0000	0.1250	0.1250	0.1250	ok
NorthEuralex Italic	GOLD_1700	4	ndim	malign auto (SCA)	0.5000	0.5000	0.5000	0.5000	ok
NorthEuralex Italic	GOOD_1704	4	ndim	malign auto (SCA)	0.0000	0.0000	0.0000	0.0000	ok
NorthEuralex Italic	GOOD_1705	3	ndim	malign auto (SCA)		0.4667	0.3889	0.4242	len_mismatch
NorthEuralex Italic	GOOSE_1706	3	ndim	malign auto (SCA)	1.0000	1.0000	1.0000	1.0000	ok
NorthEuralex Italic	GO_1677	4	ndim	malign auto (SCA)		0.1944	0.1667	0.1795	len_mismatch
NorthEuralex Italic	GO_1678	3	ndim	malign auto (SCA)	0.0000	0.0000	0.0000	0.0000	ok
NorthEuralex Italic	GRAIN_1716	7	progressive	malign auto (SCA)	1.0000	1.0000	1.0000	1.0000	ok
NorthEuralex Italic	GRASSLAND_2379	6	progressive	malign auto (SCA)	0.5714	0.6762	0.6762	0.6762	ok
NorthEuralex Italic	GRASS_1738	7	progressive	malign auto (SCA)	1.0000	1.0000	1.0000	1.0000	ok
NorthEuralex Italic	GRAVE_1740	4	ndim	malign auto (SCA)	0.2222	0.2222	0.2222	0.2222	ok
NorthEuralex Italic	GRAVE_1741	3	ndim	malign auto (SCA)	1.0000	1.0000	1.0000	1.0000	ok
NorthEuralex Italic	GREEN_1746	6	progressive	malign auto (SCA)	1.0000	1.0000	1.0000	1.0000	ok
NorthEuralex Italic	GREY_1748	5	progressive	malign auto (SCA)	1.0000	1.0000	1.0000	1.0000	ok
NorthEuralex Italic	GRIEF_1752	3	ndim	malign auto (SCA)	0.0000	0.3333	0.3333	0.3333	ok
NorthEuralex Italic	GROAN_1758	7	progressive	malign auto (SCA)	0.6667	0.9048	0.9048	0.9048	ok
NorthEuralex Italic	GROUND_1759	7	progressive	malign auto (SCA)		0.4857	0.4048	0.4416	len_mismatch
NorthEuralex Italic	GROW_1763	6	progressive	malign auto (SCA)		0.6519	0.7333	0.6902	len_mismatch
NorthEuralex Italic	GUEST_1778	3	ndim	malign auto (SCA)		0.0000	0.0000	0.0000	len_mismatch
NorthEuralex Italic	GUN_1793	4	ndim	malign auto (SCA)	0.0000	0.0000	0.0000	0.0000	ok
NorthEuralex Italic	HAIR_1799	5	progressive	malign auto (SCA)		0.6500	0.7429	0.6933	len_mismatch
NorthEuralex Italic	HALF_1802	5	progressive	malign auto (SCA)	0.5556	0.8222	0.8222	0.8222	ok
NorthEuralex Italic	HALT_(STOP)_3652	3	ndim	malign auto (SCA)	0.2500	0.5000	0.5000	0.5000	ok
NorthEuralex Italic	HANDLE_1812	3	ndim	malign auto (SCA)	0.0000	0.1111	0.1111	0.1111	ok
NorthEuralex Italic	HAND_1805	4	ndim	malign auto (SCA)	0.0000	0.0000	0.0000	0.0000	ok
NorthEuralex Italic	HAND_1807	3	ndim	malign auto (SCA)	0.0000	0.0000	0.0000	0.0000	ok
NorthEuralex Italic	HANG_1820	5	progressive	malign auto (SCA)	0.2857	0.7143	0.7143	0.7143	ok
NorthEuralex Italic	HAPPINESS_1839	5	progressive	malign auto (SCA)	1.0000	1.0000	1.0000	1.0000	ok
NorthEuralex Italic	HARD_1842	7	progressive	malign auto (SCA)	1.0000	1.0000	1.0000	1.0000	ok
NorthEuralex Italic	HARE_1848	5	progressive	malign auto (SCA)	1.0000	1.0000	1.0000	1.0000	ok
NorthEuralex Italic	HAY_1851	6	progressive	malign auto (SCA)	0.2000	0.4667	0.4667	0.4667	ok
NorthEuralex Italic	HEAD_1859	4	ndim	malign auto (SCA)	0.0000	0.0000	0.0000	0.0000	ok
NorthEuralex Italic	HEALTHY_1863	4	ndim	malign auto (SCA)	0.0000	0.0833	0.0833	0.0833	ok
NorthEuralex Italic	HEART_1882	3	ndim	malign auto (SCA)	0.0000	0.3333	0.3333	0.3333	ok
NorthEuralex Italic	HEAT_1886	6	progressive	malign auto (SCA)	0.4286	0.5905	0.5905	0.5905	ok
NorthEuralex Italic	HEAVY_1890	5	progressive	malign auto (SCA)	1.0000	1.0000	1.0000	1.0000	ok
NorthEuralex Italic	HEEL_1894	4	ndim	malign auto (SCA)	0.0000	0.0000	0.0000	0.0000	ok
NorthEuralex Italic	HEIGHT_1898	6	progressive	malign auto (SCA)	1.0000	1.0000	1.0000	1.0000	ok
NorthEuralex Italic	HEIGHT_1899	3	ndim	malign auto (SCA)	1.0000	1.0000	1.0000	1.0000	ok
NorthEuralex Italic	HELP_(ASSISTANCE)_1902	4	ndim	malign auto (SCA)	0.0000	0.0714	0.0714	0.0714	ok
NorthEuralex Italic	HELP_(ASSISTANCE)_1903	3	ndim	malign auto (SCA)	0.0000	0.3333	0.3333	0.3333	ok
NorthEuralex Italic	HERE_1922	3	ndim	malign auto (SCA)	1.0000	1.0000	1.0000	1.0000	ok
NorthEuralex Italic	HE_1853	4	ndim	malign auto (SCA)	1.0000	1.0000	1.0000	1.0000	ok
NorthEuralex Italic	HE_1854	3	ndim	malign auto (SCA)	1.0000	1.0000	1.0000	1.0000	ok
NorthEuralex Italic	HIDE_(CONCEAL)_888	4	ndim	malign auto (SCA)	0.0000	0.0208	0.0208	0.0208	ok
NorthEuralex Italic	HIDE_(CONCEAL)_889	4	ndim	malign auto (SCA)	0.1000	0.1167	0.1167	0.1167	ok
NorthEuralex Italic	HIDE_(ONESELF)_1927	4	ndim	malign auto (SCA)	0.1000	0.1167	0.1167	0.1167	ok
NorthEuralex Italic	HILL_1931	5	progressive	malign auto (SCA)	1.0000	1.0000	1.0000	1.0000	ok
NorthEuralex Italic	HINDER_1937	4	ndim	malign auto (SCA)	0.0000	0.2500	0.2500	0.2500	ok
NorthEuralex Italic	HOLD_1960	4	ndim	malign auto (SCA)	0.0000	0.1667	0.1667	0.1667	ok
NorthEuralex Italic	HOME_1971	3	ndim	malign auto (SCA)	1.0000	1.0000	1.0000	1.0000	ok
NorthEuralex Italic	HONEY_1977	7	progressive	malign auto (SCA)		0.4857	0.4048	0.4416	len_mismatch
NorthEuralex Italic	HOOK_1978	3	ndim	malign auto (SCA)	0.4000	0.6000	0.6000	0.6000	ok
NorthEuralex Italic	HORN_(ANATOMY)_1984	7	progressive	malign auto (SCA)	1.0000	1.0000	1.0000	1.0000	ok
NorthEuralex Italic	HORSE_1988	6	progressive	malign auto (SCA)		0.6286	0.7333	0.6769	len_mismatch
NorthEuralex Italic	HOUSE_1999	5	progressive	malign auto (SCA)	1.0000	1.0000	1.0000	1.0000	ok
NorthEuralex Italic	HOWL_2006	5	progressive	malign auto (SCA)	0.7143	0.8000	0.8000	0.8000	ok
NorthEuralex Italic	HOW_2002	7	progressive	malign auto (SCA)	0.6667	0.7143	0.7143	0.7143	ok
NorthEuralex Italic	HOW_MANY_2003	5	progressive	malign auto (SCA)		0.2429	0.2833	0.2615	len_mismatch
NorthEuralex Italic	HUNDRED_68	6	progressive	malign auto (SCA)	0.1667	0.3889	0.3889	0.3889	ok
NorthEuralex Italic	HUNGER_2015	6	progressive	malign auto (SCA)	0.5000	0.6556	0.6556	0.6556	ok
NorthEuralex Italic	HUNT_2022	5	progressive	malign auto (SCA)	0.7143	0.7143	0.7143	0.7143	ok
NorthEuralex Italic	HUSBAND_2032	3	ndim	malign auto (SCA)	0.0000	0.3333	0.3333	0.3333	ok
NorthEuralex Italic	HUSBAND_2033	3	ndim	malign auto (SCA)	0.0000	0.0000	0.0000	0.0000	ok
NorthEuralex Italic	ICE_2037	3	ndim	malign auto (SCA)	0.1429	0.1429	0.1429	0.1429	ok
NorthEuralex Italic	ICE_2038	3	ndim	malign auto (SCA)	0.0000	0.3333	0.3333	0.3333	ok
NorthEuralex Italic	IDOL_1427	6	progressive	malign auto (SCA)	1.0000	1.0000	1.0000	1.0000	ok
NorthEuralex Italic	IMPROVE_(SOMETHING)_2046	6	progressive	malign auto (SCA)	1.0000	1.0000	1.0000	1.0000	ok
NorthEuralex Italic	INCREASE_2062	5	progressive	malign auto (SCA)	0.3636	0.4727	0.4727	0.4727	ok
NorthEuralex Italic	INCREASE_2063	3	ndim	malign auto (SCA)	0.0000	0.1429	0.1429	0.1429	ok
NorthEuralex Italic	INVITE_2078	7	progressive	malign auto (SCA)	0.2222	0.6243	0.6243	0.6243	ok
NorthEuralex Italic	IRON_2079	7	progressive	malign auto (SCA)		0.3730	0.4476	0.4069	len_mismatch
NorthEuralex Italic	IRRIGATE_4230	4	ndim	malign auto (SCA)	0.0000	0.0278	0.0278	0.0278	ok
NorthEuralex Italic	ISLAND_2080	4	ndim	malign auto (SCA)	0.3333	0.5278	0.5278	0.5278	ok
NorthEuralex Italic	ISLAND_2081	3	ndim	malign auto (SCA)	0.0000	0.3333	0.3333	0.3333	ok
NorthEuralex Italic	ITEM_2082	4	ndim	malign auto (SCA)	0.0000	0.1429	0.1429	0.1429	ok
NorthEuralex Italic	JANUARY_20	3	ndim	malign auto (SCA)	0.0000	0.1429	0.1429	0.1429	ok
NorthEuralex Italic	JAW_2086	3	ndim	malign auto (SCA)	0.6667	0.7778	0.7778	0.7778	ok
NorthEuralex Italic	JAW_2087	3	ndim	malign auto (SCA)	0.2857	0.4286	0.4286	0.4286	ok
NorthEuralex Italic	JOIN_4131	5	progressive	malign auto (SCA)		0.3143	0.2750	0.2933	len_mismatch
NorthEuralex Italic	JOY_2098	3	ndim	malign auto (SCA)	1.0000	1.0000	1.0000	1.0000	ok
NorthEuralex Italic	JOY_2099	3	ndim	malign auto (SCA)	1.0000	1.0000	1.0000	1.0000	ok
NorthEuralex Italic	JULY_25	4	ndim	malign auto (SCA)	0.0000	0.0000	0.0000	0.0000	ok
NorthEuralex Italic	JUMP_2107	6	progressive	malign auto (SCA)		0.3417	0.3905	0.3644	len_mismatch
NorthEuralex Italic	JUNE_29	4	ndim	malign auto (SCA)	0.0000	0.1000	0.1000	0.1000	ok
NorthEuralex Italic	KEEP_2109	7	progressive	malign auto (SCA)		0.2308	0.3000	0.2609	len_mismatch
NorthEuralex Italic	KETTLE_2114	5	progressive	malign auto (SCA)		0.6222	0.5600	0.5895	len_mismatch
NorthEuralex Italic	KICK_2119	3	ndim	malign auto (SCA)	0.1429	0.4286	0.4286	0.4286	ok
NorthEuralex Italic	KILL_2125	3	ndim	malign auto (SCA)	0.0000	0.3333	0.3333	0.3333	ok
NorthEuralex Italic	KIND_(THING)_3469	4	ndim	malign auto (SCA)	0.0000	0.0000	0.0000	0.0000	ok
NorthEuralex Italic	KING_2131	3	ndim	malign auto (SCA)		0.2222	0.1667	0.1905	len_mismatch
NorthEuralex Italic	KNEE_2141	3	ndim	malign auto (SCA)	0.0000	0.0000	0.0000	0.0000	ok
NorthEuralex Italic	KNIFE_2146	5	progressive	malign auto (SCA)		0.6375	0.7286	0.6800	len_mismatch
NorthEuralex Italic	KNIT_2149	3	ndim	malign auto (SCA)	0.0000	0.0000	0.0000	0.0000	ok
NorthEuralex Italic	KNOT_2163	7	progressive	malign auto (SCA)	1.0000	1.0000	1.0000	1.0000	ok
NorthEuralex Italic	KNOW_(SOMETHING)_2164	6	progressive	malign auto (SCA)		0.1250	0.1429	0.1333	len_mismatch
NorthEuralex Italic	LADDER_2166	5	progressive	malign auto (SCA)	0.5000	0.6250	0.6250	0.6250	ok
NorthEuralex Italic	LAIR_2171	3	ndim	malign auto (SCA)	0.0000	0.3333	0.3333	0.3333	ok
NorthEuralex Italic	LAKE_2179	7	progressive	malign auto (SCA)	1.0000	1.0000	1.0000	1.0000	ok
NorthEuralex Italic	LANGUAGE_2184	5	progressive	malign auto (SCA)		0.4200	0.4667	0.4421	len_mismatch
NorthEuralex Italic	LAST_(FINAL)_2188	5	progressive	malign auto (SCA)	1.0000	1.0000	1.0000	1.0000	ok
NorthEuralex Italic	LAUGHTER_2198	6	progressive	malign auto (SCA)		0.3630	0.4667	0.4083	len_mismatch
NorthEuralex Italic	LAUGH_2197	7	progressive	malign auto (SCA)	0.1429	0.3197	0.3197	0.3197	ok
NorthEuralex Italic	LAY_(VERB)_2201	6	progressive	malign auto (SCA)	0.6667	0.8000	0.8000	0.8000	ok
NorthEuralex Italic	LAZY_2204	3	ndim	malign auto (SCA)		0.0000	0.0000	0.0000	len_mismatch
NorthEuralex Italic	LEAD_(GUIDE)_1787	4	ndim	malign auto (SCA)		0.1042	0.0926	0.0980	len_mismatch
NorthEuralex Italic	LEAD_(GUIDE)_2211	5	progressive	malign auto (SCA)	1.0000	1.0000	1.0000	1.0000	ok
NorthEuralex Italic	LEAF_2217	5	progressive	malign auto (SCA)	0.6000	0.6400	0.6400	0.6400	ok
NorthEuralex Italic	LEARN_2220	5	progressive	malign auto (SCA)		0.5300	0.5889	0.5579	len_mismatch
NorthEuralex Italic	LEASH_2224	3	ndim	malign auto (SCA)	0.1667	0.1667	0.1667	0.1667	ok
NorthEuralex Italic	LEATHER_2229	3	ndim	malign auto (SCA)		0.2000	0.1667	0.1818	len_mismatch
NorthEuralex Italic	LEFT_2242	3	ndim	malign auto (SCA)	0.1250	0.2500	0.2500	0.2500	ok
NorthEuralex Italic	LENGTH_2252	4	ndim	malign auto (SCA)	0.0000	0.0370	0.0370	0.0370	ok
NorthEuralex Italic	LETTER_2259	3	ndim	malign auto (SCA)	1.0000	1.0000	1.0000	1.0000	ok
NorthEuralex Italic	LICK_2263	4	ndim	malign auto (SCA)	0.0000	0.0238	0.0238	0.0238	ok
NorthEuralex Italic	LID_(COVER,_CAP)_942	3	ndim	malign auto (SCA)		0.2500	0.2222	0.2353	len_mismatch
NorthEuralex Italic	LID_(COVER,_CAP)_943	3	ndim	malign auto (SCA)	1.0000	1.0000	1.0000	1.0000	ok
NorthEuralex Italic	LIE_(FALSEHOOD)_2267	5	progressive	malign auto (SCA)	0.6250	0.6625	0.6625	0.6625	ok
NorthEuralex Italic	LIFE_2279	6	progressive	malign auto (SCA)	1.0000	1.0000	1.0000	1.0000	ok
NorthEuralex Italic	LIFT_2281	4	ndim	malign auto (SCA)		0.2708	0.2167	0.2407	len_mismatch
NorthEuralex Italic	LIGHT_(IGNITE)_2286	4	ndim	malign auto (SCA)	0.0000	0.0500	0.0500	0.0500	ok
NorthEuralex Italic	LIGHT_(RADIATION)_2287	4	ndim	malign auto (SCA)		0.2083	0.1667	0.1852	len_mismatch
NorthEuralex Italic	LINE_2306	7	progressive	malign auto (SCA)	0.5000	0.5079	0.5079	0.5079	ok
NorthEuralex Italic	LIP_2307	6	progressive	malign auto (SCA)	1.0000	1.0000	1.0000	1.0000	ok
NorthEuralex Italic	LISTEN_2309	7	progressive	malign auto (SCA)	0.2000	0.2905	0.2905	0.2905	ok
NorthEuralex Italic	LIVER_2317	4	ndim	malign auto (SCA)	0.0000	0.5000	0.5000	0.5000	ok
NorthEuralex Italic	LOAD_2323	4	ndim	malign auto (SCA)	0.3333	0.4444	0.4444	0.4444	ok
NorthEuralex Italic	LOCK_2329	3	ndim	malign auto (SCA)	0.0000	0.3333	0.3333	0.3333	ok
NorthEuralex Italic	LONG_2334	3	ndim	malign auto (SCA)		0.2667	0.2222	0.2424	len_mismatch
NorthEuralex Italic	LOOK_FOR_2349	3	ndim	malign auto (SCA)	0.0000	0.3333	0.3333	0.3333	ok
NorthEuralex Italic	LOUSE_2357	3	ndim	malign auto (SCA)	0.2000	0.4667	0.4667	0.4667	ok
NorthEuralex Italic	LOVE_2361	4	ndim	malign auto (SCA)	0.0000	0.1667	0.1667	0.1667	ok
NorthEuralex Italic	MAINLAND_2180	3	ndim	malign auto (SCA)	0.0000	0.3000	0.3000	0.3000	ok
NorthEuralex Italic	MAKE_2366	6	progressive	malign auto (SCA)	0.0000	0.4444	0.4444	0.4444	ok
NorthEuralex Italic	MAN_2368	4	ndim	malign auto (SCA)	0.0000	0.0000	0.0000	0.0000	ok
NorthEuralex Italic	MARCH_33	7	progressive	malign auto (SCA)	0.3750	0.5476	0.5476	0.5476	ok
NorthEuralex Italic	MASTER_2373	7	progressive	malign auto (SCA)		0.1667	0.1852	0.1754	len_mismatch
NorthEuralex Italic	MAY_(MONTH)_34	6	progressive	malign auto (SCA)		0.4111	0.4933	0.4485	len_mismatch
NorthEuralex Italic	MEAL_2382	4	ndim	malign auto (SCA)	0.2857	0.6429	0.6429	0.6429	ok
NorthEuralex Italic	MEANING_2389	4	ndim	malign auto (SCA)		0.0667	0.0556	0.0606	len_mismatch
NorthEuralex Italic	MEANING_2390	3	ndim	malign auto (SCA)	0.0000	0.1905	0.1905	0.1905	ok
NorthEuralex Italic	MEANING_2391	3	ndim	malign auto (SCA)	0.7273	0.8182	0.8182	0.8182	ok
NorthEuralex Italic	MEASURE_2394	4	ndim	malign auto (SCA)	0.1250	0.1250	0.1250	0.1250	ok
NorthEuralex Italic	MEASURE_2395	3	ndim	malign auto (SCA)	0.0000	0.0000	0.0000	0.0000	ok
NorthEuralex Italic	MEAT_2396	6	progressive	malign auto (SCA)		0.5000	0.6000	0.5455	len_mismatch
NorthEuralex Italic	MEDICINE_2398	3	ndim	malign auto (SCA)	0.0000	0.3333	0.3333	0.3333	ok
NorthEuralex Italic	MEDICINE_2399	3	ndim	malign auto (SCA)	0.0000	0.3333	0.3333	0.3333	ok
NorthEuralex Italic	MEDICINE_2400	3	ndim	malign auto (SCA)	0.0000	0.0000	0.0000	0.0000	ok
NorthEuralex Italic	MEET_2403	4	ndim	malign auto (SCA)		0.1333	0.1212	0.1270	len_mismatch
NorthEuralex Italic	MELT_2407	5	progressive	malign auto (SCA)	0.2222	0.4778	0.4778	0.4778	ok
NorthEuralex Italic	MEMORY_2412	7	progressive	malign auto (SCA)	1.0000	1.0000	1.0000	1.0000	ok
NorthEuralex Italic	MERRY_2413	4	ndim	malign auto (SCA)	1.0000	1.0000	1.0000	1.0000	ok
NorthEuralex Italic	MESSAGE_2419	5	progressive	malign auto (SCA)	0.3333	0.4778	0.4778	0.4778	ok
NorthEuralex Italic	MIDDAY_2612	4	ndim	malign auto (SCA)	0.0000	0.2917	0.2917	0.2917	ok
NorthEuralex Italic	MIDDLE_2422	4	ndim	malign auto (SCA)	1.0000	1.0000	1.0000	1.0000	ok
NorthEuralex Italic	MIDDLE_2423	4	ndim	malign auto (SCA)		0.4000	0.3333	0.3636	len_mismatch
NorthEuralex Italic	MILK_2426	6	progressive	malign auto (SCA)	0.6000	0.8667	0.8667	0.8667	ok
NorthEuralex Italic	MISPLACE_2355	7	progressive	malign auto (SCA)	1.0000	1.0000	1.0000	1.0000	ok
NorthEuralex Italic	MISTAKE_2454	6	progressive	malign auto (SCA)	0.2857	0.3524	0.3524	0.3524	ok
NorthEuralex Italic	MONEY_2459	4	ndim	malign auto (SCA)		0.2143	0.1875	0.2000	len_mismatch
NorthEuralex Italic	MONTH_2466	5	progressive	malign auto (SCA)	1.0000	1.0000	1.0000	1.0000	ok
NorthEuralex Italic	MOON_2469	7	progressive	malign auto (SCA)	1.0000	1.0000	1.0000	1.0000	ok
NorthEuralex Italic	MOORLAND_2470	3	ndim	malign auto (SCA)	0.0000	0.1250	0.1250	0.1250	ok
NorthEuralex Italic	MORNING_2475	6	progressive	malign auto (SCA)	0.6667	0.7333	0.7333	0.7333	ok
NorthEuralex Italic	MOSQUITO_1673	3	ndim	malign auto (SCA)	0.0000	0.3333	0.3333	0.3333	ok
NorthEuralex Italic	MOTHER_2477	5	progressive	malign auto (SCA)		0.5400	0.4500	0.4909	len_mismatch
NorthEuralex Italic	MOUNTAIN_2480	6	progressive	malign auto (SCA)		0.3083	0.3524	0.3289	len_mismatch
NorthEuralex Italic	MOUSE_2482	3	ndim	malign auto (SCA)	0.0000	0.0000	0.0000	0.0000	ok
NorthEuralex Italic	MOUSTACHE_2488	3	ndim	malign auto (SCA)	1.0000	1.0000	1.0000	1.0000	ok
NorthEuralex Italic	MOUSTACHE_2489	3	ndim	malign auto (SCA)	0.0000	0.3333	0.3333	0.3333	ok
NorthEuralex Italic	MOUTH_2492	5	progressive	malign auto (SCA)	1.0000	1.0000	1.0000	1.0000	ok
NorthEuralex Italic	MOVE_(AFFECT_EMOTIONALLY)_2495	5	progressive	malign auto (SCA)	0.3000	0.3800	0.3800	0.3800	ok
NorthEuralex Italic	MUSHROOM_2510	4	ndim	malign auto (SCA)		0.6000	0.5000	0.5455	len_mismatch
NorthEuralex Italic	MUSH_(FOOD)_2505	5	progressive	malign auto (SCA)	1.0000	1.0000	1.0000	1.0000	ok
NorthEuralex Italic	NAIL_(TOOL)_2517	5	progressive	malign auto (SCA)	1.0000	1.0000	1.0000	1.0000	ok
NorthEuralex Italic	NAKED_2523	5	progressive	malign auto (SCA)	1.0000	1.0000	1.0000	1.0000	ok
NorthEuralex Italic	NAME_2527	7	progressive	malign auto (SCA)		0.6429	0.7347	0.6857	len_mismatch
NorthEuralex Italic	NAPE_(OF_NECK)_2532	5	progressive	malign auto (SCA)	1.0000	1.0000	1.0000	1.0000	ok
NorthEuralex Italic	NARROW_2536	4	ndim	malign auto (SCA)	0.0000	0.1458	0.1458	0.1458	ok
NorthEuralex Italic	NAVEL_2548	5	progressive	malign auto (SCA)	0.4000	0.6400	0.6400	0.6400	ok
NorthEuralex Italic	NECK_2558	4	ndim	malign auto (SCA)	0.0000	0.5000	0.5000	0.5000	ok
NorthEuralex Italic	NEEDLE_(FOR_SEWING)_2563	3	ndim	malign auto (SCA)	1.0000	1.0000	1.0000	1.0000	ok
NorthEuralex Italic	NEEDLE_(FOR_SEWING)_2564	3	ndim	malign auto (SCA)	0.0000	0.0000	0.0000	0.0000	ok
NorthEuralex Italic	NEST_2566	6	progressive	malign auto (SCA)	1.0000	1.0000	1.0000	1.0000	ok
NorthEuralex Italic	NET_2568	4	ndim	malign auto (SCA)	0.0000	0.5000	0.5000	0.5000	ok
NorthEuralex Italic	NEWSPAPER_2583	3	ndim	malign auto (SCA)	0.0000	0.0000	0.0000	0.0000	ok
NorthEuralex Italic	NEWS_2578	3	ndim	malign auto (SCA)		0.7143	0.6250	0.6667	len_mismatch
NorthEuralex Italic	NEWS_2579	3	ndim	malign auto (SCA)	0.0000	0.0000	0.0000	0.0000	ok
NorthEuralex Italic	NEW_2577	7	progressive	malign auto (SCA)		0.4603	0.3946	0.4249	len_mismatch
NorthEuralex Italic	NIGHT_2598	6	progressive	malign auto (SCA)	0.7143	0.9048	0.9048	0.9048	ok
NorthEuralex Italic	NINETY_2601	5	progressive	malign auto (SCA)		0.6100	0.6778	0.6421	len_mismatch
NorthEuralex Italic	NINE_2600	7	progressive	malign auto (SCA)	1.0000	1.0000	1.0000	1.0000	ok
NorthEuralex Italic	NOOSE_2617	4	ndim	malign auto (SCA)	0.0000	0.2000	0.2000	0.2000	ok
NorthEuralex Italic	NORTH_2621	6	progressive	malign auto (SCA)	1.0000	1.0000	1.0000	1.0000	ok
NorthEuralex Italic	NOSE_2624	5	progressive	malign auto (SCA)	1.0000	1.0000	1.0000	1.0000	ok
NorthEuralex Italic	NOTICE_(SOMETHING)_2629	4	ndim	malign auto (SCA)	0.0000	0.0000	0.0000	0.0000	ok
NorthEuralex Italic	NOTICE_(SOMETHING)_2630	3	ndim	malign auto (SCA)		0.0417	0.0370	0.0392	len_mismatch
NorthEuralex Italic	NOT_2626	5	progressive	malign auto (SCA)	1.0000	1.0000	1.0000	1.0000	ok
NorthEuralex Italic	NOVEMBER_42	7	progressive	malign auto (SCA)	0.2727	0.5195	0.5195	0.5195	ok
NorthEuralex Italic	NOW_2634	4	ndim	malign auto (SCA)	0.6000	0.8000	0.8000	0.8000	ok
NorthEuralex Italic	OAR_2639	6	progressive	malign auto (SCA)	1.0000	1.0000	1.0000	1.0000	ok
NorthEuralex Italic	OCTOBER_43	7	progressive	malign auto (SCA)	1.0000	1.0000	1.0000	1.0000	ok
NorthEuralex Italic	ODOR_(SMELL)_2643	6	progressive	malign auto (SCA)	1.0000	1.0000	1.0000	1.0000	ok
NorthEuralex Italic	OF_THIS_KIND_(SUCH)_3433	3	ndim	malign auto (SCA)	1.0000	1.0000	1.0000	1.0000	ok
NorthEuralex Italic	OF_THIS_KIND_(SUCH)_3434	3	ndim	malign auto (SCA)	0.0000	0.0000	0.0000	0.0000	ok
NorthEuralex Italic	OIL_(ORGANIC_SUBSTANCE)_2654	3	ndim	malign auto (SCA)	0.0000	0.3333	0.3333	0.3333	ok
NorthEuralex Italic	ONE_2678	4	ndim	malign auto (SCA)	0.0000	0.0000	0.0000	0.0000	ok
NorthEuralex Italic	ONE_2679	3	ndim	malign auto (SCA)	1.0000	1.0000	1.0000	1.0000	ok
NorthEuralex Italic	ONE_TIME_2665	4	ndim	malign auto (SCA)	0.0000	0.0370	0.0370	0.0370	ok
NorthEuralex Italic	ONION_2680	4	ndim	malign auto (SCA)	0.1667	0.5833	0.5833	0.5833	ok
NorthEuralex Italic	OPEN_(STATE)_2695	4	ndim	malign auto (SCA)		0.3333	0.2917	0.3111	len_mismatch
NorthEuralex Italic	OPEN_2694	6	progressive	malign auto (SCA)	0.2857	0.4381	0.4381	0.4381	ok
NorthEuralex Italic	OR_2697	4	ndim	malign auto (SCA)	1.0000	1.0000	1.0000	1.0000	ok
NorthEuralex Italic	OTHER_2701	5	progressive	malign auto (SCA)	1.0000	1.0000	1.0000	1.0000	ok
NorthEuralex Italic	OWN_2714	7	progressive	malign auto (SCA)		0.3429	0.4286	0.3810	len_mismatch
NorthEuralex Italic	PAINTING_2717	7	progressive	malign auto (SCA)		0.4881	0.6508	0.5578	len_mismatch
NorthEuralex Italic	PAINT_(PIGMENTS)_2717	4	ndim	malign auto (SCA)	0.0000	0.3571	0.3571	0.3571	ok
NorthEuralex Italic	PAIN_2716	7	progressive	malign auto (SCA)	1.0000	1.0000	1.0000	1.0000	ok
NorthEuralex Italic	PALM_OF_HAND_2721	6	progressive	malign auto (SCA)	1.0000	1.0000	1.0000	1.0000	ok
NorthEuralex Italic	PARENTS_2724	5	progressive	malign auto (SCA)		0.5000	0.5556	0.5263	len_mismatch
NorthEuralex Italic	PART_2727	7	progressive	malign auto (SCA)	1.0000	1.0000	1.0000	1.0000	ok
NorthEuralex Italic	PASS_2730	5	progressive	malign auto (SCA)	1.0000	1.0000	1.0000	1.0000	ok
NorthEuralex Italic	PASTURE_2734	4	ndim	malign auto (SCA)	0.0000	0.1042	0.1042	0.1042	ok
NorthEuralex Italic	PATH_2738	3	ndim	malign auto (SCA)	0.1250	0.2083	0.2083	0.2083	ok
NorthEuralex Italic	PATH_2739	3	ndim	malign auto (SCA)		0.0556	0.0476	0.0513	len_mismatch
NorthEuralex Italic	PATH_OR_ROAD_4241	4	ndim	malign auto (SCA)	0.0000	0.5000	0.5000	0.5000	ok
NorthEuralex Italic	PATTERN_2742	5	progressive	malign auto (SCA)	1.0000	1.0000	1.0000	1.0000	ok
NorthEuralex Italic	PAW_2746	3	ndim	malign auto (SCA)	0.4000	0.4000	0.4000	0.4000	ok
NorthEuralex Italic	PEOPLE_2544	5	progressive	malign auto (SCA)		0.4125	0.4714	0.4400	len_mismatch
NorthEuralex Italic	PERCH_(FISH)_2774	6	progressive	malign auto (SCA)	1.0000	1.0000	1.0000	1.0000	ok
NorthEuralex Italic	PERSON_2009	3	ndim	malign auto (SCA)	0.1250	0.2083	0.2083	0.2083	ok
NorthEuralex Italic	PERSON_2010	3	ndim	malign auto (SCA)		0.1667	0.1333	0.1481	len_mismatch
NorthEuralex Italic	PHYSICIAN_1134	5	progressive	malign auto (SCA)	1.0000	1.0000	1.0000	1.0000	ok
NorthEuralex Italic	PICK_2778	6	progressive	malign auto (SCA)	0.4286	0.6667	0.6667	0.6667	ok
NorthEuralex Italic	PICTURE_(PAINTING)_2788	3	ndim	malign auto (SCA)	0.1429	0.4286	0.4286	0.4286	ok
NorthEuralex Italic	PICTURE_(PAINTING)_2789	3	ndim	malign auto (SCA)		0.2778	0.2381	0.2564	len_mismatch
NorthEuralex Italic	PICTURE_(PAINTING)_2790	3	ndim	malign auto (SCA)	0.0000	0.3333	0.3333	0.3333	ok
NorthEuralex Italic	PIECE_2793	4	ndim	malign auto (SCA)		0.0000	0.0000	0.0000	len_mismatch
NorthEuralex Italic	PIG_2798	6	progressive	malign auto (SCA)		0.6286	0.7333	0.6769	len_mismatch
NorthEuralex Italic	PIKE_(FISH)_2803	4	ndim	malign auto (SCA)	0.0000	0.5000	0.5000	0.5000	ok
NorthEuralex Italic	PINE_2813	7	progressive	malign auto (SCA)		0.6667	0.8571	0.7500	len_mismatch
NorthEuralex Italic	PIT_(POTHOLE)_2818	4	ndim	malign auto (SCA)	0.0000	0.5000	0.5000	0.5000	ok
NorthEuralex Italic	PLACE_(POSITION)_2825	4	ndim	malign auto (SCA)		0.0667	0.0556	0.0606	len_mismatch
NorthEuralex Italic	PLAY_2835	4	ndim	malign auto (SCA)	0.0000	0.0000	0.0000	0.0000	ok
NorthEuralex Italic	POINTED_2840	4	ndim	malign auto (SCA)		0.1944	0.1667	0.1795	len_mismatch
NorthEuralex Italic	POOR_2850	5	progressive	malign auto (SCA)	1.0000	1.0000	1.0000	1.0000	ok
NorthEuralex Italic	POST_2846	6	progressive	malign auto (SCA)	1.0000	1.0000	1.0000	1.0000	ok
NorthEuralex Italic	POST_2847	3	ndim	malign auto (SCA)	0.1429	0.4286	0.4286	0.4286	ok
NorthEuralex Italic	POT_2854	3	ndim	malign auto (SCA)	0.5000	0.5000	0.5000	0.5000	ok
NorthEuralex Italic	POUCH_2861	4	ndim	malign auto (SCA)	0.4000	0.7000	0.7000	0.7000	ok
NorthEuralex Italic	POUCH_2862	3	ndim	malign auto (SCA)	0.0000	0.0556	0.0556	0.0556	ok
NorthEuralex Italic	POUR_2866	3	ndim	malign auto (SCA)	0.1429	0.1429	0.1429	0.1429	ok
NorthEuralex Italic	POWERFUL_2876	6	progressive	malign auto (SCA)	1.0000	1.0000	1.0000	1.0000	ok
NorthEuralex Italic	POWERFUL_2877	3	ndim	malign auto (SCA)	0.0000	0.0000	0.0000	0.0000	ok
NorthEuralex Italic	POWER_2871	5	progressive	malign auto (SCA)	1.0000	1.0000	1.0000	1.0000	ok
NorthEuralex Italic	POWER_2872	4	ndim	malign auto (SCA)	0.1250	0.3542	0.3542	0.3542	ok
NorthEuralex Italic	PRECIOUS_2887	7	progressive	malign auto (SCA)		0.4815	0.4333	0.4561	len_mismatch
NorthEuralex Italic	PREPARE_2888	6	progressive	malign auto (SCA)		0.1111	0.1000	0.1053	len_mismatch
NorthEuralex Italic	PRESERVE_2890	6	progressive	malign auto (SCA)		0.2444	0.2667	0.2551	len_mismatch
NorthEuralex Italic	PRESS_2893	3	ndim	malign auto (SCA)	0.1429	0.4286	0.4286	0.4286	ok
NorthEuralex Italic	PRICE_2909	7	progressive	malign auto (SCA)		0.5986	0.6984	0.6447	len_mismatch
NorthEuralex Italic	PRODUCE_2910	5	progressive	malign auto (SCA)	1.0000	1.0000	1.0000	1.0000	ok
NorthEuralex Italic	PRODUCE_2911	4	ndim	malign auto (SCA)		0.0625	0.0556	0.0588	len_mismatch
NorthEuralex Italic	PROMISE_2913	6	progressive	malign auto (SCA)	1.0000	1.0000	1.0000	1.0000	ok
NorthEuralex Italic	PROTECT_2916	6	progressive	malign auto (SCA)	0.8000	0.8000	0.8000	0.8000	ok
NorthEuralex Italic	PULL_2919	5	progressive	malign auto (SCA)		0.3444	0.3100	0.3263	len_mismatch
NorthEuralex Italic	RAIN_(RAINING)_2943	4	ndim	malign auto (SCA)		0.0238	0.0208	0.0222	len_mismatch
NorthEuralex Italic	RAISE_(BRING_UP)_588	3	ndim	malign auto (SCA)		0.4667	0.3889	0.4242	len_mismatch
NorthEuralex Italic	RAW_2963	7	progressive	malign auto (SCA)	1.0000	1.0000	1.0000	1.0000	ok
NorthEuralex Italic	READ_2964	5	progressive	malign auto (SCA)	0.7143	0.8857	0.8857	0.8857	ok
NorthEuralex Italic	REASON_2967	6	progressive	malign auto (SCA)		0.4400	0.3667	0.4000	len_mismatch
NorthEuralex Italic	RECOGNIZE_(SOMEBODY)_2977	7	progressive	malign auto (SCA)		0.2109	0.2271	0.2187	len_mismatch
NorthEuralex Italic	RECOVER_2978	3	ndim	malign auto (SCA)	0.0000	0.0000	0.0000	0.0000	ok
NorthEuralex Italic	RED_2984	4	ndim	malign auto (SCA)	0.0000	0.5000	0.5000	0.5000	ok
NorthEuralex Italic	REMAIN_3603	3	ndim	malign auto (SCA)	0.1250	0.4167	0.4167	0.4167	ok
NorthEuralex Italic	REPAIR_2998	7	progressive	malign auto (SCA)	0.7500	0.8214	0.8214	0.8214	ok
NorthEuralex Italic	RESCUE_3005	7	progressive	malign auto (SCA)	1.0000	1.0000	1.0000	1.0000	ok
NorthEuralex Italic	REST_2987	3	ndim	malign auto (SCA)	0.0000	0.1111	0.1111	0.1111	ok
NorthEuralex Italic	RICH_3020	5	progressive	malign auto (SCA)	1.0000	1.0000	1.0000	1.0000	ok
NorthEuralex Italic	RIGHT_3024	5	progressive	malign auto (SCA)		0.4857	0.4250	0.4533	len_mismatch
NorthEuralex Italic	RING_(MAKE_SOUND)_3028	3	ndim	malign auto (SCA)	0.2857	0.2857	0.2857	0.2857	ok
NorthEuralex Italic	RING_3027	6	progressive	malign auto (SCA)		0.6857	0.8000	0.7385	len_mismatch
NorthEuralex Italic	RIPEN_3045	6	progressive	malign auto (SCA)	0.1667	0.3111	0.3111	0.3111	ok
NorthEuralex Italic	RIPE_3042	5	progressive	malign auto (SCA)	1.0000	1.0000	1.0000	1.0000	ok
NorthEuralex Italic	RIVER_3059	4	ndim	malign auto (SCA)		0.8333	0.6250	0.7143	len_mismatch
NorthEuralex Italic	ROAD_3064	3	ndim	malign auto (SCA)	1.0000	1.0000	1.0000	1.0000	ok
NorthEuralex Italic	ROAD_3065	3	ndim	malign auto (SCA)	1.0000	1.0000	1.0000	1.0000	ok
NorthEuralex Italic	ROOF_3083	3	ndim	malign auto (SCA)	0.4000	0.4000	0.4000	0.4000	ok
NorthEuralex Italic	ROOF_3084	3	ndim	malign auto (SCA)	0.5714	0.5714	0.5714	0.5714	ok
NorthEuralex Italic	ROOSTER_859	5	progressive	malign auto (SCA)	0.3333	0.4833	0.4833	0.4833	ok
NorthEuralex Italic	ROT_1023	3	ndim	malign auto (SCA)	0.2500	0.5000	0.5000	0.5000	ok
NorthEuralex Italic	ROUND_3099	5	progressive	malign auto (SCA)		0.6889	0.7750	0.7294	len_mismatch
NorthEuralex Italic	ROW_3103	6	progressive	malign auto (SCA)	0.7500	0.8500	0.8500	0.8500	ok
NorthEuralex Italic	RUB_3110	4	ndim	malign auto (SCA)		0.1875	0.1667	0.1765	len_mismatch
NorthEuralex Italic	RULE_3114	4	ndim	malign auto (SCA)	0.0000	0.0625	0.0625	0.0625	ok
NorthEuralex Italic	RUN_3119	6	progressive	malign auto (SCA)	1.0000	1.0000	1.0000	1.0000	ok
NorthEuralex Italic	RUSTLE_(OF_LEAVES)_3129	3	ndim	malign auto (SCA)	0.0000	0.3333	0.3333	0.3333	ok
NorthEuralex Italic	SACK_3135	7	progressive	malign auto (SCA)	1.0000	1.0000	1.0000	1.0000	ok
NorthEuralex Italic	SAD_3136	6	progressive	malign auto (SCA)	1.0000	1.0000	1.0000	1.0000	ok
NorthEuralex Italic	SALT_3139	7	progressive	malign auto (SCA)	1.0000	1.0000	1.0000	1.0000	ok
NorthEuralex Italic	SAND_3140	5	progressive	malign auto (SCA)	1.0000	1.0000	1.0000	1.0000	ok
NorthEuralex Italic	SATURDAY_44	3	ndim	malign auto (SCA)	1.0000	1.0000	1.0000	1.0000	ok
NorthEuralex Italic	SAY_3144	6	progressive	malign auto (SCA)		0.8095	0.9444	0.8718	len_mismatch
NorthEuralex Italic	SCRAPE_3154	3	ndim	malign auto (SCA)		0.2083	0.1852	0.1961	len_mismatch
NorthEuralex Italic	SCRAPE_3155	3	ndim	malign auto (SCA)	0.0000	0.3333	0.3333	0.3333	ok
NorthEuralex Italic	SEA_3157	7	progressive	malign auto (SCA)	1.0000	1.0000	1.0000	1.0000	ok
NorthEuralex Italic	SECOND_3158	6	progressive	malign auto (SCA)	0.7500	0.9167	0.9167	0.9167	ok
NorthEuralex Italic	SEEM_3168	5	progressive	malign auto (SCA)	1.0000	1.0000	1.0000	1.0000	ok
NorthEuralex Italic	SEEM_3169	3	ndim	malign auto (SCA)	0.1250	0.1667	0.1667	0.1667	ok
NorthEuralex Italic	SEE_3161	7	progressive	malign auto (SCA)		0.1488	0.1701	0.1587	len_mismatch
NorthEuralex Italic	SELL_3193	7	progressive	malign auto (SCA)		0.4180	0.5374	0.4702	len_mismatch
NorthEuralex Italic	SEND_3194	4	ndim	malign auto (SCA)		0.0476	0.0417	0.0444	len_mismatch
NorthEuralex Italic	SEPARATE_3198	4	ndim	malign auto (SCA)		0.2778	0.2500	0.2632	len_mismatch
NorthEuralex Italic	SEPTEMBER_49	7	progressive	malign auto (SCA)		0.2279	0.2659	0.2454	len_mismatch
NorthEuralex Italic	SET_(HEAVENLY_BODIES)_3204	3	ndim	malign auto (SCA)	0.4286	0.6190	0.6190	0.6190	ok
NorthEuralex Italic	SEVENTY_3211	5	progressive	malign auto (SCA)		0.5083	0.5545	0.5304	len_mismatch
NorthEuralex Italic	SEVEN_3210	7	progressive	malign auto (SCA)	0.3333	0.6508	0.6508	0.6508	ok
NorthEuralex Italic	SEVERE_2540	6	progressive	malign auto (SCA)	1.0000	1.0000	1.0000	1.0000	ok
NorthEuralex Italic	SEW_3214	6	progressive	malign auto (SCA)		0.2952	0.3444	0.3179	len_mismatch
NorthEuralex Italic	SHADE_3217	7	progressive	malign auto (SCA)		0.3946	0.4603	0.4249	len_mismatch
NorthEuralex Italic	SHAKE_3218	4	ndim	malign auto (SCA)		0.0625	0.0556	0.0588	len_mismatch
NorthEuralex Italic	SHAKE_3219	4	ndim	malign auto (SCA)	0.0000	0.2143	0.2143	0.2143	ok
NorthEuralex Italic	SHARPEN_(SOMETHING)_3230	4	ndim	malign auto (SCA)		0.0833	0.0714	0.0769	len_mismatch
NorthEuralex Italic	SHARP_3223	3	ndim	malign auto (SCA)	0.5714	0.7143	0.7143	0.7143	ok
NorthEuralex Italic	SHEEP_3236	3	ndim	malign auto (SCA)	1.0000	1.0000	1.0000	1.0000	ok
NorthEuralex Italic	SHINE_3249	4	ndim	malign auto (SCA)	0.0000	0.1667	0.1667	0.1667	ok
NorthEuralex Italic	SHIRT_3254	5	progressive	malign auto (SCA)	1.0000	1.0000	1.0000	1.0000	ok
NorthEuralex Italic	SHIVER_4064	6	progressive	malign auto (SCA)		0.6333	0.7037	0.6667	len_mismatch
NorthEuralex Italic	SHOE_3257	3	ndim	malign auto (SCA)	1.0000	1.0000	1.0000	1.0000	ok
NorthEuralex Italic	SHOOT_3263	5	progressive	malign auto (SCA)		0.6000	0.6667	0.6316	len_mismatch
NorthEuralex Italic	SHORE_OF_LAKE_3273	4	ndim	malign auto (SCA)	0.0000	0.0000	0.0000	0.0000	ok
NorthEuralex Italic	SHORT_3279	5	progressive	malign auto (SCA)	1.0000	1.0000	1.0000	1.0000	ok
NorthEuralex Italic	SHOUT_3288	5	progressive	malign auto (SCA)	1.0000	1.0000	1.0000	1.0000	ok
NorthEuralex Italic	SHOVEL_3295	5	progressive	malign auto (SCA)	0.6667	0.7000	0.7000	0.7000	ok
NorthEuralex Italic	SHOW_3298	5	progressive	malign auto (SCA)	1.0000	1.0000	1.0000	1.0000	ok
NorthEuralex Italic	SICK_3310	3	ndim	malign auto (SCA)	0.7143	0.8095	0.8095	0.8095	ok
NorthEuralex Italic	SICK_3311	3	ndim	malign auto (SCA)	0.0000	0.0000	0.0000	0.0000	ok
NorthEuralex Italic	SIDE_3315	4	ndim	malign auto (SCA)	0.0000	0.0000	0.0000	0.0000	ok
NorthEuralex Italic	SIDE_3316	3	ndim	malign auto (SCA)	0.0000	0.0476	0.0476	0.0476	ok
NorthEuralex Italic	SIGN_3320	4	ndim	malign auto (SCA)		0.3056	0.2619	0.2821	len_mismatch
NorthEuralex Italic	SIGN_3321	4	ndim	malign auto (SCA)	0.0000	0.3000	0.3000	0.3000	ok
NorthEuralex Italic	SILENCE_667	5	progressive	malign auto (SCA)	1.0000	1.0000	1.0000	1.0000	ok
NorthEuralex Italic	SILENCE_668	3	ndim	malign auto (SCA)	0.1250	0.2083	0.2083	0.2083	ok
NorthEuralex Italic	SILVER_3324	3	ndim	malign auto (SCA)	1.0000	1.0000	1.0000	1.0000	ok
NorthEuralex Italic	SILVER_3325	3	ndim	malign auto (SCA)	0.0000	0.3333	0.3333	0.3333	ok
NorthEuralex Italic	SING_3331	6	progressive	malign auto (SCA)		0.2917	0.3333	0.3111	len_mismatch
NorthEuralex Italic	SINK_(DESCEND)_3333	3	ndim	malign auto (SCA)	0.2000	0.3333	0.3333	0.3333	ok
NorthEuralex Italic	SIN_3327	6	progressive	malign auto (SCA)	1.0000	1.0000	1.0000	1.0000	ok
NorthEuralex Italic	SISTER_3338	3	ndim	malign auto (SCA)	0.0000	0.0000	0.0000	0.0000	ok
NorthEuralex Italic	SIT_3342	4	ndim	malign auto (SCA)	0.1667	0.3611	0.3611	0.3611	ok
NorthEuralex Italic	SIT_DOWN_3346	3	ndim	malign auto (SCA)	0.6250	0.6250	0.6250	0.6250	ok
NorthEuralex Italic	SIXTY_3355	6	progressive	malign auto (SCA)	0.6364	0.8788	0.8788	0.8788	ok
NorthEuralex Italic	SIX_3352	5	progressive	malign auto (SCA)	0.5000	0.6500	0.6500	0.6500	ok
NorthEuralex Italic	SKIN_(OF_FRUIT)_2763	3	ndim	malign auto (SCA)		0.0000	0.0000	0.0000	len_mismatch
NorthEuralex Italic	SKIN_3370	6	progressive	malign auto (SCA)		0.6286	0.7333	0.6769	len_mismatch
NorthEuralex Italic	SKI_3364	5	progressive	malign auto (SCA)	0.2500	0.7000	0.7000	0.7000	ok
NorthEuralex Italic	SLAB_3378	4	ndim	malign auto (SCA)	0.0000	0.1667	0.1667	0.1667	ok
NorthEuralex Italic	SLED_3388	4	ndim	malign auto (SCA)		0.2222	0.1905	0.2051	len_mismatch
NorthEuralex Italic	SLEEP_(STATE)_3384	6	progressive	malign auto (SCA)	0.1429	0.3905	0.3905	0.3905	ok
NorthEuralex Italic	SLEEP_3383	7	progressive	malign auto (SCA)	0.7143	0.9184	0.9184	0.9184	ok
NorthEuralex Italic	SLEEVE_3386	6	progressive	malign auto (SCA)	0.5000	0.8333	0.8333	0.8333	ok
NorthEuralex Italic	SLOPE_3405	3	ndim	malign auto (SCA)		0.1111	0.0952	0.1026	len_mismatch
NorthEuralex Italic	SMOKE_(EMIT_SMOKE)_3416	6	progressive	malign auto (SCA)		0.6571	0.5750	0.6133	len_mismatch
NorthEuralex Italic	SMOKE_(EXHAUST)_3416	6	progressive	malign auto (SCA)		0.8400	0.7000	0.7636	len_mismatch
NorthEuralex Italic	SMOOTH_3420	6	progressive	malign auto (SCA)	1.0000	1.0000	1.0000	1.0000	ok
NorthEuralex Italic	SNAKE_3423	7	progressive	malign auto (SCA)	0.4444	0.6878	0.6878	0.6878	ok
NorthEuralex Italic	SNOW_3430	4	ndim	malign auto (SCA)	0.0000	0.3333	0.3333	0.3333	ok
NorthEuralex Italic	SOFT_3439	4	ndim	malign auto (SCA)		0.2667	0.2222	0.2424	len_mismatch
NorthEuralex Italic	SOLID_1463	7	progressive	malign auto (SCA)	0.4286	0.8367	0.8367	0.8367	ok
NorthEuralex Italic	SOLID_1464	4	ndim	malign auto (SCA)	0.0000	0.1667	0.1667	0.1667	ok
NorthEuralex Italic	SOMETIMES_3443	3	ndim	malign auto (SCA)		0.1111	0.1000	0.1053	len_mismatch
NorthEuralex Italic	SONG_3454	3	ndim	malign auto (SCA)		0.1905	0.1667	0.1778	len_mismatch
NorthEuralex Italic	SON_3451	6	progressive	malign auto (SCA)		0.6000	0.7000	0.6462	len_mismatch
NorthEuralex Italic	SOUND_(OF_INSTRUMENT_OR_VOICE)_3477	6	progressive	malign auto (SCA)	0.4286	0.5429	0.5429	0.5429	ok
NorthEuralex Italic	SOUND_OR_NOISE_3477	4	ndim	malign auto (SCA)		0.0833	0.0714	0.0769	len_mismatch
NorthEuralex Italic	SOUND_OR_NOISE_3478	3	ndim	malign auto (SCA)	1.0000	1.0000	1.0000	1.0000	ok
NorthEuralex Italic	SOUP_3480	6	progressive	malign auto (SCA)	1.0000	1.0000	1.0000	1.0000	ok
NorthEuralex Italic	SOUR_3486	4	ndim	malign auto (SCA)	0.2000	0.2000	0.2000	0.2000	ok
NorthEuralex Italic	SOUTH_3499	5	progressive	malign auto (SCA)	1.0000	1.0000	1.0000	1.0000	ok
NorthEuralex Italic	SPADE_3510	3	ndim	malign auto (SCA)	1.0000	1.0000	1.0000	1.0000	ok
NorthEuralex Italic	SPARK_3516	5	progressive	malign auto (SCA)	1.0000	1.0000	1.0000	1.0000	ok
NorthEuralex Italic	SPEAK_3528	3	ndim	malign auto (SCA)	0.1429	0.1429	0.1429	0.1429	ok
NorthEuralex Italic	SPEECH_3532	6	progressive	malign auto (SCA)	1.0000	1.0000	1.0000	1.0000	ok
NorthEuralex Italic	SPIDER_3536	6	progressive	malign auto (SCA)	0.6667	0.8889	0.8889	0.8889	ok
NorthEuralex Italic	SPIRIT_3544	6	progressive	malign auto (SCA)	1.0000	1.0000	1.0000	1.0000	ok
NorthEuralex Italic	SPIRIT_3545	5	progressive	malign auto (SCA)		0.1111	0.1250	0.1176	len_mismatch
NorthEuralex Italic	SPOIL_(BECOME_SPOILED)_3093	3	ndim	malign auto (SCA)	0.2500	0.5000	0.5000	0.5000	ok
NorthEuralex Italic	SPOIL_(SOMEBODY_OR_SOMETHING)_3549	3	ndim	malign auto (SCA)	0.0000	0.0741	0.0741	0.0741	ok
NorthEuralex Italic	SPOON_3555	4	ndim	malign auto (SCA)		0.0714	0.0625	0.0667	len_mismatch
NorthEuralex Italic	SPREAD_OUT_3559	3	ndim	malign auto (SCA)	0.0000	0.0000	0.0000	0.0000	ok
NorthEuralex Italic	SPRINGTIME_3565	5	progressive	malign auto (SCA)	1.0000	1.0000	1.0000	1.0000	ok
NorthEuralex Italic	STAR_3592	4	ndim	malign auto (SCA)	0.1429	0.5714	0.5714	0.5714	ok
NorthEuralex Italic	STAR_3593	3	ndim	malign auto (SCA)	0.2000	0.4667	0.4667	0.4667	ok
NorthEuralex Italic	STATE_(POLITICS)_3600	5	progressive	malign auto (SCA)		0.7571	0.8833	0.8154	len_mismatch
NorthEuralex Italic	STEAL_3609	4	ndim	malign auto (SCA)		0.2222	0.1905	0.2051	len_mismatch
NorthEuralex Italic	STEAL_3610	3	ndim	malign auto (SCA)	0.0000	0.0000	0.0000	0.0000	ok
NorthEuralex Italic	STEP_(VERB)_3613	3	ndim	malign auto (SCA)	0.0000	0.0000	0.0000	0.0000	ok
NorthEuralex Italic	STICK_3618	4	ndim	malign auto (SCA)	0.0000	0.3333	0.3333	0.3333	ok
NorthEuralex Italic	STICK_3619	3	ndim	malign auto (SCA)	0.0000	0.0000	0.0000	0.0000	ok
NorthEuralex Italic	STILL_(CONTINUING)_3629	3	ndim	malign auto (SCA)	0.1667	0.4444	0.4444	0.4444	ok
NorthEuralex Italic	STINGY_3639	5	progressive	malign auto (SCA)	0.7143	0.8000	0.8000	0.8000	ok
NorthEuralex Italic	STING_3635	6	progressive	malign auto (SCA)	1.0000	1.0000	1.0000	1.0000	ok
NorthEuralex Italic	STIR_3643	3	ndim	malign auto (SCA)	0.0000	0.0000	0.0000	0.0000	ok
NorthEuralex Italic	STOMACH_3647	7	progressive	malign auto (SCA)		0.0879	0.1143	0.0994	len_mismatch
NorthEuralex Italic	STONE_3648	6	progressive	malign auto (SCA)	0.2857	0.5524	0.5524	0.5524	ok
NorthEuralex Italic	STORY_3659	6	progressive	malign auto (SCA)		0.5704	0.4667	0.5133	len_mismatch
NorthEuralex Italic	STORY_3660	3	ndim	malign auto (SCA)	0.1667	0.2778	0.2778	0.2778	ok
NorthEuralex Italic	STOVE_3664	4	ndim	malign auto (SCA)	1.0000	1.0000	1.0000	1.0000	ok
NorthEuralex Italic	STRAP_3669	5	progressive	malign auto (SCA)	0.5000	0.8000	0.8000	0.8000	ok
NorthEuralex Italic	STREAM_(FLOW_CONTINUOUSLY)_3673	3	ndim	malign auto (SCA)	0.0000	0.1111	0.1111	0.1111	ok
NorthEuralex Italic	STRENGTH_3677	3	ndim	malign auto (SCA)		0.0000	0.0000	0.0000	len_mismatch
NorthEuralex Italic	STRENGTH_3678	4	ndim	malign auto (SCA)	0.0000	0.0476	0.0476	0.0476	ok
NorthEuralex Italic	STRIKE_(SOMEONE)_337	5	progressive	malign auto (SCA)		0.5286	0.6167	0.5692	len_mismatch
NorthEuralex Italic	STRIKE_(SOMETHING)_1942	4	ndim	malign auto (SCA)	0.0000	0.0000	0.0000	0.0000	ok
NorthEuralex Italic	STRING_3681	5	progressive	malign auto (SCA)	1.0000	1.0000	1.0000	1.0000	ok
NorthEuralex Italic	STROKE_(OF_PEN)_3686	5	progressive	malign auto (SCA)	1.0000	1.0000	1.0000	1.0000	ok
NorthEuralex Italic	STRONG_3691	5	progressive	malign auto (SCA)	1.0000	1.0000	1.0000	1.0000	ok
NorthEuralex Italic	STRONG_3692	3	ndim	malign auto (SCA)	0.0000	0.3333	0.3333	0.3333	ok
NorthEuralex Italic	STUPID_3698	5	progressive	malign auto (SCA)	0.7778	0.8444	0.8444	0.8444	ok
NorthEuralex Italic	SUMMIT_3729	4	ndim	malign auto (SCA)	0.0000	0.1667	0.1667	0.1667	ok
NorthEuralex Italic	SUNDAY_50	5	progressive	malign auto (SCA)	0.6667	0.8667	0.8667	0.8667	ok
NorthEuralex Italic	SUN_3735	5	progressive	malign auto (SCA)	1.0000	1.0000	1.0000	1.0000	ok
NorthEuralex Italic	SUPPORT_(OF_OBJECT)_3738	4	ndim	malign auto (SCA)	0.0000	0.5000	0.5000	0.5000	ok
NorthEuralex Italic	SWAMP_3752	3	ndim	malign auto (SCA)	0.1429	0.2857	0.2857	0.2857	ok
NorthEuralex Italic	SWAN_3757	4	ndim	malign auto (SCA)	0.0000	0.5000	0.5000	0.5000	ok
NorthEuralex Italic	SWAY_3770	6	progressive	malign auto (SCA)		0.0545	0.0667	0.0600	len_mismatch
NorthEuralex Italic	SWEEP_3773	3	ndim	malign auto (SCA)	0.0000	0.0000	0.0000	0.0000	ok
NorthEuralex Italic	SWEET_3780	5	progressive	malign auto (SCA)	1.0000	1.0000	1.0000	1.0000	ok
NorthEuralex Italic	SWIM_3783	6	progressive	malign auto (SCA)	0.5714	0.7429	0.7429	0.7429	ok
NorthEuralex Italic	SWINDLE_738	3	ndim	malign auto (SCA)	0.1250	0.2500	0.2500	0.2500	ok
NorthEuralex Italic	SWING_(MOVEMENT)_3785	5	progressive	malign auto (SCA)	0.7143	0.8000	0.8000	0.8000	ok
NorthEuralex Italic	SWING_(MOVEMENT)_3787	4	ndim	malign auto (SCA)		0.0476	0.0417	0.0444	len_mismatch
NorthEuralex Italic	SWING_(SOMETHING)_3786	5	progressive	malign auto (SCA)	0.7143	0.7429	0.7429	0.7429	ok
NorthEuralex Italic	TABLE_3791	4	ndim	malign auto (SCA)	1.0000	1.0000	1.0000	1.0000	ok
NorthEuralex Italic	TABLE_3792	3	ndim	malign auto (SCA)	0.3333	0.3333	0.3333	0.3333	ok
NorthEuralex Italic	TAIL_3793	4	ndim	malign auto (SCA)	0.4000	0.5000	0.5000	0.5000	ok
NorthEuralex Italic	TAKE_3797	3	ndim	malign auto (SCA)	0.2500	0.2500	0.2500	0.2500	ok
NorthEuralex Italic	TAKE_3798	3	ndim	malign auto (SCA)	0.0000	0.0000	0.0000	0.0000	ok
NorthEuralex Italic	TALK_3814	3	ndim	malign auto (SCA)	0.1429	0.1429	0.1429	0.1429	ok
NorthEuralex Italic	TASTE_(SOMETHING)_3822	3	ndim	malign auto (SCA)	0.0000	0.2593	0.2593	0.2593	ok
NorthEuralex Italic	TASTE_(SOMETHING)_3823	3	ndim	malign auto (SCA)	0.0000	0.3333	0.3333	0.3333	ok
NorthEuralex Italic	TASTE_1477	7	progressive	malign auto (SCA)		0.6122	0.7143	0.6593	len_mismatch
NorthEuralex Italic	TASTE_1478	4	ndim	malign auto (SCA)	0.0000	0.0000	0.0000	0.0000	ok
NorthEuralex Italic	TASTY_1049	4	ndim	malign auto (SCA)		0.1296	0.1167	0.1228	len_mismatch
NorthEuralex Italic	TEACHER_3837	5	progressive	malign auto (SCA)	1.0000	1.0000	1.0000	1.0000	ok
NorthEuralex Italic	TEACH_3831	4	ndim	malign auto (SCA)	0.0000	0.0208	0.0208	0.0208	ok
NorthEuralex Italic	TEAR_(OF_EYE)_3842	6	progressive	malign auto (SCA)	1.0000	1.0000	1.0000	1.0000	ok
NorthEuralex Italic	TEA_3827	4	ndim	malign auto (SCA)	1.0000	1.0000	1.0000	1.0000	ok
NorthEuralex Italic	TELL_3859	5	progressive	malign auto (SCA)		0.1727	0.2111	0.1900	len_mismatch
NorthEuralex Italic	TENDON_3329	6	progressive	malign auto (SCA)	0.7143	0.9048	0.9048	0.9048	ok
NorthEuralex Italic	TEN_3864	4	ndim	malign auto (SCA)	0.5000	0.5000	0.5000	0.5000	ok
NorthEuralex Italic	THAT_3868	3	ndim	malign auto (SCA)	1.0000	1.0000	1.0000	1.0000	ok
NorthEuralex Italic	THERE_3895	4	ndim	malign auto (SCA)	1.0000	1.0000	1.0000	1.0000	ok
NorthEuralex Italic	THEY_3900	4	ndim	malign auto (SCA)	0.0000	0.5000	0.5000	0.5000	ok
NorthEuralex Italic	THICK_3904	5	progressive	malign auto (SCA)	1.0000	1.0000	1.0000	1.0000	ok
NorthEuralex Italic	THING_3919	4	ndim	malign auto (SCA)	0.4000	0.4000	0.4000	0.4000	ok
NorthEuralex Italic	THINK_(REFLECT)_3924	5	progressive	malign auto (SCA)		0.5500	0.6286	0.5867	len_mismatch
NorthEuralex Italic	THIN_(SLIM)_3401	5	progressive	malign auto (SCA)	1.0000	1.0000	1.0000	1.0000	ok
NorthEuralex Italic	THIRD_3927	5	progressive	malign auto (SCA)	0.7778	0.8444	0.8444	0.8444	ok
NorthEuralex Italic	THIRTY_3930	6	progressive	malign auto (SCA)	0.3750	0.7583	0.7583	0.7583	ok
NorthEuralex Italic	THIS_3932	3	ndim	malign auto (SCA)	1.0000	1.0000	1.0000	1.0000	ok
NorthEuralex Italic	THOUGHT_3947	4	ndim	malign auto (SCA)	0.2000	0.2000	0.2000	0.2000	ok
NorthEuralex Italic	THOUGHT_3948	3	ndim	malign auto (SCA)	0.0000	0.1212	0.1212	0.1212	ok
NorthEuralex Italic	THOUSAND_76	6	progressive	malign auto (SCA)	1.0000	1.0000	1.0000	1.0000	ok
NorthEuralex Italic	THOU_3945	7	progressive	malign auto (SCA)	1.0000	1.0000	1.0000	1.0000	ok
NorthEuralex Italic	THREAD_3954	5	progressive	malign auto (SCA)	1.0000	1.0000	1.0000	1.0000	ok
NorthEuralex Italic	THREE_3957	7	progressive	malign auto (SCA)	1.0000	1.0000	1.0000	1.0000	ok
NorthEuralex Italic	THROUGH_3963	6	progressive	malign auto (SCA)	1.0000	1.0000	1.0000	1.0000	ok
NorthEuralex Italic	THROW_3967	5	progressive	malign auto (SCA)		0.5500	0.6286	0.5867	len_mismatch
NorthEuralex Italic	THUNDER_(VERB)_3972	7	progressive	malign auto (SCA)		0.3190	0.3545	0.3358	len_mismatch
NorthEuralex Italic	THUNDER_3972	4	ndim	malign auto (SCA)		0.0208	0.0185	0.0196	len_mismatch
NorthEuralex Italic	TIE_3975	5	progressive	malign auto (SCA)	1.0000	1.0000	1.0000	1.0000	ok
NorthEuralex Italic	TIE_UP_(TETHER)_3980	4	ndim	malign auto (SCA)	0.2857	0.4048	0.4048	0.4048	ok
NorthEuralex Italic	TIME_3983	5	progressive	malign auto (SCA)		0.3000	0.3429	0.3200	len_mismatch
NorthEuralex Italic	TINKLE_3987	3	ndim	malign auto (SCA)		0.4444	0.4000	0.4211	len_mismatch
NorthEuralex Italic	TIP_(OF_OBJECT)_3992	4	ndim	malign auto (SCA)	0.4000	0.7000	0.7000	0.7000	ok
NorthEuralex Italic	TOE_4006	4	ndim	malign auto (SCA)	0.0000	0.0417	0.0417	0.0417	ok
NorthEuralex Italic	TONE_(MUSIC)_4022	6	progressive	malign auto (SCA)	1.0000	1.0000	1.0000	1.0000	ok
NorthEuralex Italic	TONGUE_4024	5	progressive	malign auto (SCA)	1.0000	1.0000	1.0000	1.0000	ok
NorthEuralex Italic	TOOTH_4027	6	progressive	malign auto (SCA)	0.5000	0.7444	0.7444	0.7444	ok
NorthEuralex Italic	TOUCH_4029	6	progressive	malign auto (SCA)	0.2857	0.4762	0.4762	0.4762	ok
NorthEuralex Italic	TOWN_4040	3	ndim	malign auto (SCA)		0.1111	0.0952	0.1026	len_mismatch
NorthEuralex Italic	TRANSLATE_4052	6	progressive	malign auto (SCA)		0.7333	0.6519	0.6902	len_mismatch
NorthEuralex Italic	TREE_4061	6	progressive	malign auto (SCA)	1.0000	1.0000	1.0000	1.0000	ok
NorthEuralex Italic	TREE_TRUNK_4074	6	progressive	malign auto (SCA)	0.7143	0.9048	0.9048	0.9048	ok
NorthEuralex Italic	TROUSERS_4066	4	ndim	malign auto (SCA)	0.0000	0.0185	0.0185	0.0185	ok
NorthEuralex Italic	TRUE_4069	3	ndim	malign auto (SCA)	0.1000	0.1667	0.1667	0.1667	ok
NorthEuralex Italic	TRUE_4070	3	ndim	malign auto (SCA)	0.0000	0.0667	0.0667	0.0667	ok
NorthEuralex Italic	TRUTH_4076	6	progressive	malign auto (SCA)	0.3750	0.4000	0.4000	0.4000	ok
NorthEuralex Italic	TRY_4078	5	progressive	malign auto (SCA)		0.4455	0.4900	0.4667	len_mismatch
NorthEuralex Italic	TUBE_2814	6	progressive	malign auto (SCA)	1.0000	1.0000	1.0000	1.0000	ok
NorthEuralex Italic	TUESDAY_60	4	ndim	malign auto (SCA)	0.0000	0.0000	0.0000	0.0000	ok
NorthEuralex Italic	TUMBLE_(FALL_DOWN)_4082	3	ndim	malign auto (SCA)		0.5000	0.4286	0.4615	len_mismatch
NorthEuralex Italic	TURN_(SOMETHING)_4094	3	ndim	malign auto (SCA)	0.0000	0.3333	0.3333	0.3333	ok
NorthEuralex Italic	TWELVE_4106	4	ndim	malign auto (SCA)	0.0000	0.5000	0.5000	0.5000	ok
NorthEuralex Italic	TWENTY_4109	3	ndim	malign auto (SCA)	0.4286	0.4762	0.4762	0.4762	ok
NorthEuralex Italic	TWENTY_4110	3	ndim	malign auto (SCA)	0.0000	0.1667	0.1667	0.1667	ok
NorthEuralex Italic	TWIG_4112	6	progressive	malign auto (SCA)	1.0000	1.0000	1.0000	1.0000	ok
NorthEuralex Italic	TWO_4115	7	progressive	malign auto (SCA)		0.8690	0.6952	0.7725	len_mismatch
NorthEuralex Italic	UNDERSTAND_4128	6	progressive	malign auto (SCA)		0.4364	0.4800	0.4571	len_mismatch
NorthEuralex Italic	UNDERSTAND_4129	4	ndim	malign auto (SCA)		0.0909	0.0833	0.0870	len_mismatch
NorthEuralex Italic	URGE_(SOMEONE)_4143	3	ndim	malign auto (SCA)	0.0000	0.2381	0.2381	0.2381	ok
NorthEuralex Italic	VEIN_4149	7	progressive	malign auto (SCA)		0.6095	0.7619	0.6772	len_mismatch
NorthEuralex Italic	VERY_4151	5	progressive	malign auto (SCA)	1.0000	1.0000	1.0000	1.0000	ok
NorthEuralex Italic	VIOLENCE_4164	6	progressive	malign auto (SCA)		0.7867	0.8741	0.8281	len_mismatch
NorthEuralex Italic	VISIT_4166	7	progressive	malign auto (SCA)	0.7500	0.9286	0.9286	0.9286	ok
NorthEuralex Italic	VOICE_4173	3	ndim	malign auto (SCA)	0.2500	0.2500	0.2500	0.2500	ok
NorthEuralex Italic	WAIT_(FOR)_4178	4	ndim	malign auto (SCA)	0.0000	0.0417	0.0417	0.0417	ok
NorthEuralex Italic	WAKE_UP_(SOMEONE)_4182	4	ndim	malign auto (SCA)	0.0000	0.1667	0.1667	0.1667	ok
NorthEuralex Italic	WALK_(MANNER)_4194	4	ndim	malign auto (SCA)	0.0000	0.1667	0.1667	0.1667	ok
NorthEuralex Italic	WALK_(TAKE_A_WALK)_3800	4	ndim	malign auto (SCA)		0.0185	0.0152	0.0167	len_mismatch
NorthEuralex Italic	WALK_4195	3	ndim	malign auto (SCA)	0.0000	0.0000	0.0000	0.0000	ok
NorthEuralex Italic	WANT_4205	4	ndim	malign auto (SCA)		0.0833	0.0714	0.0769	len_mismatch
NorthEuralex Italic	WARE_4211	3	ndim	malign auto (SCA)		0.1667	0.1515	0.1587	len_mismatch
NorthEuralex Italic	WARM_4216	5	progressive	malign auto (SCA)		0.7000	0.8000	0.7467	len_mismatch
NorthEuralex Italic	WAR_4208	5	progressive	malign auto (SCA)	0.6000	0.6000	0.6000	0.6000	ok
NorthEuralex Italic	WASH_(ONESELF)_4221	5	progressive	malign auto (SCA)		0.0429	0.0333	0.0375	len_mismatch
NorthEuralex Italic	WASH_4221	5	progressive	malign auto (SCA)	0.6667	0.8667	0.8667	0.8667	ok
NorthEuralex Italic	WATCH_4224	3	ndim	malign auto (SCA)	0.0000	0.3333	0.3333	0.3333	ok
NorthEuralex Italic	WATER_4229	5	progressive	malign auto (SCA)	0.2000	0.6800	0.6800	0.6800	ok
NorthEuralex Italic	WAVE_4236	5	progressive	malign auto (SCA)	1.0000	1.0000	1.0000	1.0000	ok
NorthEuralex Italic	WEAK_4249	3	ndim	malign auto (SCA)	1.0000	1.0000	1.0000	1.0000	ok
NorthEuralex Italic	WEALTH_4254	5	progressive	malign auto (SCA)	0.7143	0.7429	0.7429	0.7429	ok
NorthEuralex Italic	WEATHER_4259	5	progressive	malign auto (SCA)	0.2000	0.3000	0.3000	0.3000	ok
NorthEuralex Italic	WEDNESDAY_64	4	ndim	malign auto (SCA)		0.0741	0.0667	0.0702	len_mismatch
NorthEuralex Italic	WEEK_4264	7	progressive	malign auto (SCA)	0.5556	0.6190	0.6190	0.6190	ok
NorthEuralex Italic	WEIGHT_4269	4	ndim	malign auto (SCA)	0.0000	0.5000	0.5000	0.5000	ok
NorthEuralex Italic	WELL_4273	5	progressive	malign auto (SCA)	0.6000	0.6400	0.6400	0.6400	ok
NorthEuralex Italic	WEST_4276	3	ndim	malign auto (SCA)		0.0476	0.0417	0.0444	len_mismatch
NorthEuralex Italic	WET_4284	3	ndim	malign auto (SCA)	0.0000	0.3333	0.3333	0.3333	ok
NorthEuralex Italic	WE_4247	5	progressive	malign auto (SCA)	0.5000	0.5000	0.5000	0.5000	ok
NorthEuralex Italic	WHAT_4289	5	progressive	malign auto (SCA)	1.0000	1.0000	1.0000	1.0000	ok
NorthEuralex Italic	WHERE_4293	3	ndim	malign auto (SCA)	0.6000	0.7333	0.7333	0.7333	ok
NorthEuralex Italic	WHITE_4313	5	progressive	malign auto (SCA)		0.4000	0.3429	0.3692	len_mismatch
NorthEuralex Italic	WHO_4316	4	ndim	malign auto (SCA)	0.0000	0.0000	0.0000	0.0000	ok
NorthEuralex Italic	WHY_4320	3	ndim	malign auto (SCA)	0.1667	0.1667	0.1667	0.1667	ok
NorthEuralex Italic	WIDE_4325	4	ndim	malign auto (SCA)	0.0000	0.1667	0.1667	0.1667	ok
NorthEuralex Italic	WILLOW_4335	3	ndim	malign auto (SCA)		0.2222	0.1905	0.2051	len_mismatch
NorthEuralex Italic	WINDOW_4346	5	progressive	malign auto (SCA)		0.5100	0.5667	0.5368	len_mismatch
NorthEuralex Italic	WIND_4345	7	progressive	malign auto (SCA)	0.1429	0.2925	0.2925	0.2925	ok
NorthEuralex Italic	WING_4349	4	ndim	malign auto (SCA)	1.0000	1.0000	1.0000	1.0000	ok
NorthEuralex Italic	WINTER_4353	5	progressive	malign auto (SCA)	0.5000	0.5750	0.5750	0.5750	ok
NorthEuralex Italic	WIN_4341	5	progressive	malign auto (SCA)		0.5875	0.6714	0.6267	len_mismatch
NorthEuralex Italic	WOLF_4369	7	progressive	malign auto (SCA)	1.0000	1.0000	1.0000	1.0000	ok
NorthEuralex Italic	WOMAN_4370	3	ndim	malign auto (SCA)	0.3333	0.3333	0.3333	0.3333	ok
NorthEuralex Italic	WOOL_4379	6	progressive	malign auto (SCA)	1.0000	1.0000	1.0000	1.0000	ok
NorthEuralex Italic	WORKER_4390	3	ndim	malign auto (SCA)	0.4000	0.6000	0.6000	0.6000	ok
NorthEuralex Italic	WORKER_4391	3	ndim	malign auto (SCA)	0.1667	0.1667	0.1667	0.1667	ok
NorthEuralex Italic	WORKER_4392	3	ndim	malign auto (SCA)		0.0370	0.0333	0.0351	len_mismatch
NorthEuralex Italic	WORK_(ACTIVITY)_4387	4	ndim	malign auto (SCA)	0.0000	0.1667	0.1667	0.1667	ok
NorthEuralex Italic	WORK_(LABOUR)_4387	4	ndim	malign auto (SCA)		0.1667	0.1458	0.1556	len_mismatch
NorthEuralex Italic	WORK_(LABOUR)_4388	3	ndim	malign auto (SCA)	0.0000	0.0000	0.0000	0.0000	ok
NorthEuralex Italic	WORLD_4395	6	progressive	malign auto (SCA)	0.6667	0.8000	0.8000	0.8000	ok
NorthEuralex Italic	WORM_4397	4	ndim	malign auto (SCA)		0.3611	0.3095	0.3333	len_mismatch
NorthEuralex Italic	WOUND_4402	4	ndim	malign auto (SCA)	1.0000	1.0000	1.0000	1.0000	ok
NorthEuralex Italic	WRAP_4409	3	ndim	malign auto (SCA)	0.0000	0.0370	0.0370	0.0370	ok
NorthEuralex Italic	WRITE_4416	6	progressive	malign auto (SCA)		0.7733	0.8593	0.8140	len_mismatch
NorthEuralex Italic	YEAR_4418	5	progressive	malign auto (SCA)	1.0000	1.0000	1.0000	1.0000	ok
NorthEuralex Italic	YOUNG_4436	3	ndim	malign auto (SCA)	0.0000	0.3333	0.3333	0.3333	ok
NorthEuralex Italic	YOU_4433	3	ndim	malign auto (SCA)	0.0000	0.0667	0.0667	0.0667	ok
NorthEuralex Italic	ACHE_87	5	progressive	malign auto (boot)		0.1833	0.1375	0.1571	len_mismatch
NorthEuralex Italic	AFFAIR_2374	4	ndim	malign auto (boot)	0.0000	0.1667	0.1667	0.1667	ok
NorthEuralex Italic	AFTERWARDS_96	3	ndim	malign auto (boot)		0.3810	0.3333	0.3556	len_mismatch
NorthEuralex Italic	AGAIN_104	3	ndim	malign auto (boot)		0.1429	0.1250	0.1333	len_mismatch
NorthEuralex Italic	AGE_110	3	ndim	malign auto (boot)	0.0000	0.0000	0.0000	0.0000	ok
NorthEuralex Italic	AIR_129	4	ndim	malign auto (boot)	1.0000	1.0000	1.0000	1.0000	ok
NorthEuralex Italic	ALL_1325	6	progressive	malign auto (boot)		0.4267	0.5333	0.4741	len_mismatch
NorthEuralex Italic	ALREADY_135	4	ndim	malign auto (boot)	1.0000	1.0000	1.0000	1.0000	ok
NorthEuralex Italic	ALWAYS_145	5	progressive	malign auto (boot)		0.1556	0.1750	0.1647	len_mismatch
NorthEuralex Italic	AMOUNT_149	6	progressive	malign auto (boot)		0.3231	0.4200	0.3652	len_mismatch
NorthEuralex Italic	AND_151	3	ndim	malign auto (boot)	1.0000	1.0000	1.0000	1.0000	ok
NorthEuralex Italic	ANIMAL_162	6	progressive	malign auto (boot)	1.0000	1.0000	1.0000	1.0000	ok
NorthEuralex Italic	ANT_171	7	progressive	malign auto (boot)		0.0060	0.0068	0.0063	len_mismatch
NorthEuralex Italic	APRIL_1	7	progressive	malign auto (boot)		0.8503	0.7440	0.7937	len_mismatch
NorthEuralex Italic	AREA_178	5	progressive	malign auto (boot)		0.3000	0.3429	0.3200	len_mismatch
NorthEuralex Italic	ARM_184	6	progressive	malign auto (boot)	0.6667	0.8889	0.8889	0.8889	ok
NorthEuralex Italic	ARRIVE_186	3	ndim	malign auto (boot)	0.1429	0.1429	0.1429	0.1429	ok
NorthEuralex Italic	ARROW_191	4	ndim	malign auto (boot)	0.0000	0.5000	0.5000	0.5000	ok
NorthEuralex Italic	ASK_(INQUIRE)_201	3	ndim	malign auto (boot)		0.0741	0.0667	0.0702	len_mismatch
NorthEuralex Italic	ASK_(REQUEST)_3000	3	ndim	malign auto (boot)	0.1429	0.4286	0.4286	0.4286	ok
NorthEuralex Italic	ASSEMBLE_(GET_TOGETHER)_206	4	ndim	malign auto (boot)	0.5556	0.6296	0.6296	0.6296	ok
NorthEuralex Italic	AT_FIRST_211	6	progressive	malign auto (boot)		0.6667	0.6111	0.6377	len_mismatch
NorthEuralex Italic	AUGUST_2	5	progressive	malign auto (boot)		0.1429	0.1250	0.1333	len_mismatch
NorthEuralex Italic	AUNT_230	4	ndim	malign auto (boot)	1.0000	1.0000	1.0000	1.0000	ok
NorthEuralex Italic	AUTUMN_234	5	progressive	malign auto (boot)		0.0600	0.0750	0.0667	len_mismatch
NorthEuralex Italic	A_LITTLE_71	3	ndim	malign auto (boot)		0.0000	0.0000	0.0000	len_mismatch
NorthEuralex Italic	BAD_LUCK_2448	3	ndim	malign auto (boot)		0.2593	0.2333	0.2456	len_mismatch
NorthEuralex Italic	BAG_273	4	ndim	malign auto (boot)	0.4000	0.7000	0.7000	0.7000	ok
NorthEuralex Italic	BAKE_277	3	ndim	malign auto (boot)	0.0714	0.1905	0.1905	0.1905	ok
NorthEuralex Italic	BAKE_278	3	ndim	malign auto (boot)	0.0000	0.1905	0.1905	0.1905	ok
NorthEuralex Italic	BARKING_282	6	progressive	malign auto (boot)	0.7143	0.8286	0.8286	0.8286	ok
NorthEuralex Italic	BARK_283	3	ndim	malign auto (boot)	0.0000	0.0833	0.0833	0.0833	ok
NorthEuralex Italic	BARK_284	3	ndim	malign auto (boot)		0.0476	0.0417	0.0444	len_mismatch
NorthEuralex Italic	BATHE_288	4	ndim	malign auto (boot)	0.1429	0.5714	0.5714	0.5714	ok
NorthEuralex Italic	BAY_933	3	ndim	malign auto (boot)	1.0000	1.0000	1.0000	1.0000	ok
NorthEuralex Italic	BAY_934	3	ndim	malign auto (boot)	0.4000	0.4000	0.4000	0.4000	ok
NorthEuralex Italic	BEARD_336	7	progressive	malign auto (boot)	1.0000	1.0000	1.0000	1.0000	ok
NorthEuralex Italic	BEAR_334	6	progressive	malign auto (boot)	1.0000	1.0000	1.0000	1.0000	ok
NorthEuralex Italic	BEAUTIFUL_342	3	ndim	malign auto (boot)	1.0000	1.0000	1.0000	1.0000	ok
NorthEuralex Italic	BECAUSE_OF_348	4	ndim	malign auto (boot)		0.3167	0.2879	0.3016	len_mismatch
NorthEuralex Italic	BED_362	4	ndim	malign auto (boot)	0.0000	0.1111	0.1111	0.1111	ok
NorthEuralex Italic	BEFORE_365	3	ndim	malign auto (boot)		0.6000	0.5000	0.5455	len_mismatch
NorthEuralex Italic	BEGIN_3595	4	ndim	malign auto (boot)		0.0625	0.0556	0.0588	len_mismatch
NorthEuralex Italic	BELIEVE_383	7	progressive	malign auto (boot)	0.2500	0.4107	0.4107	0.4107	ok
NorthEuralex Italic	BELLY_384	5	progressive	malign auto (boot)		0.1667	0.1875	0.1765	len_mismatch
NorthEuralex Italic	BELOW_OR_UNDER_4122	3	ndim	malign auto (boot)	0.0000	0.3333	0.3333	0.3333	ok
NorthEuralex Italic	BELT_399	4	ndim	malign auto (boot)	0.0000	0.0208	0.0208	0.0208	ok
NorthEuralex Italic	BENEFIT_411	6	progressive	malign auto (boot)		0.4933	0.6167	0.5481	len_mismatch
NorthEuralex Italic	BERRY_415	4	ndim	malign auto (boot)	1.0000	1.0000	1.0000	1.0000	ok
NorthEuralex Italic	BETWEEN_419	6	progressive	malign auto (boot)		0.0074	0.0095	0.0083	len_mismatch
NorthEuralex Italic	BE_ABLE_680	3	ndim	malign auto (boot)		0.2778	0.2381	0.2564	len_mismatch
NorthEuralex Italic	BE_ABLE_681	3	ndim	malign auto (boot)	0.0000	0.0000	0.0000	0.0000	ok
NorthEuralex Italic	BE_ALIVE_2315	6	progressive	malign auto (boot)		0.7714	0.9000	0.8308	len_mismatch
NorthEuralex Italic	BE_ALIVE_2321	7	progressive	malign auto (boot)	1.0000	1.0000	1.0000	1.0000	ok
NorthEuralex Italic	BE_BORN_313	4	ndim	malign auto (boot)		0.1389	0.1190	0.1282	len_mismatch
NorthEuralex Italic	BE_HUNGRY_2018	4	ndim	malign auto (boot)	0.0000	0.2619	0.2619	0.2619	ok
NorthEuralex Italic	BIG_421	4	ndim	malign auto (boot)	0.0000	0.2778	0.2778	0.2778	ok
NorthEuralex Italic	BIRCH_425	4	ndim	malign auto (boot)	0.0000	0.5000	0.5000	0.5000	ok
NorthEuralex Italic	BIRD_429	3	ndim	malign auto (boot)	1.0000	1.0000	1.0000	1.0000	ok
NorthEuralex Italic	BITE_436	5	progressive	malign auto (boot)		0.5625	0.6429	0.6000	len_mismatch
NorthEuralex Italic	BITTER_438	7	progressive	malign auto (boot)		0.7619	0.6531	0.7033	len_mismatch
NorthEuralex Italic	BLACK_440	4	ndim	malign auto (boot)	0.4000	0.7000	0.7000	0.7000	ok
NorthEuralex Italic	BLIND_450	4	ndim	malign auto (boot)	0.0000	0.3333	0.3333	0.3333	ok
NorthEuralex Italic	BLOOD_454	4	ndim	malign auto (boot)		0.3611	0.2708	0.3095	len_mismatch
NorthEuralex Italic	BLOW_(OF_WIND)_458	4	ndim	malign auto (boot)		0.0476	0.0417	0.0444	len_mismatch
NorthEuralex Italic	BLOW_(WITH_MOUTH)_458	5	progressive	malign auto (boot)	0.3750	0.5000	0.5000	0.5000	ok
NorthEuralex Italic	BLUE_462	3	ndim	malign auto (boot)	0.0000	0.0000	0.0000	0.0000	ok
NorthEuralex Italic	BLUNT_467	3	ndim	malign auto (boot)		0.0476	0.0417	0.0444	len_mismatch
NorthEuralex Italic	BOARD_474	5	progressive	malign auto (boot)	0.5000	0.6500	0.6500	0.6500	ok
NorthEuralex Italic	BOAST_544	3	ndim	malign auto (boot)	0.6250	0.7500	0.7500	0.7500	ok
NorthEuralex Italic	BOAT_479	5	progressive	malign auto (boot)	1.0000	1.0000	1.0000	1.0000	ok
NorthEuralex Italic	BOAT_480	4	ndim	malign auto (boot)	0.0000	0.0833	0.0833	0.0833	ok
NorthEuralex Italic	BODY_484	6	progressive	malign auto (boot)	0.5714	0.6667	0.6667	0.6667	ok
NorthEuralex Italic	BOIL_(OF_LIQUID)_487	3	ndim	malign auto (boot)	0.0000	0.0476	0.0476	0.0476	ok
NorthEuralex Italic	BOIL_(SOMETHING)_486	5	progressive	malign auto (boot)		0.2875	0.3286	0.3067	len_mismatch
NorthEuralex Italic	BONE_494	7	progressive	malign auto (boot)	0.5000	0.5000	0.5000	0.5000	ok
NorthEuralex Italic	BOOK_495	6	progressive	malign auto (boot)	1.0000	1.0000	1.0000	1.0000	ok
NorthEuralex Italic	BOOT_497	4	ndim	malign auto (boot)	0.0000	0.5000	0.5000	0.5000	ok
NorthEuralex Italic	BORDER_502	6	progressive	malign auto (boot)		0.4741	0.4267	0.4491	len_mismatch
NorthEuralex Italic	BOSS_512	3	ndim	malign auto (boot)	0.0000	0.0476	0.0476	0.0476	ok
NorthEuralex Italic	BOSS_513	3	ndim	malign auto (boot)	0.0000	0.3333	0.3333	0.3333	ok
NorthEuralex Italic	BOTHER_(HARASS)_517	6	progressive	malign auto (boot)	0.2727	0.7576	0.7576	0.7576	ok
NorthEuralex Italic	BOTHER_(HARASS)_518	3	ndim	malign auto (boot)	0.0000	0.0370	0.0370	0.0370	ok
NorthEuralex Italic	BOW_521	7	progressive	malign auto (boot)	1.0000	1.0000	1.0000	1.0000	ok
NorthEuralex Italic	BOX_530	5	progressive	malign auto (boot)	0.4000	0.5000	0.5000	0.5000	ok
NorthEuralex Italic	BRAIN_551	3	ndim	malign auto (boot)	1.0000	1.0000	1.0000	1.0000	ok
NorthEuralex Italic	BRAIN_552	3	ndim	malign auto (boot)	0.0000	0.0000	0.0000	0.0000	ok
NorthEuralex Italic	BRANCH_2304	4	ndim	malign auto (boot)	0.0000	0.0000	0.0000	0.0000	ok
NorthEuralex Italic	BRANCH_2305	3	ndim	malign auto (boot)	0.0000	0.1429	0.1429	0.1429	ok
NorthEuralex Italic	BRAWL_(FIGHT)_555	3	ndim	malign auto (boot)	1.0000	1.0000	1.0000	1.0000	ok
NorthEuralex Italic	BREAD_561	7	progressive	malign auto (boot)		0.2313	0.2698	0.2491	len_mismatch
NorthEuralex Italic	BREAK_(CLEAVE)_562	5	progressive	malign auto (boot)	0.5714	0.8286	0.8286	0.8286	ok
NorthEuralex Italic	BREAK_(DESTROY_OR_GET_DESTROYED)_562	6	progressive	malign auto (boot)		0.3000	0.3429	0.3200	len_mismatch
NorthEuralex Italic	BREAK_(OF_ROPE)_3424	4	ndim	malign auto (boot)		0.2037	0.1833	0.1930	len_mismatch
NorthEuralex Italic	BREAST_507	3	ndim	malign auto (boot)	0.0000	0.0000	0.0000	0.0000	ok
NorthEuralex Italic	BREATHE_581	7	progressive	malign auto (boot)		0.4805	0.5873	0.5286	len_mismatch
NorthEuralex Italic	BRIDGE_582	7	progressive	malign auto (boot)	0.1667	0.4048	0.4048	0.4048	ok
NorthEuralex Italic	BRIGHT_583	7	progressive	malign auto (boot)	0.6667	0.9048	0.9048	0.9048	ok
NorthEuralex Italic	BRING_585	4	ndim	malign auto (boot)	0.1250	0.3125	0.3125	0.3125	ok
NorthEuralex Italic	BROOM_600	4	ndim	malign auto (boot)		0.0833	0.0741	0.0784	len_mismatch
NorthEuralex Italic	BROTHER_604	4	ndim	malign auto (boot)	0.0000	0.0000	0.0000	0.0000	ok
NorthEuralex Italic	BROTHER_605	3	ndim	malign auto (boot)		0.0000	0.0000	0.0000	len_mismatch
NorthEuralex Italic	BUILD_618	7	progressive	malign auto (boot)	0.1818	0.4589	0.4589	0.4589	ok
NorthEuralex Italic	BULL_622	5	progressive	malign auto (boot)	1.0000	1.0000	1.0000	1.0000	ok
NorthEuralex Italic	BUNDLE_625	3	ndim	malign auto (boot)	0.0000	0.3333	0.3333	0.3333	ok
NorthEuralex Italic	BURNING_632	5	progressive	malign auto (boot)	0.6667	0.8667	0.8667	0.8667	ok
NorthEuralex Italic	BURN_(SOMETHING)_633	4	ndim	malign auto (boot)		0.1190	0.1042	0.1111	len_mismatch
NorthEuralex Italic	BUSINESS_638	5	progressive	malign auto (boot)		0.7286	0.6375	0.6800	len_mismatch
NorthEuralex Italic	BUSINESS_639	3	ndim	malign auto (boot)	0.0000	0.1905	0.1905	0.1905	ok
NorthEuralex Italic	BUTTER_642	3	ndim	malign auto (boot)		0.0000	0.0000	0.0000	len_mismatch
NorthEuralex Italic	BUTTER_643	3	ndim	malign auto (boot)	0.0000	0.1667	0.1667	0.1667	ok
NorthEuralex Italic	BUTTON_652	6	progressive	malign auto (boot)		0.6095	0.7111	0.6564	len_mismatch
NorthEuralex Italic	BUY_654	5	progressive	malign auto (boot)		0.4556	0.5125	0.4824	len_mismatch
NorthEuralex Italic	CALCULATE_658	7	progressive	malign auto (boot)	0.7778	0.8413	0.8413	0.8413	ok
NorthEuralex Italic	CALL_(APPEAL)_661	3	ndim	malign auto (boot)	0.0000	0.2381	0.2381	0.2381	ok
NorthEuralex Italic	CALL_(APPEAL)_663	3	ndim	malign auto (boot)	0.0000	0.3333	0.3333	0.3333	ok
NorthEuralex Italic	CALL_BY_NAME_2527	6	progressive	malign auto (boot)	0.2222	0.3704	0.3704	0.3704	ok
NorthEuralex Italic	CARRY_690	4	ndim	malign auto (boot)	0.1429	0.2857	0.2857	0.2857	ok
NorthEuralex Italic	CAT_696	4	ndim	malign auto (boot)	0.0000	0.5000	0.5000	0.5000	ok
NorthEuralex Italic	CAUSE_TO_(LET)_2256	5	progressive	malign auto (boot)		0.3857	0.4500	0.4154	len_mismatch
NorthEuralex Italic	CAVE_707	5	progressive	malign auto (boot)	1.0000	1.0000	1.0000	1.0000	ok
NorthEuralex Italic	CEASE_1302	3	ndim	malign auto (boot)	0.1250	0.1667	0.1667	0.1667	ok
NorthEuralex Italic	CHANGE_(BECOME_DIFFERENT)_718	3	ndim	malign auto (boot)	0.0000	0.3333	0.3333	0.3333	ok
NorthEuralex Italic	CHANGE_(BECOME_DIFFERENT)_719	3	ndim	malign auto (boot)		0.0952	0.0833	0.0889	len_mismatch
NorthEuralex Italic	CHANGE_139	4	ndim	malign auto (boot)	0.0000	0.1667	0.1667	0.1667	ok
NorthEuralex Italic	CHANGE_140	3	ndim	malign auto (boot)	0.0000	0.0000	0.0000	0.0000	ok
NorthEuralex Italic	CHARACTER_724	7	progressive	malign auto (boot)		0.2653	0.3095	0.2857	len_mismatch
NorthEuralex Italic	CHARACTER_725	3	ndim	malign auto (boot)	1.0000	1.0000	1.0000	1.0000	ok
NorthEuralex Italic	CHAT_(WITH_SOMEBODY)_726	5	progressive	malign auto (boot)	0.2000	0.4700	0.4700	0.4700	ok
NorthEuralex Italic	CHEAP_733	3	ndim	malign auto (boot)	0.0000	0.3333	0.3333	0.3333	ok
NorthEuralex Italic	CHEST_569	5	progressive	malign auto (boot)	1.0000	1.0000	1.0000	1.0000	ok
NorthEuralex Italic	CHICKEN_753	5	progressive	malign auto (boot)		0.3714	0.4333	0.4000	len_mismatch
NorthEuralex Italic	CHIME_(ACTION)_766	6	progressive	malign auto (boot)	0.4286	0.5905	0.5905	0.5905	ok
NorthEuralex Italic	CHIN_769	4	ndim	malign auto (boot)	0.4000	0.7000	0.7000	0.7000	ok
NorthEuralex Italic	CHOOSE_773	3	ndim	malign auto (boot)	0.0000	0.3333	0.3333	0.3333	ok
NorthEuralex Italic	CHOP_(INTO_PIECES)_780	3	ndim	malign auto (boot)	0.1429	0.1905	0.1905	0.1905	ok
NorthEuralex Italic	CHURCH_788	5	progressive	malign auto (boot)	0.1250	0.4625	0.4625	0.4625	ok
NorthEuralex Italic	CIRCLE_791	5	progressive	malign auto (boot)	1.0000	1.0000	1.0000	1.0000	ok
NorthEuralex Italic	CLAY_801	3	ndim	malign auto (boot)	1.0000	1.0000	1.0000	1.0000	ok
NorthEuralex Italic	CLEAN_(SOMETHING)_807	3	ndim	malign auto (boot)		0.0000	0.0000	0.0000	len_mismatch
NorthEuralex Italic	CLEAN_(SOMETHING)_810	3	ndim	malign auto (boot)	0.4286	0.4286	0.4286	0.4286	ok
NorthEuralex Italic	CLEAN_809	3	ndim	malign auto (boot)	0.0000	0.0000	0.0000	0.0000	ok
NorthEuralex Italic	CLEVER_814	5	progressive	malign auto (boot)		0.1083	0.1182	0.1130	len_mismatch
NorthEuralex Italic	CLOTHES_845	3	ndim	malign auto (boot)		0.2593	0.2333	0.2456	len_mismatch
NorthEuralex Italic	CLOTHES_846	3	ndim	malign auto (boot)	1.0000	1.0000	1.0000	1.0000	ok
NorthEuralex Italic	CLOTH_839	4	ndim	malign auto (boot)		0.3333	0.2857	0.3077	len_mismatch
NorthEuralex Italic	CLOUD_853	5	progressive	malign auto (boot)	1.0000	1.0000	1.0000	1.0000	ok
NorthEuralex Italic	COAL_856	7	progressive	malign auto (boot)		0.8095	0.9252	0.8635	len_mismatch
NorthEuralex Italic	COAST_857	6	progressive	malign auto (boot)	1.0000	1.0000	1.0000	1.0000	ok
NorthEuralex Italic	COLD_(CHILL)_765	7	progressive	malign auto (boot)		0.5810	0.4841	0.5281	len_mismatch
NorthEuralex Italic	COLD_(OF_WEATHER)_907	5	progressive	malign auto (boot)	1.0000	1.0000	1.0000	1.0000	ok
NorthEuralex Italic	COLD_862	6	progressive	malign auto (boot)		0.4000	0.4500	0.4235	len_mismatch
NorthEuralex Italic	COLLAR_864	6	progressive	malign auto (boot)		0.4095	0.4778	0.4410	len_mismatch
NorthEuralex Italic	COLORFUL_867	3	ndim	malign auto (boot)	0.0000	0.3333	0.3333	0.3333	ok
NorthEuralex Italic	COMB_(VERB)_871	6	progressive	malign auto (boot)		0.1111	0.1333	0.1212	len_mismatch
NorthEuralex Italic	COMB_871	4	ndim	malign auto (boot)	0.1250	0.3958	0.3958	0.3958	ok
NorthEuralex Italic	COME_874	7	progressive	malign auto (boot)		0.4762	0.5556	0.5128	len_mismatch
NorthEuralex Italic	COMPANIONSHIP_885	5	progressive	malign auto (boot)	0.7500	0.9000	0.9000	0.9000	ok
NorthEuralex Italic	CONNECT_894	4	ndim	malign auto (boot)	0.0000	0.0333	0.0333	0.0333	ok
NorthEuralex Italic	CONVERSATION_3813	6	progressive	malign auto (boot)		0.1762	0.1897	0.1827	len_mismatch
NorthEuralex Italic	CONVEY_(A_MESSAGE)_902	7	progressive	malign auto (boot)	1.0000	1.0000	1.0000	1.0000	ok
NorthEuralex Italic	COOK_(SOMETHING)_905	6	progressive	malign auto (boot)		0.4121	0.5037	0.4533	len_mismatch
NorthEuralex Italic	CORRECT_(RIGHT)_921	5	progressive	malign auto (boot)		0.7875	0.9000	0.8400	len_mismatch
NorthEuralex Italic	CORRECT_(RIGHT)_922	5	progressive	malign auto (boot)		0.1500	0.1800	0.1636	len_mismatch
NorthEuralex Italic	COUGH_925	7	progressive	malign auto (boot)		0.3061	0.3571	0.3297	len_mismatch
NorthEuralex Italic	COUNTRY_931	5	progressive	malign auto (boot)	0.4000	0.7600	0.7600	0.7600	ok
NorthEuralex Italic	COUNT_(QUANTITY)_926	4	ndim	malign auto (boot)	0.0000	0.0000	0.0000	0.0000	ok
NorthEuralex Italic	COUNT_(QUANTITY)_927	5	progressive	malign auto (boot)		0.2923	0.3800	0.3304	len_mismatch
NorthEuralex Italic	COUNT_928	4	ndim	malign auto (boot)	0.0000	0.0476	0.0476	0.0476	ok
NorthEuralex Italic	COVER_938	6	progressive	malign auto (boot)	0.5000	0.5600	0.5600	0.5600	ok
NorthEuralex Italic	COW_946	7	progressive	malign auto (boot)		0.7429	0.9286	0.8254	len_mismatch
NorthEuralex Italic	CRADLE_947	3	ndim	malign auto (boot)	0.0000	0.0000	0.0000	0.0000	ok
NorthEuralex Italic	CRANE_951	4	ndim	malign auto (boot)	0.0000	0.0000	0.0000	0.0000	ok
NorthEuralex Italic	CREEP_955	5	progressive	malign auto (boot)		0.0500	0.0364	0.0421	len_mismatch
NorthEuralex Italic	CROSS_960	7	progressive	malign auto (boot)	0.5000	0.6270	0.6270	0.6270	ok
NorthEuralex Italic	CROW_961	5	progressive	malign auto (boot)		0.6111	0.6875	0.6471	len_mismatch
NorthEuralex Italic	CRY_4265	3	ndim	malign auto (boot)	1.0000	1.0000	1.0000	1.0000	ok
NorthEuralex Italic	CUCKOO_964	7	progressive	malign auto (boot)	0.7143	0.9184	0.9184	0.9184	ok
NorthEuralex Italic	CUP_965	4	ndim	malign auto (boot)	0.0000	0.1333	0.1333	0.1333	ok
NorthEuralex Italic	CURRENT_(STREAM)_969	6	progressive	malign auto (boot)		0.3778	0.4250	0.4000	len_mismatch
NorthEuralex Italic	CUT_971	3	ndim	malign auto (boot)	0.1667	0.1667	0.1667	0.1667	ok
NorthEuralex Italic	DAMAGE_(INJURY)_981	6	progressive	malign auto (boot)		0.3667	0.4400	0.4000	len_mismatch
NorthEuralex Italic	DAMP_993	7	progressive	malign auto (boot)		0.7075	0.8254	0.7619	len_mismatch
NorthEuralex Italic	DANCE_995	3	ndim	malign auto (boot)		0.1111	0.0952	0.1026	len_mismatch
NorthEuralex Italic	DARK_999	4	ndim	malign auto (boot)	0.1250	0.1250	0.1250	0.1250	ok
NorthEuralex Italic	DASH_(OF_VEHICLE)_1005	5	progressive	malign auto (boot)	0.6667	0.8667	0.8667	0.8667	ok
NorthEuralex Italic	DAUGHTER_1009	5	progressive	malign auto (boot)	0.6000	0.7200	0.7200	0.7200	ok
NorthEuralex Italic	DAY_(NOT_NIGHT)_1012	4	ndim	malign auto (boot)	0.0000	0.0000	0.0000	0.0000	ok
NorthEuralex Italic	DEAF_1015	7	progressive	malign auto (boot)	1.0000	1.0000	1.0000	1.0000	ok
NorthEuralex Italic	DEAR_1016	4	ndim	malign auto (boot)	0.0000	0.2222	0.2222	0.2222	ok
NorthEuralex Italic	DEATH_1022	7	progressive	malign auto (boot)		0.1825	0.1565	0.1685	len_mismatch
NorthEuralex Italic	DECEIVE_1028	4	ndim	malign auto (boot)	0.0000	0.0208	0.0208	0.0208	ok
NorthEuralex Italic	DECEMBER_5	7	progressive	malign auto (boot)		0.3294	0.3593	0.3437	len_mismatch
NorthEuralex Italic	DECORATE_1034	6	progressive	malign auto (boot)		0.5037	0.5667	0.5333	len_mismatch
NorthEuralex Italic	DECORATE_1035	3	ndim	malign auto (boot)	0.1250	0.4167	0.4167	0.4167	ok
NorthEuralex Italic	DECREASE_1037	5	progressive	malign auto (boot)		0.2889	0.2600	0.2737	len_mismatch
NorthEuralex Italic	DECREASE_1038	4	ndim	malign auto (boot)		0.1296	0.1167	0.1228	len_mismatch
NorthEuralex Italic	DEFEND_1040	6	progressive	malign auto (boot)	0.4444	0.7556	0.7556	0.7556	ok
NorthEuralex Italic	DENSE_1056	7	progressive	malign auto (boot)		0.6531	0.7619	0.7033	len_mismatch
NorthEuralex Italic	DESTROY_1069	6	progressive	malign auto (boot)		0.2667	0.2909	0.2783	len_mismatch
NorthEuralex Italic	DEXTEROUS_3367	5	progressive	malign auto (boot)	1.0000	1.0000	1.0000	1.0000	ok
NorthEuralex Italic	DIE_(FROM_ACCIDENT)_2776	6	progressive	malign auto (boot)	0.6250	0.7417	0.7417	0.7417	ok
NorthEuralex Italic	DIE_1071	7	progressive	malign auto (boot)		0.3061	0.3571	0.3297	len_mismatch
NorthEuralex Italic	DIFFERENT_1072	6	progressive	malign auto (boot)	0.5000	0.5867	0.5867	0.5867	ok
NorthEuralex Italic	DIG_1076	4	ndim	malign auto (boot)	0.1429	0.1429	0.1429	0.1429	ok
NorthEuralex Italic	DILIGENT_1080	4	ndim	malign auto (boot)	0.0000	0.2778	0.2778	0.2778	ok
NorthEuralex Italic	DILIGENT_1081	3	ndim	malign auto (boot)	0.1250	0.4167	0.4167	0.4167	ok
NorthEuralex Italic	DIRTY_1094	3	ndim	malign auto (boot)	0.1667	0.2222	0.2222	0.2222	ok
NorthEuralex Italic	DISAPPEAR_1101	5	progressive	malign auto (boot)	0.0000	0.3750	0.3750	0.3750	ok
NorthEuralex Italic	DISEASE_2041	4	ndim	malign auto (boot)		0.1042	0.0926	0.0980	len_mismatch
NorthEuralex Italic	DISH_1108	4	ndim	malign auto (boot)	0.0000	0.0000	0.0000	0.0000	ok
NorthEuralex Italic	DISTANCE_1113	6	progressive	malign auto (boot)	0.6667	0.8593	0.8593	0.8593	ok
NorthEuralex Italic	DIVE_1122	3	ndim	malign auto (boot)	0.7273	0.7576	0.7576	0.7576	ok
NorthEuralex Italic	DIVIDE_1129	6	progressive	malign auto (boot)	1.0000	1.0000	1.0000	1.0000	ok
NorthEuralex Italic	DIVIDE_1130	3	ndim	malign auto (boot)	0.0000	0.0000	0.0000	0.0000	ok
NorthEuralex Italic	DOG_1138	3	ndim	malign auto (boot)		0.2667	0.2222	0.2424	len_mismatch
NorthEuralex Italic	DONATE_1658	3	ndim	malign auto (boot)	0.0000	0.0833	0.0833	0.0833	ok
NorthEuralex Italic	DOOR_1149	5	progressive	malign auto (boot)	0.1667	0.2833	0.2833	0.2833	ok
NorthEuralex Italic	DO_1132	6	progressive	malign auto (boot)		0.0750	0.1000	0.0857	len_mismatch
NorthEuralex Italic	DRAW_MILK_2427	3	ndim	malign auto (boot)	0.1429	0.4286	0.4286	0.4286	ok
NorthEuralex Italic	DREAM_1170	5	progressive	malign auto (boot)	0.0000	0.0667	0.0667	0.0667	ok
NorthEuralex Italic	DRESS_UP_1629	5	progressive	malign auto (boot)	1.0000	1.0000	1.0000	1.0000	ok
NorthEuralex Italic	DRINK_1173	5	progressive	malign auto (boot)		0.4286	0.5000	0.4615	len_mismatch
NorthEuralex Italic	DROP_(OF_A_LIQUID)_1189	6	progressive	malign auto (boot)		0.0190	0.0267	0.0222	len_mismatch
NorthEuralex Italic	DROP_(SOMETHING)_1190	3	ndim	malign auto (boot)	0.0000	0.0833	0.0833	0.0833	ok
NorthEuralex Italic	DRY_1207	6	progressive	malign auto (boot)		0.4000	0.5000	0.4444	len_mismatch
NorthEuralex Italic	DRY_UP_1208	4	ndim	malign auto (boot)	0.1250	0.5625	0.5625	0.5625	ok
NorthEuralex Italic	DWELL_(LIVE,_RESIDE)_1226	5	progressive	malign auto (boot)	0.0000	0.2500	0.2500	0.2500	ok
NorthEuralex Italic	DYE_1233	6	progressive	malign auto (boot)		0.1917	0.2190	0.2044	len_mismatch
NorthEuralex Italic	DYE_1234	3	ndim	malign auto (boot)	0.0000	0.1250	0.1250	0.1250	ok
NorthEuralex Italic	EAGLE_1236	4	ndim	malign auto (boot)	0.5000	0.5000	0.5000	0.5000	ok
NorthEuralex Italic	EARTH_(SOIL)_1242	6	progressive	malign auto (boot)	0.4000	0.6933	0.6933	0.6933	ok
NorthEuralex Italic	EAR_1240	6	progressive	malign auto (boot)	0.3333	0.5778	0.5778	0.5778	ok
NorthEuralex Italic	EAST_1245	3	ndim	malign auto (boot)	1.0000	1.0000	1.0000	1.0000	ok
NorthEuralex Italic	EAST_1246	3	ndim	malign auto (boot)	0.0000	0.0000	0.0000	0.0000	ok
NorthEuralex Italic	EAT_1251	4	ndim	malign auto (boot)	0.1429	0.1667	0.1667	0.1667	ok
NorthEuralex Italic	EDGE_1254	3	ndim	malign auto (boot)	0.1429	0.1429	0.1429	0.1429	ok
NorthEuralex Italic	EGG_1262	7	progressive	malign auto (boot)	0.0000	0.2262	0.2262	0.2262	ok
NorthEuralex Italic	EIGHTY_1266	5	progressive	malign auto (boot)		0.0222	0.0200	0.0211	len_mismatch
NorthEuralex Italic	EIGHT_1263	4	ndim	malign auto (boot)	0.5000	0.5833	0.5833	0.5833	ok
NorthEuralex Italic	ELBOW_1269	3	ndim	malign auto (boot)	0.0000	0.0000	0.0000	0.0000	ok
NorthEuralex Italic	ELEVEN_1282	3	ndim	malign auto (boot)	0.5000	0.6667	0.6667	0.6667	ok
NorthEuralex Italic	ELK_1286	4	ndim	malign auto (boot)	0.0000	0.0000	0.0000	0.0000	ok
NorthEuralex Italic	EMERGE_(APPEAR)_172	7	progressive	malign auto (boot)		0.3480	0.4113	0.3770	len_mismatch
NorthEuralex Italic	ENDURE_1307	5	progressive	malign auto (boot)	1.0000	1.0000	1.0000	1.0000	ok
NorthEuralex Italic	END_(OF_SPACE)_1299	6	progressive	malign auto (boot)	1.0000	1.0000	1.0000	1.0000	ok
NorthEuralex Italic	END_(OF_SPACE)_1301	3	ndim	malign auto (boot)		0.0000	0.0000	0.0000	len_mismatch
NorthEuralex Italic	END_(OF_TIME)_1297	4	ndim	malign auto (boot)	0.0000	0.5000	0.5000	0.5000	ok
NorthEuralex Italic	END_(OF_TIME)_1300	4	ndim	malign auto (boot)	0.0000	0.0000	0.0000	0.0000	ok
NorthEuralex Italic	ENEMY_1312	6	progressive	malign auto (boot)		0.0741	0.0833	0.0784	len_mismatch
NorthEuralex Italic	ENTER_1692	6	progressive	malign auto (boot)		0.1750	0.2000	0.1867	len_mismatch
NorthEuralex Italic	EVENING_1321	3	ndim	malign auto (boot)		0.0556	0.0417	0.0476	len_mismatch
NorthEuralex Italic	EVERYWHERE_1327	3	ndim	malign auto (boot)	0.2222	0.2222	0.2222	0.2222	ok
NorthEuralex Italic	EXPENSIVE_1341	5	progressive	malign auto (boot)	1.0000	1.0000	1.0000	1.0000	ok
NorthEuralex Italic	EYE_1344	5	progressive	malign auto (boot)	0.2500	0.5000	0.5000	0.5000	ok
NorthEuralex Italic	FACE_1347	3	ndim	malign auto (boot)	0.0000	0.0000	0.0000	0.0000	ok
NorthEuralex Italic	FACE_1348	3	ndim	malign auto (boot)	1.0000	1.0000	1.0000	1.0000	ok
NorthEuralex Italic	FAIRY_TALE_1353	4	ndim	malign auto (boot)	0.0000	0.3056	0.3056	0.3056	ok
NorthEuralex Italic	FALL_1358	6	progressive	malign auto (boot)	0.3333	0.6111	0.6111	0.6111	ok
NorthEuralex Italic	FALL_ASLEEP_1361	5	progressive	malign auto (boot)		0.1333	0.1538	0.1429	len_mismatch
NorthEuralex Italic	FAMILIAR_1372	5	progressive	malign auto (boot)		0.4200	0.4667	0.4421	len_mismatch
NorthEuralex Italic	FAMILY_1375	7	progressive	malign auto (boot)	0.7143	0.9184	0.9184	0.9184	ok
NorthEuralex Italic	FATHER_1395	6	progressive	malign auto (boot)	0.3333	0.5111	0.5111	0.5111	ok
NorthEuralex Italic	FAT_(OBESE)_1388	5	progressive	malign auto (boot)		0.4571	0.5333	0.4923	len_mismatch
NorthEuralex Italic	FAT_(ORGANIC_SUBSTANCE)_1388	4	ndim	malign auto (boot)	0.0000	0.1667	0.1667	0.1667	ok
NorthEuralex Italic	FAULT_1398	5	progressive	malign auto (boot)	1.0000	1.0000	1.0000	1.0000	ok
NorthEuralex Italic	FEATHER_1402	4	ndim	malign auto (boot)	1.0000	1.0000	1.0000	1.0000	ok
NorthEuralex Italic	FEATHER_1403	3	ndim	malign auto (boot)	0.0000	0.3333	0.3333	0.3333	ok
NorthEuralex Italic	FEBRUARY_6	6	progressive	malign auto (boot)		0.2952	0.3444	0.3179	len_mismatch
NorthEuralex Italic	FEEL_(TACTUALLY)_1411	6	progressive	malign auto (boot)	0.7143	0.8286	0.8286	0.8286	ok
NorthEuralex Italic	FEVER_1421	7	progressive	malign auto (boot)	0.1429	0.2177	0.2177	0.2177	ok
NorthEuralex Italic	FIFTY_1422	6	progressive	malign auto (boot)		0.0556	0.0667	0.0606	len_mismatch
NorthEuralex Italic	FILL_1430	3	ndim	malign auto (boot)	0.2500	0.2500	0.2500	0.2500	ok
NorthEuralex Italic	FIND_1441	3	ndim	malign auto (boot)	0.1429	0.1429	0.1429	0.1429	ok
NorthEuralex Italic	FINE_OR_THIN_1042	4	ndim	malign auto (boot)	0.0000	0.5000	0.5000	0.5000	ok
NorthEuralex Italic	FINGERNAIL_1450	4	ndim	malign auto (boot)	0.6000	0.8000	0.8000	0.8000	ok
NorthEuralex Italic	FINGERNAIL_OR_TOENAIL_2518	4	ndim	malign auto (boot)	0.6000	0.8000	0.8000	0.8000	ok
NorthEuralex Italic	FINGER_1446	4	ndim	malign auto (boot)	0.0000	0.5000	0.5000	0.5000	ok
NorthEuralex Italic	FINISH_1453	5	progressive	malign auto (boot)	1.0000	1.0000	1.0000	1.0000	ok
NorthEuralex Italic	FINISH_1454	3	ndim	malign auto (boot)	0.0000	0.3333	0.3333	0.3333	ok
NorthEuralex Italic	FINISH_1455	3	ndim	malign auto (boot)	0.0000	0.3333	0.3333	0.3333	ok
NorthEuralex Italic	FIRE_1461	6	progressive	malign auto (boot)		0.3200	0.2667	0.2909	len_mismatch
NorthEuralex Italic	FIRST_1468	7	progressive	malign auto (boot)	0.5000	0.6845	0.6845	0.6845	ok
NorthEuralex Italic	FIR_1457	4	ndim	malign auto (boot)	0.0000	0.5000	0.5000	0.5000	ok
NorthEuralex Italic	FISHING_1469	6	progressive	malign auto (boot)	0.7143	0.9048	0.9048	0.9048	ok
NorthEuralex Italic	FISH_1470	5	progressive	malign auto (boot)		0.4000	0.4667	0.4308	len_mismatch
NorthEuralex Italic	FIVE_1472	3	ndim	malign auto (boot)	0.1667	0.1667	0.1667	0.1667	ok
NorthEuralex Italic	FIVE_1473	3	ndim	malign auto (boot)	0.0000	0.0000	0.0000	0.0000	ok
NorthEuralex Italic	FLAT_1475	7	progressive	malign auto (boot)	0.2857	0.6054	0.6054	0.6054	ok
NorthEuralex Italic	FLEE_1479	5	progressive	malign auto (boot)	0.2857	0.6286	0.6286	0.6286	ok
NorthEuralex Italic	FLOWER_1502	6	progressive	malign auto (boot)	0.6667	0.8889	0.8889	0.8889	ok
NorthEuralex Italic	FLOW_1496	3	ndim	malign auto (boot)		0.0556	0.0476	0.0513	len_mismatch
NorthEuralex Italic	FLY_(INSECT)_1504	7	progressive	malign auto (boot)	1.0000	1.0000	1.0000	1.0000	ok
NorthEuralex Italic	FLY_(MOVE_THROUGH_AIR)_1505	5	progressive	malign auto (boot)	1.0000	1.0000	1.0000	1.0000	ok
NorthEuralex Italic	FOAM_1508	7	progressive	malign auto (boot)		0.1786	0.2041	0.1905	len_mismatch
NorthEuralex Italic	FOG_1510	3	ndim	malign auto (boot)		0.1667	0.1429	0.1538	len_mismatch
NorthEuralex Italic	FOOD_1517	6	progressive	malign auto (boot)		0.8000	0.9000	0.8471	len_mismatch
NorthEuralex Italic	FOOTPRINT_4047	3	ndim	malign auto (boot)	0.0000	0.1111	0.1111	0.1111	ok
NorthEuralex Italic	FOOT_1523	5	progressive	malign auto (boot)		0.4000	0.3000	0.3429	len_mismatch
NorthEuralex Italic	FOREHEAD_1529	6	progressive	malign auto (boot)		0.5429	0.6333	0.5846	len_mismatch
NorthEuralex Italic	FOREIGN_1531	4	ndim	malign auto (boot)		0.0185	0.0152	0.0167	len_mismatch
NorthEuralex Italic	FOREST_1536	4	ndim	malign auto (boot)	0.0000	0.5000	0.5000	0.5000	ok
NorthEuralex Italic	FORK_1549	4	ndim	malign auto (boot)	0.0000	0.0741	0.0741	0.0741	ok
NorthEuralex Italic	FORMER_1553	3	ndim	malign auto (boot)	0.0000	0.0952	0.0952	0.0952	ok
NorthEuralex Italic	FORTY_1560	6	progressive	malign auto (boot)	0.0000	0.1758	0.1758	0.1758	ok
NorthEuralex Italic	FOUR_1568	5	progressive	malign auto (boot)	1.0000	1.0000	1.0000	1.0000	ok
NorthEuralex Italic	FOX_1571	3	ndim	malign auto (boot)	0.0000	0.0000	0.0000	0.0000	ok
NorthEuralex Italic	FREEZE_1576	6	progressive	malign auto (boot)		0.0444	0.0533	0.0485	len_mismatch
NorthEuralex Italic	FRESH_1578	5	progressive	malign auto (boot)	1.0000	1.0000	1.0000	1.0000	ok
NorthEuralex Italic	FRIEND_1582	7	progressive	malign auto (boot)	1.0000	1.0000	1.0000	1.0000	ok
NorthEuralex Italic	FRINGE_1584	5	progressive	malign auto (boot)	0.7143	0.7429	0.7429	0.7429	ok
NorthEuralex Italic	FRINGE_1585	3	ndim	malign auto (boot)	0.0000	0.0000	0.0000	0.0000	ok
NorthEuralex Italic	FROST_1587	4	ndim	malign auto (boot)	1.0000	1.0000	1.0000	1.0000	ok
NorthEuralex Italic	FRY_1592	3	ndim	malign auto (boot)	0.0000	0.0000	0.0000	0.0000	ok
NorthEuralex Italic	FRY_1593	3	ndim	malign auto (boot)	0.1250	0.1250	0.1250	0.1250	ok
NorthEuralex Italic	FULL_1597	4	ndim	malign auto (boot)	0.0000	0.0000	0.0000	0.0000	ok
NorthEuralex Italic	FUR_1601	5	progressive	malign auto (boot)	0.1667	0.2333	0.2333	0.2333	ok
NorthEuralex Italic	GAME_1605	5	progressive	malign auto (boot)	1.0000	1.0000	1.0000	1.0000	ok
NorthEuralex Italic	GAP_(DISTANCE)_1608	5	progressive	malign auto (boot)	0.7778	0.9111	0.9111	0.9111	ok
NorthEuralex Italic	GATE_1612	7	progressive	malign auto (boot)		0.2262	0.2011	0.2129	len_mismatch
NorthEuralex Italic	GATHER_1613	6	progressive	malign auto (boot)	0.3077	0.4154	0.4154	0.4154	ok
NorthEuralex Italic	GATHER_1614	4	ndim	malign auto (boot)		0.0556	0.0500	0.0526	len_mismatch
NorthEuralex Italic	GENTLE_1616	3	ndim	malign auto (boot)	0.0000	0.3333	0.3333	0.3333	ok
NorthEuralex Italic	GET_2973	5	progressive	malign auto (boot)		0.4500	0.4000	0.4235	len_mismatch
NorthEuralex Italic	GET_TIRED_1632	3	ndim	malign auto (boot)	0.6250	0.7500	0.7500	0.7500	ok
NorthEuralex Italic	GIFT_1643	3	ndim	malign auto (boot)	0.0000	0.3333	0.3333	0.3333	ok
NorthEuralex Italic	GIVE_1657	4	ndim	malign auto (boot)	0.0000	0.1667	0.1667	0.1667	ok
NorthEuralex Italic	GLASS_1665	6	progressive	malign auto (boot)	0.6667	0.7333	0.7333	0.7333	ok
NorthEuralex Italic	GLUE_1668	4	ndim	malign auto (boot)	0.0000	0.1250	0.1250	0.1250	ok
NorthEuralex Italic	GOLD_1700	4	ndim	malign auto (boot)	0.5000	0.5000	0.5000	0.5000	ok
NorthEuralex Italic	GOOD_1704	4	ndim	malign auto (boot)	0.0000	0.0000	0.0000	0.0000	ok
NorthEuralex Italic	GOOD_1705	3	ndim	malign auto (boot)		0.4667	0.3889	0.4242	len_mismatch
NorthEuralex Italic	GOOSE_1706	3	ndim	malign auto (boot)	1.0000	1.0000	1.0000	1.0000	ok
NorthEuralex Italic	GO_1677	4	ndim	malign auto (boot)		0.1944	0.1667	0.1795	len_mismatch
NorthEuralex Italic	GO_1678	3	ndim	malign auto (boot)	0.0000	0.0000	0.0000	0.0000	ok
NorthEuralex Italic	GRAIN_1716	7	progressive	malign auto (boot)		0.4490	0.6286	0.5238	len_mismatch
NorthEuralex Italic	GRASSLAND_2379	6	progressive	malign auto (boot)	0.5714	0.6762	0.6762	0.6762	ok
NorthEuralex Italic	GRASS_1738	7	progressive	malign auto (boot)	0.2000	0.6762	0.6762	0.6762	ok
NorthEuralex Italic	GRAVE_1740	4	ndim	malign auto (boot)	0.2222	0.2222	0.2222	0.2222	ok
NorthEuralex Italic	GRAVE_1741	3	ndim	malign auto (boot)	1.0000	1.0000	1.0000	1.0000	ok
NorthEuralex Italic	GREEN_1746	6	progressive	malign auto (boot)	1.0000	1.0000	1.0000	1.0000	ok
NorthEuralex Italic	GREY_1748	5	progressive	malign auto (boot)		0.1833	0.2200	0.2000	len_mismatch
NorthEuralex Italic	GRIEF_1752	3	ndim	malign auto (boot)	0.0000	0.3333	0.3333	0.3333	ok
NorthEuralex Italic	GROAN_1758	7	progressive	malign auto (boot)		0.7415	0.8651	0.7985	len_mismatch
NorthEuralex Italic	GROUND_1759	7	progressive	malign auto (boot)		0.2190	0.1825	0.1991	len_mismatch
NorthEuralex Italic	GROW_1763	6	progressive	malign auto (boot)		0.2278	0.3417	0.2733	len_mismatch
NorthEuralex Italic	GUEST_1778	3	ndim	malign auto (boot)		0.0000	0.0000	0.0000	len_mismatch
NorthEuralex Italic	GUN_1793	4	ndim	malign auto (boot)	0.0000	0.0000	0.0000	0.0000	ok
NorthEuralex Italic	HAIR_1799	5	progressive	malign auto (boot)	0.5714	0.8286	0.8286	0.8286	ok
NorthEuralex Italic	HALF_1802	5	progressive	malign auto (boot)	0.1111	0.1778	0.1778	0.1778	ok
NorthEuralex Italic	HALT_(STOP)_3652	3	ndim	malign auto (boot)	0.2500	0.5000	0.5000	0.5000	ok
NorthEuralex Italic	HANDLE_1812	3	ndim	malign auto (boot)	0.0000	0.1111	0.1111	0.1111	ok
NorthEuralex Italic	HAND_1805	4	ndim	malign auto (boot)	0.0000	0.0000	0.0000	0.0000	ok
NorthEuralex Italic	HAND_1807	3	ndim	malign auto (boot)	0.0000	0.0000	0.0000	0.0000	ok
NorthEuralex Italic	HANG_1820	5	progressive	malign auto (boot)		0.6125	0.7000	0.6533	len_mismatch
NorthEuralex Italic	HAPPINESS_1839	5	progressive	malign auto (boot)		0.8273	0.9100	0.8667	len_mismatch
NorthEuralex Italic	HARD_1842	7	progressive	malign auto (boot)		0.6587	0.7905	0.7186	len_mismatch
NorthEuralex Italic	HARE_1848	5	progressive	malign auto (boot)	0.1667	0.3500	0.3500	0.3500	ok
NorthEuralex Italic	HAY_1851	6	progressive	malign auto (boot)		0.0571	0.0800	0.0667	len_mismatch
NorthEuralex Italic	HEAD_1859	4	ndim	malign auto (boot)	0.0000	0.0000	0.0000	0.0000	ok
NorthEuralex Italic	HEALTHY_1863	4	ndim	malign auto (boot)	0.0000	0.0833	0.0833	0.0833	ok
NorthEuralex Italic	HEART_1882	3	ndim	malign auto (boot)	0.0000	0.3333	0.3333	0.3333	ok
NorthEuralex Italic	HEAT_1886	6	progressive	malign auto (boot)	0.4286	0.5905	0.5905	0.5905	ok
NorthEuralex Italic	HEAVY_1890	5	progressive	malign auto (boot)		0.4111	0.5286	0.4625	len_mismatch
NorthEuralex Italic	HEEL_1894	4	ndim	malign auto (boot)	0.0000	0.0000	0.0000	0.0000	ok
NorthEuralex Italic	HEIGHT_1898	6	progressive	malign auto (boot)		0.7400	0.9250	0.8222	len_mismatch
NorthEuralex Italic	HEIGHT_1899	3	ndim	malign auto (boot)	1.0000	1.0000	1.0000	1.0000	ok
NorthEuralex Italic	HELP_(ASSISTANCE)_1902	4	ndim	malign auto (boot)	0.0000	0.0714	0.0714	0.0714	ok
NorthEuralex Italic	HELP_(ASSISTANCE)_1903	3	ndim	malign auto (boot)	0.0000	0.3333	0.3333	0.3333	ok
NorthEuralex Italic	HERE_1922	3	ndim	malign auto (boot)	1.0000	1.0000	1.0000	1.0000	ok
NorthEuralex Italic	HE_1853	4	ndim	malign auto (boot)	1.0000	1.0000	1.0000	1.0000	ok
NorthEuralex Italic	HE_1854	3	ndim	malign auto (boot)	1.0000	1.0000	1.0000	1.0000	ok
NorthEuralex Italic	HIDE_(CONCEAL)_888	4	ndim	malign auto (boot)	0.0000	0.0208	0.0208	0.0208	ok
NorthEuralex Italic	HIDE_(CONCEAL)_889	4	ndim	malign auto (boot)	0.1000	0.1167	0.1167	0.1167	ok
NorthEuralex Italic	HIDE_(ONESELF)_1927	4	ndim	malign auto (boot)	0.1000	0.1167	0.1167	0.1167	ok
NorthEuralex Italic	HILL_1931	5	progressive	malign auto (boot)	1.0000	1.0000	1.0000	1.0000	ok
NorthEuralex Italic	HINDER_1937	4	ndim	malign auto (boot)	0.0000	0.2500	0.2500	0.2500	ok
NorthEuralex Italic	HOLD_1960	4	ndim	malign auto (boot)	0.0000	0.1667	0.1667	0.1667	ok
NorthEuralex Italic	HOME_1971	3	ndim	malign auto (boot)	1.0000	1.0000	1.0000	1.0000	ok
NorthEuralex Italic	HONEY_1977	7	progressive	malign auto (boot)		0.4857	0.4048	0.4416	len_mismatch
NorthEuralex Italic	HOOK_1978	3	ndim	malign auto (boot)	0.4000	0.6000	0.6000	0.6000	ok
NorthEuralex Italic	HORN_(ANATOMY)_1984	7	progressive	malign auto (boot)	0.6667	0.6667	0.6667	0.6667	ok
NorthEuralex Italic	HORSE_1988	6	progressive	malign auto (boot)	0.1667	0.7222	0.7222	0.7222	ok
NorthEuralex Italic	HOUSE_1999	5	progressive	malign auto (boot)	1.0000	1.0000	1.0000	1.0000	ok
NorthEuralex Italic	HOWL_2006	5	progressive	malign auto (boot)	1.0000	1.0000	1.0000	1.0000	ok
NorthEuralex Italic	HOW_2002	7	progressive	malign auto (boot)		0.7347	0.8571	0.7912	len_mismatch
NorthEuralex Italic	HOW_MANY_2003	5	progressive	malign auto (boot)		0.0000	0.0000	0.0000	len_mismatch
NorthEuralex Italic	HUNDRED_68	6	progressive	malign auto (boot)	0.1667	0.3889	0.3889	0.3889	ok
NorthEuralex Italic	HUNGER_2015	6	progressive	malign auto (boot)	0.5000	0.6556	0.6556	0.6556	ok
NorthEuralex Italic	HUNT_2022	5	progressive	malign auto (boot)	0.5714	0.7000	0.7000	0.7000	ok
NorthEuralex Italic	HUSBAND_2032	3	ndim	malign auto (boot)	0.0000	0.3333	0.3333	0.3333	ok
NorthEuralex Italic	HUSBAND_2033	3	ndim	malign auto (boot)	0.0000	0.0000	0.0000	0.0000	ok
NorthEuralex Italic	ICE_2037	3	ndim	malign auto (boot)	0.1429	0.1429	0.1429	0.1429	ok
NorthEuralex Italic	ICE_2038	3	ndim	malign auto (boot)	0.0000	0.3333	0.3333	0.3333	ok
NorthEuralex Italic	IDOL_1427	6	progressive	malign auto (boot)	1.0000	1.0000	1.0000	1.0000	ok
NorthEuralex Italic	IMPROVE_(SOMETHING)_2046	6	progressive	malign auto (boot)	0.8000	0.8133	0.8133	0.8133	ok
NorthEuralex Italic	INCREASE_2062	5	progressive	malign auto (boot)	0.3636	0.5000	0.5000	0.5000	ok
NorthEuralex Italic	INCREASE_2063	3	ndim	malign auto (boot)	0.0000	0.1429	0.1429	0.1429	ok
NorthEuralex Italic	INVITE_2078	7	progressive	malign auto (boot)	1.0000	1.0000	1.0000	1.0000	ok
NorthEuralex Italic	IRON_2079	7	progressive	malign auto (boot)		0.1905	0.1524	0.1693	len_mismatch
NorthEuralex Italic	IRRIGATE_4230	4	ndim	malign auto (boot)	0.0000	0.0278	0.0278	0.0278	ok
NorthEuralex Italic	ISLAND_2080	4	ndim	malign auto (boot)	0.3333	0.5278	0.5278	0.5278	ok
NorthEuralex Italic	ISLAND_2081	3	ndim	malign auto (boot)	0.0000	0.3333	0.3333	0.3333	ok
NorthEuralex Italic	ITEM_2082	4	ndim	malign auto (boot)	0.0000	0.1429	0.1429	0.1429	ok
NorthEuralex Italic	JANUARY_20	3	ndim	malign auto (boot)	0.0000	0.1429	0.1429	0.1429	ok
NorthEuralex Italic	JAW_2086	3	ndim	malign auto (boot)	0.6667	0.7778	0.7778	0.7778	ok
NorthEuralex Italic	JAW_2087	3	ndim	malign auto (boot)	0.2857	0.4286	0.4286	0.4286	ok
NorthEuralex Italic	JOIN_4131	5	progressive	malign auto (boot)		0.0333	0.0250	0.0286	len_mismatch
NorthEuralex Italic	JOY_2098	3	ndim	malign auto (boot)	1.0000	1.0000	1.0000	1.0000	ok
NorthEuralex Italic	JOY_2099	3	ndim	malign auto (boot)	1.0000	1.0000	1.0000	1.0000	ok
NorthEuralex Italic	JULY_25	4	ndim	malign auto (boot)	0.0000	0.0000	0.0000	0.0000	ok
NorthEuralex Italic	JUMP_2107	6	progressive	malign auto (boot)		0.6000	0.6857	0.6400	len_mismatch
NorthEuralex Italic	JUNE_29	4	ndim	malign auto (boot)	0.0000	0.1000	0.1000	0.1000	ok
NorthEuralex Italic	KEEP_2109	7	progressive	malign auto (boot)		0.1832	0.2381	0.2070	len_mismatch
NorthEuralex Italic	KETTLE_2114	5	progressive	malign auto (boot)		0.3273	0.3600	0.3429	len_mismatch
NorthEuralex Italic	KICK_2119	3	ndim	malign auto (boot)	0.1429	0.4286	0.4286	0.4286	ok
NorthEuralex Italic	KILL_2125	3	ndim	malign auto (boot)	0.0000	0.3333	0.3333	0.3333	ok
NorthEuralex Italic	KIND_(THING)_3469	4	ndim	malign auto (boot)	0.0000	0.0000	0.0000	0.0000	ok
NorthEuralex Italic	KING_2131	3	ndim	malign auto (boot)		0.2222	0.1667	0.1905	len_mismatch
NorthEuralex Italic	KNEE_2141	3	ndim	malign auto (boot)	0.0000	0.0000	0.0000	0.0000	ok
NorthEuralex Italic	KNIFE_2146	5	progressive	malign auto (boot)	0.7143	0.8857	0.8857	0.8857	ok
NorthEuralex Italic	KNIT_2149	3	ndim	malign auto (boot)	0.0000	0.0000	0.0000	0.0000	ok
NorthEuralex Italic	KNOT_2163	7	progressive	malign auto (boot)		0.2222	0.2667	0.2424	len_mismatch
NorthEuralex Italic	KNOW_(SOMETHING)_2164	6	progressive	malign auto (boot)		0.5778	0.4952	0.5333	len_mismatch
NorthEuralex Italic	LADDER_2166	5	progressive	malign auto (boot)	0.5000	0.6250	0.6250	0.6250	ok
NorthEuralex Italic	LAIR_2171	3	ndim	malign auto (boot)	0.0000	0.3333	0.3333	0.3333	ok
NorthEuralex Italic	LAKE_2179	7	progressive	malign auto (boot)	1.0000	1.0000	1.0000	1.0000	ok
NorthEuralex Italic	LANGUAGE_2184	5	progressive	malign auto (boot)	0.1111	0.2667	0.2667	0.2667	ok
NorthEuralex Italic	LAST_(FINAL)_2188	5	progressive	malign auto (boot)	1.0000	1.0000	1.0000	1.0000	ok
NorthEuralex Italic	LAUGHTER_2198	6	progressive	malign auto (boot)		0.3333	0.3810	0.3556	len_mismatch
NorthEuralex Italic	LAUGH_2197	7	progressive	malign auto (boot)		0.1905	0.2177	0.2032	len_mismatch
NorthEuralex Italic	LAY_(VERB)_2201	6	progressive	malign auto (boot)	0.3333	0.6889	0.6889	0.6889	ok
NorthEuralex Italic	LAZY_2204	3	ndim	malign auto (boot)		0.0000	0.0000	0.0000	len_mismatch
NorthEuralex Italic	LEAD_(GUIDE)_1787	4	ndim	malign auto (boot)		0.1042	0.0926	0.0980	len_mismatch
NorthEuralex Italic	LEAD_(GUIDE)_2211	5	progressive	malign auto (boot)	1.0000	1.0000	1.0000	1.0000	ok
NorthEuralex Italic	LEAF_2217	5	progressive	malign auto (boot)	0.6000	0.6400	0.6400	0.6400	ok
NorthEuralex Italic	LEARN_2220	5	progressive	malign auto (boot)		0.4400	0.4889	0.4632	len_mismatch
NorthEuralex Italic	LEASH_2224	3	ndim	malign auto (boot)	0.1667	0.1667	0.1667	0.1667	ok
NorthEuralex Italic	LEATHER_2229	3	ndim	malign auto (boot)		0.2000	0.1667	0.1818	len_mismatch
NorthEuralex Italic	LEFT_2242	3	ndim	malign auto (boot)	0.1250	0.2500	0.2500	0.2500	ok
NorthEuralex Italic	LENGTH_2252	4	ndim	malign auto (boot)	0.0000	0.0370	0.0370	0.0370	ok
NorthEuralex Italic	LETTER_2259	3	ndim	malign auto (boot)	1.0000	1.0000	1.0000	1.0000	ok
NorthEuralex Italic	LICK_2263	4	ndim	malign auto (boot)	0.0000	0.0238	0.0238	0.0238	ok
NorthEuralex Italic	LID_(COVER,_CAP)_942	3	ndim	malign auto (boot)		0.2500	0.2222	0.2353	len_mismatch
NorthEuralex Italic	LID_(COVER,_CAP)_943	3	ndim	malign auto (boot)	1.0000	1.0000	1.0000	1.0000	ok
NorthEuralex Italic	LIE_(FALSEHOOD)_2267	5	progressive	malign auto (boot)	0.3750	0.6125	0.6125	0.6125	ok
NorthEuralex Italic	LIFE_2279	6	progressive	malign auto (boot)	1.0000	1.0000	1.0000	1.0000	ok
NorthEuralex Italic	LIFT_2281	4	ndim	malign auto (boot)		0.2708	0.2167	0.2407	len_mismatch
NorthEuralex Italic	LIGHT_(IGNITE)_2286	4	ndim	malign auto (boot)	0.0000	0.0500	0.0500	0.0500	ok
NorthEuralex Italic	LIGHT_(RADIATION)_2287	4	ndim	malign auto (boot)		0.2083	0.1667	0.1852	len_mismatch
NorthEuralex Italic	LINE_2306	7	progressive	malign auto (boot)	0.5000	0.5397	0.5397	0.5397	ok
NorthEuralex Italic	LIP_2307	6	progressive	malign auto (boot)		0.3444	0.4133	0.3758	len_mismatch
NorthEuralex Italic	LISTEN_2309	7	progressive	malign auto (boot)		0.1905	0.2095	0.1995	len_mismatch
NorthEuralex Italic	LIVER_2317	4	ndim	malign auto (boot)	0.0000	0.5000	0.5000	0.5000	ok
NorthEuralex Italic	LOAD_2323	4	ndim	malign auto (boot)	0.3333	0.4444	0.4444	0.4444	ok
NorthEuralex Italic	LOCK_2329	3	ndim	malign auto (boot)	0.0000	0.3333	0.3333	0.3333	ok
NorthEuralex Italic	LONG_2334	3	ndim	malign auto (boot)		0.2667	0.2222	0.2424	len_mismatch
NorthEuralex Italic	LOOK_FOR_2349	3	ndim	malign auto (boot)	0.0000	0.3333	0.3333	0.3333	ok
NorthEuralex Italic	LOUSE_2357	3	ndim	malign auto (boot)	0.2000	0.4667	0.4667	0.4667	ok
NorthEuralex Italic	LOVE_2361	4	ndim	malign auto (boot)	0.0000	0.1667	0.1667	0.1667	ok
NorthEuralex Italic	MAINLAND_2180	3	ndim	malign auto (boot)	0.0000	0.3000	0.3000	0.3000	ok
NorthEuralex Italic	MAKE_2366	6	progressive	malign auto (boot)		0.0750	0.1000	0.0857	len_mismatch
NorthEuralex Italic	MAN_2368	4	ndim	malign auto (boot)	0.0000	0.0000	0.0000	0.0000	ok
NorthEuralex Italic	MARCH_33	7	progressive	malign auto (boot)		0.5034	0.4405	0.4698	len_mismatch
NorthEuralex Italic	MASTER_2373	7	progressive	malign auto (boot)		0.5931	0.7249	0.6524	len_mismatch
NorthEuralex Italic	MAY_(MONTH)_34	6	progressive	malign auto (boot)	0.4000	0.7467	0.7467	0.7467	ok
NorthEuralex Italic	MEAL_2382	4	ndim	malign auto (boot)	0.2857	0.6429	0.6429	0.6429	ok
NorthEuralex Italic	MEANING_2389	4	ndim	malign auto (boot)		0.0667	0.0556	0.0606	len_mismatch
NorthEuralex Italic	MEANING_2390	3	ndim	malign auto (boot)	0.0000	0.1905	0.1905	0.1905	ok
NorthEuralex Italic	MEANING_2391	3	ndim	malign auto (boot)	0.7273	0.8182	0.8182	0.8182	ok
NorthEuralex Italic	MEASURE_2394	4	ndim	malign auto (boot)	0.1250	0.1250	0.1250	0.1250	ok
NorthEuralex Italic	MEASURE_2395	3	ndim	malign auto (boot)	0.0000	0.0000	0.0000	0.0000	ok
NorthEuralex Italic	MEAT_2396	6	progressive	malign auto (boot)	0.6000	0.8667	0.8667	0.8667	ok
NorthEuralex Italic	MEDICINE_2398	3	ndim	malign auto (boot)	0.0000	0.3333	0.3333	0.3333	ok
NorthEuralex Italic	MEDICINE_2399	3	ndim	malign auto (boot)	0.0000	0.3333	0.3333	0.3333	ok
NorthEuralex Italic	MEDICINE_2400	3	ndim	malign auto (boot)	0.0000	0.0000	0.0000	0.0000	ok
NorthEuralex Italic	MEET_2403	4	ndim	malign auto (boot)		0.1333	0.1212	0.1270	len_mismatch
NorthEuralex Italic	MELT_2407	5	progressive	malign auto (boot)	0.1111	0.1667	0.1667	0.1667	ok
NorthEuralex Italic	MEMORY_2412	7	progressive	malign auto (boot)		0.4286	0.3750	0.4000	len_mismatch
NorthEuralex Italic	MERRY_2413	4	ndim	malign auto (boot)	1.0000	1.0000	1.0000	1.0000	ok
NorthEuralex Italic	MESSAGE_2419	5	progressive	malign auto (boot)		0.5000	0.4444	0.4706	len_mismatch
NorthEuralex Italic	MIDDAY_2612	4	ndim	malign auto (boot)	0.0000	0.2917	0.2917	0.2917	ok
NorthEuralex Italic	MIDDLE_2422	4	ndim	malign auto (boot)	1.0000	1.0000	1.0000	1.0000	ok
NorthEuralex Italic	MIDDLE_2423	4	ndim	malign auto (boot)		0.4000	0.3333	0.3636	len_mismatch
NorthEuralex Italic	MILK_2426	6	progressive	malign auto (boot)	0.2000	0.5867	0.5867	0.5867	ok
NorthEuralex Italic	MISPLACE_2355	7	progressive	malign auto (boot)	0.7500	0.7500	0.7500	0.7500	ok
NorthEuralex Italic	MISTAKE_2454	6	progressive	malign auto (boot)	0.2857	0.3524	0.3524	0.3524	ok
NorthEuralex Italic	MONEY_2459	4	ndim	malign auto (boot)		0.2143	0.1875	0.2000	len_mismatch
NorthEuralex Italic	MONTH_2466	5	progressive	malign auto (boot)	1.0000	1.0000	1.0000	1.0000	ok
NorthEuralex Italic	MOON_2469	7	progressive	malign auto (boot)		0.5000	0.4000	0.4444	len_mismatch
NorthEuralex Italic	MOORLAND_2470	3	ndim	malign auto (boot)	0.0000	0.1250	0.1250	0.1250	ok
NorthEuralex Italic	MORNING_2475	6	progressive	malign auto (boot)	0.5000	0.7111	0.7111	0.7111	ok
NorthEuralex Italic	MOSQUITO_1673	3	ndim	malign auto (boot)	0.0000	0.3333	0.3333	0.3333	ok
NorthEuralex Italic	MOTHER_2477	5	progressive	malign auto (boot)	0.3333	0.5000	0.5000	0.5000	ok
NorthEuralex Italic	MOUNTAIN_2480	6	progressive	malign auto (boot)		0.3852	0.4952	0.4333	len_mismatch
NorthEuralex Italic	MOUSE_2482	3	ndim	malign auto (boot)	0.0000	0.0000	0.0000	0.0000	ok
NorthEuralex Italic	MOUSTACHE_2488	3	ndim	malign auto (boot)	1.0000	1.0000	1.0000	1.0000	ok
NorthEuralex Italic	MOUSTACHE_2489	3	ndim	malign auto (boot)	0.0000	0.3333	0.3333	0.3333	ok
NorthEuralex Italic	MOUTH_2492	5	progressive	malign auto (boot)		0.7200	0.9000	0.8000	len_mismatch
NorthEuralex Italic	MOVE_(AFFECT_EMOTIONALLY)_2495	5	progressive	malign auto (boot)	0.3000	0.3600	0.3600	0.3600	ok
NorthEuralex Italic	MUSHROOM_2510	4	ndim	malign auto (boot)		0.6000	0.5000	0.5455	len_mismatch
NorthEuralex Italic	MUSH_(FOOD)_2505	5	progressive	malign auto (boot)	1.0000	1.0000	1.0000	1.0000	ok
NorthEuralex Italic	NAIL_(TOOL)_2517	5	progressive	malign auto (boot)	0.6667	0.8667	0.8667	0.8667	ok
NorthEuralex Italic	NAKED_2523	5	progressive	malign auto (boot)		0.3000	0.3600	0.3273	len_mismatch
NorthEuralex Italic	NAME_2527	7	progressive	malign auto (boot)	0.4286	0.5782	0.5782	0.5782	ok
NorthEuralex Italic	NAPE_(OF_NECK)_2532	5	progressive	malign auto (boot)	1.0000	1.0000	1.0000	1.0000	ok
NorthEuralex Italic	NARROW_2536	4	ndim	malign auto (boot)	0.0000	0.1458	0.1458	0.1458	ok
NorthEuralex Italic	NAVEL_2548	5	progressive	malign auto (boot)	0.2000	0.5600	0.5600	0.5600	ok
NorthEuralex Italic	NECK_2558	4	ndim	malign auto (boot)	0.0000	0.5000	0.5000	0.5000	ok
NorthEuralex Italic	NEEDLE_(FOR_SEWING)_2563	3	ndim	malign auto (boot)	1.0000	1.0000	1.0000	1.0000	ok
NorthEuralex Italic	NEEDLE_(FOR_SEWING)_2564	3	ndim	malign auto (boot)	0.0000	0.0000	0.0000	0.0000	ok
NorthEuralex Italic	NEST_2566	6	progressive	malign auto (boot)	1.0000	1.0000	1.0000	1.0000	ok
NorthEuralex Italic	NET_2568	4	ndim	malign auto (boot)	0.0000	0.5000	0.5000	0.5000	ok
NorthEuralex Italic	NEWSPAPER_2583	3	ndim	malign auto (boot)	0.0000	0.0000	0.0000	0.0000	ok
NorthEuralex Italic	NEWS_2578	3	ndim	malign auto (boot)		0.7143	0.6250	0.6667	len_mismatch
NorthEuralex Italic	NEWS_2579	3	ndim	malign auto (boot)	0.0000	0.0000	0.0000	0.0000	ok
NorthEuralex Italic	NEW_2577	7	progressive	malign auto (boot)		0.2095	0.1497	0.1746	len_mismatch
NorthEuralex Italic	NIGHT_2598	6	progressive	malign auto (boot)		0.2000	0.1714	0.1846	len_mismatch
NorthEuralex Italic	NINETY_2601	5	progressive	malign auto (boot)	0.2222	0.3667	0.3667	0.3667	ok
NorthEuralex Italic	NINE_2600	7	progressive	malign auto (boot)	0.2000	0.3524	0.3524	0.3524	ok
NorthEuralex Italic	NOOSE_2617	4	ndim	malign auto (boot)	0.0000	0.2000	0.2000	0.2000	ok
NorthEuralex Italic	NORTH_2621	6	progressive	malign auto (boot)	1.0000	1.0000	1.0000	1.0000	ok
NorthEuralex Italic	NOSE_2624	5	progressive	malign auto (boot)	1.0000	1.0000	1.0000	1.0000	ok
NorthEuralex Italic	NOTICE_(SOMETHING)_2629	4	ndim	malign auto (boot)	0.0000	0.0000	0.0000	0.0000	ok
NorthEuralex Italic	NOTICE_(SOMETHING)_2630	3	ndim	malign auto (boot)		0.0417	0.0370	0.0392	len_mismatch
NorthEuralex Italic	NOT_2626	5	progressive	malign auto (boot)	1.0000	1.0000	1.0000	1.0000	ok
NorthEuralex Italic	NOVEMBER_42	7	progressive	malign auto (boot)		0.3439	0.2814	0.3095	len_mismatch
NorthEuralex Italic	NOW_2634	4	ndim	malign auto (boot)	0.6000	0.8000	0.8000	0.8000	ok
NorthEuralex Italic	OAR_2639	6	progressive	malign auto (boot)	1.0000	1.0000	1.0000	1.0000	ok
NorthEuralex Italic	OCTOBER_43	7	progressive	malign auto (boot)		0.4444	0.4000	0.4211	len_mismatch
NorthEuralex Italic	ODOR_(SMELL)_2643	6	progressive	malign auto (boot)	1.0000	1.0000	1.0000	1.0000	ok
NorthEuralex Italic	OF_THIS_KIND_(SUCH)_3433	3	ndim	malign auto (boot)	1.0000	1.0000	1.0000	1.0000	ok
NorthEuralex Italic	OF_THIS_KIND_(SUCH)_3434	3	ndim	malign auto (boot)	0.0000	0.0000	0.0000	0.0000	ok
NorthEuralex Italic	OIL_(ORGANIC_SUBSTANCE)_2654	3	ndim	malign auto (boot)	0.0000	0.3333	0.3333	0.3333	ok
NorthEuralex Italic	ONE_2678	4	ndim	malign auto (boot)	0.0000	0.0000	0.0000	0.0000	ok
NorthEuralex Italic	ONE_2679	3	ndim	malign auto (boot)	1.0000	1.0000	1.0000	1.0000	ok
NorthEuralex Italic	ONE_TIME_2665	4	ndim	malign auto (boot)	0.0000	0.0370	0.0370	0.0370	ok
NorthEuralex Italic	ONION_2680	4	ndim	malign auto (boot)	0.1667	0.5833	0.5833	0.5833	ok
NorthEuralex Italic	OPEN_(STATE)_2695	4	ndim	malign auto (boot)		0.3333	0.2917	0.3111	len_mismatch
NorthEuralex Italic	OPEN_2694	6	progressive	malign auto (boot)	0.2857	0.4381	0.4381	0.4381	ok
NorthEuralex Italic	OR_2697	4	ndim	malign auto (boot)	1.0000	1.0000	1.0000	1.0000	ok
NorthEuralex Italic	OTHER_2701	5	progressive	malign auto (boot)	0.6000	0.6400	0.6400	0.6400	ok
NorthEuralex Italic	OWN_2714	7	progressive	malign auto (boot)		0.3968	0.4464	0.4202	len_mismatch
NorthEuralex Italic	PAINTING_2717	7	progressive	malign auto (boot)		0.4857	0.5397	0.5113	len_mismatch
NorthEuralex Italic	PAINT_(PIGMENTS)_2717	4	ndim	malign auto (boot)	0.0000	0.3571	0.3571	0.3571	ok
NorthEuralex Italic	PAIN_2716	7	progressive	malign auto (boot)		0.4762	0.6349	0.5442	len_mismatch
NorthEuralex Italic	PALM_OF_HAND_2721	6	progressive	malign auto (boot)	1.0000	1.0000	1.0000	1.0000	ok
NorthEuralex Italic	PARENTS_2724	5	progressive	malign auto (boot)	0.3333	0.5444	0.5444	0.5444	ok
NorthEuralex Italic	PART_2727	7	progressive	malign auto (boot)	1.0000	1.0000	1.0000	1.0000	ok
NorthEuralex Italic	PASS_2730	5	progressive	malign auto (boot)	1.0000	1.0000	1.0000	1.0000	ok
NorthEuralex Italic	PASTURE_2734	4	ndim	malign auto (boot)	0.0000	0.1042	0.1042	0.1042	ok
NorthEuralex Italic	PATH_2738	3	ndim	malign auto (boot)	0.1250	0.2083	0.2083	0.2083	ok
NorthEuralex Italic	PATH_2739	3	ndim	malign auto (boot)		0.0556	0.0476	0.0513	len_mismatch
NorthEuralex Italic	PATH_OR_ROAD_4241	4	ndim	malign auto (boot)	0.0000	0.5000	0.5000	0.5000	ok
NorthEuralex Italic	PATTERN_2742	5	progressive	malign auto (boot)		0.5286	0.6167	0.5692	len_mismatch
NorthEuralex Italic	PAW_2746	3	ndim	malign auto (boot)	0.4000	0.4000	0.4000	0.4000	ok
NorthEuralex Italic	PEOPLE_2544	5	progressive	malign auto (boot)	0.5714	0.8286	0.8286	0.8286	ok
NorthEuralex Italic	PERCH_(FISH)_2774	6	progressive	malign auto (boot)		0.3833	0.4381	0.4089	len_mismatch
NorthEuralex Italic	PERSON_2009	3	ndim	malign auto (boot)	0.1250	0.2083	0.2083	0.2083	ok
NorthEuralex Italic	PERSON_2010	3	ndim	malign auto (boot)		0.1667	0.1333	0.1481	len_mismatch
NorthEuralex Italic	PHYSICIAN_1134	5	progressive	malign auto (boot)	1.0000	1.0000	1.0000	1.0000	ok
NorthEuralex Italic	PICK_2778	6	progressive	malign auto (boot)	0.1429	0.5429	0.5429	0.5429	ok
NorthEuralex Italic	PICTURE_(PAINTING)_2788	3	ndim	malign auto (boot)	0.1429	0.4286	0.4286	0.4286	ok
NorthEuralex Italic	PICTURE_(PAINTING)_2789	3	ndim	malign auto (boot)		0.2778	0.2381	0.2564	len_mismatch
NorthEuralex Italic	PICTURE_(PAINTING)_2790	3	ndim	malign auto (boot)	0.0000	0.3333	0.3333	0.3333	ok
NorthEuralex Italic	PIECE_2793	4	ndim	malign auto (boot)		0.0000	0.0000	0.0000	len_mismatch
NorthEuralex Italic	PIG_2798	6	progressive	malign auto (boot)		0.3143	0.3667	0.3385	len_mismatch
NorthEuralex Italic	PIKE_(FISH)_2803	4	ndim	malign auto (boot)	0.0000	0.5000	0.5000	0.5000	ok
NorthEuralex Italic	PINE_2813	7	progressive	malign auto (boot)		0.3155	0.3605	0.3365	len_mismatch
NorthEuralex Italic	PIT_(POTHOLE)_2818	4	ndim	malign auto (boot)	0.0000	0.5000	0.5000	0.5000	ok
NorthEuralex Italic	PLACE_(POSITION)_2825	4	ndim	malign auto (boot)		0.0667	0.0556	0.0606	len_mismatch
NorthEuralex Italic	PLAY_2835	4	ndim	malign auto (boot)	0.0000	0.0000	0.0000	0.0000	ok
NorthEuralex Italic	POINTED_2840	4	ndim	malign auto (boot)		0.1944	0.1667	0.1795	len_mismatch
NorthEuralex Italic	POOR_2850	5	progressive	malign auto (boot)	1.0000	1.0000	1.0000	1.0000	ok
NorthEuralex Italic	POST_2846	6	progressive	malign auto (boot)	0.0000	0.2400	0.2400	0.2400	ok
NorthEuralex Italic	POST_2847	3	ndim	malign auto (boot)	0.1429	0.4286	0.4286	0.4286	ok
NorthEuralex Italic	POT_2854	3	ndim	malign auto (boot)	0.5000	0.5000	0.5000	0.5000	ok
NorthEuralex Italic	POUCH_2861	4	ndim	malign auto (boot)	0.4000	0.7000	0.7000	0.7000	ok
NorthEuralex Italic	POUCH_2862	3	ndim	malign auto (boot)	0.0000	0.0556	0.0556	0.0556	ok
NorthEuralex Italic	POUR_2866	3	ndim	malign auto (boot)	0.1429	0.1429	0.1429	0.1429	ok
NorthEuralex Italic	POWERFUL_2876	6	progressive	malign auto (boot)	0.1667	0.3111	0.3111	0.3111	ok
NorthEuralex Italic	POWERFUL_2877	3	ndim	malign auto (boot)	0.0000	0.0000	0.0000	0.0000	ok
NorthEuralex Italic	POWER_2871	5	progressive	malign auto (boot)	1.0000	1.0000	1.0000	1.0000	ok
NorthEuralex Italic	POWER_2872	4	ndim	malign auto (boot)	0.1250	0.3542	0.3542	0.3542	ok
NorthEuralex Italic	PRECIOUS_2887	7	progressive	malign auto (boot)		0.4815	0.4333	0.4561	len_mismatch
NorthEuralex Italic	PREPARE_2888	6	progressive	malign auto (boot)		0.1111	0.1000	0.1053	len_mismatch
NorthEuralex Italic	PRESERVE_2890	6	progressive	malign auto (boot)		0.2500	0.2727	0.2609	len_mismatch
NorthEuralex Italic	PRESS_2893	3	ndim	malign auto (boot)	0.1429	0.4286	0.4286	0.4286	ok
NorthEuralex Italic	PRICE_2909	7	progressive	malign auto (boot)	0.6667	0.9048	0.9048	0.9048	ok
NorthEuralex Italic	PRODUCE_2910	5	progressive	malign auto (boot)		0.5727	0.7000	0.6300	len_mismatch
NorthEuralex Italic	PRODUCE_2911	4	ndim	malign auto (boot)		0.0625	0.0556	0.0588	len_mismatch
NorthEuralex Italic	PROMISE_2913	6	progressive	malign auto (boot)	0.6667	0.8000	0.8000	0.8000	ok
NorthEuralex Italic	PROTECT_2916	6	progressive	malign auto (boot)	0.8000	0.8133	0.8133	0.8133	ok
NorthEuralex Italic	PULL_2919	5	progressive	malign auto (boot)	0.4000	0.6500	0.6500	0.6500	ok
NorthEuralex Italic	RAIN_(RAINING)_2943	4	ndim	malign auto (boot)		0.0238	0.0208	0.0222	len_mismatch
NorthEuralex Italic	RAISE_(BRING_UP)_588	3	ndim	malign auto (boot)		0.4667	0.3889	0.4242	len_mismatch
NorthEuralex Italic	RAW_2963	7	progressive	malign auto (boot)	1.0000	1.0000	1.0000	1.0000	ok
NorthEuralex Italic	READ_2964	5	progressive	malign auto (boot)	0.4286	0.6857	0.6857	0.6857	ok
NorthEuralex Italic	REASON_2967	6	progressive	malign auto (boot)		0.4400	0.3667	0.4000	len_mismatch
NorthEuralex Italic	RECOGNIZE_(SOMEBODY)_2977	7	progressive	malign auto (boot)	0.3077	0.3297	0.3297	0.3297	ok
NorthEuralex Italic	RECOVER_2978	3	ndim	malign auto (boot)	0.0000	0.0000	0.0000	0.0000	ok
NorthEuralex Italic	RED_2984	4	ndim	malign auto (boot)	0.0000	0.5000	0.5000	0.5000	ok
NorthEuralex Italic	REMAIN_3603	3	ndim	malign auto (boot)	0.1250	0.4167	0.4167	0.4167	ok
NorthEuralex Italic	REPAIR_2998	7	progressive	malign auto (boot)	1.0000	1.0000	1.0000	1.0000	ok
NorthEuralex Italic	RESCUE_3005	7	progressive	malign auto (boot)		0.5450	0.7007	0.6131	len_mismatch
NorthEuralex Italic	REST_2987	3	ndim	malign auto (boot)	0.0000	0.1111	0.1111	0.1111	ok
NorthEuralex Italic	RICH_3020	5	progressive	malign auto (boot)	1.0000	1.0000	1.0000	1.0000	ok
NorthEuralex Italic	RIGHT_3024	5	progressive	malign auto (boot)	0.2500	0.5125	0.5125	0.5125	ok
NorthEuralex Italic	RING_(MAKE_SOUND)_3028	3	ndim	malign auto (boot)	0.2857	0.2857	0.2857	0.2857	ok
NorthEuralex Italic	RING_3027	6	progressive	malign auto (boot)	0.6667	0.8000	0.8000	0.8000	ok
NorthEuralex Italic	RIPEN_3045	6	progressive	malign auto (boot)	0.0833	0.3056	0.3056	0.3056	ok
NorthEuralex Italic	RIPE_3042	5	progressive	malign auto (boot)	1.0000	1.0000	1.0000	1.0000	ok
NorthEuralex Italic	RIVER_3059	4	ndim	malign auto (boot)		0.8333	0.6250	0.7143	len_mismatch
NorthEuralex Italic	ROAD_3064	3	ndim	malign auto (boot)	1.0000	1.0000	1.0000	1.0000	ok
NorthEuralex Italic	ROAD_3065	3	ndim	malign auto (boot)	1.0000	1.0000	1.0000	1.0000	ok
NorthEuralex Italic	ROOF_3083	3	ndim	malign auto (boot)	0.4000	0.4000	0.4000	0.4000	ok
NorthEuralex Italic	ROOF_3084	3	ndim	malign auto (boot)	0.5714	0.5714	0.5714	0.5714	ok
NorthEuralex Italic	ROOSTER_859	5	progressive	malign auto (boot)		0.5200	0.4333	0.4727	len_mismatch
NorthEuralex Italic	ROT_1023	3	ndim	malign auto (boot)	0.2500	0.5000	0.5000	0.5000	ok
NorthEuralex Italic	ROUND_3099	5	progressive	malign auto (boot)		0.2000	0.2250	0.2118	len_mismatch
NorthEuralex Italic	ROW_3103	6	progressive	malign auto (boot)	0.3750	0.5833	0.5833	0.5833	ok
NorthEuralex Italic	RUB_3110	4	ndim	malign auto (boot)		0.1875	0.1667	0.1765	len_mismatch
NorthEuralex Italic	RULE_3114	4	ndim	malign auto (boot)	0.0000	0.0625	0.0625	0.0625	ok
NorthEuralex Italic	RUN_3119	6	progressive	malign auto (boot)	1.0000	1.0000	1.0000	1.0000	ok
NorthEuralex Italic	RUSTLE_(OF_LEAVES)_3129	3	ndim	malign auto (boot)	0.0000	0.3333	0.3333	0.3333	ok
NorthEuralex Italic	SACK_3135	7	progressive	malign auto (boot)	1.0000	1.0000	1.0000	1.0000	ok
NorthEuralex Italic	SAD_3136	6	progressive	malign auto (boot)	1.0000	1.0000	1.0000	1.0000	ok
NorthEuralex Italic	SALT_3139	7	progressive	malign auto (boot)	1.0000	1.0000	1.0000	1.0000	ok
NorthEuralex Italic	SAND_3140	5	progressive	malign auto (boot)	1.0000	1.0000	1.0000	1.0000	ok
NorthEuralex Italic	SATURDAY_44	3	ndim	malign auto (boot)	1.0000	1.0000	1.0000	1.0000	ok
NorthEuralex Italic	SAY_3144	6	progressive	malign auto (boot)		0.6190	0.7222	0.6667	len_mismatch
NorthEuralex Italic	SCRAPE_3154	3	ndim	malign auto (boot)		0.2083	0.1852	0.1961	len_mismatch
NorthEuralex Italic	SCRAPE_3155	3	ndim	malign auto (boot)	0.0000	0.3333	0.3333	0.3333	ok
NorthEuralex Italic	SEA_3157	7	progressive	malign auto (boot)	0.5000	0.8571	0.8571	0.8571	ok
NorthEuralex Italic	SECOND_3158	6	progressive	malign auto (boot)	0.7500	0.9167	0.9167	0.9167	ok
NorthEuralex Italic	SEEM_3168	5	progressive	malign auto (boot)	0.3750	0.4250	0.4250	0.4250	ok
NorthEuralex Italic	SEEM_3169	3	ndim	malign auto (boot)	0.1250	0.1667	0.1667	0.1667	ok
NorthEuralex Italic	SEE_3161	7	progressive	malign auto (boot)	0.1429	0.3333	0.3333	0.3333	ok
NorthEuralex Italic	SELL_3193	7	progressive	malign auto (boot)		0.5873	0.7551	0.6607	len_mismatch
NorthEuralex Italic	SEND_3194	4	ndim	malign auto (boot)		0.0476	0.0417	0.0444	len_mismatch
NorthEuralex Italic	SEPARATE_3198	4	ndim	malign auto (boot)		0.2778	0.2500	0.2632	len_mismatch
NorthEuralex Italic	SEPTEMBER_49	7	progressive	malign auto (boot)	0.3333	0.4127	0.4127	0.4127	ok
NorthEuralex Italic	SET_(HEAVENLY_BODIES)_3204	3	ndim	malign auto (boot)	0.4286	0.6190	0.6190	0.6190	ok
NorthEuralex Italic	SEVENTY_3211	5	progressive	malign auto (boot)	0.1818	0.2545	0.2545	0.2545	ok
NorthEuralex Italic	SEVEN_3210	7	progressive	malign auto (boot)	0.1667	0.4762	0.4762	0.4762	ok
NorthEuralex Italic	SEVERE_2540	6	progressive	malign auto (boot)	1.0000	1.0000	1.0000	1.0000	ok
NorthEuralex Italic	SEW_3214	6	progressive	malign auto (boot)		0.3048	0.3556	0.3282	len_mismatch
NorthEuralex Italic	SHADE_3217	7	progressive	malign auto (boot)	0.0000	0.0476	0.0476	0.0476	ok
NorthEuralex Italic	SHAKE_3218	4	ndim	malign auto (boot)		0.0625	0.0556	0.0588	len_mismatch
NorthEuralex Italic	SHAKE_3219	4	ndim	malign auto (boot)	0.0000	0.2143	0.2143	0.2143	ok
NorthEuralex Italic	SHARPEN_(SOMETHING)_3230	4	ndim	malign auto (boot)		0.0833	0.0714	0.0769	len_mismatch
NorthEuralex Italic	SHARP_3223	3	ndim	malign auto (boot)	0.5714	0.7143	0.7143	0.7143	ok
NorthEuralex Italic	SHEEP_3236	3	ndim	malign auto (boot)	1.0000	1.0000	1.0000	1.0000	ok
NorthEuralex Italic	SHINE_3249	4	ndim	malign auto (boot)	0.0000	0.1667	0.1667	0.1667	ok
NorthEuralex Italic	SHIRT_3254	5	progressive	malign auto (boot)	1.0000	1.0000	1.0000	1.0000	ok
NorthEuralex Italic	SHIVER_4064	6	progressive	malign auto (boot)		0.3733	0.4148	0.3930	len_mismatch
NorthEuralex Italic	SHOE_3257	3	ndim	malign auto (boot)	1.0000	1.0000	1.0000	1.0000	ok
NorthEuralex Italic	SHOOT_3263	5	progressive	malign auto (boot)		0.5900	0.6556	0.6211	len_mismatch
NorthEuralex Italic	SHORE_OF_LAKE_3273	4	ndim	malign auto (boot)	0.0000	0.0000	0.0000	0.0000	ok
NorthEuralex Italic	SHORT_3279	5	progressive	malign auto (boot)	1.0000	1.0000	1.0000	1.0000	ok
NorthEuralex Italic	SHOUT_3288	5	progressive	malign auto (boot)	0.7143	0.8857	0.8857	0.8857	ok
NorthEuralex Italic	SHOVEL_3295	5	progressive	malign auto (boot)	0.3333	0.6000	0.6000	0.6000	ok
NorthEuralex Italic	SHOW_3298	5	progressive	malign auto (boot)		0.7111	0.8000	0.7529	len_mismatch
NorthEuralex Italic	SICK_3310	3	ndim	malign auto (boot)	0.7143	0.8095	0.8095	0.8095	ok
NorthEuralex Italic	SICK_3311	3	ndim	malign auto (boot)	0.0000	0.0000	0.0000	0.0000	ok
NorthEuralex Italic	SIDE_3315	4	ndim	malign auto (boot)	0.0000	0.0000	0.0000	0.0000	ok
NorthEuralex Italic	SIDE_3316	3	ndim	malign auto (boot)	0.0000	0.0476	0.0476	0.0476	ok
NorthEuralex Italic	SIGN_3320	4	ndim	malign auto (boot)		0.3056	0.2619	0.2821	len_mismatch
NorthEuralex Italic	SIGN_3321	4	ndim	malign auto (boot)	0.0000	0.3000	0.3000	0.3000	ok
NorthEuralex Italic	SILENCE_667	5	progressive	malign auto (boot)	1.0000	1.0000	1.0000	1.0000	ok
NorthEuralex Italic	SILENCE_668	3	ndim	malign auto (boot)	0.1250	0.2083	0.2083	0.2083	ok
NorthEuralex Italic	SILVER_3324	3	ndim	malign auto (boot)	1.0000	1.0000	1.0000	1.0000	ok
NorthEuralex Italic	SILVER_3325	3	ndim	malign auto (boot)	0.0000	0.3333	0.3333	0.3333	ok
NorthEuralex Italic	SING_3331	6	progressive	malign auto (boot)		0.1750	0.2000	0.1867	len_mismatch
NorthEuralex Italic	SINK_(DESCEND)_3333	3	ndim	malign auto (boot)	0.2000	0.3333	0.3333	0.3333	ok
NorthEuralex Italic	SIN_3327	6	progressive	malign auto (boot)		0.7714	0.9000	0.8308	len_mismatch
NorthEuralex Italic	SISTER_3338	3	ndim	malign auto (boot)	0.0000	0.0000	0.0000	0.0000	ok
NorthEuralex Italic	SIT_3342	4	ndim	malign auto (boot)	0.1667	0.3611	0.3611	0.3611	ok
NorthEuralex Italic	SIT_DOWN_3346	3	ndim	malign auto (boot)	0.6250	0.6250	0.6250	0.6250	ok
NorthEuralex Italic	SIXTY_3355	6	progressive	malign auto (boot)	0.0909	0.2061	0.2061	0.2061	ok
NorthEuralex Italic	SIX_3352	5	progressive	malign auto (boot)	0.2500	0.5000	0.5000	0.5000	ok
NorthEuralex Italic	SKIN_(OF_FRUIT)_2763	3	ndim	malign auto (boot)		0.0000	0.0000	0.0000	len_mismatch
NorthEuralex Italic	SKIN_3370	6	progressive	malign auto (boot)	0.1667	0.2889	0.2889	0.2889	ok
NorthEuralex Italic	SKI_3364	5	progressive	malign auto (boot)	0.2500	0.7000	0.7000	0.7000	ok
NorthEuralex Italic	SLAB_3378	4	ndim	malign auto (boot)	0.0000	0.1667	0.1667	0.1667	ok
NorthEuralex Italic	SLED_3388	4	ndim	malign auto (boot)		0.2222	0.1905	0.2051	len_mismatch
NorthEuralex Italic	SLEEP_(STATE)_3384	6	progressive	malign auto (boot)	0.2857	0.5333	0.5333	0.5333	ok
NorthEuralex Italic	SLEEP_3383	7	progressive	malign auto (boot)		0.3750	0.4286	0.4000	len_mismatch
NorthEuralex Italic	SLEEVE_3386	6	progressive	malign auto (boot)		0.5905	0.6889	0.6359	len_mismatch
NorthEuralex Italic	SLOPE_3405	3	ndim	malign auto (boot)		0.1111	0.0952	0.1026	len_mismatch
NorthEuralex Italic	SMOKE_(EMIT_SMOKE)_3416	6	progressive	malign auto (boot)		0.5524	0.4833	0.5156	len_mismatch
NorthEuralex Italic	SMOKE_(EXHAUST)_3416	6	progressive	malign auto (boot)		0.8400	0.7000	0.7636	len_mismatch
NorthEuralex Italic	SMOOTH_3420	6	progressive	malign auto (boot)	0.4000	0.5600	0.5600	0.5600	ok
NorthEuralex Italic	SNAKE_3423	7	progressive	malign auto (boot)	0.4444	0.6931	0.6931	0.6931	ok
NorthEuralex Italic	SNOW_3430	4	ndim	malign auto (boot)	0.0000	0.3333	0.3333	0.3333	ok
NorthEuralex Italic	SOFT_3439	4	ndim	malign auto (boot)		0.2667	0.2222	0.2424	len_mismatch
NorthEuralex Italic	SOLID_1463	7	progressive	malign auto (boot)	0.4286	0.8367	0.8367	0.8367	ok
NorthEuralex Italic	SOLID_1464	4	ndim	malign auto (boot)	0.0000	0.1667	0.1667	0.1667	ok
NorthEuralex Italic	SOMETIMES_3443	3	ndim	malign auto (boot)		0.1111	0.1000	0.1053	len_mismatch
NorthEuralex Italic	SONG_3454	3	ndim	malign auto (boot)		0.1905	0.1667	0.1778	len_mismatch
NorthEuralex Italic	SON_3451	6	progressive	malign auto (boot)	0.6667	0.8889	0.8889	0.8889	ok
NorthEuralex Italic	SOUND_(OF_INSTRUMENT_OR_VOICE)_3477	6	progressive	malign auto (boot)	0.4286	0.5905	0.5905	0.5905	ok
NorthEuralex Italic	SOUND_OR_NOISE_3477	4	ndim	malign auto (boot)		0.0833	0.0714	0.0769	len_mismatch
NorthEuralex Italic	SOUND_OR_NOISE_3478	3	ndim	malign auto (boot)	1.0000	1.0000	1.0000	1.0000	ok
NorthEuralex Italic	SOUP_3480	6	progressive	malign auto (boot)	0.5000	0.8333	0.8333	0.8333	ok
NorthEuralex Italic	SOUR_3486	4	ndim	malign auto (boot)	0.2000	0.2000	0.2000	0.2000	ok
NorthEuralex Italic	SOUTH_3499	5	progressive	malign auto (boot)	1.0000	1.0000	1.0000	1.0000	ok
NorthEuralex Italic	SPADE_3510	3	ndim	malign auto (boot)	1.0000	1.0000	1.0000	1.0000	ok
NorthEuralex Italic	SPARK_3516	5	progressive	malign auto (boot)		0.3333	0.3750	0.3529	len_mismatch
NorthEuralex Italic	SPEAK_3528	3	ndim	malign auto (boot)	0.1429	0.1429	0.1429	0.1429	ok
NorthEuralex Italic	SPEECH_3532	6	progressive	malign auto (boot)	0.7500	0.9167	0.9167	0.9167	ok
NorthEuralex Italic	SPIDER_3536	6	progressive	malign auto (boot)	0.6667	0.8889	0.8889	0.8889	ok
NorthEuralex Italic	SPIRIT_3544	6	progressive	malign auto (boot)	0.6000	0.7600	0.7600	0.7600	ok
NorthEuralex Italic	SPIRIT_3545	5	progressive	malign auto (boot)		0.1111	0.1250	0.1176	len_mismatch
NorthEuralex Italic	SPOIL_(BECOME_SPOILED)_3093	3	ndim	malign auto (boot)	0.2500	0.5000	0.5000	0.5000	ok
NorthEuralex Italic	SPOIL_(SOMEBODY_OR_SOMETHING)_3549	3	ndim	malign auto (boot)	0.0000	0.0741	0.0741	0.0741	ok
NorthEuralex Italic	SPOON_3555	4	ndim	malign auto (boot)		0.0714	0.0625	0.0667	len_mismatch
NorthEuralex Italic	SPREAD_OUT_3559	3	ndim	malign auto (boot)	0.0000	0.0000	0.0000	0.0000	ok
NorthEuralex Italic	SPRINGTIME_3565	5	progressive	malign auto (boot)	1.0000	1.0000	1.0000	1.0000	ok
NorthEuralex Italic	STAR_3592	4	ndim	malign auto (boot)	0.1429	0.5714	0.5714	0.5714	ok
NorthEuralex Italic	STAR_3593	3	ndim	malign auto (boot)	0.2000	0.4667	0.4667	0.4667	ok
NorthEuralex Italic	STATE_(POLITICS)_3600	5	progressive	malign auto (boot)		0.0750	0.1000	0.0857	len_mismatch
NorthEuralex Italic	STEAL_3609	4	ndim	malign auto (boot)		0.2222	0.1905	0.2051	len_mismatch
NorthEuralex Italic	STEAL_3610	3	ndim	malign auto (boot)	0.0000	0.0000	0.0000	0.0000	ok
NorthEuralex Italic	STEP_(VERB)_3613	3	ndim	malign auto (boot)	0.0000	0.0000	0.0000	0.0000	ok
NorthEuralex Italic	STICK_3618	4	ndim	malign auto (boot)	0.0000	0.3333	0.3333	0.3333	ok
NorthEuralex Italic	STICK_3619	3	ndim	malign auto (boot)	0.0000	0.0000	0.0000	0.0000	ok
NorthEuralex Italic	STILL_(CONTINUING)_3629	3	ndim	malign auto (boot)	0.1667	0.4444	0.4444	0.4444	ok
NorthEuralex Italic	STINGY_3639	5	progressive	malign auto (boot)	1.0000	1.0000	1.0000	1.0000	ok
NorthEuralex Italic	STING_3635	6	progressive	malign auto (boot)		0.2667	0.3048	0.2844	len_mismatch
NorthEuralex Italic	STIR_3643	3	ndim	malign auto (boot)	0.0000	0.0000	0.0000	0.0000	ok
NorthEuralex Italic	STOMACH_3647	7	progressive	malign auto (boot)		0.1602	0.1762	0.1678	len_mismatch
NorthEuralex Italic	STONE_3648	6	progressive	malign auto (boot)		0.2333	0.2000	0.2154	len_mismatch
NorthEuralex Italic	STORY_3659	6	progressive	malign auto (boot)	0.2727	0.3818	0.3818	0.3818	ok
NorthEuralex Italic	STORY_3660	3	ndim	malign auto (boot)	0.1667	0.2778	0.2778	0.2778	ok
NorthEuralex Italic	STOVE_3664	4	ndim	malign auto (boot)	1.0000	1.0000	1.0000	1.0000	ok
NorthEuralex Italic	STRAP_3669	5	progressive	malign auto (boot)	0.6667	0.7667	0.7667	0.7667	ok
NorthEuralex Italic	STREAM_(FLOW_CONTINUOUSLY)_3673	3	ndim	malign auto (boot)	0.0000	0.1111	0.1111	0.1111	ok
NorthEuralex Italic	STRENGTH_3677	3	ndim	malign auto (boot)		0.0000	0.0000	0.0000	len_mismatch
NorthEuralex Italic	STRENGTH_3678	4	ndim	malign auto (boot)	0.0000	0.0476	0.0476	0.0476	ok
NorthEuralex Italic	STRIKE_(SOMEONE)_337	5	progressive	malign auto (boot)	0.6667	0.8667	0.8667	0.8667	ok
NorthEuralex Italic	STRIKE_(SOMETHING)_1942	4	ndim	malign auto (boot)	0.0000	0.0000	0.0000	0.0000	ok
NorthEuralex Italic	STRING_3681	5	progressive	malign auto (boot)		0.2500	0.2143	0.2308	len_mismatch
NorthEuralex Italic	STROKE_(OF_PEN)_3686	5	progressive	malign auto (boot)	0.6000	0.8400	0.8400	0.8400	ok
NorthEuralex Italic	STRONG_3691	5	progressive	malign auto (boot)	0.1667	0.3833	0.3833	0.3833	ok
NorthEuralex Italic	STRONG_3692	3	ndim	malign auto (boot)	0.0000	0.3333	0.3333	0.3333	ok
NorthEuralex Italic	STUPID_3698	5	progressive	malign auto (boot)		0.1100	0.1222	0.1158	len_mismatch
NorthEuralex Italic	SUMMIT_3729	4	ndim	malign auto (boot)	0.0000	0.1667	0.1667	0.1667	ok
NorthEuralex Italic	SUNDAY_50	5	progressive	malign auto (boot)	0.4444	0.6778	0.6778	0.6778	ok
NorthEuralex Italic	SUN_3735	5	progressive	malign auto (boot)	1.0000	1.0000	1.0000	1.0000	ok
NorthEuralex Italic	SUPPORT_(OF_OBJECT)_3738	4	ndim	malign auto (boot)	0.0000	0.5000	0.5000	0.5000	ok
NorthEuralex Italic	SWAMP_3752	3	ndim	malign auto (boot)	0.1429	0.2857	0.2857	0.2857	ok
NorthEuralex Italic	SWAN_3757	4	ndim	malign auto (boot)	0.0000	0.5000	0.5000	0.5000	ok
NorthEuralex Italic	SWAY_3770	6	progressive	malign auto (boot)		0.1394	0.1704	0.1533	len_mismatch
NorthEuralex Italic	SWEEP_3773	3	ndim	malign auto (boot)	0.0000	0.0000	0.0000	0.0000	ok
NorthEuralex Italic	SWEET_3780	5	progressive	malign auto (boot)	1.0000	1.0000	1.0000	1.0000	ok
NorthEuralex Italic	SWIM_3783	6	progressive	malign auto (boot)	0.5714	0.7429	0.7429	0.7429	ok
NorthEuralex Italic	SWINDLE_738	3	ndim	malign auto (boot)	0.1250	0.2500	0.2500	0.2500	ok
NorthEuralex Italic	SWING_(MOVEMENT)_3785	5	progressive	malign auto (boot)	0.7143	0.8000	0.8000	0.8000	ok
NorthEuralex Italic	SWING_(MOVEMENT)_3787	4	ndim	malign auto (boot)		0.0476	0.0417	0.0444	len_mismatch
NorthEuralex Italic	SWING_(SOMETHING)_3786	5	progressive	malign auto (boot)	0.7143	0.7429	0.7429	0.7429	ok
NorthEuralex Italic	TABLE_3791	4	ndim	malign auto (boot)	1.0000	1.0000	1.0000	1.0000	ok
NorthEuralex Italic	TABLE_3792	3	ndim	malign auto (boot)	0.3333	0.3333	0.3333	0.3333	ok
NorthEuralex Italic	TAIL_3793	4	ndim	malign auto (boot)	0.4000	0.5000	0.5000	0.5000	ok
NorthEuralex Italic	TAKE_3797	3	ndim	malign auto (boot)	0.2500	0.2500	0.2500	0.2500	ok
NorthEuralex Italic	TAKE_3798	3	ndim	malign auto (boot)	0.0000	0.0000	0.0000	0.0000	ok
NorthEuralex Italic	TALK_3814	3	ndim	malign auto (boot)	0.1429	0.1429	0.1429	0.1429	ok
NorthEuralex Italic	TASTE_(SOMETHING)_3822	3	ndim	malign auto (boot)	0.0000	0.2593	0.2593	0.2593	ok
NorthEuralex Italic	TASTE_(SOMETHING)_3823	3	ndim	malign auto (boot)	0.0000	0.3333	0.3333	0.3333	ok
NorthEuralex Italic	TASTE_1477	7	progressive	malign auto (boot)		0.0068	0.0079	0.0073	len_mismatch
NorthEuralex Italic	TASTE_1478	4	ndim	malign auto (boot)	0.0000	0.0000	0.0000	0.0000	ok
NorthEuralex Italic	TASTY_1049	4	ndim	malign auto (boot)		0.1296	0.1167	0.1228	len_mismatch
NorthEuralex Italic	TEACHER_3837	5	progressive	malign auto (boot)	1.0000	1.0000	1.0000	1.0000	ok
NorthEuralex Italic	TEACH_3831	4	ndim	malign auto (boot)	0.0000	0.0208	0.0208	0.0208	ok
NorthEuralex Italic	TEAR_(OF_EYE)_3842	6	progressive	malign auto (boot)	1.0000	1.0000	1.0000	1.0000	ok
NorthEuralex Italic	TEA_3827	4	ndim	malign auto (boot)	1.0000	1.0000	1.0000	1.0000	ok
NorthEuralex Italic	TELL_3859	5	progressive	malign auto (boot)		0.3700	0.4111	0.3895	len_mismatch
NorthEuralex Italic	TENDON_3329	6	progressive	malign auto (boot)	0.2857	0.6476	0.6476	0.6476	ok
NorthEuralex Italic	TEN_3864	4	ndim	malign auto (boot)	0.5000	0.5000	0.5000	0.5000	ok
NorthEuralex Italic	THAT_3868	3	ndim	malign auto (boot)	1.0000	1.0000	1.0000	1.0000	ok
NorthEuralex Italic	THERE_3895	4	ndim	malign auto (boot)	1.0000	1.0000	1.0000	1.0000	ok
NorthEuralex Italic	THEY_3900	4	ndim	malign auto (boot)	0.0000	0.5000	0.5000	0.5000	ok
NorthEuralex Italic	THICK_3904	5	progressive	malign auto (boot)		0.3250	0.3714	0.3467	len_mismatch
NorthEuralex Italic	THING_3919	4	ndim	malign auto (boot)	0.4000	0.4000	0.4000	0.4000	ok
NorthEuralex Italic	THINK_(REFLECT)_3924	5	progressive	malign auto (boot)		0.5500	0.6286	0.5867	len_mismatch
NorthEuralex Italic	THIN_(SLIM)_3401	5	progressive	malign auto (boot)		0.1125	0.1286	0.1200	len_mismatch
NorthEuralex Italic	THIRD_3927	5	progressive	malign auto (boot)		0.6625	0.5889	0.6235	len_mismatch
NorthEuralex Italic	THIRTY_3930	6	progressive	malign auto (boot)	0.2500	0.4750	0.4750	0.4750	ok
NorthEuralex Italic	THIS_3932	3	ndim	malign auto (boot)	1.0000	1.0000	1.0000	1.0000	ok
NorthEuralex Italic	THOUGHT_3947	4	ndim	malign auto (boot)	0.2000	0.2000	0.2000	0.2000	ok
NorthEuralex Italic	THOUGHT_3948	3	ndim	malign auto (boot)	0.0000	0.1212	0.1212	0.1212	ok
NorthEuralex Italic	THOUSAND_76	6	progressive	malign auto (boot)		0.4000	0.5000	0.4444	len_mismatch
NorthEuralex Italic	THOU_3945	7	progressive	malign auto (boot)		0.4921	0.7381	0.5905	len_mismatch
NorthEuralex Italic	THREAD_3954	5	progressive	malign auto (boot)	1.0000	1.0000	1.0000	1.0000	ok
NorthEuralex Italic	THREE_3957	7	progressive	malign auto (boot)	0.4000	0.4000	0.4000	0.4000	ok
NorthEuralex Italic	THROUGH_3963	6	progressive	malign auto (boot)	1.0000	1.0000	1.0000	1.0000	ok
NorthEuralex Italic	THROW_3967	5	progressive	malign auto (boot)		0.2250	0.2571	0.2400	len_mismatch
NorthEuralex Italic	THUNDER_(VERB)_3972	7	progressive	malign auto (boot)		0.2048	0.2275	0.2155	len_mismatch
NorthEuralex Italic	THUNDER_3972	4	ndim	malign auto (boot)		0.0208	0.0185	0.0196	len_mismatch
NorthEuralex Italic	TIE_3975	5	progressive	malign auto (boot)	1.0000	1.0000	1.0000	1.0000	ok
NorthEuralex Italic	TIE_UP_(TETHER)_3980	4	ndim	malign auto (boot)	0.2857	0.4048	0.4048	0.4048	ok
NorthEuralex Italic	TIME_3983	5	progressive	malign auto (boot)	0.1429	0.6143	0.6143	0.6143	ok
NorthEuralex Italic	TINKLE_3987	3	ndim	malign auto (boot)		0.4444	0.4000	0.4211	len_mismatch
NorthEuralex Italic	TIP_(OF_OBJECT)_3992	4	ndim	malign auto (boot)	0.4000	0.7000	0.7000	0.7000	ok
NorthEuralex Italic	TOE_4006	4	ndim	malign auto (boot)	0.0000	0.0417	0.0417	0.0417	ok
NorthEuralex Italic	TONE_(MUSIC)_4022	6	progressive	malign auto (boot)		0.4933	0.6167	0.5481	len_mismatch
NorthEuralex Italic	TONGUE_4024	5	progressive	malign auto (boot)		0.3000	0.3500	0.3231	len_mismatch
NorthEuralex Italic	TOOTH_4027	6	progressive	malign auto (boot)	0.1667	0.3222	0.3222	0.3222	ok
NorthEuralex Italic	TOUCH_4029	6	progressive	malign auto (boot)		0.2417	0.2762	0.2578	len_mismatch
NorthEuralex Italic	TOWN_4040	3	ndim	malign auto (boot)		0.1111	0.0952	0.1026	len_mismatch
NorthEuralex Italic	TRANSLATE_4052	6	progressive	malign auto (boot)		0.6583	0.5852	0.6196	len_mismatch
NorthEuralex Italic	TREE_4061	6	progressive	malign auto (boot)		0.7714	0.9000	0.8308	len_mismatch
NorthEuralex Italic	TREE_TRUNK_4074	6	progressive	malign auto (boot)		0.2815	0.3619	0.3167	len_mismatch
NorthEuralex Italic	TROUSERS_4066	4	ndim	malign auto (boot)	0.0000	0.0185	0.0185	0.0185	ok
NorthEuralex Italic	TRUE_4069	3	ndim	malign auto (boot)	0.1000	0.1667	0.1667	0.1667	ok
NorthEuralex Italic	TRUE_4070	3	ndim	malign auto (boot)	0.0000	0.0667	0.0667	0.0667	ok
NorthEuralex Italic	TRUTH_4076	6	progressive	malign auto (boot)	0.3750	0.4500	0.4500	0.4500	ok
NorthEuralex Italic	TRY_4078	5	progressive	malign auto (boot)		0.0833	0.1000	0.0909	len_mismatch
NorthEuralex Italic	TUBE_2814	6	progressive	malign auto (boot)	1.0000	1.0000	1.0000	1.0000	ok
NorthEuralex Italic	TUESDAY_60	4	ndim	malign auto (boot)	0.0000	0.0000	0.0000	0.0000	ok
NorthEuralex Italic	TUMBLE_(FALL_DOWN)_4082	3	ndim	malign auto (boot)		0.5000	0.4286	0.4615	len_mismatch
NorthEuralex Italic	TURN_(SOMETHING)_4094	3	ndim	malign auto (boot)	0.0000	0.3333	0.3333	0.3333	ok
NorthEuralex Italic	TWELVE_4106	4	ndim	malign auto (boot)	0.0000	0.5000	0.5000	0.5000	ok
NorthEuralex Italic	TWENTY_4109	3	ndim	malign auto (boot)	0.4286	0.4762	0.4762	0.4762	ok
NorthEuralex Italic	TWENTY_4110	3	ndim	malign auto (boot)	0.0000	0.1667	0.1667	0.1667	ok
NorthEuralex Italic	TWIG_4112	6	progressive	malign auto (boot)	0.6667	0.8889	0.8889	0.8889	ok
NorthEuralex Italic	TWO_4115	7	progressive	malign auto (boot)		0.6071	0.4857	0.5397	len_mismatch
NorthEuralex Italic	UNDERSTAND_4128	6	progressive	malign auto (boot)		0.2667	0.2933	0.2794	len_mismatch
NorthEuralex Italic	UNDERSTAND_4129	4	ndim	malign auto (boot)		0.0909	0.0833	0.0870	len_mismatch
NorthEuralex Italic	URGE_(SOMEONE)_4143	3	ndim	malign auto (boot)	0.0000	0.2381	0.2381	0.2381	ok
NorthEuralex Italic	VEIN_4149	7	progressive	malign auto (boot)	1.0000	1.0000	1.0000	1.0000	ok
NorthEuralex Italic	VERY_4151	5	progressive	malign auto (boot)	0.6000	0.8400	0.8400	0.8400	ok
NorthEuralex Italic	VIOLENCE_4164	6	progressive	malign auto (boot)		0.7800	0.8667	0.8211	len_mismatch
NorthEuralex Italic	VISIT_4166	7	progressive	malign auto (boot)	0.7500	0.7857	0.7857	0.7857	ok
NorthEuralex Italic	VOICE_4173	3	ndim	malign auto (boot)	0.2500	0.2500	0.2500	0.2500	ok
NorthEuralex Italic	WAIT_(FOR)_4178	4	ndim	malign auto (boot)	0.0000	0.0417	0.0417	0.0417	ok
NorthEuralex Italic	WAKE_UP_(SOMEONE)_4182	4	ndim	malign auto (boot)	0.0000	0.1667	0.1667	0.1667	ok
NorthEuralex Italic	WALK_(MANNER)_4194	4	ndim	malign auto (boot)	0.0000	0.1667	0.1667	0.1667	ok
NorthEuralex Italic	WALK_(TAKE_A_WALK)_3800	4	ndim	malign auto (boot)		0.0185	0.0152	0.0167	len_mismatch
NorthEuralex Italic	WALK_4195	3	ndim	malign auto (boot)	0.0000	0.0000	0.0000	0.0000	ok
NorthEuralex Italic	WANT_4205	4	ndim	malign auto (boot)		0.0833	0.0714	0.0769	len_mismatch
NorthEuralex Italic	WARE_4211	3	ndim	malign auto (boot)		0.1667	0.1515	0.1587	len_mismatch
NorthEuralex Italic	WARM_4216	5	progressive	malign auto (boot)	0.7143	0.8857	0.8857	0.8857	ok
NorthEuralex Italic	WAR_4208	5	progressive	malign auto (boot)	0.2000	0.4400	0.4400	0.4400	ok
NorthEuralex Italic	WASH_(ONESELF)_4221	5	progressive	malign auto (boot)		0.0429	0.0333	0.0375	len_mismatch
NorthEuralex Italic	WASH_4221	5	progressive	malign auto (boot)	0.6667	0.8667	0.8667	0.8667	ok
NorthEuralex Italic	WATCH_4224	3	ndim	malign auto (boot)	0.0000	0.3333	0.3333	0.3333	ok
NorthEuralex Italic	WATER_4229	5	progressive	malign auto (boot)		0.4000	0.4800	0.4364	len_mismatch
NorthEuralex Italic	WAVE_4236	5	progressive	malign auto (boot)	1.0000	1.0000	1.0000	1.0000	ok
NorthEuralex Italic	WEAK_4249	3	ndim	malign auto (boot)	1.0000	1.0000	1.0000	1.0000	ok
NorthEuralex Italic	WEALTH_4254	5	progressive	malign auto (boot)	1.0000	1.0000	1.0000	1.0000	ok
NorthEuralex Italic	WEATHER_4259	5	progressive	malign auto (boot)		0.3444	0.3100	0.3263	len_mismatch
NorthEuralex Italic	WEDNESDAY_64	4	ndim	malign auto (boot)		0.0741	0.0667	0.0702	len_mismatch
NorthEuralex Italic	WEEK_4264	7	progressive	malign auto (boot)		0.4714	0.5238	0.4962	len_mismatch
NorthEuralex Italic	WEIGHT_4269	4	ndim	malign auto (boot)	0.0000	0.5000	0.5000	0.5000	ok
NorthEuralex Italic	WELL_4273	5	progressive	malign auto (boot)	0.6000	0.8400	0.8400	0.8400	ok
NorthEuralex Italic	WEST_4276	3	ndim	malign auto (boot)		0.0476	0.0417	0.0444	len_mismatch
NorthEuralex Italic	WET_4284	3	ndim	malign auto (boot)	0.0000	0.3333	0.3333	0.3333	ok
NorthEuralex Italic	WE_4247	5	progressive	malign auto (boot)		0.7000	0.5250	0.6000	len_mismatch
NorthEuralex Italic	WHAT_4289	5	progressive	malign auto (boot)	0.3333	0.3333	0.3333	0.3333	ok
NorthEuralex Italic	WHERE_4293	3	ndim	malign auto (boot)	0.6000	0.7333	0.7333	0.7333	ok
NorthEuralex Italic	WHITE_4313	5	progressive	malign auto (boot)	0.1429	0.3429	0.3429	0.3429	ok
NorthEuralex Italic	WHO_4316	4	ndim	malign auto (boot)	0.0000	0.0000	0.0000	0.0000	ok
NorthEuralex Italic	WHY_4320	3	ndim	malign auto (boot)	0.1667	0.1667	0.1667	0.1667	ok
NorthEuralex Italic	WIDE_4325	4	ndim	malign auto (boot)	0.0000	0.1667	0.1667	0.1667	ok
NorthEuralex Italic	WILLOW_4335	3	ndim	malign auto (boot)		0.2222	0.1905	0.2051	len_mismatch
NorthEuralex Italic	WINDOW_4346	5	progressive	malign auto (boot)	1.0000	1.0000	1.0000	1.0000	ok
NorthEuralex Italic	WIND_4345	7	progressive	malign auto (boot)	0.1429	0.3810	0.3810	0.3810	ok
NorthEuralex Italic	WING_4349	4	ndim	malign auto (boot)	1.0000	1.0000	1.0000	1.0000	ok
NorthEuralex Italic	WINTER_4353	5	progressive	malign auto (boot)		0.0667	0.0750	0.0706	len_mismatch
NorthEuralex Italic	WIN_4341	5	progressive	malign auto (boot)		0.2625	0.3000	0.2800	len_mismatch
NorthEuralex Italic	WOLF_4369	7	progressive	malign auto (boot)	1.0000	1.0000	1.0000	1.0000	ok
NorthEuralex Italic	WOMAN_4370	3	ndim	malign auto (boot)	0.3333	0.3333	0.3333	0.3333	ok
NorthEuralex Italic	WOOL_4379	6	progressive	malign auto (boot)	1.0000	1.0000	1.0000	1.0000	ok
NorthEuralex Italic	WORKER_4390	3	ndim	malign auto (boot)	0.4000	0.6000	0.6000	0.6000	ok
NorthEuralex Italic	WORKER_4391	3	ndim	malign auto (boot)	0.1667	0.1667	0.1667	0.1667	ok
NorthEuralex Italic	WORKER_4392	3	ndim	malign auto (boot)		0.0370	0.0333	0.0351	len_mismatch
NorthEuralex Italic	WORK_(ACTIVITY)_4387	4	ndim	malign auto (boot)	0.0000	0.1667	0.1667	0.1667	ok
NorthEuralex Italic	WORK_(LABOUR)_4387	4	ndim	malign auto (boot)		0.1667	0.1458	0.1556	len_mismatch
NorthEuralex Italic	WORK_(LABOUR)_4388	3	ndim	malign auto (boot)	0.0000	0.0000	0.0000	0.0000	ok
NorthEuralex Italic	WORLD_4395	6	progressive	malign auto (boot)	0.6667	0.8000	0.8000	0.8000	ok
NorthEuralex Italic	WORM_4397	4	ndim	malign auto (boot)		0.3611	0.3095	0.3333	len_mismatch
NorthEuralex Italic	WOUND_4402	4	ndim	malign auto (boot)	1.0000	1.0000	1.0000	1.0000	ok
NorthEuralex Italic	WRAP_4409	3	ndim	malign auto (boot)	0.0000	0.0370	0.0370	0.0370	ok
NorthEuralex Italic	WRITE_4416	6	progressive	malign auto (boot)		0.4545	0.5556	0.5000	len_mismatch
NorthEuralex Italic	YEAR_4418	5	progressive	malign auto (boot)	0.2500	0.7000	0.7000	0.7000	ok
NorthEuralex Italic	YOUNG_4436	3	ndim	malign auto (boot)	0.0000	0.3333	0.3333	0.3333	ok
NorthEuralex Italic	YOU_4433	3	ndim	malign auto (boot)	0.0000	0.0667	0.0667	0.0667	ok
NorthEuralex Italic	ACHE_87	5	progressive	malign auto (SCA+boot)		0.1833	0.1375	0.1571	len_mismatch
NorthEuralex Italic	AFFAIR_2374	4	ndim	malign auto (SCA+boot)	0.0000	0.1667	0.1667	0.1667	ok
NorthEuralex Italic	AFTERWARDS_96	3	ndim	malign auto (SCA+boot)		0.3810	0.3333	0.3556	len_mismatch
NorthEuralex Italic	AGAIN_104	3	ndim	malign auto (SCA+boot)		0.1429	0.1250	0.1333	len_mismatch
NorthEuralex Italic	AGE_110	3	ndim	malign auto (SCA+boot)	0.0000	0.0000	0.0000	0.0000	ok
NorthEuralex Italic	AIR_129	4	ndim	malign auto (SCA+boot)	1.0000	1.0000	1.0000	1.0000	ok
NorthEuralex Italic	ALL_1325	6	progressive	malign auto (SCA+boot)	1.0000	1.0000	1.0000	1.0000	ok
NorthEuralex Italic	ALREADY_135	4	ndim	malign auto (SCA+boot)	1.0000	1.0000	1.0000	1.0000	ok
NorthEuralex Italic	ALWAYS_145	5	progressive	malign auto (SCA+boot)		0.1556	0.1750	0.1647	len_mismatch
NorthEuralex Italic	AMOUNT_149	6	progressive	malign auto (SCA+boot)		0.7636	0.8400	0.8000	len_mismatch
NorthEuralex Italic	AND_151	3	ndim	malign auto (SCA+boot)	1.0000	1.0000	1.0000	1.0000	ok
NorthEuralex Italic	ANIMAL_162	6	progressive	malign auto (SCA+boot)	1.0000	1.0000	1.0000	1.0000	ok
NorthEuralex Italic	ANT_171	7	progressive	malign auto (SCA+boot)		0.0060	0.0068	0.0063	len_mismatch
NorthEuralex Italic	APRIL_1	7	progressive	malign auto (SCA+boot)	1.0000	1.0000	1.0000	1.0000	ok
NorthEuralex Italic	AREA_178	5	progressive	malign auto (SCA+boot)	0.4286	0.6143	0.6143	0.6143	ok
NorthEuralex Italic	ARM_184	6	progressive	malign auto (SCA+boot)	0.6667	0.8000	0.8000	0.8000	ok
NorthEuralex Italic	ARRIVE_186	3	ndim	malign auto (SCA+boot)	0.1429	0.1429	0.1429	0.1429	ok
NorthEuralex Italic	ARROW_191	4	ndim	malign auto (SCA+boot)	0.0000	0.5000	0.5000	0.5000	ok
NorthEuralex Italic	ASK_(INQUIRE)_201	3	ndim	malign auto (SCA+boot)		0.0741	0.0667	0.0702	len_mismatch
NorthEuralex Italic	ASK_(REQUEST)_3000	3	ndim	malign auto (SCA+boot)	0.1429	0.4286	0.4286	0.4286	ok
NorthEuralex Italic	ASSEMBLE_(GET_TOGETHER)_206	4	ndim	malign auto (SCA+boot)	0.5556	0.6296	0.6296	0.6296	ok
NorthEuralex Italic	AT_FIRST_211	6	progressive	malign auto (SCA+boot)		0.6303	0.5778	0.6029	len_mismatch
NorthEuralex Italic	AUGUST_2	5	progressive	malign auto (SCA+boot)		0.1429	0.1250	0.1333	len_mismatch
NorthEuralex Italic	AUNT_230	4	ndim	malign auto (SCA+boot)	1.0000	1.0000	1.0000	1.0000	ok
NorthEuralex Italic	AUTUMN_234	5	progressive	malign auto (SCA+boot)	0.1250	0.3750	0.3750	0.3750	ok
NorthEuralex Italic	A_LITTLE_71	3	ndim	malign auto (SCA+boot)		0.0000	0.0000	0.0000	len_mismatch
NorthEuralex Italic	BAD_LUCK_2448	3	ndim	malign auto (SCA+boot)		0.2593	0.2333	0.2456	len_mismatch
NorthEuralex Italic	BAG_273	4	ndim	malign auto (SCA+boot)	0.4000	0.7000	0.7000	0.7000	ok
NorthEuralex Italic	BAKE_277	3	ndim	malign auto (SCA+boot)	0.0714	0.1905	0.1905	0.1905	ok
NorthEuralex Italic	BAKE_278	3	ndim	malign auto (SCA+boot)	0.0000	0.1905	0.1905	0.1905	ok
NorthEuralex Italic	BARKING_282	6	progressive	malign auto (SCA+boot)	0.7143	0.8286	0.8286	0.8286	ok
NorthEuralex Italic	BARK_283	3	ndim	malign auto (SCA+boot)	0.0000	0.0833	0.0833	0.0833	ok
NorthEuralex Italic	BARK_284	3	ndim	malign auto (SCA+boot)		0.0476	0.0417	0.0444	len_mismatch
NorthEuralex Italic	BATHE_288	4	ndim	malign auto (SCA+boot)	0.1429	0.5714	0.5714	0.5714	ok
NorthEuralex Italic	BAY_933	3	ndim	malign auto (SCA+boot)	1.0000	1.0000	1.0000	1.0000	ok
NorthEuralex Italic	BAY_934	3	ndim	malign auto (SCA+boot)	0.4000	0.4000	0.4000	0.4000	ok
NorthEuralex Italic	BEARD_336	7	progressive	malign auto (SCA+boot)	1.0000	1.0000	1.0000	1.0000	ok
NorthEuralex Italic	BEAR_334	6	progressive	malign auto (SCA+boot)		0.5667	0.6800	0.6182	len_mismatch
NorthEuralex Italic	BEAUTIFUL_342	3	ndim	malign auto (SCA+boot)	1.0000	1.0000	1.0000	1.0000	ok
NorthEuralex Italic	BECAUSE_OF_348	4	ndim	malign auto (SCA+boot)		0.3167	0.2879	0.3016	len_mismatch
NorthEuralex Italic	BED_362	4	ndim	malign auto (SCA+boot)	0.0000	0.1111	0.1111	0.1111	ok
NorthEuralex Italic	BEFORE_365	3	ndim	malign auto (SCA+boot)		0.6000	0.5000	0.5455	len_mismatch
NorthEuralex Italic	BEGIN_3595	4	ndim	malign auto (SCA+boot)		0.0625	0.0556	0.0588	len_mismatch
NorthEuralex Italic	BELIEVE_383	7	progressive	malign auto (SCA+boot)	0.2500	0.4107	0.4107	0.4107	ok
NorthEuralex Italic	BELLY_384	5	progressive	malign auto (SCA+boot)		0.1667	0.1875	0.1765	len_mismatch
NorthEuralex Italic	BELOW_OR_UNDER_4122	3	ndim	malign auto (SCA+boot)	0.0000	0.3333	0.3333	0.3333	ok
NorthEuralex Italic	BELT_399	4	ndim	malign auto (SCA+boot)	0.0000	0.0208	0.0208	0.0208	ok
NorthEuralex Italic	BENEFIT_411	6	progressive	malign auto (SCA+boot)		0.6444	0.7250	0.6824	len_mismatch
NorthEuralex Italic	BERRY_415	4	ndim	malign auto (SCA+boot)	1.0000	1.0000	1.0000	1.0000	ok
NorthEuralex Italic	BETWEEN_419	6	progressive	malign auto (SCA+boot)		0.1250	0.1429	0.1333	len_mismatch
NorthEuralex Italic	BE_ABLE_680	3	ndim	malign auto (SCA+boot)		0.2778	0.2381	0.2564	len_mismatch
NorthEuralex Italic	BE_ABLE_681	3	ndim	malign auto (SCA+boot)	0.0000	0.0000	0.0000	0.0000	ok
NorthEuralex Italic	BE_ALIVE_2315	6	progressive	malign auto (SCA+boot)		0.4000	0.5333	0.4571	len_mismatch
NorthEuralex Italic	BE_ALIVE_2321	7	progressive	malign auto (SCA+boot)	1.0000	1.0000	1.0000	1.0000	ok
NorthEuralex Italic	BE_BORN_313	4	ndim	malign auto (SCA+boot)		0.1389	0.1190	0.1282	len_mismatch
NorthEuralex Italic	BE_HUNGRY_2018	4	ndim	malign auto (SCA+boot)	0.0000	0.2619	0.2619	0.2619	ok
NorthEuralex Italic	BIG_421	4	ndim	malign auto (SCA+boot)	0.0000	0.2778	0.2778	0.2778	ok
NorthEuralex Italic	BIRCH_425	4	ndim	malign auto (SCA+boot)	0.0000	0.5000	0.5000	0.5000	ok
NorthEuralex Italic	BIRD_429	3	ndim	malign auto (SCA+boot)	1.0000	1.0000	1.0000	1.0000	ok
NorthEuralex Italic	BITE_436	5	progressive	malign auto (SCA+boot)		0.5625	0.6429	0.6000	len_mismatch
NorthEuralex Italic	BITTER_438	7	progressive	malign auto (SCA+boot)		0.7619	0.6531	0.7033	len_mismatch
NorthEuralex Italic	BLACK_440	4	ndim	malign auto (SCA+boot)	0.4000	0.7000	0.7000	0.7000	ok
NorthEuralex Italic	BLIND_450	4	ndim	malign auto (SCA+boot)	0.0000	0.3333	0.3333	0.3333	ok
NorthEuralex Italic	BLOOD_454	4	ndim	malign auto (SCA+boot)		0.3611	0.2708	0.3095	len_mismatch
NorthEuralex Italic	BLOW_(OF_WIND)_458	4	ndim	malign auto (SCA+boot)		0.0476	0.0417	0.0444	len_mismatch
NorthEuralex Italic	BLOW_(WITH_MOUTH)_458	5	progressive	malign auto (SCA+boot)		0.4571	0.4000	0.4267	len_mismatch
NorthEuralex Italic	BLUE_462	3	ndim	malign auto (SCA+boot)	0.0000	0.0000	0.0000	0.0000	ok
NorthEuralex Italic	BLUNT_467	3	ndim	malign auto (SCA+boot)		0.0476	0.0417	0.0444	len_mismatch
NorthEuralex Italic	BOARD_474	5	progressive	malign auto (SCA+boot)	0.5000	0.6500	0.6500	0.6500	ok
NorthEuralex Italic	BOAST_544	3	ndim	malign auto (SCA+boot)	0.6250	0.7500	0.7500	0.7500	ok
NorthEuralex Italic	BOAT_479	5	progressive	malign auto (SCA+boot)	1.0000	1.0000	1.0000	1.0000	ok
NorthEuralex Italic	BOAT_480	4	ndim	malign auto (SCA+boot)	0.0000	0.0833	0.0833	0.0833	ok
NorthEuralex Italic	BODY_484	6	progressive	malign auto (SCA+boot)	0.5714	0.6667	0.6667	0.6667	ok
NorthEuralex Italic	BOIL_(OF_LIQUID)_487	3	ndim	malign auto (SCA+boot)	0.0000	0.0476	0.0476	0.0476	ok
NorthEuralex Italic	BOIL_(SOMETHING)_486	5	progressive	malign auto (SCA+boot)	0.1429	0.4857	0.4857	0.4857	ok
NorthEuralex Italic	BONE_494	7	progressive	malign auto (SCA+boot)	0.5000	0.5000	0.5000	0.5000	ok
NorthEuralex Italic	BOOK_495	6	progressive	malign auto (SCA+boot)	1.0000	1.0000	1.0000	1.0000	ok
NorthEuralex Italic	BOOT_497	4	ndim	malign auto (SCA+boot)	0.0000	0.5000	0.5000	0.5000	ok
NorthEuralex Italic	BORDER_502	6	progressive	malign auto (SCA+boot)		0.4296	0.3867	0.4070	len_mismatch
NorthEuralex Italic	BOSS_512	3	ndim	malign auto (SCA+boot)	0.0000	0.0476	0.0476	0.0476	ok
NorthEuralex Italic	BOSS_513	3	ndim	malign auto (SCA+boot)	0.0000	0.3333	0.3333	0.3333	ok
NorthEuralex Italic	BOTHER_(HARASS)_517	6	progressive	malign auto (SCA+boot)	0.2727	0.7576	0.7576	0.7576	ok
NorthEuralex Italic	BOTHER_(HARASS)_518	3	ndim	malign auto (SCA+boot)	0.0000	0.0370	0.0370	0.0370	ok
NorthEuralex Italic	BOW_521	7	progressive	malign auto (SCA+boot)	1.0000	1.0000	1.0000	1.0000	ok
NorthEuralex Italic	BOX_530	5	progressive	malign auto (SCA+boot)	0.4000	0.5000	0.5000	0.5000	ok
NorthEuralex Italic	BRAIN_551	3	ndim	malign auto (SCA+boot)	1.0000	1.0000	1.0000	1.0000	ok
NorthEuralex Italic	BRAIN_552	3	ndim	malign auto (SCA+boot)	0.0000	0.0000	0.0000	0.0000	ok
NorthEuralex Italic	BRANCH_2304	4	ndim	malign auto (SCA+boot)	0.0000	0.0000	0.0000	0.0000	ok
NorthEuralex Italic	BRANCH_2305	3	ndim	malign auto (SCA+boot)	0.0000	0.1429	0.1429	0.1429	ok
NorthEuralex Italic	BRAWL_(FIGHT)_555	3	ndim	malign auto (SCA+boot)	1.0000	1.0000	1.0000	1.0000	ok
NorthEuralex Italic	BREAD_561	7	progressive	malign auto (SCA+boot)	0.5000	0.7143	0.7143	0.7143	ok
NorthEuralex Italic	BREAK_(CLEAVE)_562	5	progressive	malign auto (SCA+boot)	0.5714	0.8286	0.8286	0.8286	ok
NorthEuralex Italic	BREAK_(DESTROY_OR_GET_DESTROYED)_562	6	progressive	malign auto (SCA+boot)	0.2857	0.6095	0.6095	0.6095	ok
NorthEuralex Italic	BREAK_(OF_ROPE)_3424	4	ndim	malign auto (SCA+boot)		0.2037	0.1833	0.1930	len_mismatch
NorthEuralex Italic	BREAST_507	3	ndim	malign auto (SCA+boot)	0.0000	0.0000	0.0000	0.0000	ok
NorthEuralex Italic	BREATHE_581	7	progressive	malign auto (SCA+boot)		0.4805	0.5873	0.5286	len_mismatch
NorthEuralex Italic	BRIDGE_582	7	progressive	malign auto (SCA+boot)	0.5000	0.5794	0.5794	0.5794	ok
NorthEuralex Italic	BRIGHT_583	7	progressive	malign auto (SCA+boot)	1.0000	1.0000	1.0000	1.0000	ok
NorthEuralex Italic	BRING_585	4	ndim	malign auto (SCA+boot)	0.1250	0.3125	0.3125	0.3125	ok
NorthEuralex Italic	BROOM_600	4	ndim	malign auto (SCA+boot)		0.0833	0.0741	0.0784	len_mismatch
NorthEuralex Italic	BROTHER_604	4	ndim	malign auto (SCA+boot)	0.0000	0.0000	0.0000	0.0000	ok
NorthEuralex Italic	BROTHER_605	3	ndim	malign auto (SCA+boot)		0.0000	0.0000	0.0000	len_mismatch
NorthEuralex Italic	BUILD_618	7	progressive	malign auto (SCA+boot)		0.3889	0.4242	0.4058	len_mismatch
NorthEuralex Italic	BULL_622	5	progressive	malign auto (SCA+boot)	1.0000	1.0000	1.0000	1.0000	ok
NorthEuralex Italic	BUNDLE_625	3	ndim	malign auto (SCA+boot)	0.0000	0.3333	0.3333	0.3333	ok
NorthEuralex Italic	BURNING_632	5	progressive	malign auto (SCA+boot)	0.6667	0.8667	0.8667	0.8667	ok
NorthEuralex Italic	BURN_(SOMETHING)_633	4	ndim	malign auto (SCA+boot)		0.1190	0.1042	0.1111	len_mismatch
NorthEuralex Italic	BUSINESS_638	5	progressive	malign auto (SCA+boot)		0.7286	0.6375	0.6800	len_mismatch
NorthEuralex Italic	BUSINESS_639	3	ndim	malign auto (SCA+boot)	0.0000	0.1905	0.1905	0.1905	ok
NorthEuralex Italic	BUTTER_642	3	ndim	malign auto (SCA+boot)		0.0000	0.0000	0.0000	len_mismatch
NorthEuralex Italic	BUTTER_643	3	ndim	malign auto (SCA+boot)	0.0000	0.1667	0.1667	0.1667	ok
NorthEuralex Italic	BUTTON_652	6	progressive	malign auto (SCA+boot)	0.6667	0.8889	0.8889	0.8889	ok
NorthEuralex Italic	BUY_654	5	progressive	malign auto (SCA+boot)		0.4556	0.5125	0.4824	len_mismatch
NorthEuralex Italic	CALCULATE_658	7	progressive	malign auto (SCA+boot)	0.7778	0.8413	0.8413	0.8413	ok
NorthEuralex Italic	CALL_(APPEAL)_661	3	ndim	malign auto (SCA+boot)	0.0000	0.2381	0.2381	0.2381	ok
NorthEuralex Italic	CALL_(APPEAL)_663	3	ndim	malign auto (SCA+boot)	0.0000	0.3333	0.3333	0.3333	ok
NorthEuralex Italic	CALL_BY_NAME_2527	6	progressive	malign auto (SCA+boot)		0.6917	0.6148	0.6510	len_mismatch
NorthEuralex Italic	CARRY_690	4	ndim	malign auto (SCA+boot)	0.1429	0.2857	0.2857	0.2857	ok
NorthEuralex Italic	CAT_696	4	ndim	malign auto (SCA+boot)	0.0000	0.5000	0.5000	0.5000	ok
NorthEuralex Italic	CAUSE_TO_(LET)_2256	5	progressive	malign auto (SCA+boot)		0.5000	0.4167	0.4545	len_mismatch
NorthEuralex Italic	CAVE_707	5	progressive	malign auto (SCA+boot)	1.0000	1.0000	1.0000	1.0000	ok
NorthEuralex Italic	CEASE_1302	3	ndim	malign auto (SCA+boot)	0.1250	0.1667	0.1667	0.1667	ok
NorthEuralex Italic	CHANGE_(BECOME_DIFFERENT)_718	3	ndim	malign auto (SCA+boot)	0.0000	0.3333	0.3333	0.3333	ok
NorthEuralex Italic	CHANGE_(BECOME_DIFFERENT)_719	3	ndim	malign auto (SCA+boot)		0.0952	0.0833	0.0889	len_mismatch
NorthEuralex Italic	CHANGE_139	4	ndim	malign auto (SCA+boot)	0.0000	0.1667	0.1667	0.1667	ok
NorthEuralex Italic	CHANGE_140	3	ndim	malign auto (SCA+boot)	0.0000	0.0000	0.0000	0.0000	ok
NorthEuralex Italic	CHARACTER_724	7	progressive	malign auto (SCA+boot)	1.0000	1.0000	1.0000	1.0000	ok
NorthEuralex Italic	CHARACTER_725	3	ndim	malign auto (SCA+boot)	1.0000	1.0000	1.0000	1.0000	ok
NorthEuralex Italic	CHAT_(WITH_SOMEBODY)_726	5	progressive	malign auto (SCA+boot)		0.2636	0.2900	0.2762	len_mismatch
NorthEuralex Italic	CHEAP_733	3	ndim	malign auto (SCA+boot)	0.0000	0.3333	0.3333	0.3333	ok
NorthEuralex Italic	CHEST_569	5	progressive	malign auto (SCA+boot)	1.0000	1.0000	1.0000	1.0000	ok
NorthEuralex Italic	CHICKEN_753	5	progressive	malign auto (SCA+boot)	1.0000	1.0000	1.0000	1.0000	ok
NorthEuralex Italic	CHIME_(ACTION)_766	6	progressive	malign auto (SCA+boot)	0.4286	0.5905	0.5905	0.5905	ok
NorthEuralex Italic	CHIN_769	4	ndim	malign auto (SCA+boot)	0.4000	0.7000	0.7000	0.7000	ok
NorthEuralex Italic	CHOOSE_773	3	ndim	malign auto (SCA+boot)	0.0000	0.3333	0.3333	0.3333	ok
NorthEuralex Italic	CHOP_(INTO_PIECES)_780	3	ndim	malign auto (SCA+boot)	0.1429	0.1905	0.1905	0.1905	ok
NorthEuralex Italic	CHURCH_788	5	progressive	malign auto (SCA+boot)	0.1250	0.4625	0.4625	0.4625	ok
NorthEuralex Italic	CIRCLE_791	5	progressive	malign auto (SCA+boot)	1.0000	1.0000	1.0000	1.0000	ok
NorthEuralex Italic	CLAY_801	3	ndim	malign auto (SCA+boot)	1.0000	1.0000	1.0000	1.0000	ok
NorthEuralex Italic	CLEAN_(SOMETHING)_807	3	ndim	malign auto (SCA+boot)		0.0000	0.0000	0.0000	len_mismatch
NorthEuralex Italic	CLEAN_(SOMETHING)_810	3	ndim	malign auto (SCA+boot)	0.4286	0.4286	0.4286	0.4286	ok
NorthEuralex Italic	CLEAN_809	3	ndim	malign auto (SCA+boot)	0.0000	0.0000	0.0000	0.0000	ok
NorthEuralex Italic	CLEVER_814	5	progressive	malign auto (SCA+boot)		0.4667	0.5091	0.4870	len_mismatch
NorthEuralex Italic	CLOTHES_845	3	ndim	malign auto (SCA+boot)		0.2593	0.2333	0.2456	len_mismatch
NorthEuralex Italic	CLOTHES_846	3	ndim	malign auto (SCA+boot)	1.0000	1.0000	1.0000	1.0000	ok
NorthEuralex Italic	CLOTH_839	4	ndim	malign auto (SCA+boot)		0.3333	0.2857	0.3077	len_mismatch
NorthEuralex Italic	CLOUD_853	5	progressive	malign auto (SCA+boot)	1.0000	1.0000	1.0000	1.0000	ok
NorthEuralex Italic	COAL_856	7	progressive	malign auto (SCA+boot)	1.0000	1.0000	1.0000	1.0000	ok
NorthEuralex Italic	COAST_857	6	progressive	malign auto (SCA+boot)	1.0000	1.0000	1.0000	1.0000	ok
NorthEuralex Italic	COLD_(CHILL)_765	7	progressive	malign auto (SCA+boot)		0.6667	0.5556	0.6061	len_mismatch
NorthEuralex Italic	COLD_(OF_WEATHER)_907	5	progressive	malign auto (SCA+boot)	1.0000	1.0000	1.0000	1.0000	ok
NorthEuralex Italic	COLD_862	6	progressive	malign auto (SCA+boot)	0.3750	0.6667	0.6667	0.6667	ok
NorthEuralex Italic	COLLAR_864	6	progressive	malign auto (SCA+boot)	0.6667	0.8889	0.8889	0.8889	ok
NorthEuralex Italic	COLORFUL_867	3	ndim	malign auto (SCA+boot)	0.0000	0.3333	0.3333	0.3333	ok
NorthEuralex Italic	COMB_(VERB)_871	6	progressive	malign auto (SCA+boot)		0.2444	0.2200	0.2316	len_mismatch
NorthEuralex Italic	COMB_871	4	ndim	malign auto (SCA+boot)	0.1250	0.3958	0.3958	0.3958	ok
NorthEuralex Italic	COME_874	7	progressive	malign auto (SCA+boot)	1.0000	1.0000	1.0000	1.0000	ok
NorthEuralex Italic	COMPANIONSHIP_885	5	progressive	malign auto (SCA+boot)	0.3750	0.7500	0.7500	0.7500	ok
NorthEuralex Italic	CONNECT_894	4	ndim	malign auto (SCA+boot)	0.0000	0.0333	0.0333	0.0333	ok
NorthEuralex Italic	CONVERSATION_3813	6	progressive	malign auto (SCA+boot)		0.1857	0.2000	0.1926	len_mismatch
NorthEuralex Italic	CONVEY_(A_MESSAGE)_902	7	progressive	malign auto (SCA+boot)	1.0000	1.0000	1.0000	1.0000	ok
NorthEuralex Italic	COOK_(SOMETHING)_905	6	progressive	malign auto (SCA+boot)		0.0545	0.0667	0.0600	len_mismatch
NorthEuralex Italic	CORRECT_(RIGHT)_921	5	progressive	malign auto (SCA+boot)	1.0000	1.0000	1.0000	1.0000	ok
NorthEuralex Italic	CORRECT_(RIGHT)_922	5	progressive	malign auto (SCA+boot)	1.0000	1.0000	1.0000	1.0000	ok
NorthEuralex Italic	COUGH_925	7	progressive	malign auto (SCA+boot)	1.0000	1.0000	1.0000	1.0000	ok
NorthEuralex Italic	COUNTRY_931	5	progressive	malign auto (SCA+boot)	0.4000	0.7600	0.7600	0.7600	ok
NorthEuralex Italic	COUNT_(QUANTITY)_926	4	ndim	malign auto (SCA+boot)	0.0000	0.0000	0.0000	0.0000	ok
NorthEuralex Italic	COUNT_(QUANTITY)_927	5	progressive	malign auto (SCA+boot)		0.8000	0.8800	0.8381	len_mismatch
NorthEuralex Italic	COUNT_928	4	ndim	malign auto (SCA+boot)	0.0000	0.0476	0.0476	0.0476	ok
NorthEuralex Italic	COVER_938	6	progressive	malign auto (SCA+boot)	0.5000	0.5600	0.5600	0.5600	ok
NorthEuralex Italic	COW_946	7	progressive	malign auto (SCA+boot)	1.0000	1.0000	1.0000	1.0000	ok
NorthEuralex Italic	CRADLE_947	3	ndim	malign auto (SCA+boot)	0.0000	0.0000	0.0000	0.0000	ok
NorthEuralex Italic	CRANE_951	4	ndim	malign auto (SCA+boot)	0.0000	0.0000	0.0000	0.0000	ok
NorthEuralex Italic	CREEP_955	5	progressive	malign auto (SCA+boot)		0.0125	0.0091	0.0105	len_mismatch
NorthEuralex Italic	CROSS_960	7	progressive	malign auto (SCA+boot)	0.5000	0.6270	0.6270	0.6270	ok
NorthEuralex Italic	CROW_961	5	progressive	malign auto (SCA+boot)		0.5333	0.6000	0.5647	len_mismatch
NorthEuralex Italic	CRY_4265	3	ndim	malign auto (SCA+boot)	1.0000	1.0000	1.0000	1.0000	ok
NorthEuralex Italic	CUCKOO_964	7	progressive	malign auto (SCA+boot)	0.5714	0.8435	0.8435	0.8435	ok
NorthEuralex Italic	CUP_965	4	ndim	malign auto (SCA+boot)	0.0000	0.1333	0.1333	0.1333	ok
NorthEuralex Italic	CURRENT_(STREAM)_969	6	progressive	malign auto (SCA+boot)		0.3778	0.4250	0.4000	len_mismatch
NorthEuralex Italic	CUT_971	3	ndim	malign auto (SCA+boot)	0.1667	0.1667	0.1667	0.1667	ok
NorthEuralex Italic	DAMAGE_(INJURY)_981	6	progressive	malign auto (SCA+boot)	0.6000	0.8667	0.8667	0.8667	ok
NorthEuralex Italic	DAMP_993	7	progressive	malign auto (SCA+boot)	1.0000	1.0000	1.0000	1.0000	ok
NorthEuralex Italic	DANCE_995	3	ndim	malign auto (SCA+boot)		0.1111	0.0952	0.1026	len_mismatch
NorthEuralex Italic	DARK_999	4	ndim	malign auto (SCA+boot)	0.1250	0.1250	0.1250	0.1250	ok
NorthEuralex Italic	DASH_(OF_VEHICLE)_1005	5	progressive	malign auto (SCA+boot)	0.6667	0.8667	0.8667	0.8667	ok
NorthEuralex Italic	DAUGHTER_1009	5	progressive	malign auto (SCA+boot)	0.6000	0.7200	0.7200	0.7200	ok
NorthEuralex Italic	DAY_(NOT_NIGHT)_1012	4	ndim	malign auto (SCA+boot)	0.0000	0.0000	0.0000	0.0000	ok
NorthEuralex Italic	DEAF_1015	7	progressive	malign auto (SCA+boot)	1.0000	1.0000	1.0000	1.0000	ok
NorthEuralex Italic	DEAR_1016	4	ndim	malign auto (SCA+boot)	0.0000	0.2222	0.2222	0.2222	ok
NorthEuralex Italic	DEATH_1022	7	progressive	malign auto (SCA+boot)	0.1429	0.2993	0.2993	0.2993	ok
NorthEuralex Italic	DECEIVE_1028	4	ndim	malign auto (SCA+boot)	0.0000	0.0208	0.0208	0.0208	ok
NorthEuralex Italic	DECEMBER_5	7	progressive	malign auto (SCA+boot)		0.3135	0.3420	0.3271	len_mismatch
NorthEuralex Italic	DECORATE_1034	6	progressive	malign auto (SCA+boot)		0.5037	0.5667	0.5333	len_mismatch
NorthEuralex Italic	DECORATE_1035	3	ndim	malign auto (SCA+boot)	0.1250	0.4167	0.4167	0.4167	ok
NorthEuralex Italic	DECREASE_1037	5	progressive	malign auto (SCA+boot)		0.2667	0.2400	0.2526	len_mismatch
NorthEuralex Italic	DECREASE_1038	4	ndim	malign auto (SCA+boot)		0.1296	0.1167	0.1228	len_mismatch
NorthEuralex Italic	DEFEND_1040	6	progressive	malign auto (SCA+boot)	0.4444	0.7556	0.7556	0.7556	ok
NorthEuralex Italic	DENSE_1056	7	progressive	malign auto (SCA+boot)	0.3333	0.3889	0.3889	0.3889	ok
NorthEuralex Italic	DESTROY_1069	6	progressive	malign auto (SCA+boot)		0.2222	0.2424	0.2319	len_mismatch
NorthEuralex Italic	DEXTEROUS_3367	5	progressive	malign auto (SCA+boot)	1.0000	1.0000	1.0000	1.0000	ok
NorthEuralex Italic	DIE_(FROM_ACCIDENT)_2776	6	progressive	malign auto (SCA+boot)	0.7500	0.7667	0.7667	0.7667	ok
NorthEuralex Italic	DIE_1071	7	progressive	malign auto (SCA+boot)	1.0000	1.0000	1.0000	1.0000	ok
NorthEuralex Italic	DIFFERENT_1072	6	progressive	malign auto (SCA+boot)		0.7630	0.6867	0.7228	len_mismatch
NorthEuralex Italic	DIG_1076	4	ndim	malign auto (SCA+boot)	0.1429	0.1429	0.1429	0.1429	ok
NorthEuralex Italic	DILIGENT_1080	4	ndim	malign auto (SCA+boot)	0.0000	0.2778	0.2778	0.2778	ok
NorthEuralex Italic	DILIGENT_1081	3	ndim	malign auto (SCA+boot)	0.1250	0.4167	0.4167	0.4167	ok
NorthEuralex Italic	DIRTY_1094	3	ndim	malign auto (SCA+boot)	0.1667	0.2222	0.2222	0.2222	ok
NorthEuralex Italic	DISAPPEAR_1101	5	progressive	malign auto (SCA+boot)	0.2500	0.5083	0.5083	0.5083	ok
NorthEuralex Italic	DISEASE_2041	4	ndim	malign auto (SCA+boot)		0.1042	0.0926	0.0980	len_mismatch
NorthEuralex Italic	DISH_1108	4	ndim	malign auto (SCA+boot)	0.0000	0.0000	0.0000	0.0000	ok
NorthEuralex Italic	DISTANCE_1113	6	progressive	malign auto (SCA+boot)	0.7778	0.9259	0.9259	0.9259	ok
NorthEuralex Italic	DIVE_1122	3	ndim	malign auto (SCA+boot)	0.7273	0.7576	0.7576	0.7576	ok
NorthEuralex Italic	DIVIDE_1129	6	progressive	malign auto (SCA+boot)	1.0000	1.0000	1.0000	1.0000	ok
NorthEuralex Italic	DIVIDE_1130	3	ndim	malign auto (SCA+boot)	0.0000	0.0000	0.0000	0.0000	ok
NorthEuralex Italic	DOG_1138	3	ndim	malign auto (SCA+boot)		0.2667	0.2222	0.2424	len_mismatch
NorthEuralex Italic	DONATE_1658	3	ndim	malign auto (SCA+boot)	0.0000	0.0833	0.0833	0.0833	ok
NorthEuralex Italic	DOOR_1149	5	progressive	malign auto (SCA+boot)	0.6667	0.6667	0.6667	0.6667	ok
NorthEuralex Italic	DO_1132	6	progressive	malign auto (SCA+boot)		0.0381	0.0444	0.0410	len_mismatch
NorthEuralex Italic	DRAW_MILK_2427	3	ndim	malign auto (SCA+boot)	0.1429	0.4286	0.4286	0.4286	ok
NorthEuralex Italic	DREAM_1170	5	progressive	malign auto (SCA+boot)		0.3750	0.3333	0.3529	len_mismatch
NorthEuralex Italic	DRESS_UP_1629	5	progressive	malign auto (SCA+boot)	1.0000	1.0000	1.0000	1.0000	ok
NorthEuralex Italic	DRINK_1173	5	progressive	malign auto (SCA+boot)		0.6429	0.7500	0.6923	len_mismatch
NorthEuralex Italic	DROP_(OF_A_LIQUID)_1189	6	progressive	malign auto (SCA+boot)		0.2556	0.3067	0.2788	len_mismatch
NorthEuralex Italic	DROP_(SOMETHING)_1190	3	ndim	malign auto (SCA+boot)	0.0000	0.0833	0.0833	0.0833	ok
NorthEuralex Italic	DRY_1207	6	progressive	malign auto (SCA+boot)	1.0000	1.0000	1.0000	1.0000	ok
NorthEuralex Italic	DRY_UP_1208	4	ndim	malign auto (SCA+boot)	0.1250	0.5625	0.5625	0.5625	ok
NorthEuralex Italic	DWELL_(LIVE,_RESIDE)_1226	5	progressive	malign auto (SCA+boot)	0.0000	0.2500	0.2500	0.2500	ok
NorthEuralex Italic	DYE_1233	6	progressive	malign auto (SCA+boot)		0.3667	0.4190	0.3911	len_mismatch
NorthEuralex Italic	DYE_1234	3	ndim	malign auto (SCA+boot)	0.0000	0.1250	0.1250	0.1250	ok
NorthEuralex Italic	EAGLE_1236	4	ndim	malign auto (SCA+boot)	0.5000	0.5000	0.5000	0.5000	ok
NorthEuralex Italic	EARTH_(SOIL)_1242	6	progressive	malign auto (SCA+boot)	0.4000	0.8000	0.8000	0.8000	ok
NorthEuralex Italic	EAR_1240	6	progressive	malign auto (SCA+boot)	0.5000	0.6222	0.6222	0.6222	ok
NorthEuralex Italic	EAST_1245	3	ndim	malign auto (SCA+boot)	1.0000	1.0000	1.0000	1.0000	ok
NorthEuralex Italic	EAST_1246	3	ndim	malign auto (SCA+boot)	0.0000	0.0000	0.0000	0.0000	ok
NorthEuralex Italic	EAT_1251	4	ndim	malign auto (SCA+boot)	0.1429	0.1667	0.1667	0.1667	ok
NorthEuralex Italic	EDGE_1254	3	ndim	malign auto (SCA+boot)	0.1429	0.1429	0.1429	0.1429	ok
NorthEuralex Italic	EGG_1262	7	progressive	malign auto (SCA+boot)	0.0000	0.2381	0.2381	0.2381	ok
NorthEuralex Italic	EIGHTY_1266	5	progressive	malign auto (SCA+boot)	0.0000	0.1300	0.1300	0.1300	ok
NorthEuralex Italic	EIGHT_1263	4	ndim	malign auto (SCA+boot)	0.5000	0.5833	0.5833	0.5833	ok
NorthEuralex Italic	ELBOW_1269	3	ndim	malign auto (SCA+boot)	0.0000	0.0000	0.0000	0.0000	ok
NorthEuralex Italic	ELEVEN_1282	3	ndim	malign auto (SCA+boot)	0.5000	0.6667	0.6667	0.6667	ok
NorthEuralex Italic	ELK_1286	4	ndim	malign auto (SCA+boot)	0.0000	0.0000	0.0000	0.0000	ok
NorthEuralex Italic	EMERGE_(APPEAR)_172	7	progressive	malign auto (SCA+boot)	0.5455	0.6407	0.6407	0.6407	ok
NorthEuralex Italic	ENDURE_1307	5	progressive	malign auto (SCA+boot)	1.0000	1.0000	1.0000	1.0000	ok
NorthEuralex Italic	END_(OF_SPACE)_1299	6	progressive	malign auto (SCA+boot)	1.0000	1.0000	1.0000	1.0000	ok
NorthEuralex Italic	END_(OF_SPACE)_1301	3	ndim	malign auto (SCA+boot)		0.0000	0.0000	0.0000	len_mismatch
NorthEuralex Italic	END_(OF_TIME)_1297	4	ndim	malign auto (SCA+boot)	0.0000	0.5000	0.5000	0.5000	ok
NorthEuralex Italic	END_(OF_TIME)_1300	4	ndim	malign auto (SCA+boot)	0.0000	0.0000	0.0000	0.0000	ok
NorthEuralex Italic	ENEMY_1312	6	progressive	malign auto (SCA+boot)		0.0741	0.0833	0.0784	len_mismatch
NorthEuralex Italic	ENTER_1692	6	progressive	malign auto (SCA+boot)		0.1750	0.2000	0.1867	len_mismatch
NorthEuralex Italic	EVENING_1321	3	ndim	malign auto (SCA+boot)		0.0556	0.0417	0.0476	len_mismatch
NorthEuralex Italic	EVERYWHERE_1327	3	ndim	malign auto (SCA+boot)	0.2222	0.2222	0.2222	0.2222	ok
NorthEuralex Italic	EXPENSIVE_1341	5	progressive	malign auto (SCA+boot)	1.0000	1.0000	1.0000	1.0000	ok
NorthEuralex Italic	EYE_1344	5	progressive	malign auto (SCA+boot)	0.5000	0.8000	0.8000	0.8000	ok
NorthEuralex Italic	FACE_1347	3	ndim	malign auto (SCA+boot)	0.0000	0.0000	0.0000	0.0000	ok
NorthEuralex Italic	FACE_1348	3	ndim	malign auto (SCA+boot)	1.0000	1.0000	1.0000	1.0000	ok
NorthEuralex Italic	FAIRY_TALE_1353	4	ndim	malign auto (SCA+boot)	0.0000	0.3056	0.3056	0.3056	ok
NorthEuralex Italic	FALL_1358	6	progressive	malign auto (SCA+boot)	0.6667	0.8889	0.8889	0.8889	ok
NorthEuralex Italic	FALL_ASLEEP_1361	5	progressive	malign auto (SCA+boot)	0.4615	0.6846	0.6846	0.6846	ok
NorthEuralex Italic	FAMILIAR_1372	5	progressive	malign auto (SCA+boot)	0.7778	0.8000	0.8000	0.8000	ok
NorthEuralex Italic	FAMILY_1375	7	progressive	malign auto (SCA+boot)	0.7143	0.9184	0.9184	0.9184	ok
NorthEuralex Italic	FATHER_1395	6	progressive	malign auto (SCA+boot)	0.3333	0.6222	0.6222	0.6222	ok
NorthEuralex Italic	FAT_(OBESE)_1388	5	progressive	malign auto (SCA+boot)	0.6667	0.8667	0.8667	0.8667	ok
NorthEuralex Italic	FAT_(ORGANIC_SUBSTANCE)_1388	4	ndim	malign auto (SCA+boot)	0.0000	0.1667	0.1667	0.1667	ok
NorthEuralex Italic	FAULT_1398	5	progressive	malign auto (SCA+boot)	1.0000	1.0000	1.0000	1.0000	ok
NorthEuralex Italic	FEATHER_1402	4	ndim	malign auto (SCA+boot)	1.0000	1.0000	1.0000	1.0000	ok
NorthEuralex Italic	FEATHER_1403	3	ndim	malign auto (SCA+boot)	0.0000	0.3333	0.3333	0.3333	ok
NorthEuralex Italic	FEBRUARY_6	6	progressive	malign auto (SCA+boot)	0.3333	0.4500	0.4500	0.4500	ok
NorthEuralex Italic	FEEL_(TACTUALLY)_1411	6	progressive	malign auto (SCA+boot)	1.0000	1.0000	1.0000	1.0000	ok
NorthEuralex Italic	FEVER_1421	7	progressive	malign auto (SCA+boot)	0.1429	0.2449	0.2449	0.2449	ok
NorthEuralex Italic	FIFTY_1422	6	progressive	malign auto (SCA+boot)	0.1000	0.4267	0.4267	0.4267	ok
NorthEuralex Italic	FILL_1430	3	ndim	malign auto (SCA+boot)	0.2500	0.2500	0.2500	0.2500	ok
NorthEuralex Italic	FIND_1441	3	ndim	malign auto (SCA+boot)	0.1429	0.1429	0.1429	0.1429	ok
NorthEuralex Italic	FINE_OR_THIN_1042	4	ndim	malign auto (SCA+boot)	0.0000	0.5000	0.5000	0.5000	ok
NorthEuralex Italic	FINGERNAIL_1450	4	ndim	malign auto (SCA+boot)	0.6000	0.8000	0.8000	0.8000	ok
NorthEuralex Italic	FINGERNAIL_OR_TOENAIL_2518	4	ndim	malign auto (SCA+boot)	0.6000	0.8000	0.8000	0.8000	ok
NorthEuralex Italic	FINGER_1446	4	ndim	malign auto (SCA+boot)	0.0000	0.5000	0.5000	0.5000	ok
NorthEuralex Italic	FINISH_1453	5	progressive	malign auto (SCA+boot)	1.0000	1.0000	1.0000	1.0000	ok
NorthEuralex Italic	FINISH_1454	3	ndim	malign auto (SCA+boot)	0.0000	0.3333	0.3333	0.3333	ok
NorthEuralex Italic	FINISH_1455	3	ndim	malign auto (SCA+boot)	0.0000	0.3333	0.3333	0.3333	ok
NorthEuralex Italic	FIRE_1461	6	progressive	malign auto (SCA+boot)		0.3200	0.2667	0.2909	len_mismatch
NorthEuralex Italic	FIRST_1468	7	progressive	malign auto (SCA+boot)	0.5000	0.7202	0.7202	0.7202	ok
NorthEuralex Italic	FIR_1457	4	ndim	malign auto (SCA+boot)	0.0000	0.5000	0.5000	0.5000	ok
NorthEuralex Italic	FISHING_1469	6	progressive	malign auto (SCA+boot)	0.7143	0.9048	0.9048	0.9048	ok
NorthEuralex Italic	FISH_1470	5	progressive	malign auto (SCA+boot)	0.3333	0.7333	0.7333	0.7333	ok
NorthEuralex Italic	FIVE_1472	3	ndim	malign auto (SCA+boot)	0.1667	0.1667	0.1667	0.1667	ok
NorthEuralex Italic	FIVE_1473	3	ndim	malign auto (SCA+boot)	0.0000	0.0000	0.0000	0.0000	ok
NorthEuralex Italic	FLAT_1475	7	progressive	malign auto (SCA+boot)	0.2857	0.4694	0.4694	0.4694	ok
NorthEuralex Italic	FLEE_1479	5	progressive	malign auto (SCA+boot)		0.1625	0.1857	0.1733	len_mismatch
NorthEuralex Italic	FLOWER_1502	6	progressive	malign auto (SCA+boot)	1.0000	1.0000	1.0000	1.0000	ok
NorthEuralex Italic	FLOW_1496	3	ndim	malign auto (SCA+boot)		0.0556	0.0476	0.0513	len_mismatch
NorthEuralex Italic	FLY_(INSECT)_1504	7	progressive	malign auto (SCA+boot)	1.0000	1.0000	1.0000	1.0000	ok
NorthEuralex Italic	FLY_(MOVE_THROUGH_AIR)_1505	5	progressive	malign auto (SCA+boot)	1.0000	1.0000	1.0000	1.0000	ok
NorthEuralex Italic	FOAM_1508	7	progressive	malign auto (SCA+boot)	0.0000	0.3537	0.3537	0.3537	ok
NorthEuralex Italic	FOG_1510	3	ndim	malign auto (SCA+boot)		0.1667	0.1429	0.1538	len_mismatch
NorthEuralex Italic	FOOD_1517	6	progressive	malign auto (SCA+boot)		0.8000	0.9000	0.8471	len_mismatch
NorthEuralex Italic	FOOTPRINT_4047	3	ndim	malign auto (SCA+boot)	0.0000	0.1111	0.1111	0.1111	ok
NorthEuralex Italic	FOOT_1523	5	progressive	malign auto (SCA+boot)		0.5333	0.4000	0.4571	len_mismatch
NorthEuralex Italic	FOREHEAD_1529	6	progressive	malign auto (SCA+boot)	1.0000	1.0000	1.0000	1.0000	ok
NorthEuralex Italic	FOREIGN_1531	4	ndim	malign auto (SCA+boot)		0.0185	0.0152	0.0167	len_mismatch
NorthEuralex Italic	FOREST_1536	4	ndim	malign auto (SCA+boot)	0.0000	0.5000	0.5000	0.5000	ok
NorthEuralex Italic	FORK_1549	4	ndim	malign auto (SCA+boot)	0.0000	0.0741	0.0741	0.0741	ok
NorthEuralex Italic	FORMER_1553	3	ndim	malign auto (SCA+boot)	0.0000	0.0952	0.0952	0.0952	ok
NorthEuralex Italic	FORTY_1560	6	progressive	malign auto (SCA+boot)	0.0000	0.3939	0.3939	0.3939	ok
NorthEuralex Italic	FOUR_1568	5	progressive	malign auto (SCA+boot)	1.0000	1.0000	1.0000	1.0000	ok
NorthEuralex Italic	FOX_1571	3	ndim	malign auto (SCA+boot)	0.0000	0.0000	0.0000	0.0000	ok
NorthEuralex Italic	FREEZE_1576	6	progressive	malign auto (SCA+boot)		0.2727	0.3000	0.2857	len_mismatch
NorthEuralex Italic	FRESH_1578	5	progressive	malign auto (SCA+boot)	1.0000	1.0000	1.0000	1.0000	ok
NorthEuralex Italic	FRIEND_1582	7	progressive	malign auto (SCA+boot)	1.0000	1.0000	1.0000	1.0000	ok
NorthEuralex Italic	FRINGE_1584	5	progressive	malign auto (SCA+boot)	0.7143	0.7429	0.7429	0.7429	ok
NorthEuralex Italic	FRINGE_1585	3	ndim	malign auto (SCA+boot)	0.0000	0.0000	0.0000	0.0000	ok
NorthEuralex Italic	FROST_1587	4	ndim	malign auto (SCA+boot)	1.0000	1.0000	1.0000	1.0000	ok
NorthEuralex Italic	FRY_1592	3	ndim	malign auto (SCA+boot)	0.0000	0.0000	0.0000	0.0000	ok
NorthEuralex Italic	FRY_1593	3	ndim	malign auto (SCA+boot)	0.1250	0.1250	0.1250	0.1250	ok
NorthEuralex Italic	FULL_1597	4	ndim	malign auto (SCA+boot)	0.0000	0.0000	0.0000	0.0000	ok
NorthEuralex Italic	FUR_1601	5	progressive	malign auto (SCA+boot)	1.0000	1.0000	1.0000	1.0000	ok
NorthEuralex Italic	GAME_1605	5	progressive	malign auto (SCA+boot)	1.0000	1.0000	1.0000	1.0000	ok
NorthEuralex Italic	GAP_(DISTANCE)_1608	5	progressive	malign auto (SCA+boot)	1.0000	1.0000	1.0000	1.0000	ok
NorthEuralex Italic	GATE_1612	7	progressive	malign auto (SCA+boot)	0.2222	0.5926	0.5926	0.5926	ok
NorthEuralex Italic	GATHER_1613	6	progressive	malign auto (SCA+boot)	0.3077	0.4410	0.4410	0.4410	ok
NorthEuralex Italic	GATHER_1614	4	ndim	malign auto (SCA+boot)		0.0556	0.0500	0.0526	len_mismatch
NorthEuralex Italic	GENTLE_1616	3	ndim	malign auto (SCA+boot)	0.0000	0.3333	0.3333	0.3333	ok
NorthEuralex Italic	GET_2973	5	progressive	malign auto (SCA+boot)		0.4500	0.4000	0.4235	len_mismatch
NorthEuralex Italic	GET_TIRED_1632	3	ndim	malign auto (SCA+boot)	0.6250	0.7500	0.7500	0.7500	ok
NorthEuralex Italic	GIFT_1643	3	ndim	malign auto (SCA+boot)	0.0000	0.3333	0.3333	0.3333	ok
NorthEuralex Italic	GIVE_1657	4	ndim	malign auto (SCA+boot)	0.0000	0.1667	0.1667	0.1667	ok
NorthEuralex Italic	GLASS_1665	6	progressive	malign auto (SCA+boot)	0.6667	0.7333	0.7333	0.7333	ok
NorthEuralex Italic	GLUE_1668	4	ndim	malign auto (SCA+boot)	0.0000	0.1250	0.1250	0.1250	ok
NorthEuralex Italic	GOLD_1700	4	ndim	malign auto (SCA+boot)	0.5000	0.5000	0.5000	0.5000	ok
NorthEuralex Italic	GOOD_1704	4	ndim	malign auto (SCA+boot)	0.0000	0.0000	0.0000	0.0000	ok
NorthEuralex Italic	GOOD_1705	3	ndim	malign auto (SCA+boot)		0.4667	0.3889	0.4242	len_mismatch
NorthEuralex Italic	GOOSE_1706	3	ndim	malign auto (SCA+boot)	1.0000	1.0000	1.0000	1.0000	ok
NorthEuralex Italic	GO_1677	4	ndim	malign auto (SCA+boot)		0.1944	0.1667	0.1795	len_mismatch
NorthEuralex Italic	GO_1678	3	ndim	malign auto (SCA+boot)	0.0000	0.0000	0.0000	0.0000	ok
NorthEuralex Italic	GRAIN_1716	7	progressive	malign auto (SCA+boot)	1.0000	1.0000	1.0000	1.0000	ok
NorthEuralex Italic	GRASSLAND_2379	6	progressive	malign auto (SCA+boot)	0.5714	0.6762	0.6762	0.6762	ok
NorthEuralex Italic	GRASS_1738	7	progressive	malign auto (SCA+boot)	0.0000	0.3238	0.3238	0.3238	ok
NorthEuralex Italic	GRAVE_1740	4	ndim	malign auto (SCA+boot)	0.2222	0.2222	0.2222	0.2222	ok
NorthEuralex Italic	GRAVE_1741	3	ndim	malign auto (SCA+boot)	1.0000	1.0000	1.0000	1.0000	ok
NorthEuralex Italic	GREEN_1746	6	progressive	malign auto (SCA+boot)	1.0000	1.0000	1.0000	1.0000	ok
NorthEuralex Italic	GREY_1748	5	progressive	malign auto (SCA+boot)	1.0000	1.0000	1.0000	1.0000	ok
NorthEuralex Italic	GRIEF_1752	3	ndim	malign auto (SCA+boot)	0.0000	0.3333	0.3333	0.3333	ok
NorthEuralex Italic	GROAN_1758	7	progressive	malign auto (SCA+boot)	0.6667	0.9048	0.9048	0.9048	ok
NorthEuralex Italic	GROUND_1759	7	progressive	malign auto (SCA+boot)		0.3143	0.2619	0.2857	len_mismatch
NorthEuralex Italic	GROW_1763	6	progressive	malign auto (SCA+boot)		0.4933	0.6167	0.5481	len_mismatch
NorthEuralex Italic	GUEST_1778	3	ndim	malign auto (SCA+boot)		0.0000	0.0000	0.0000	len_mismatch
NorthEuralex Italic	GUN_1793	4	ndim	malign auto (SCA+boot)	0.0000	0.0000	0.0000	0.0000	ok
NorthEuralex Italic	HAIR_1799	5	progressive	malign auto (SCA+boot)	1.0000	1.0000	1.0000	1.0000	ok
NorthEuralex Italic	HALF_1802	5	progressive	malign auto (SCA+boot)		0.2500	0.2222	0.2353	len_mismatch
NorthEuralex Italic	HALT_(STOP)_3652	3	ndim	malign auto (SCA+boot)	0.2500	0.5000	0.5000	0.5000	ok
NorthEuralex Italic	HANDLE_1812	3	ndim	malign auto (SCA+boot)	0.0000	0.1111	0.1111	0.1111	ok
NorthEuralex Italic	HAND_1805	4	ndim	malign auto (SCA+boot)	0.0000	0.0000	0.0000	0.0000	ok
NorthEuralex Italic	HAND_1807	3	ndim	malign auto (SCA+boot)	0.0000	0.0000	0.0000	0.0000	ok
NorthEuralex Italic	HANG_1820	5	progressive	malign auto (SCA+boot)	0.2857	0.7143	0.7143	0.7143	ok
NorthEuralex Italic	HAPPINESS_1839	5	progressive	malign auto (SCA+boot)	1.0000	1.0000	1.0000	1.0000	ok
NorthEuralex Italic	HARD_1842	7	progressive	malign auto (SCA+boot)	1.0000	1.0000	1.0000	1.0000	ok
NorthEuralex Italic	HARE_1848	5	progressive	malign auto (SCA+boot)	0.1667	0.4167	0.4167	0.4167	ok
NorthEuralex Italic	HAY_1851	6	progressive	malign auto (SCA+boot)	0.2000	0.4667	0.4667	0.4667	ok
NorthEuralex Italic	HEAD_1859	4	ndim	malign auto (SCA+boot)	0.0000	0.0000	0.0000	0.0000	ok
NorthEuralex Italic	HEALTHY_1863	4	ndim	malign auto (SCA+boot)	0.0000	0.0833	0.0833	0.0833	ok
NorthEuralex Italic	HEART_1882	3	ndim	malign auto (SCA+boot)	0.0000	0.3333	0.3333	0.3333	ok
NorthEuralex Italic	HEAT_1886	6	progressive	malign auto (SCA+boot)	0.4286	0.5905	0.5905	0.5905	ok
NorthEuralex Italic	HEAVY_1890	5	progressive	malign auto (SCA+boot)	0.7143	0.8857	0.8857	0.8857	ok
NorthEuralex Italic	HEEL_1894	4	ndim	malign auto (SCA+boot)	0.0000	0.0000	0.0000	0.0000	ok
NorthEuralex Italic	HEIGHT_1898	6	progressive	malign auto (SCA+boot)	0.6250	0.8750	0.8750	0.8750	ok
NorthEuralex Italic	HEIGHT_1899	3	ndim	malign auto (SCA+boot)	1.0000	1.0000	1.0000	1.0000	ok
NorthEuralex Italic	HELP_(ASSISTANCE)_1902	4	ndim	malign auto (SCA+boot)	0.0000	0.0714	0.0714	0.0714	ok
NorthEuralex Italic	HELP_(ASSISTANCE)_1903	3	ndim	malign auto (SCA+boot)	0.0000	0.3333	0.3333	0.3333	ok
NorthEuralex Italic	HERE_1922	3	ndim	malign auto (SCA+boot)	1.0000	1.0000	1.0000	1.0000	ok
NorthEuralex Italic	HE_1853	4	ndim	malign auto (SCA+boot)	1.0000	1.0000	1.0000	1.0000	ok
NorthEuralex Italic	HE_1854	3	ndim	malign auto (SCA+boot)	1.0000	1.0000	1.0000	1.0000	ok
NorthEuralex Italic	HIDE_(CONCEAL)_888	4	ndim	malign auto (SCA+boot)	0.0000	0.0208	0.0208	0.0208	ok
NorthEuralex Italic	HIDE_(CONCEAL)_889	4	ndim	malign auto (SCA+boot)	0.1000	0.1167	0.1167	0.1167	ok
NorthEuralex Italic	HIDE_(ONESELF)_1927	4	ndim	malign auto (SCA+boot)	0.1000	0.1167	0.1167	0.1167	ok
NorthEuralex Italic	HILL_1931	5	progressive	malign auto (SCA+boot)	1.0000	1.0000	1.0000	1.0000	ok
NorthEuralex Italic	HINDER_1937	4	ndim	malign auto (SCA+boot)	0.0000	0.2500	0.2500	0.2500	ok
NorthEuralex Italic	HOLD_1960	4	ndim	malign auto (SCA+boot)	0.0000	0.1667	0.1667	0.1667	ok
NorthEuralex Italic	HOME_1971	3	ndim	malign auto (SCA+boot)	1.0000	1.0000	1.0000	1.0000	ok
NorthEuralex Italic	HONEY_1977	7	progressive	malign auto (SCA+boot)		0.4857	0.4048	0.4416	len_mismatch
NorthEuralex Italic	HOOK_1978	3	ndim	malign auto (SCA+boot)	0.4000	0.6000	0.6000	0.6000	ok
NorthEuralex Italic	HORN_(ANATOMY)_1984	7	progressive	malign auto (SCA+boot)	0.6667	0.6667	0.6667	0.6667	ok
NorthEuralex Italic	HORSE_1988	6	progressive	malign auto (SCA+boot)	0.5000	0.8333	0.8333	0.8333	ok
NorthEuralex Italic	HOUSE_1999	5	progressive	malign auto (SCA+boot)	1.0000	1.0000	1.0000	1.0000	ok
NorthEuralex Italic	HOWL_2006	5	progressive	malign auto (SCA+boot)	0.7143	0.8000	0.8000	0.8000	ok
NorthEuralex Italic	HOW_2002	7	progressive	malign auto (SCA+boot)	0.6667	0.7143	0.7143	0.7143	ok
NorthEuralex Italic	HOW_MANY_2003	5	progressive	malign auto (SCA+boot)		0.0286	0.0333	0.0308	len_mismatch
NorthEuralex Italic	HUNDRED_68	6	progressive	malign auto (SCA+boot)	0.1667	0.4333	0.4333	0.4333	ok
NorthEuralex Italic	HUNGER_2015	6	progressive	malign auto (SCA+boot)	0.5000	0.6556	0.6556	0.6556	ok
NorthEuralex Italic	HUNT_2022	5	progressive	malign auto (SCA+boot)	0.5714	0.7000	0.7000	0.7000	ok
NorthEuralex Italic	HUSBAND_2032	3	ndim	malign auto (SCA+boot)	0.0000	0.3333	0.3333	0.3333	ok
NorthEuralex Italic	HUSBAND_2033	3	ndim	malign auto (SCA+boot)	0.0000	0.0000	0.0000	0.0000	ok
NorthEuralex Italic	ICE_2037	3	ndim	malign auto (SCA+boot)	0.1429	0.1429	0.1429	0.1429	ok
NorthEuralex Italic	ICE_2038	3	ndim	malign auto (SCA+boot)	0.0000	0.3333	0.3333	0.3333	ok
NorthEuralex Italic	IDOL_1427	6	progressive	malign auto (SCA+boot)	1.0000	1.0000	1.0000	1.0000	ok
NorthEuralex Italic	IMPROVE_(SOMETHING)_2046	6	progressive	malign auto (SCA+boot)	0.8000	0.8133	0.8133	0.8133	ok
NorthEuralex Italic	INCREASE_2062	5	progressive	malign auto (SCA+boot)	0.3636	0.5000	0.5000	0.5000	ok
NorthEuralex Italic	INCREASE_2063	3	ndim	malign auto (SCA+boot)	0.0000	0.1429	0.1429	0.1429	ok
NorthEuralex Italic	INVITE_2078	7	progressive	malign auto (SCA+boot)	1.0000	1.0000	1.0000	1.0000	ok
NorthEuralex Italic	IRON_2079	7	progressive	malign auto (SCA+boot)		0.3730	0.4476	0.4069	len_mismatch
NorthEuralex Italic	IRRIGATE_4230	4	ndim	malign auto (SCA+boot)	0.0000	0.0278	0.0278	0.0278	ok
NorthEuralex Italic	ISLAND_2080	4	ndim	malign auto (SCA+boot)	0.3333	0.5278	0.5278	0.5278	ok
NorthEuralex Italic	ISLAND_2081	3	ndim	malign auto (SCA+boot)	0.0000	0.3333	0.3333	0.3333	ok
NorthEuralex Italic	ITEM_2082	4	ndim	malign auto (SCA+boot)	0.0000	0.1429	0.1429	0.1429	ok
NorthEuralex Italic	JANUARY_20	3	ndim	malign auto (SCA+boot)	0.0000	0.1429	0.1429	0.1429	ok
NorthEuralex Italic	JAW_2086	3	ndim	malign auto (SCA+boot)	0.6667	0.7778	0.7778	0.7778	ok
NorthEuralex Italic	JAW_2087	3	ndim	malign auto (SCA+boot)	0.2857	0.4286	0.4286	0.4286	ok
NorthEuralex Italic	JOIN_4131	5	progressive	malign auto (SCA+boot)		0.0833	0.0625	0.0714	len_mismatch
NorthEuralex Italic	JOY_2098	3	ndim	malign auto (SCA+boot)	1.0000	1.0000	1.0000	1.0000	ok
NorthEuralex Italic	JOY_2099	3	ndim	malign auto (SCA+boot)	1.0000	1.0000	1.0000	1.0000	ok
NorthEuralex Italic	JULY_25	4	ndim	malign auto (SCA+boot)	0.0000	0.0000	0.0000	0.0000	ok
NorthEuralex Italic	JUMP_2107	6	progressive	malign auto (SCA+boot)		0.6667	0.7619	0.7111	len_mismatch
NorthEuralex Italic	JUNE_29	4	ndim	malign auto (SCA+boot)	0.0000	0.1000	0.1000	0.1000	ok
NorthEuralex Italic	KEEP_2109	7	progressive	malign auto (SCA+boot)		0.3004	0.3905	0.3395	len_mismatch
NorthEuralex Italic	KETTLE_2114	5	progressive	malign auto (SCA+boot)	0.6000	0.7400	0.7400	0.7400	ok
NorthEuralex Italic	KICK_2119	3	ndim	malign auto (SCA+boot)	0.1429	0.4286	0.4286	0.4286	ok
NorthEuralex Italic	KILL_2125	3	ndim	malign auto (SCA+boot)	0.0000	0.3333	0.3333	0.3333	ok
NorthEuralex Italic	KIND_(THING)_3469	4	ndim	malign auto (SCA+boot)	0.0000	0.0000	0.0000	0.0000	ok
NorthEuralex Italic	KING_2131	3	ndim	malign auto (SCA+boot)		0.2222	0.1667	0.1905	len_mismatch
NorthEuralex Italic	KNEE_2141	3	ndim	malign auto (SCA+boot)	0.0000	0.0000	0.0000	0.0000	ok
NorthEuralex Italic	KNIFE_2146	5	progressive	malign auto (SCA+boot)		0.2875	0.3286	0.3067	len_mismatch
NorthEuralex Italic	KNIT_2149	3	ndim	malign auto (SCA+boot)	0.0000	0.0000	0.0000	0.0000	ok
NorthEuralex Italic	KNOT_2163	7	progressive	malign auto (SCA+boot)	1.0000	1.0000	1.0000	1.0000	ok
NorthEuralex Italic	KNOW_(SOMETHING)_2164	6	progressive	malign auto (SCA+boot)	0.1429	0.6000	0.6000	0.6000	ok
NorthEuralex Italic	LADDER_2166	5	progressive	malign auto (SCA+boot)	0.5000	0.6250	0.6250	0.6250	ok
NorthEuralex Italic	LAIR_2171	3	ndim	malign auto (SCA+boot)	0.0000	0.3333	0.3333	0.3333	ok
NorthEuralex Italic	LAKE_2179	7	progressive	malign auto (SCA+boot)	1.0000	1.0000	1.0000	1.0000	ok
NorthEuralex Italic	LANGUAGE_2184	5	progressive	malign auto (SCA+boot)		0.2300	0.2556	0.2421	len_mismatch
NorthEuralex Italic	LAST_(FINAL)_2188	5	progressive	malign auto (SCA+boot)	1.0000	1.0000	1.0000	1.0000	ok
NorthEuralex Italic	LAUGHTER_2198	6	progressive	malign auto (SCA+boot)	0.4286	0.5714	0.5714	0.5714	ok
NorthEuralex Italic	LAUGH_2197	7	progressive	malign auto (SCA+boot)		0.1845	0.2109	0.1968	len_mismatch
NorthEuralex Italic	LAY_(VERB)_2201	6	progressive	malign auto (SCA+boot)	0.3333	0.6889	0.6889	0.6889	ok
NorthEuralex Italic	LAZY_2204	3	ndim	malign auto (SCA+boot)		0.0000	0.0000	0.0000	len_mismatch
NorthEuralex Italic	LEAD_(GUIDE)_1787	4	ndim	malign auto (SCA+boot)		0.1042	0.0926	0.0980	len_mismatch
NorthEuralex Italic	LEAD_(GUIDE)_2211	5	progressive	malign auto (SCA+boot)	1.0000	1.0000	1.0000	1.0000	ok
NorthEuralex Italic	LEAF_2217	5	progressive	malign auto (SCA+boot)	1.0000	1.0000	1.0000	1.0000	ok
NorthEuralex Italic	LEARN_2220	5	progressive	malign auto (SCA+boot)		0.4700	0.5222	0.4947	len_mismatch
NorthEuralex Italic	LEASH_2224	3	ndim	malign auto (SCA+boot)	0.1667	0.1667	0.1667	0.1667	ok
NorthEuralex Italic	LEATHER_2229	3	ndim	malign auto (SCA+boot)		0.2000	0.1667	0.1818	len_mismatch
NorthEuralex Italic	LEFT_2242	3	ndim	malign auto (SCA+boot)	0.1250	0.2500	0.2500	0.2500	ok
NorthEuralex Italic	LENGTH_2252	4	ndim	malign auto (SCA+boot)	0.0000	0.0370	0.0370	0.0370	ok
NorthEuralex Italic	LETTER_2259	3	ndim	malign auto (SCA+boot)	1.0000	1.0000	1.0000	1.0000	ok
NorthEuralex Italic	LICK_2263	4	ndim	malign auto (SCA+boot)	0.0000	0.0238	0.0238	0.0238	ok
NorthEuralex Italic	LID_(COVER,_CAP)_942	3	ndim	malign auto (SCA+boot)		0.2500	0.2222	0.2353	len_mismatch
NorthEuralex Italic	LID_(COVER,_CAP)_943	3	ndim	malign auto (SCA+boot)	1.0000	1.0000	1.0000	1.0000	ok
NorthEuralex Italic	LIE_(FALSEHOOD)_2267	5	progressive	malign auto (SCA+boot)	0.6250	0.6375	0.6375	0.6375	ok
NorthEuralex Italic	LIFE_2279	6	progressive	malign auto (SCA+boot)	1.0000	1.0000	1.0000	1.0000	ok
NorthEuralex Italic	LIFT_2281	4	ndim	malign auto (SCA+boot)		0.2708	0.2167	0.2407	len_mismatch
NorthEuralex Italic	LIGHT_(IGNITE)_2286	4	ndim	malign auto (SCA+boot)	0.0000	0.0500	0.0500	0.0500	ok
NorthEuralex Italic	LIGHT_(RADIATION)_2287	4	ndim	malign auto (SCA+boot)		0.2083	0.1667	0.1852	len_mismatch
NorthEuralex Italic	LINE_2306	7	progressive	malign auto (SCA+boot)		0.6571	0.5476	0.5974	len_mismatch
NorthEuralex Italic	LIP_2307	6	progressive	malign auto (SCA+boot)	1.0000	1.0000	1.0000	1.0000	ok
NorthEuralex Italic	LISTEN_2309	7	progressive	malign auto (SCA+boot)		0.1818	0.2000	0.1905	len_mismatch
NorthEuralex Italic	LIVER_2317	4	ndim	malign auto (SCA+boot)	0.0000	0.5000	0.5000	0.5000	ok
NorthEuralex Italic	LOAD_2323	4	ndim	malign auto (SCA+boot)	0.3333	0.4444	0.4444	0.4444	ok
NorthEuralex Italic	LOCK_2329	3	ndim	malign auto (SCA+boot)	0.0000	0.3333	0.3333	0.3333	ok
NorthEuralex Italic	LONG_2334	3	ndim	malign auto (SCA+boot)		0.2667	0.2222	0.2424	len_mismatch
NorthEuralex Italic	LOOK_FOR_2349	3	ndim	malign auto (SCA+boot)	0.0000	0.3333	0.3333	0.3333	ok
NorthEuralex Italic	LOUSE_2357	3	ndim	malign auto (SCA+boot)	0.2000	0.4667	0.4667	0.4667	ok
NorthEuralex Italic	LOVE_2361	4	ndim	malign auto (SCA+boot)	0.0000	0.1667	0.1667	0.1667	ok
NorthEuralex Italic	MAINLAND_2180	3	ndim	malign auto (SCA+boot)	0.0000	0.3000	0.3000	0.3000	ok
NorthEuralex Italic	MAKE_2366	6	progressive	malign auto (SCA+boot)		0.0381	0.0444	0.0410	len_mismatch
NorthEuralex Italic	MAN_2368	4	ndim	malign auto (SCA+boot)	0.0000	0.0000	0.0000	0.0000	ok
NorthEuralex Italic	MARCH_33	7	progressive	malign auto (SCA+boot)		0.6054	0.5298	0.5651	len_mismatch
NorthEuralex Italic	MASTER_2373	7	progressive	malign auto (SCA+boot)		0.6017	0.7354	0.6619	len_mismatch
NorthEuralex Italic	MAY_(MONTH)_34	6	progressive	malign auto (SCA+boot)	0.4000	0.7467	0.7467	0.7467	ok
NorthEuralex Italic	MEAL_2382	4	ndim	malign auto (SCA+boot)	0.2857	0.6429	0.6429	0.6429	ok
NorthEuralex Italic	MEANING_2389	4	ndim	malign auto (SCA+boot)		0.0667	0.0556	0.0606	len_mismatch
NorthEuralex Italic	MEANING_2390	3	ndim	malign auto (SCA+boot)	0.0000	0.1905	0.1905	0.1905	ok
NorthEuralex Italic	MEANING_2391	3	ndim	malign auto (SCA+boot)	0.7273	0.8182	0.8182	0.8182	ok
NorthEuralex Italic	MEASURE_2394	4	ndim	malign auto (SCA+boot)	0.1250	0.1250	0.1250	0.1250	ok
NorthEuralex Italic	MEASURE_2395	3	ndim	malign auto (SCA+boot)	0.0000	0.0000	0.0000	0.0000	ok
NorthEuralex Italic	MEAT_2396	6	progressive	malign auto (SCA+boot)	0.6000	0.8667	0.8667	0.8667	ok
NorthEuralex Italic	MEDICINE_2398	3	ndim	malign auto (SCA+boot)	0.0000	0.3333	0.3333	0.3333	ok
NorthEuralex Italic	MEDICINE_2399	3	ndim	malign auto (SCA+boot)	0.0000	0.3333	0.3333	0.3333	ok
NorthEuralex Italic	MEDICINE_2400	3	ndim	malign auto (SCA+boot)	0.0000	0.0000	0.0000	0.0000	ok
NorthEuralex Italic	MEET_2403	4	ndim	malign auto (SCA+boot)		0.1333	0.1212	0.1270	len_mismatch
NorthEuralex Italic	MELT_2407	5	progressive	malign auto (SCA+boot)	0.2222	0.4778	0.4778	0.4778	ok
NorthEuralex Italic	MEMORY_2412	7	progressive	malign auto (SCA+boot)		0.4286	0.3750	0.4000	len_mismatch
NorthEuralex Italic	MERRY_2413	4	ndim	malign auto (SCA+boot)	1.0000	1.0000	1.0000	1.0000	ok
NorthEuralex Italic	MESSAGE_2419	5	progressive	malign auto (SCA+boot)		0.5625	0.5000	0.5294	len_mismatch
NorthEuralex Italic	MIDDAY_2612	4	ndim	malign auto (SCA+boot)	0.0000	0.2917	0.2917	0.2917	ok
NorthEuralex Italic	MIDDLE_2422	4	ndim	malign auto (SCA+boot)	1.0000	1.0000	1.0000	1.0000	ok
NorthEuralex Italic	MIDDLE_2423	4	ndim	malign auto (SCA+boot)		0.4000	0.3333	0.3636	len_mismatch
NorthEuralex Italic	MILK_2426	6	progressive	malign auto (SCA+boot)	0.2000	0.5067	0.5067	0.5067	ok
NorthEuralex Italic	MISPLACE_2355	7	progressive	malign auto (SCA+boot)	1.0000	1.0000	1.0000	1.0000	ok
NorthEuralex Italic	MISTAKE_2454	6	progressive	malign auto (SCA+boot)	0.2857	0.3524	0.3524	0.3524	ok
NorthEuralex Italic	MONEY_2459	4	ndim	malign auto (SCA+boot)		0.2143	0.1875	0.2000	len_mismatch
NorthEuralex Italic	MONTH_2466	5	progressive	malign auto (SCA+boot)	1.0000	1.0000	1.0000	1.0000	ok
NorthEuralex Italic	MOON_2469	7	progressive	malign auto (SCA+boot)		0.5000	0.4000	0.4444	len_mismatch
NorthEuralex Italic	MOORLAND_2470	3	ndim	malign auto (SCA+boot)	0.0000	0.1250	0.1250	0.1250	ok
NorthEuralex Italic	MORNING_2475	6	progressive	malign auto (SCA+boot)	0.1667	0.5889	0.5889	0.5889	ok
NorthEuralex Italic	MOSQUITO_1673	3	ndim	malign auto (SCA+boot)	0.0000	0.3333	0.3333	0.3333	ok
NorthEuralex Italic	MOTHER_2477	5	progressive	malign auto (SCA+boot)	0.3333	0.6333	0.6333	0.6333	ok
NorthEuralex Italic	MOUNTAIN_2480	6	progressive	malign auto (SCA+boot)		0.2500	0.2857	0.2667	len_mismatch
NorthEuralex Italic	MOUSE_2482	3	ndim	malign auto (SCA+boot)	0.0000	0.0000	0.0000	0.0000	ok
NorthEuralex Italic	MOUSTACHE_2488	3	ndim	malign auto (SCA+boot)	1.0000	1.0000	1.0000	1.0000	ok
NorthEuralex Italic	MOUSTACHE_2489	3	ndim	malign auto (SCA+boot)	0.0000	0.3333	0.3333	0.3333	ok
NorthEuralex Italic	MOUTH_2492	5	progressive	malign auto (SCA+boot)	1.0000	1.0000	1.0000	1.0000	ok
NorthEuralex Italic	MOVE_(AFFECT_EMOTIONALLY)_2495	5	progressive	malign auto (SCA+boot)	0.3000	0.3800	0.3800	0.3800	ok
NorthEuralex Italic	MUSHROOM_2510	4	ndim	malign auto (SCA+boot)		0.6000	0.5000	0.5455	len_mismatch
NorthEuralex Italic	MUSH_(FOOD)_2505	5	progressive	malign auto (SCA+boot)	1.0000	1.0000	1.0000	1.0000	ok
NorthEuralex Italic	NAIL_(TOOL)_2517	5	progressive	malign auto (SCA+boot)	0.6667	0.8667	0.8667	0.8667	ok
NorthEuralex Italic	NAKED_2523	5	progressive	malign auto (SCA+boot)	1.0000	1.0000	1.0000	1.0000	ok
NorthEuralex Italic	NAME_2527	7	progressive	malign auto (SCA+boot)	0.4286	0.5782	0.5782	0.5782	ok
NorthEuralex Italic	NAPE_(OF_NECK)_2532	5	progressive	malign auto (SCA+boot)	1.0000	1.0000	1.0000	1.0000	ok
NorthEuralex Italic	NARROW_2536	4	ndim	malign auto (SCA+boot)	0.0000	0.1458	0.1458	0.1458	ok
NorthEuralex Italic	NAVEL_2548	5	progressive	malign auto (SCA+boot)	0.2000	0.5600	0.5600	0.5600	ok
NorthEuralex Italic	NECK_2558	4	ndim	malign auto (SCA+boot)	0.0000	0.5000	0.5000	0.5000	ok
NorthEuralex Italic	NEEDLE_(FOR_SEWING)_2563	3	ndim	malign auto (SCA+boot)	1.0000	1.0000	1.0000	1.0000	ok
NorthEuralex Italic	NEEDLE_(FOR_SEWING)_2564	3	ndim	malign auto (SCA+boot)	0.0000	0.0000	0.0000	0.0000	ok
NorthEuralex Italic	NEST_2566	6	progressive	malign auto (SCA+boot)	1.0000	1.0000	1.0000	1.0000	ok
NorthEuralex Italic	NET_2568	4	ndim	malign auto (SCA+boot)	0.0000	0.5000	0.5000	0.5000	ok
NorthEuralex Italic	NEWSPAPER_2583	3	ndim	malign auto (SCA+boot)	0.0000	0.0000	0.0000	0.0000	ok
NorthEuralex Italic	NEWS_2578	3	ndim	malign auto (SCA+boot)		0.7143	0.6250	0.6667	len_mismatch
NorthEuralex Italic	NEWS_2579	3	ndim	malign auto (SCA+boot)	0.0000	0.0000	0.0000	0.0000	ok
NorthEuralex Italic	NEW_2577	7	progressive	malign auto (SCA+boot)		0.2095	0.1497	0.1746	len_mismatch
NorthEuralex Italic	NIGHT_2598	6	progressive	malign auto (SCA+boot)		0.2333	0.2000	0.2154	len_mismatch
NorthEuralex Italic	NINETY_2601	5	progressive	malign auto (SCA+boot)	0.2222	0.3667	0.3667	0.3667	ok
NorthEuralex Italic	NINE_2600	7	progressive	malign auto (SCA+boot)	0.4000	0.5429	0.5429	0.5429	ok
NorthEuralex Italic	NOOSE_2617	4	ndim	malign auto (SCA+boot)	0.0000	0.2000	0.2000	0.2000	ok
NorthEuralex Italic	NORTH_2621	6	progressive	malign auto (SCA+boot)	1.0000	1.0000	1.0000	1.0000	ok
NorthEuralex Italic	NOSE_2624	5	progressive	malign auto (SCA+boot)	1.0000	1.0000	1.0000	1.0000	ok
NorthEuralex Italic	NOTICE_(SOMETHING)_2629	4	ndim	malign auto (SCA+boot)	0.0000	0.0000	0.0000	0.0000	ok
NorthEuralex Italic	NOTICE_(SOMETHING)_2630	3	ndim	malign auto (SCA+boot)		0.0417	0.0370	0.0392	len_mismatch
NorthEuralex Italic	NOT_2626	5	progressive	malign auto (SCA+boot)	1.0000	1.0000	1.0000	1.0000	ok
NorthEuralex Italic	NOVEMBER_42	7	progressive	malign auto (SCA+boot)		0.3439	0.2814	0.3095	len_mismatch
NorthEuralex Italic	NOW_2634	4	ndim	malign auto (SCA+boot)	0.6000	0.8000	0.8000	0.8000	ok
NorthEuralex Italic	OAR_2639	6	progressive	malign auto (SCA+boot)	1.0000	1.0000	1.0000	1.0000	ok
NorthEuralex Italic	OCTOBER_43	7	progressive	malign auto (SCA+boot)		0.4444	0.4000	0.4211	len_mismatch
NorthEuralex Italic	ODOR_(SMELL)_2643	6	progressive	malign auto (SCA+boot)	1.0000	1.0000	1.0000	1.0000	ok
NorthEuralex Italic	OF_THIS_KIND_(SUCH)_3433	3	ndim	malign auto (SCA+boot)	1.0000	1.0000	1.0000	1.0000	ok
NorthEuralex Italic	OF_THIS_KIND_(SUCH)_3434	3	ndim	malign auto (SCA+boot)	0.0000	0.0000	0.0000	0.0000	ok
NorthEuralex Italic	OIL_(ORGANIC_SUBSTANCE)_2654	3	ndim	malign auto (SCA+boot)	0.0000	0.3333	0.3333	0.3333	ok
NorthEuralex Italic	ONE_2678	4	ndim	malign auto (SCA+boot)	0.0000	0.0000	0.0000	0.0000	ok
NorthEuralex Italic	ONE_2679	3	ndim	malign auto (SCA+boot)	1.0000	1.0000	1.0000	1.0000	ok
NorthEuralex Italic	ONE_TIME_2665	4	ndim	malign auto (SCA+boot)	0.0000	0.0370	0.0370	0.0370	ok
NorthEuralex Italic	ONION_2680	4	ndim	malign auto (SCA+boot)	0.1667	0.5833	0.5833	0.5833	ok
NorthEuralex Italic	OPEN_(STATE)_2695	4	ndim	malign auto (SCA+boot)		0.3333	0.2917	0.3111	len_mismatch
NorthEuralex Italic	OPEN_2694	6	progressive	malign auto (SCA+boot)	0.2857	0.4381	0.4381	0.4381	ok
NorthEuralex Italic	OR_2697	4	ndim	malign auto (SCA+boot)	1.0000	1.0000	1.0000	1.0000	ok
NorthEuralex Italic	OTHER_2701	5	progressive	malign auto (SCA+boot)	0.0000	0.3200	0.3200	0.3200	ok
NorthEuralex Italic	OWN_2714	7	progressive	malign auto (SCA+boot)		0.4286	0.4821	0.4538	len_mismatch
NorthEuralex Italic	PAINTING_2717	7	progressive	malign auto (SCA+boot)	0.0000	0.2593	0.2593	0.2593	ok
NorthEuralex Italic	PAINT_(PIGMENTS)_2717	4	ndim	malign auto (SCA+boot)	0.0000	0.3571	0.3571	0.3571	ok
NorthEuralex Italic	PAIN_2716	7	progressive	malign auto (SCA+boot)		0.6071	0.8095	0.6939	len_mismatch
NorthEuralex Italic	PALM_OF_HAND_2721	6	progressive	malign auto (SCA+boot)	1.0000	1.0000	1.0000	1.0000	ok
NorthEuralex Italic	PARENTS_2724	5	progressive	malign auto (SCA+boot)	0.4444	0.7444	0.7444	0.7444	ok
NorthEuralex Italic	PART_2727	7	progressive	malign auto (SCA+boot)	1.0000	1.0000	1.0000	1.0000	ok
NorthEuralex Italic	PASS_2730	5	progressive	malign auto (SCA+boot)	1.0000	1.0000	1.0000	1.0000	ok
NorthEuralex Italic	PASTURE_2734	4	ndim	malign auto (SCA+boot)	0.0000	0.1042	0.1042	0.1042	ok
NorthEuralex Italic	PATH_2738	3	ndim	malign auto (SCA+boot)	0.1250	0.2083	0.2083	0.2083	ok
NorthEuralex Italic	PATH_2739	3	ndim	malign auto (SCA+boot)		0.0556	0.0476	0.0513	len_mismatch
NorthEuralex Italic	PATH_OR_ROAD_4241	4	ndim	malign auto (SCA+boot)	0.0000	0.5000	0.5000	0.5000	ok
NorthEuralex Italic	PATTERN_2742	5	progressive	malign auto (SCA+boot)	1.0000	1.0000	1.0000	1.0000	ok
NorthEuralex Italic	PAW_2746	3	ndim	malign auto (SCA+boot)	0.4000	0.4000	0.4000	0.4000	ok
NorthEuralex Italic	PEOPLE_2544	5	progressive	malign auto (SCA+boot)	0.5714	0.8286	0.8286	0.8286	ok
NorthEuralex Italic	PERCH_(FISH)_2774	6	progressive	malign auto (SCA+boot)	1.0000	1.0000	1.0000	1.0000	ok
NorthEuralex Italic	PERSON_2009	3	ndim	malign auto (SCA+boot)	0.1250	0.2083	0.2083	0.2083	ok
NorthEuralex Italic	PERSON_2010	3	ndim	malign auto (SCA+boot)		0.1667	0.1333	0.1481	len_mismatch
NorthEuralex Italic	PHYSICIAN_1134	5	progressive	malign auto (SCA+boot)	1.0000	1.0000	1.0000	1.0000	ok
NorthEuralex Italic	PICK_2778	6	progressive	malign auto (SCA+boot)	0.2857	0.4571	0.4571	0.4571	ok
NorthEuralex Italic	PICTURE_(PAINTING)_2788	3	ndim	malign auto (SCA+boot)	0.1429	0.4286	0.4286	0.4286	ok
NorthEuralex Italic	PICTURE_(PAINTING)_2789	3	ndim	malign auto (SCA+boot)		0.2778	0.2381	0.2564	len_mismatch
NorthEuralex Italic	PICTURE_(PAINTING)_2790	3	ndim	malign auto (SCA+boot)	0.0000	0.3333	0.3333	0.3333	ok
NorthEuralex Italic	PIECE_2793	4	ndim	malign auto (SCA+boot)		0.0000	0.0000	0.0000	len_mismatch
NorthEuralex Italic	PIG_2798	6	progressive	malign auto (SCA+boot)		0.4095	0.4778	0.4410	len_mismatch
NorthEuralex Italic	PIKE_(FISH)_2803	4	ndim	malign auto (SCA+boot)	0.0000	0.5000	0.5000	0.5000	ok
NorthEuralex Italic	PINE_2813	7	progressive	malign auto (SCA+boot)	0.7143	0.9184	0.9184	0.9184	ok
NorthEuralex Italic	PIT_(POTHOLE)_2818	4	ndim	malign auto (SCA+boot)	0.0000	0.5000	0.5000	0.5000	ok
NorthEuralex Italic	PLACE_(POSITION)_2825	4	ndim	malign auto (SCA+boot)		0.0667	0.0556	0.0606	len_mismatch
NorthEuralex Italic	PLAY_2835	4	ndim	malign auto (SCA+boot)	0.0000	0.0000	0.0000	0.0000	ok
NorthEuralex Italic	POINTED_2840	4	ndim	malign auto (SCA+boot)		0.1944	0.1667	0.1795	len_mismatch
NorthEuralex Italic	POOR_2850	5	progressive	malign auto (SCA+boot)	1.0000	1.0000	1.0000	1.0000	ok
NorthEuralex Italic	POST_2846	6	progressive	malign auto (SCA+boot)	0.0000	0.2400	0.2400	0.2400	ok
NorthEuralex Italic	POST_2847	3	ndim	malign auto (SCA+boot)	0.1429	0.4286	0.4286	0.4286	ok
NorthEuralex Italic	POT_2854	3	ndim	malign auto (SCA+boot)	0.5000	0.5000	0.5000	0.5000	ok
NorthEuralex Italic	POUCH_2861	4	ndim	malign auto (SCA+boot)	0.4000	0.7000	0.7000	0.7000	ok
NorthEuralex Italic	POUCH_2862	3	ndim	malign auto (SCA+boot)	0.0000	0.0556	0.0556	0.0556	ok
NorthEuralex Italic	POUR_2866	3	ndim	malign auto (SCA+boot)	0.1429	0.1429	0.1429	0.1429	ok
NorthEuralex Italic	POWERFUL_2876	6	progressive	malign auto (SCA+boot)	0.6667	0.6667	0.6667	0.6667	ok
NorthEuralex Italic	POWERFUL_2877	3	ndim	malign auto (SCA+boot)	0.0000	0.0000	0.0000	0.0000	ok
NorthEuralex Italic	POWER_2871	5	progressive	malign auto (SCA+boot)	1.0000	1.0000	1.0000	1.0000	ok
NorthEuralex Italic	POWER_2872	4	ndim	malign auto (SCA+boot)	0.1250	0.3542	0.3542	0.3542	ok
NorthEuralex Italic	PRECIOUS_2887	7	progressive	malign auto (SCA+boot)		0.4815	0.4333	0.4561	len_mismatch
NorthEuralex Italic	PREPARE_2888	6	progressive	malign auto (SCA+boot)	0.5000	0.6000	0.6000	0.6000	ok
NorthEuralex Italic	PRESERVE_2890	6	progressive	malign auto (SCA+boot)	0.0000	0.2667	0.2667	0.2667	ok
NorthEuralex Italic	PRESS_2893	3	ndim	malign auto (SCA+boot)	0.1429	0.4286	0.4286	0.4286	ok
NorthEuralex Italic	PRICE_2909	7	progressive	malign auto (SCA+boot)	1.0000	1.0000	1.0000	1.0000	ok
NorthEuralex Italic	PRODUCE_2910	5	progressive	malign auto (SCA+boot)	1.0000	1.0000	1.0000	1.0000	ok
NorthEuralex Italic	PRODUCE_2911	4	ndim	malign auto (SCA+boot)		0.0625	0.0556	0.0588	len_mismatch
NorthEuralex Italic	PROMISE_2913	6	progressive	malign auto (SCA+boot)	1.0000	1.0000	1.0000	1.0000	ok
NorthEuralex Italic	PROTECT_2916	6	progressive	malign auto (SCA+boot)	0.4000	0.6667	0.6667	0.6667	ok
NorthEuralex Italic	PULL_2919	5	progressive	malign auto (SCA+boot)		0.0778	0.0700	0.0737	len_mismatch
NorthEuralex Italic	RAIN_(RAINING)_2943	4	ndim	malign auto (SCA+boot)		0.0238	0.0208	0.0222	len_mismatch
NorthEuralex Italic	RAISE_(BRING_UP)_588	3	ndim	malign auto (SCA+boot)		0.4667	0.3889	0.4242	len_mismatch
NorthEuralex Italic	RAW_2963	7	progressive	malign auto (SCA+boot)	1.0000	1.0000	1.0000	1.0000	ok
NorthEuralex Italic	READ_2964	5	progressive	malign auto (SCA+boot)	0.5714	0.7857	0.7857	0.7857	ok
NorthEuralex Italic	REASON_2967	6	progressive	malign auto (SCA+boot)		0.4400	0.3667	0.4000	len_mismatch
NorthEuralex Italic	RECOGNIZE_(SOMEBODY)_2977	7	progressive	malign auto (SCA+boot)		0.1333	0.1538	0.1429	len_mismatch
NorthEuralex Italic	RECOVER_2978	3	ndim	malign auto (SCA+boot)	0.0000	0.0000	0.0000	0.0000	ok
NorthEuralex Italic	RED_2984	4	ndim	malign auto (SCA+boot)	0.0000	0.5000	0.5000	0.5000	ok
NorthEuralex Italic	REMAIN_3603	3	ndim	malign auto (SCA+boot)	0.1250	0.4167	0.4167	0.4167	ok
NorthEuralex Italic	REPAIR_2998	7	progressive	malign auto (SCA+boot)	1.0000	1.0000	1.0000	1.0000	ok
NorthEuralex Italic	RESCUE_3005	7	progressive	malign auto (SCA+boot)		0.6085	0.7823	0.6845	len_mismatch
NorthEuralex Italic	REST_2987	3	ndim	malign auto (SCA+boot)	0.0000	0.1111	0.1111	0.1111	ok
NorthEuralex Italic	RICH_3020	5	progressive	malign auto (SCA+boot)	1.0000	1.0000	1.0000	1.0000	ok
NorthEuralex Italic	RIGHT_3024	5	progressive	malign auto (SCA+boot)		0.2429	0.2125	0.2267	len_mismatch
NorthEuralex Italic	RING_(MAKE_SOUND)_3028	3	ndim	malign auto (SCA+boot)	0.2857	0.2857	0.2857	0.2857	ok
NorthEuralex Italic	RING_3027	6	progressive	malign auto (SCA+boot)	1.0000	1.0000	1.0000	1.0000	ok
NorthEuralex Italic	RIPEN_3045	6	progressive	malign auto (SCA+boot)	0.0833	0.3056	0.3056	0.3056	ok
NorthEuralex Italic	RIPE_3042	5	progressive	malign auto (SCA+boot)	1.0000	1.0000	1.0000	1.0000	ok
NorthEuralex Italic	RIVER_3059	4	ndim	malign auto (SCA+boot)		0.8333	0.6250	0.7143	len_mismatch
NorthEuralex Italic	ROAD_3064	3	ndim	malign auto (SCA+boot)	1.0000	1.0000	1.0000	1.0000	ok
NorthEuralex Italic	ROAD_3065	3	ndim	malign auto (SCA+boot)	1.0000	1.0000	1.0000	1.0000	ok
NorthEuralex Italic	ROOF_3083	3	ndim	malign auto (SCA+boot)	0.4000	0.4000	0.4000	0.4000	ok
NorthEuralex Italic	ROOF_3084	3	ndim	malign auto (SCA+boot)	0.5714	0.5714	0.5714	0.5714	ok
NorthEuralex Italic	ROOSTER_859	5	progressive	malign auto (SCA+boot)		0.6600	0.5500	0.6000	len_mismatch
NorthEuralex Italic	ROT_1023	3	ndim	malign auto (SCA+boot)	0.2500	0.5000	0.5000	0.5000	ok
NorthEuralex Italic	ROUND_3099	5	progressive	malign auto (SCA+boot)		0.5444	0.6125	0.5765	len_mismatch
NorthEuralex Italic	ROW_3103	6	progressive	malign auto (SCA+boot)	0.3750	0.5833	0.5833	0.5833	ok
NorthEuralex Italic	RUB_3110	4	ndim	malign auto (SCA+boot)		0.1875	0.1667	0.1765	len_mismatch
NorthEuralex Italic	RULE_3114	4	ndim	malign auto (SCA+boot)	0.0000	0.0625	0.0625	0.0625	ok
NorthEuralex Italic	RUN_3119	6	progressive	malign auto (SCA+boot)	1.0000	1.0000	1.0000	1.0000	ok
NorthEuralex Italic	RUSTLE_(OF_LEAVES)_3129	3	ndim	malign auto (SCA+boot)	0.0000	0.3333	0.3333	0.3333	ok
NorthEuralex Italic	SACK_3135	7	progressive	malign auto (SCA+boot)	1.0000	1.0000	1.0000	1.0000	ok
NorthEuralex Italic	SAD_3136	6	progressive	malign auto (SCA+boot)	1.0000	1.0000	1.0000	1.0000	ok
NorthEuralex Italic	SALT_3139	7	progressive	malign auto (SCA+boot)	1.0000	1.0000	1.0000	1.0000	ok
NorthEuralex Italic	SAND_3140	5	progressive	malign auto (SCA+boot)	1.0000	1.0000	1.0000	1.0000	ok
NorthEuralex Italic	SATURDAY_44	3	ndim	malign auto (SCA+boot)	1.0000	1.0000	1.0000	1.0000	ok
NorthEuralex Italic	SAY_3144	6	progressive	malign auto (SCA+boot)		0.6190	0.7222	0.6667	len_mismatch
NorthEuralex Italic	SCRAPE_3154	3	ndim	malign auto (SCA+boot)		0.2083	0.1852	0.1961	len_mismatch
NorthEuralex Italic	SCRAPE_3155	3	ndim	malign auto (SCA+boot)	0.0000	0.3333	0.3333	0.3333	ok
NorthEuralex Italic	SEA_3157	7	progressive	malign auto (SCA+boot)	1.0000	1.0000	1.0000	1.0000	ok
NorthEuralex Italic	SECOND_3158	6	progressive	malign auto (SCA+boot)	0.7500	0.9167	0.9167	0.9167	ok
NorthEuralex Italic	SEEM_3168	5	progressive	malign auto (SCA+boot)	1.0000	1.0000	1.0000	1.0000	ok
NorthEuralex Italic	SEEM_3169	3	ndim	malign auto (SCA+boot)	0.1250	0.1667	0.1667	0.1667	ok
NorthEuralex Italic	SEE_3161	7	progressive	malign auto (SCA+boot)	0.1429	0.2721	0.2721	0.2721	ok
NorthEuralex Italic	SELL_3193	7	progressive	malign auto (SCA+boot)		0.2381	0.3401	0.2801	len_mismatch
NorthEuralex Italic	SEND_3194	4	ndim	malign auto (SCA+boot)		0.0476	0.0417	0.0444	len_mismatch
NorthEuralex Italic	SEPARATE_3198	4	ndim	malign auto (SCA+boot)		0.2778	0.2500	0.2632	len_mismatch
NorthEuralex Italic	SEPTEMBER_49	7	progressive	malign auto (SCA+boot)		0.3095	0.3611	0.3333	len_mismatch
NorthEuralex Italic	SET_(HEAVENLY_BODIES)_3204	3	ndim	malign auto (SCA+boot)	0.4286	0.6190	0.6190	0.6190	ok
NorthEuralex Italic	SEVENTY_3211	5	progressive	malign auto (SCA+boot)	0.1818	0.2818	0.2818	0.2818	ok
NorthEuralex Italic	SEVEN_3210	7	progressive	malign auto (SCA+boot)	0.1667	0.2857	0.2857	0.2857	ok
NorthEuralex Italic	SEVERE_2540	6	progressive	malign auto (SCA+boot)	1.0000	1.0000	1.0000	1.0000	ok
NorthEuralex Italic	SEW_3214	6	progressive	malign auto (SCA+boot)		0.2500	0.3333	0.2857	len_mismatch
NorthEuralex Italic	SHADE_3217	7	progressive	malign auto (SCA+boot)	0.0000	0.0794	0.0794	0.0794	ok
NorthEuralex Italic	SHAKE_3218	4	ndim	malign auto (SCA+boot)		0.0625	0.0556	0.0588	len_mismatch
NorthEuralex Italic	SHAKE_3219	4	ndim	malign auto (SCA+boot)	0.0000	0.2143	0.2143	0.2143	ok
NorthEuralex Italic	SHARPEN_(SOMETHING)_3230	4	ndim	malign auto (SCA+boot)		0.0833	0.0714	0.0769	len_mismatch
NorthEuralex Italic	SHARP_3223	3	ndim	malign auto (SCA+boot)	0.5714	0.7143	0.7143	0.7143	ok
NorthEuralex Italic	SHEEP_3236	3	ndim	malign auto (SCA+boot)	1.0000	1.0000	1.0000	1.0000	ok
NorthEuralex Italic	SHINE_3249	4	ndim	malign auto (SCA+boot)	0.0000	0.1667	0.1667	0.1667	ok
NorthEuralex Italic	SHIRT_3254	5	progressive	malign auto (SCA+boot)	1.0000	1.0000	1.0000	1.0000	ok
NorthEuralex Italic	SHIVER_4064	6	progressive	malign auto (SCA+boot)	0.3333	0.4741	0.4741	0.4741	ok
NorthEuralex Italic	SHOE_3257	3	ndim	malign auto (SCA+boot)	1.0000	1.0000	1.0000	1.0000	ok
NorthEuralex Italic	SHOOT_3263	5	progressive	malign auto (SCA+boot)		0.6700	0.7444	0.7053	len_mismatch
NorthEuralex Italic	SHORE_OF_LAKE_3273	4	ndim	malign auto (SCA+boot)	0.0000	0.0000	0.0000	0.0000	ok
NorthEuralex Italic	SHORT_3279	5	progressive	malign auto (SCA+boot)	1.0000	1.0000	1.0000	1.0000	ok
NorthEuralex Italic	SHOUT_3288	5	progressive	malign auto (SCA+boot)	1.0000	1.0000	1.0000	1.0000	ok
NorthEuralex Italic	SHOVEL_3295	5	progressive	malign auto (SCA+boot)	0.6667	0.7667	0.7667	0.7667	ok
NorthEuralex Italic	SHOW_3298	5	progressive	malign auto (SCA+boot)	1.0000	1.0000	1.0000	1.0000	ok
NorthEuralex Italic	SICK_3310	3	ndim	malign auto (SCA+boot)	0.7143	0.8095	0.8095	0.8095	ok
NorthEuralex Italic	SICK_3311	3	ndim	malign auto (SCA+boot)	0.0000	0.0000	0.0000	0.0000	ok
NorthEuralex Italic	SIDE_3315	4	ndim	malign auto (SCA+boot)	0.0000	0.0000	0.0000	0.0000	ok
NorthEuralex Italic	SIDE_3316	3	ndim	malign auto (SCA+boot)	0.0000	0.0476	0.0476	0.0476	ok
NorthEuralex Italic	SIGN_3320	4	ndim	malign auto (SCA+boot)		0.3056	0.2619	0.2821	len_mismatch
NorthEuralex Italic	SIGN_3321	4	ndim	malign auto (SCA+boot)	0.0000	0.3000	0.3000	0.3000	ok
NorthEuralex Italic	SILENCE_667	5	progressive	malign auto (SCA+boot)	1.0000	1.0000	1.0000	1.0000	ok
NorthEuralex Italic	SILENCE_668	3	ndim	malign auto (SCA+boot)	0.1250	0.2083	0.2083	0.2083	ok
NorthEuralex Italic	SILVER_3324	3	ndim	malign auto (SCA+boot)	1.0000	1.0000	1.0000	1.0000	ok
NorthEuralex Italic	SILVER_3325	3	ndim	malign auto (SCA+boot)	0.0000	0.3333	0.3333	0.3333	ok
NorthEuralex Italic	SING_3331	6	progressive	malign auto (SCA+boot)		0.1583	0.1810	0.1689	len_mismatch
NorthEuralex Italic	SINK_(DESCEND)_3333	3	ndim	malign auto (SCA+boot)	0.2000	0.3333	0.3333	0.3333	ok
NorthEuralex Italic	SIN_3327	6	progressive	malign auto (SCA+boot)	1.0000	1.0000	1.0000	1.0000	ok
NorthEuralex Italic	SISTER_3338	3	ndim	malign auto (SCA+boot)	0.0000	0.0000	0.0000	0.0000	ok
NorthEuralex Italic	SIT_3342	4	ndim	malign auto (SCA+boot)	0.1667	0.3611	0.3611	0.3611	ok
NorthEuralex Italic	SIT_DOWN_3346	3	ndim	malign auto (SCA+boot)	0.6250	0.6250	0.6250	0.6250	ok
NorthEuralex Italic	SIXTY_3355	6	progressive	malign auto (SCA+boot)	0.2727	0.3879	0.3879	0.3879	ok
NorthEuralex Italic	SIX_3352	5	progressive	malign auto (SCA+boot)	0.5000	0.6500	0.6500	0.6500	ok
NorthEuralex Italic	SKIN_(OF_FRUIT)_2763	3	ndim	malign auto (SCA+boot)		0.0000	0.0000	0.0000	len_mismatch
NorthEuralex Italic	SKIN_3370	6	progressive	malign auto (SCA+boot)	1.0000	1.0000	1.0000	1.0000	ok
NorthEuralex Italic	SKI_3364	5	progressive	malign auto (SCA+boot)	0.2500	0.7000	0.7000	0.7000	ok
NorthEuralex Italic	SLAB_3378	4	ndim	malign auto (SCA+boot)	0.0000	0.1667	0.1667	0.1667	ok
NorthEuralex Italic	SLED_3388	4	ndim	malign auto (SCA+boot)		0.2222	0.1905	0.2051	len_mismatch
NorthEuralex Italic	SLEEP_(STATE)_3384	6	progressive	malign auto (SCA+boot)	0.1429	0.1905	0.1905	0.1905	ok
NorthEuralex Italic	SLEEP_3383	7	progressive	malign auto (SCA+boot)	0.7143	0.9184	0.9184	0.9184	ok
NorthEuralex Italic	SLEEVE_3386	6	progressive	malign auto (SCA+boot)	0.1667	0.7222	0.7222	0.7222	ok
NorthEuralex Italic	SLOPE_3405	3	ndim	malign auto (SCA+boot)		0.1111	0.0952	0.1026	len_mismatch
NorthEuralex Italic	SMOKE_(EMIT_SMOKE)_3416	6	progressive	malign auto (SCA+boot)		0.5524	0.4833	0.5156	len_mismatch
NorthEuralex Italic	SMOKE_(EXHAUST)_3416	6	progressive	malign auto (SCA+boot)		0.8400	0.7000	0.7636	len_mismatch
NorthEuralex Italic	SMOOTH_3420	6	progressive	malign auto (SCA+boot)	0.6000	0.8667	0.8667	0.8667	ok
NorthEuralex Italic	SNAKE_3423	7	progressive	malign auto (SCA+boot)	0.4444	0.6772	0.6772	0.6772	ok
NorthEuralex Italic	SNOW_3430	4	ndim	malign auto (SCA+boot)	0.0000	0.3333	0.3333	0.3333	ok
NorthEuralex Italic	SOFT_3439	4	ndim	malign auto (SCA+boot)		0.2667	0.2222	0.2424	len_mismatch
NorthEuralex Italic	SOLID_1463	7	progressive	malign auto (SCA+boot)	0.5714	0.8776	0.8776	0.8776	ok
NorthEuralex Italic	SOLID_1464	4	ndim	malign auto (SCA+boot)	0.0000	0.1667	0.1667	0.1667	ok
NorthEuralex Italic	SOMETIMES_3443	3	ndim	malign auto (SCA+boot)		0.1111	0.1000	0.1053	len_mismatch
NorthEuralex Italic	SONG_3454	3	ndim	malign auto (SCA+boot)		0.1905	0.1667	0.1778	len_mismatch
NorthEuralex Italic	SON_3451	6	progressive	malign auto (SCA+boot)	0.6667	0.8889	0.8889	0.8889	ok
NorthEuralex Italic	SOUND_(OF_INSTRUMENT_OR_VOICE)_3477	6	progressive	malign auto (SCA+boot)	0.4286	0.5905	0.5905	0.5905	ok
NorthEuralex Italic	SOUND_OR_NOISE_3477	4	ndim	malign auto (SCA+boot)		0.0833	0.0714	0.0769	len_mismatch
NorthEuralex Italic	SOUND_OR_NOISE_3478	3	ndim	malign auto (SCA+boot)	1.0000	1.0000	1.0000	1.0000	ok
NorthEuralex Italic	SOUP_3480	6	progressive	malign auto (SCA+boot)	1.0000	1.0000	1.0000	1.0000	ok
NorthEuralex Italic	SOUR_3486	4	ndim	malign auto (SCA+boot)	0.2000	0.2000	0.2000	0.2000	ok
NorthEuralex Italic	SOUTH_3499	5	progressive	malign auto (SCA+boot)	1.0000	1.0000	1.0000	1.0000	ok
NorthEuralex Italic	SPADE_3510	3	ndim	malign auto (SCA+boot)	1.0000	1.0000	1.0000	1.0000	ok
NorthEuralex Italic	SPARK_3516	5	progressive	malign auto (SCA+boot)	0.1250	0.3875	0.3875	0.3875	ok
NorthEuralex Italic	SPEAK_3528	3	ndim	malign auto (SCA+boot)	0.1429	0.1429	0.1429	0.1429	ok
NorthEuralex Italic	SPEECH_3532	6	progressive	malign auto (SCA+boot)	1.0000	1.0000	1.0000	1.0000	ok
NorthEuralex Italic	SPIDER_3536	6	progressive	malign auto (SCA+boot)	0.6667	0.8889	0.8889	0.8889	ok
NorthEuralex Italic	SPIRIT_3544	6	progressive	malign auto (SCA+boot)	1.0000	1.0000	1.0000	1.0000	ok
NorthEuralex Italic	SPIRIT_3545	5	progressive	malign auto (SCA+boot)		0.1111	0.1250	0.1176	len_mismatch
NorthEuralex Italic	SPOIL_(BECOME_SPOILED)_3093	3	ndim	malign auto (SCA+boot)	0.2500	0.5000	0.5000	0.5000	ok
NorthEuralex Italic	SPOIL_(SOMEBODY_OR_SOMETHING)_3549	3	ndim	malign auto (SCA+boot)	0.0000	0.0741	0.0741	0.0741	ok
NorthEuralex Italic	SPOON_3555	4	ndim	malign auto (SCA+boot)		0.0714	0.0625	0.0667	len_mismatch
NorthEuralex Italic	SPREAD_OUT_3559	3	ndim	malign auto (SCA+boot)	0.0000	0.0000	0.0000	0.0000	ok
NorthEuralex Italic	SPRINGTIME_3565	5	progressive	malign auto (SCA+boot)	1.0000	1.0000	1.0000	1.0000	ok
NorthEuralex Italic	STAR_3592	4	ndim	malign auto (SCA+boot)	0.1429	0.5714	0.5714	0.5714	ok
NorthEuralex Italic	STAR_3593	3	ndim	malign auto (SCA+boot)	0.2000	0.4667	0.4667	0.4667	ok
NorthEuralex Italic	STATE_(POLITICS)_3600	5	progressive	malign auto (SCA+boot)		0.1143	0.1333	0.1231	len_mismatch
NorthEuralex Italic	STEAL_3609	4	ndim	malign auto (SCA+boot)		0.2222	0.1905	0.2051	len_mismatch
NorthEuralex Italic	STEAL_3610	3	ndim	malign auto (SCA+boot)	0.0000	0.0000	0.0000	0.0000	ok
NorthEuralex Italic	STEP_(VERB)_3613	3	ndim	malign auto (SCA+boot)	0.0000	0.0000	0.0000	0.0000	ok
NorthEuralex Italic	STICK_3618	4	ndim	malign auto (SCA+boot)	0.0000	0.3333	0.3333	0.3333	ok
NorthEuralex Italic	STICK_3619	3	ndim	malign auto (SCA+boot)	0.0000	0.0000	0.0000	0.0000	ok
NorthEuralex Italic	STILL_(CONTINUING)_3629	3	ndim	malign auto (SCA+boot)	0.1667	0.4444	0.4444	0.4444	ok
NorthEuralex Italic	STINGY_3639	5	progressive	malign auto (SCA+boot)	1.0000	1.0000	1.0000	1.0000	ok
NorthEuralex Italic	STING_3635	6	progressive	malign auto (SCA+boot)		0.4750	0.5429	0.5067	len_mismatch
NorthEuralex Italic	STIR_3643	3	ndim	malign auto (SCA+boot)	0.0000	0.0000	0.0000	0.0000	ok
NorthEuralex Italic	STOMACH_3647	7	progressive	malign auto (SCA+boot)		0.0714	0.0857	0.0779	len_mismatch
NorthEuralex Italic	STONE_3648	6	progressive	malign auto (SCA+boot)		0.2333	0.2000	0.2154	len_mismatch
NorthEuralex Italic	STORY_3659	6	progressive	malign auto (SCA+boot)		0.5926	0.4848	0.5333	len_mismatch
NorthEuralex Italic	STORY_3660	3	ndim	malign auto (SCA+boot)	0.1667	0.2778	0.2778	0.2778	ok
NorthEuralex Italic	STOVE_3664	4	ndim	malign auto (SCA+boot)	1.0000	1.0000	1.0000	1.0000	ok
NorthEuralex Italic	STRAP_3669	5	progressive	malign auto (SCA+boot)	0.6667	0.7667	0.7667	0.7667	ok
NorthEuralex Italic	STREAM_(FLOW_CONTINUOUSLY)_3673	3	ndim	malign auto (SCA+boot)	0.0000	0.1111	0.1111	0.1111	ok
NorthEuralex Italic	STRENGTH_3677	3	ndim	malign auto (SCA+boot)		0.0000	0.0000	0.0000	len_mismatch
NorthEuralex Italic	STRENGTH_3678	4	ndim	malign auto (SCA+boot)	0.0000	0.0476	0.0476	0.0476	ok
NorthEuralex Italic	STRIKE_(SOMEONE)_337	5	progressive	malign auto (SCA+boot)		0.5429	0.6333	0.5846	len_mismatch
NorthEuralex Italic	STRIKE_(SOMETHING)_1942	4	ndim	malign auto (SCA+boot)	0.0000	0.0000	0.0000	0.0000	ok
NorthEuralex Italic	STRING_3681	5	progressive	malign auto (SCA+boot)	0.7143	0.7143	0.7143	0.7143	ok
NorthEuralex Italic	STROKE_(OF_PEN)_3686	5	progressive	malign auto (SCA+boot)	1.0000	1.0000	1.0000	1.0000	ok
NorthEuralex Italic	STRONG_3691	5	progressive	malign auto (SCA+boot)	0.6667	0.6667	0.6667	0.6667	ok
NorthEuralex Italic	STRONG_3692	3	ndim	malign auto (SCA+boot)	0.0000	0.3333	0.3333	0.3333	ok
NorthEuralex Italic	STUPID_3698	5	progressive	malign auto (SCA+boot)		0.1100	0.1222	0.1158	len_mismatch
NorthEuralex Italic	SUMMIT_3729	4	ndim	malign auto (SCA+boot)	0.0000	0.1667	0.1667	0.1667	ok
NorthEuralex Italic	SUNDAY_50	5	progressive	malign auto (SCA+boot)	0.3333	0.6000	0.6000	0.6000	ok
NorthEuralex Italic	SUN_3735	5	progressive	malign auto (SCA+boot)	1.0000	1.0000	1.0000	1.0000	ok
NorthEuralex Italic	SUPPORT_(OF_OBJECT)_3738	4	ndim	malign auto (SCA+boot)	0.0000	0.5000	0.5000	0.5000	ok
NorthEuralex Italic	SWAMP_3752	3	ndim	malign auto (SCA+boot)	0.1429	0.2857	0.2857	0.2857	ok
NorthEuralex Italic	SWAN_3757	4	ndim	malign auto (SCA+boot)	0.0000	0.5000	0.5000	0.5000	ok
NorthEuralex Italic	SWAY_3770	6	progressive	malign auto (SCA+boot)		0.1867	0.2074	0.1965	len_mismatch
NorthEuralex Italic	SWEEP_3773	3	ndim	malign auto (SCA+boot)	0.0000	0.0000	0.0000	0.0000	ok
NorthEuralex Italic	SWEET_3780	5	progressive	malign auto (SCA+boot)	1.0000	1.0000	1.0000	1.0000	ok
NorthEuralex Italic	SWIM_3783	6	progressive	malign auto (SCA+boot)	0.2857	0.6857	0.6857	0.6857	ok
NorthEuralex Italic	SWINDLE_738	3	ndim	malign auto (SCA+boot)	0.1250	0.2500	0.2500	0.2500	ok
NorthEuralex Italic	SWING_(MOVEMENT)_3785	5	progressive	malign auto (SCA+boot)	0.7143	0.8000	0.8000	0.8000	ok
NorthEuralex Italic	SWING_(MOVEMENT)_3787	4	ndim	malign auto (SCA+boot)		0.0476	0.0417	0.0444	len_mismatch
NorthEuralex Italic	SWING_(SOMETHING)_3786	5	progressive	malign auto (SCA+boot)	0.7143	0.7429	0.7429	0.7429	ok
NorthEuralex Italic	TABLE_3791	4	ndim	malign auto (SCA+boot)	1.0000	1.0000	1.0000	1.0000	ok
NorthEuralex Italic	TABLE_3792	3	ndim	malign auto (SCA+boot)	0.3333	0.3333	0.3333	0.3333	ok
NorthEuralex Italic	TAIL_3793	4	ndim	malign auto (SCA+boot)	0.4000	0.5000	0.5000	0.5000	ok
NorthEuralex Italic	TAKE_3797	3	ndim	malign auto (SCA+boot)	0.2500	0.2500	0.2500	0.2500	ok
NorthEuralex Italic	TAKE_3798	3	ndim	malign auto (SCA+boot)	0.0000	0.0000	0.0000	0.0000	ok
NorthEuralex Italic	TALK_3814	3	ndim	malign auto (SCA+boot)	0.1429	0.1429	0.1429	0.1429	ok
NorthEuralex Italic	TASTE_(SOMETHING)_3822	3	ndim	malign auto (SCA+boot)	0.0000	0.2593	0.2593	0.2593	ok
NorthEuralex Italic	TASTE_(SOMETHING)_3823	3	ndim	malign auto (SCA+boot)	0.0000	0.3333	0.3333	0.3333	ok
NorthEuralex Italic	TASTE_1477	7	progressive	malign auto (SCA+boot)		0.2653	0.3095	0.2857	len_mismatch
NorthEuralex Italic	TASTE_1478	4	ndim	malign auto (SCA+boot)	0.0000	0.0000	0.0000	0.0000	ok
NorthEuralex Italic	TASTY_1049	4	ndim	malign auto (SCA+boot)		0.1296	0.1167	0.1228	len_mismatch
NorthEuralex Italic	TEACHER_3837	5	progressive	malign auto (SCA+boot)	1.0000	1.0000	1.0000	1.0000	ok
NorthEuralex Italic	TEACH_3831	4	ndim	malign auto (SCA+boot)	0.0000	0.0208	0.0208	0.0208	ok
NorthEuralex Italic	TEAR_(OF_EYE)_3842	6	progressive	malign auto (SCA+boot)	1.0000	1.0000	1.0000	1.0000	ok
NorthEuralex Italic	TEA_3827	4	ndim	malign auto (SCA+boot)	1.0000	1.0000	1.0000	1.0000	ok
NorthEuralex Italic	TELL_3859	5	progressive	malign auto (SCA+boot)		0.1250	0.1667	0.1429	len_mismatch
NorthEuralex Italic	TENDON_3329	6	progressive	malign auto (SCA+boot)	0.7143	0.9048	0.9048	0.9048	ok
NorthEuralex Italic	TEN_3864	4	ndim	malign auto (SCA+boot)	0.5000	0.5000	0.5000	0.5000	ok
NorthEuralex Italic	THAT_3868	3	ndim	malign auto (SCA+boot)	1.0000	1.0000	1.0000	1.0000	ok
NorthEuralex Italic	THERE_3895	4	ndim	malign auto (SCA+boot)	1.0000	1.0000	1.0000	1.0000	ok
NorthEuralex Italic	THEY_3900	4	ndim	malign auto (SCA+boot)	0.0000	0.5000	0.5000	0.5000	ok
NorthEuralex Italic	THICK_3904	5	progressive	malign auto (SCA+boot)		0.3125	0.3571	0.3333	len_mismatch
NorthEuralex Italic	THING_3919	4	ndim	malign auto (SCA+boot)	0.4000	0.4000	0.4000	0.4000	ok
NorthEuralex Italic	THINK_(REFLECT)_3924	5	progressive	malign auto (SCA+boot)		0.5500	0.6286	0.5867	len_mismatch
NorthEuralex Italic	THIN_(SLIM)_3401	5	progressive	malign auto (SCA+boot)		0.1125	0.1286	0.1200	len_mismatch
NorthEuralex Italic	THIRD_3927	5	progressive	malign auto (SCA+boot)		0.6625	0.5889	0.6235	len_mismatch
NorthEuralex Italic	THIRTY_3930	6	progressive	malign auto (SCA+boot)	0.2500	0.4750	0.4750	0.4750	ok
NorthEuralex Italic	THIS_3932	3	ndim	malign auto (SCA+boot)	1.0000	1.0000	1.0000	1.0000	ok
NorthEuralex Italic	THOUGHT_3947	4	ndim	malign auto (SCA+boot)	0.2000	0.2000	0.2000	0.2000	ok
NorthEuralex Italic	THOUGHT_3948	3	ndim	malign auto (SCA+boot)	0.0000	0.1212	0.1212	0.1212	ok
NorthEuralex Italic	THOUSAND_76	6	progressive	malign auto (SCA+boot)	1.0000	1.0000	1.0000	1.0000	ok
NorthEuralex Italic	THOU_3945	7	progressive	malign auto (SCA+boot)	1.0000	1.0000	1.0000	1.0000	ok
NorthEuralex Italic	THREAD_3954	5	progressive	malign auto (SCA+boot)	1.0000	1.0000	1.0000	1.0000	ok
NorthEuralex Italic	THREE_3957	7	progressive	malign auto (SCA+boot)		0.5000	0.4000	0.4444	len_mismatch
NorthEuralex Italic	THROUGH_3963	6	progressive	malign auto (SCA+boot)	1.0000	1.0000	1.0000	1.0000	ok
NorthEuralex Italic	THROW_3967	5	progressive	malign auto (SCA+boot)		0.3375	0.3857	0.3600	len_mismatch
NorthEuralex Italic	THUNDER_(VERB)_3972	7	progressive	malign auto (SCA+boot)		0.2476	0.2751	0.2607	len_mismatch
NorthEuralex Italic	THUNDER_3972	4	ndim	malign auto (SCA+boot)		0.0208	0.0185	0.0196	len_mismatch
NorthEuralex Italic	TIE_3975	5	progressive	malign auto (SCA+boot)	1.0000	1.0000	1.0000	1.0000	ok
NorthEuralex Italic	TIE_UP_(TETHER)_3980	4	ndim	malign auto (SCA+boot)	0.2857	0.4048	0.4048	0.4048	ok
NorthEuralex Italic	TIME_3983	5	progressive	malign auto (SCA+boot)	0.1429	0.6143	0.6143	0.6143	ok
NorthEuralex Italic	TINKLE_3987	3	ndim	malign auto (SCA+boot)		0.4444	0.4000	0.4211	len_mismatch
NorthEuralex Italic	TIP_(OF_OBJECT)_3992	4	ndim	malign auto (SCA+boot)	0.4000	0.7000	0.7000	0.7000	ok
NorthEuralex Italic	TOE_4006	4	ndim	malign auto (SCA+boot)	0.0000	0.0417	0.0417	0.0417	ok
NorthEuralex Italic	TONE_(MUSIC)_4022	6	progressive	malign auto (SCA+boot)	1.0000	1.0000	1.0000	1.0000	ok
NorthEuralex Italic	TONGUE_4024	5	progressive	malign auto (SCA+boot)		0.3429	0.4000	0.3692	len_mismatch
NorthEuralex Italic	TOOTH_4027	6	progressive	malign auto (SCA+boot)	0.1667	0.4000	0.4000	0.4000	ok
NorthEuralex Italic	TOUCH_4029	6	progressive	malign auto (SCA+boot)	0.1429	0.4190	0.4190	0.4190	ok
NorthEuralex Italic	TOWN_4040	3	ndim	malign auto (SCA+boot)		0.1111	0.0952	0.1026	len_mismatch
NorthEuralex Italic	TRANSLATE_4052	6	progressive	malign auto (SCA+boot)	0.3333	0.4296	0.4296	0.4296	ok
NorthEuralex Italic	TREE_4061	6	progressive	malign auto (SCA+boot)		0.7714	0.9000	0.8308	len_mismatch
NorthEuralex Italic	TREE_TRUNK_4074	6	progressive	malign auto (SCA+boot)	0.5714	0.7524	0.7524	0.7524	ok
NorthEuralex Italic	TROUSERS_4066	4	ndim	malign auto (SCA+boot)	0.0000	0.0185	0.0185	0.0185	ok
NorthEuralex Italic	TRUE_4069	3	ndim	malign auto (SCA+boot)	0.1000	0.1667	0.1667	0.1667	ok
NorthEuralex Italic	TRUE_4070	3	ndim	malign auto (SCA+boot)	0.0000	0.0667	0.0667	0.0667	ok
NorthEuralex Italic	TRUTH_4076	6	progressive	malign auto (SCA+boot)	0.3750	0.4500	0.4500	0.4500	ok
NorthEuralex Italic	TRY_4078	5	progressive	malign auto (SCA+boot)	0.1000	0.4600	0.4600	0.4600	ok
NorthEuralex Italic	TUBE_2814	6	progressive	malign auto (SCA+boot)	1.0000	1.0000	1.0000	1.0000	ok
NorthEuralex Italic	TUESDAY_60	4	ndim	malign auto (SCA+boot)	0.0000	0.0000	0.0000	0.0000	ok
NorthEuralex Italic	TUMBLE_(FALL_DOWN)_4082	3	ndim	malign auto (SCA+boot)		0.5000	0.4286	0.4615	len_mismatch
NorthEuralex Italic	TURN_(SOMETHING)_4094	3	ndim	malign auto (SCA+boot)	0.0000	0.3333	0.3333	0.3333	ok
NorthEuralex Italic	TWELVE_4106	4	ndim	malign auto (SCA+boot)	0.0000	0.5000	0.5000	0.5000	ok
NorthEuralex Italic	TWENTY_4109	3	ndim	malign auto (SCA+boot)	0.4286	0.4762	0.4762	0.4762	ok
NorthEuralex Italic	TWENTY_4110	3	ndim	malign auto (SCA+boot)	0.0000	0.1667	0.1667	0.1667	ok
NorthEuralex Italic	TWIG_4112	6	progressive	malign auto (SCA+boot)	0.6667	0.8889	0.8889	0.8889	ok
NorthEuralex Italic	TWO_4115	7	progressive	malign auto (SCA+boot)		0.7262	0.5810	0.6455	len_mismatch
NorthEuralex Italic	UNDERSTAND_4128	6	progressive	malign auto (SCA+boot)		0.4500	0.5400	0.4909	len_mismatch
NorthEuralex Italic	UNDERSTAND_4129	4	ndim	malign auto (SCA+boot)		0.0909	0.0833	0.0870	len_mismatch
NorthEuralex Italic	URGE_(SOMEONE)_4143	3	ndim	malign auto (SCA+boot)	0.0000	0.2381	0.2381	0.2381	ok
NorthEuralex Italic	VEIN_4149	7	progressive	malign auto (SCA+boot)	1.0000	1.0000	1.0000	1.0000	ok
NorthEuralex Italic	VERY_4151	5	progressive	malign auto (SCA+boot)	0.4000	0.7600	0.7600	0.7600	ok
NorthEuralex Italic	VIOLENCE_4164	6	progressive	malign auto (SCA+boot)		0.7800	0.8667	0.8211	len_mismatch
NorthEuralex Italic	VISIT_4166	7	progressive	malign auto (SCA+boot)	0.7500	0.7857	0.7857	0.7857	ok
NorthEuralex Italic	VOICE_4173	3	ndim	malign auto (SCA+boot)	0.2500	0.2500	0.2500	0.2500	ok
NorthEuralex Italic	WAIT_(FOR)_4178	4	ndim	malign auto (SCA+boot)	0.0000	0.0417	0.0417	0.0417	ok
NorthEuralex Italic	WAKE_UP_(SOMEONE)_4182	4	ndim	malign auto (SCA+boot)	0.0000	0.1667	0.1667	0.1667	ok
NorthEuralex Italic	WALK_(MANNER)_4194	4	ndim	malign auto (SCA+boot)	0.0000	0.1667	0.1667	0.1667	ok
NorthEuralex Italic	WALK_(TAKE_A_WALK)_3800	4	ndim	malign auto (SCA+boot)		0.0185	0.0152	0.0167	len_mismatch
NorthEuralex Italic	WALK_4195	3	ndim	malign auto (SCA+boot)	0.0000	0.0000	0.0000	0.0000	ok
NorthEuralex Italic	WANT_4205	4	ndim	malign auto (SCA+boot)		0.0833	0.0714	0.0769	len_mismatch
NorthEuralex Italic	WARE_4211	3	ndim	malign auto (SCA+boot)		0.1667	0.1515	0.1587	len_mismatch
NorthEuralex Italic	WARM_4216	5	progressive	malign auto (SCA+boot)	1.0000	1.0000	1.0000	1.0000	ok
NorthEuralex Italic	WAR_4208	5	progressive	malign auto (SCA+boot)	0.2000	0.4400	0.4400	0.4400	ok
NorthEuralex Italic	WASH_(ONESELF)_4221	5	progressive	malign auto (SCA+boot)		0.0429	0.0333	0.0375	len_mismatch
NorthEuralex Italic	WASH_4221	5	progressive	malign auto (SCA+boot)	0.6667	0.8667	0.8667	0.8667	ok
NorthEuralex Italic	WATCH_4224	3	ndim	malign auto (SCA+boot)	0.0000	0.3333	0.3333	0.3333	ok
NorthEuralex Italic	WATER_4229	5	progressive	malign auto (SCA+boot)		0.4500	0.5400	0.4909	len_mismatch
NorthEuralex Italic	WAVE_4236	5	progressive	malign auto (SCA+boot)	1.0000	1.0000	1.0000	1.0000	ok
NorthEuralex Italic	WEAK_4249	3	ndim	malign auto (SCA+boot)	1.0000	1.0000	1.0000	1.0000	ok
NorthEuralex Italic	WEALTH_4254	5	progressive	malign auto (SCA+boot)	0.7143	0.8857	0.8857	0.8857	ok
NorthEuralex Italic	WEATHER_4259	5	progressive	malign auto (SCA+boot)		0.3667	0.3300	0.3474	len_mismatch
NorthEuralex Italic	WEDNESDAY_64	4	ndim	malign auto (SCA+boot)		0.0741	0.0667	0.0702	len_mismatch
NorthEuralex Italic	WEEK_4264	7	progressive	malign auto (SCA+boot)	0.1111	0.3333	0.3333	0.3333	ok
NorthEuralex Italic	WEIGHT_4269	4	ndim	malign auto (SCA+boot)	0.0000	0.5000	0.5000	0.5000	ok
NorthEuralex Italic	WELL_4273	5	progressive	malign auto (SCA+boot)	0.6000	0.6400	0.6400	0.6400	ok
NorthEuralex Italic	WEST_4276	3	ndim	malign auto (SCA+boot)		0.0476	0.0417	0.0444	len_mismatch
NorthEuralex Italic	WET_4284	3	ndim	malign auto (SCA+boot)	0.0000	0.3333	0.3333	0.3333	ok
NorthEuralex Italic	WE_4247	5	progressive	malign auto (SCA+boot)		0.7000	0.5250	0.6000	len_mismatch
NorthEuralex Italic	WHAT_4289	5	progressive	malign auto (SCA+boot)	1.0000	1.0000	1.0000	1.0000	ok
NorthEuralex Italic	WHERE_4293	3	ndim	malign auto (SCA+boot)	0.6000	0.7333	0.7333	0.7333	ok
NorthEuralex Italic	WHITE_4313	5	progressive	malign auto (SCA+boot)		0.3000	0.2571	0.2769	len_mismatch
NorthEuralex Italic	WHO_4316	4	ndim	malign auto (SCA+boot)	0.0000	0.0000	0.0000	0.0000	ok
NorthEuralex Italic	WHY_4320	3	ndim	malign auto (SCA+boot)	0.1667	0.1667	0.1667	0.1667	ok
NorthEuralex Italic	WIDE_4325	4	ndim	malign auto (SCA+boot)	0.0000	0.1667	0.1667	0.1667	ok
NorthEuralex Italic	WILLOW_4335	3	ndim	malign auto (SCA+boot)		0.2222	0.1905	0.2051	len_mismatch
NorthEuralex Italic	WINDOW_4346	5	progressive	malign auto (SCA+boot)	1.0000	1.0000	1.0000	1.0000	ok
NorthEuralex Italic	WIND_4345	7	progressive	malign auto (SCA+boot)	0.2857	0.6395	0.6395	0.6395	ok
NorthEuralex Italic	WING_4349	4	ndim	malign auto (SCA+boot)	1.0000	1.0000	1.0000	1.0000	ok
NorthEuralex Italic	WINTER_4353	5	progressive	malign auto (SCA+boot)	0.0000	0.2750	0.2750	0.2750	ok
NorthEuralex Italic	WIN_4341	5	progressive	malign auto (SCA+boot)		0.2625	0.3000	0.2800	len_mismatch
NorthEuralex Italic	WOLF_4369	7	progressive	malign auto (SCA+boot)	1.0000	1.0000	1.0000	1.0000	ok
NorthEuralex Italic	WOMAN_4370	3	ndim	malign auto (SCA+boot)	0.3333	0.3333	0.3333	0.3333	ok
NorthEuralex Italic	WOOL_4379	6	progressive	malign auto (SCA+boot)	1.0000	1.0000	1.0000	1.0000	ok
NorthEuralex Italic	WORKER_4390	3	ndim	malign auto (SCA+boot)	0.4000	0.6000	0.6000	0.6000	ok
NorthEuralex Italic	WORKER_4391	3	ndim	malign auto (SCA+boot)	0.1667	0.1667	0.1667	0.1667	ok
NorthEuralex Italic	WORKER_4392	3	ndim	malign auto (SCA+boot)		0.0370	0.0333	0.0351	len_mismatch
NorthEuralex Italic	WORK_(ACTIVITY)_4387	4	ndim	malign auto (SCA+boot)	0.0000	0.1667	0.1667	0.1667	ok
NorthEuralex Italic	WORK_(LABOUR)_4387	4	ndim	malign auto (SCA+boot)		0.1667	0.1458	0.1556	len_mismatch
NorthEuralex Italic	WORK_(LABOUR)_4388	3	ndim	malign auto (SCA+boot)	0.0000	0.0000	0.0000	0.0000	ok
NorthEuralex Italic	WORLD_4395	6	progressive	malign auto (SCA+boot)	0.6667	0.8000	0.8000	0.8000	ok
NorthEuralex Italic	WORM_4397	4	ndim	malign auto (SCA+boot)		0.3611	0.3095	0.3333	len_mismatch
NorthEuralex Italic	WOUND_4402	4	ndim	malign auto (SCA+boot)	1.0000	1.0000	1.0000	1.0000	ok
NorthEuralex Italic	WRAP_4409	3	ndim	malign auto (SCA+boot)	0.0000	0.0370	0.0370	0.0370	ok
NorthEuralex Italic	WRITE_4416	6	progressive	malign auto (SCA+boot)		0.5758	0.7037	0.6333	len_mismatch
NorthEuralex Italic	YEAR_4418	5	progressive	malign auto (SCA+boot)	1.0000	1.0000	1.0000	1.0000	ok
NorthEuralex Italic	YOUNG_4436	3	ndim	malign auto (SCA+boot)	0.0000	0.3333	0.3333	0.3333	ok
NorthEuralex Italic	YOU_4433	3	ndim	malign auto (SCA+boot)	0.0000	0.0667	0.0667	0.0667	ok
NorthEuralex Italic	ACHE_87	5	progressive	malign prog (SCA)	0.5000	0.5875	0.5875	0.5875	ok
NorthEuralex Italic	AFFAIR_2374	4	ndim	malign prog (SCA)	0.4286	0.5714	0.5714	0.5714	ok
NorthEuralex Italic	AFTERWARDS_96	3	ndim	malign prog (SCA)	1.0000	1.0000	1.0000	1.0000	ok
NorthEuralex Italic	AGAIN_104	3	ndim	malign prog (SCA)		0.5238	0.4583	0.4889	len_mismatch
NorthEuralex Italic	AGE_110	3	ndim	malign prog (SCA)	1.0000	1.0000	1.0000	1.0000	ok
NorthEuralex Italic	AIR_129	4	ndim	malign prog (SCA)	1.0000	1.0000	1.0000	1.0000	ok
NorthEuralex Italic	ALL_1325	6	progressive	malign prog (SCA)	1.0000	1.0000	1.0000	1.0000	ok
NorthEuralex Italic	ALREADY_135	4	ndim	malign prog (SCA)	1.0000	1.0000	1.0000	1.0000	ok
NorthEuralex Italic	ALWAYS_145	5	progressive	malign prog (SCA)	0.1250	0.6500	0.6500	0.6500	ok
NorthEuralex Italic	AMOUNT_149	6	progressive	malign prog (SCA)		0.6970	0.7667	0.7302	len_mismatch
NorthEuralex Italic	AND_151	3	ndim	malign prog (SCA)	1.0000	1.0000	1.0000	1.0000	ok
NorthEuralex Italic	ANIMAL_162	6	progressive	malign prog (SCA)	1.0000	1.0000	1.0000	1.0000	ok
NorthEuralex Italic	ANT_171	7	progressive	malign prog (SCA)		0.0060	0.0068	0.0063	len_mismatch
NorthEuralex Italic	APRIL_1	7	progressive	malign prog (SCA)		0.9184	0.8036	0.8571	len_mismatch
NorthEuralex Italic	AREA_178	5	progressive	malign prog (SCA)		0.6000	0.5143	0.5538	len_mismatch
NorthEuralex Italic	ARM_184	6	progressive	malign prog (SCA)	0.6667	0.6889	0.6889	0.6889	ok
NorthEuralex Italic	ARRIVE_186	3	ndim	malign prog (SCA)	0.7143	0.7143	0.7143	0.7143	ok
NorthEuralex Italic	ARROW_191	4	ndim	malign prog (SCA)	1.0000	1.0000	1.0000	1.0000	ok
NorthEuralex Italic	ASK_(INQUIRE)_201	3	ndim	malign prog (SCA)		0.8485	0.9333	0.8889	len_mismatch
NorthEuralex Italic	ASK_(REQUEST)_3000	3	ndim	malign prog (SCA)	1.0000	1.0000	1.0000	1.0000	ok
NorthEuralex Italic	ASSEMBLE_(GET_TOGETHER)_206	4	ndim	malign prog (SCA)		0.1000	0.1111	0.1053	len_mismatch
NorthEuralex Italic	AT_FIRST_211	6	progressive	malign prog (SCA)		0.0733	0.0611	0.0667	len_mismatch
NorthEuralex Italic	AUGUST_2	5	progressive	malign prog (SCA)	0.6250	0.8500	0.8500	0.8500	ok
NorthEuralex Italic	AUNT_230	4	ndim	malign prog (SCA)	1.0000	1.0000	1.0000	1.0000	ok
NorthEuralex Italic	AUTUMN_234	5	progressive	malign prog (SCA)	0.7500	0.7750	0.7750	0.7750	ok
NorthEuralex Italic	A_LITTLE_71	3	ndim	malign prog (SCA)	0.7500	0.7500	0.7500	0.7500	ok
NorthEuralex Italic	BAD_LUCK_2448	3	ndim	malign prog (SCA)		0.7778	0.7000	0.7368	len_mismatch
NorthEuralex Italic	BAG_273	4	ndim	malign prog (SCA)	1.0000	1.0000	1.0000	1.0000	ok
NorthEuralex Italic	BAKE_277	3	ndim	malign prog (SCA)	0.8571	0.9048	0.9048	0.9048	ok
NorthEuralex Italic	BAKE_278	3	ndim	malign prog (SCA)	0.7143	0.8095	0.8095	0.8095	ok
NorthEuralex Italic	BARKING_282	6	progressive	malign prog (SCA)	0.7143	0.8286	0.8286	0.8286	ok
NorthEuralex Italic	BARK_283	3	ndim	malign prog (SCA)	0.7500	0.8333	0.8333	0.8333	ok
NorthEuralex Italic	BARK_284	3	ndim	malign prog (SCA)	0.6250	0.7500	0.7500	0.7500	ok
NorthEuralex Italic	BATHE_288	4	ndim	malign prog (SCA)	1.0000	1.0000	1.0000	1.0000	ok
NorthEuralex Italic	BAY_933	3	ndim	malign prog (SCA)	1.0000	1.0000	1.0000	1.0000	ok
NorthEuralex Italic	BAY_934	3	ndim	malign prog (SCA)	1.0000	1.0000	1.0000	1.0000	ok
NorthEuralex Italic	BEARD_336	7	progressive	malign prog (SCA)	1.0000	1.0000	1.0000	1.0000	ok
NorthEuralex Italic	BEAR_334	6	progressive	malign prog (SCA)		0.5667	0.6800	0.6182	len_mismatch
NorthEuralex Italic	BEAUTIFUL_342	3	ndim	malign prog (SCA)	1.0000	1.0000	1.0000	1.0000	ok
NorthEuralex Italic	BECAUSE_OF_348	4	ndim	malign prog (SCA)		0.1000	0.0909	0.0952	len_mismatch
NorthEuralex Italic	BED_362	4	ndim	malign prog (SCA)		0.7857	0.9167	0.8462	len_mismatch
NorthEuralex Italic	BEFORE_365	3	ndim	malign prog (SCA)	0.1667	0.2222	0.2222	0.2222	ok
NorthEuralex Italic	BEGIN_3595	4	ndim	malign prog (SCA)		0.5208	0.4630	0.4902	len_mismatch
NorthEuralex Italic	BELIEVE_383	7	progressive	malign prog (SCA)	0.5000	0.7976	0.7976	0.7976	ok
NorthEuralex Italic	BELLY_384	5	progressive	malign prog (SCA)	0.1250	0.3000	0.3000	0.3000	ok
NorthEuralex Italic	BELOW_OR_UNDER_4122	3	ndim	malign prog (SCA)	1.0000	1.0000	1.0000	1.0000	ok
NorthEuralex Italic	BELT_399	4	ndim	malign prog (SCA)	1.0000	1.0000	1.0000	1.0000	ok
NorthEuralex Italic	BENEFIT_411	6	progressive	malign prog (SCA)	1.0000	1.0000	1.0000	1.0000	ok
NorthEuralex Italic	BERRY_415	4	ndim	malign prog (SCA)	1.0000	1.0000	1.0000	1.0000	ok
NorthEuralex Italic	BETWEEN_419	6	progressive	malign prog (SCA)	0.0000	0.4000	0.4000	0.4000	ok
NorthEuralex Italic	BE_ABLE_680	3	ndim	malign prog (SCA)	1.0000	1.0000	1.0000	1.0000	ok
NorthEuralex Italic	BE_ABLE_681	3	ndim	malign prog (SCA)	1.0000	1.0000	1.0000	1.0000	ok
NorthEuralex Italic	BE_ALIVE_2315	6	progressive	malign prog (SCA)	1.0000	1.0000	1.0000	1.0000	ok
NorthEuralex Italic	BE_ALIVE_2321	7	progressive	malign prog (SCA)	1.0000	1.0000	1.0000	1.0000	ok
NorthEuralex Italic	BE_BORN_313	4	ndim	malign prog (SCA)	0.7143	0.7143	0.7143	0.7143	ok
NorthEuralex Italic	BE_HUNGRY_2018	4	ndim	malign prog (SCA)		0.0185	0.0238	0.0208	len_mismatch
NorthEuralex Italic	BIG_421	4	ndim	malign prog (SCA)	1.0000	1.0000	1.0000	1.0000	ok
NorthEuralex Italic	BIRCH_425	4	ndim	malign prog (SCA)	1.0000	1.0000	1.0000	1.0000	ok
NorthEuralex Italic	BIRD_429	3	ndim	malign prog (SCA)	1.0000	1.0000	1.0000	1.0000	ok
NorthEuralex Italic	BITE_436	5	progressive	malign prog (SCA)		0.5625	0.6429	0.6000	len_mismatch
NorthEuralex Italic	BITTER_438	7	progressive	malign prog (SCA)	0.5714	0.6871	0.6871	0.6871	ok
NorthEuralex Italic	BLACK_440	4	ndim	malign prog (SCA)	1.0000	1.0000	1.0000	1.0000	ok
NorthEuralex Italic	BLIND_450	4	ndim	malign prog (SCA)	0.2000	0.4000	0.4000	0.4000	ok
NorthEuralex Italic	BLOOD_454	4	ndim	malign prog (SCA)		0.5714	0.5000	0.5333	len_mismatch
NorthEuralex Italic	BLOW_(OF_WIND)_458	4	ndim	malign prog (SCA)	0.3750	0.4375	0.4375	0.4375	ok
NorthEuralex Italic	BLOW_(WITH_MOUTH)_458	5	progressive	malign prog (SCA)		0.5286	0.4625	0.4933	len_mismatch
NorthEuralex Italic	BLUE_462	3	ndim	malign prog (SCA)	1.0000	1.0000	1.0000	1.0000	ok
NorthEuralex Italic	BLUNT_467	3	ndim	malign prog (SCA)	1.0000	1.0000	1.0000	1.0000	ok
NorthEuralex Italic	BOARD_474	5	progressive	malign prog (SCA)	1.0000	1.0000	1.0000	1.0000	ok
NorthEuralex Italic	BOAST_544	3	ndim	malign prog (SCA)	0.7500	0.8333	0.8333	0.8333	ok
NorthEuralex Italic	BOAT_479	5	progressive	malign prog (SCA)	1.0000	1.0000	1.0000	1.0000	ok
NorthEuralex Italic	BOAT_480	4	ndim	malign prog (SCA)		0.7381	0.8611	0.7949	len_mismatch
NorthEuralex Italic	BODY_484	6	progressive	malign prog (SCA)	0.5714	0.8571	0.8571	0.8571	ok
NorthEuralex Italic	BOIL_(OF_LIQUID)_487	3	ndim	malign prog (SCA)	1.0000	1.0000	1.0000	1.0000	ok
NorthEuralex Italic	BOIL_(SOMETHING)_486	5	progressive	malign prog (SCA)	0.1429	0.6143	0.6143	0.6143	ok
NorthEuralex Italic	BONE_494	7	progressive	malign prog (SCA)	1.0000	1.0000	1.0000	1.0000	ok
NorthEuralex Italic	BOOK_495	6	progressive	malign prog (SCA)	1.0000	1.0000	1.0000	1.0000	ok
NorthEuralex Italic	BOOT_497	4	ndim	malign prog (SCA)	1.0000	1.0000	1.0000	1.0000	ok
NorthEuralex Italic	BORDER_502	6	progressive	malign prog (SCA)		0.4364	0.4800	0.4571	len_mismatch
NorthEuralex Italic	BOSS_512	3	ndim	malign prog (SCA)		0.6250	0.7143	0.6667	len_mismatch
NorthEuralex Italic	BOSS_513	3	ndim	malign prog (SCA)	1.0000	1.0000	1.0000	1.0000	ok
NorthEuralex Italic	BOTHER_(HARASS)_517	6	progressive	malign prog (SCA)		0.2667	0.2909	0.2783	len_mismatch
NorthEuralex Italic	BOTHER_(HARASS)_518	3	ndim	malign prog (SCA)	1.0000	1.0000	1.0000	1.0000	ok
NorthEuralex Italic	BOW_521	7	progressive	malign prog (SCA)	1.0000	1.0000	1.0000	1.0000	ok
NorthEuralex Italic	BOX_530	5	progressive	malign prog (SCA)	1.0000	1.0000	1.0000	1.0000	ok
NorthEuralex Italic	BRAIN_551	3	ndim	malign prog (SCA)	1.0000	1.0000	1.0000	1.0000	ok
NorthEuralex Italic	BRAIN_552	3	ndim	malign prog (SCA)	1.0000	1.0000	1.0000	1.0000	ok
NorthEuralex Italic	BRANCH_2304	4	ndim	malign prog (SCA)	1.0000	1.0000	1.0000	1.0000	ok
NorthEuralex Italic	BRANCH_2305	3	ndim	malign prog (SCA)	0.4286	0.6190	0.6190	0.6190	ok
NorthEuralex Italic	BRAWL_(FIGHT)_555	3	ndim	malign prog (SCA)	1.0000	1.0000	1.0000	1.0000	ok
NorthEuralex Italic	BREAD_561	7	progressive	malign prog (SCA)	0.6667	0.9048	0.9048	0.9048	ok
NorthEuralex Italic	BREAK_(CLEAVE)_562	5	progressive	malign prog (SCA)	0.5714	0.8286	0.8286	0.8286	ok
NorthEuralex Italic	BREAK_(DESTROY_OR_GET_DESTROYED)_562	6	progressive	malign prog (SCA)	0.2857	0.6095	0.6095	0.6095	ok
NorthEuralex Italic	BREAK_(OF_ROPE)_3424	4	ndim	malign prog (SCA)	0.4000	0.5000	0.5000	0.5000	ok
NorthEuralex Italic	BREAST_507	3	ndim	malign prog (SCA)	1.0000	1.0000	1.0000	1.0000	ok
NorthEuralex Italic	BREATHE_581	7	progressive	malign prog (SCA)	0.7778	0.8413	0.8413	0.8413	ok
NorthEuralex Italic	BRIDGE_582	7	progressive	malign prog (SCA)	0.6667	0.7619	0.7619	0.7619	ok
NorthEuralex Italic	BRIGHT_583	7	progressive	malign prog (SCA)	0.3333	0.8095	0.8095	0.8095	ok
NorthEuralex Italic	BRING_585	4	ndim	malign prog (SCA)	0.7500	0.8750	0.8750	0.8750	ok
NorthEuralex Italic	BROOM_600	4	ndim	malign prog (SCA)	0.7778	0.7778	0.7778	0.7778	ok
NorthEuralex Italic	BROTHER_604	4	ndim	malign prog (SCA)	0.7143	0.8571	0.8571	0.8571	ok
NorthEuralex Italic	BROTHER_605	3	ndim	malign prog (SCA)	1.0000	1.0000	1.0000	1.0000	ok
NorthEuralex Italic	BUILD_618	7	progressive	malign prog (SCA)	0.1818	0.4242	0.4242	0.4242	ok
NorthEuralex Italic	BULL_622	5	progressive	malign prog (SCA)	1.0000	1.0000	1.0000	1.0000	ok
NorthEuralex Italic	BUNDLE_625	3	ndim	malign prog (SCA)	1.0000	1.0000	1.0000	1.0000	ok
NorthEuralex Italic	BURNING_632	5	progressive	malign prog (SCA)	0.6667	0.8667	0.8667	0.8667	ok
NorthEuralex Italic	BURN_(SOMETHING)_633	4	ndim	malign prog (SCA)		0.7778	0.8750	0.8235	len_mismatch
NorthEuralex Italic	BUSINESS_638	5	progressive	malign prog (SCA)		0.7571	0.6625	0.7067	len_mismatch
NorthEuralex Italic	BUSINESS_639	3	ndim	malign prog (SCA)	0.4286	0.5238	0.5238	0.5238	ok
NorthEuralex Italic	BUTTER_642	3	ndim	malign prog (SCA)	0.8000	0.8000	0.8000	0.8000	ok
NorthEuralex Italic	BUTTER_643	3	ndim	malign prog (SCA)		0.7619	0.8889	0.8205	len_mismatch
NorthEuralex Italic	BUTTON_652	6	progressive	malign prog (SCA)	1.0000	1.0000	1.0000	1.0000	ok
NorthEuralex Italic	BUY_654	5	progressive	malign prog (SCA)		0.2667	0.3000	0.2824	len_mismatch
NorthEuralex Italic	CALCULATE_658	7	progressive	malign prog (SCA)	1.0000	1.0000	1.0000	1.0000	ok
NorthEuralex Italic	CALL_(APPEAL)_661	3	ndim	malign prog (SCA)	1.0000	1.0000	1.0000	1.0000	ok
NorthEuralex Italic	CALL_(APPEAL)_663	3	ndim	malign prog (SCA)	1.0000	1.0000	1.0000	1.0000	ok
NorthEuralex Italic	CALL_BY_NAME_2527	6	progressive	malign prog (SCA)	0.4444	0.6074	0.6074	0.6074	ok
NorthEuralex Italic	CARRY_690	4	ndim	malign prog (SCA)	0.7143	0.7619	0.7619	0.7619	ok
NorthEuralex Italic	CAT_696	4	ndim	malign prog (SCA)	1.0000	1.0000	1.0000	1.0000	ok
NorthEuralex Italic	CAUSE_TO_(LET)_2256	5	progressive	malign prog (SCA)	1.0000	1.0000	1.0000	1.0000	ok
NorthEuralex Italic	CAVE_707	5	progressive	malign prog (SCA)	1.0000	1.0000	1.0000	1.0000	ok
NorthEuralex Italic	CEASE_1302	3	ndim	malign prog (SCA)	1.0000	1.0000	1.0000	1.0000	ok
NorthEuralex Italic	CHANGE_(BECOME_DIFFERENT)_718	3	ndim	malign prog (SCA)	1.0000	1.0000	1.0000	1.0000	ok
NorthEuralex Italic	CHANGE_(BECOME_DIFFERENT)_719	3	ndim	malign prog (SCA)		0.4762	0.4167	0.4444	len_mismatch
NorthEuralex Italic	CHANGE_139	4	ndim	malign prog (SCA)	1.0000	1.0000	1.0000	1.0000	ok
NorthEuralex Italic	CHANGE_140	3	ndim	malign prog (SCA)	1.0000	1.0000	1.0000	1.0000	ok
NorthEuralex Italic	CHARACTER_724	7	progressive	malign prog (SCA)	1.0000	1.0000	1.0000	1.0000	ok
NorthEuralex Italic	CHARACTER_725	3	ndim	malign prog (SCA)	1.0000	1.0000	1.0000	1.0000	ok
NorthEuralex Italic	CHAT_(WITH_SOMEBODY)_726	5	progressive	malign prog (SCA)		0.2727	0.3000	0.2857	len_mismatch
NorthEuralex Italic	CHEAP_733	3	ndim	malign prog (SCA)	1.0000	1.0000	1.0000	1.0000	ok
NorthEuralex Italic	CHEST_569	5	progressive	malign prog (SCA)	0.6667	0.8667	0.8667	0.8667	ok
NorthEuralex Italic	CHICKEN_753	5	progressive	malign prog (SCA)	1.0000	1.0000	1.0000	1.0000	ok
NorthEuralex Italic	CHIME_(ACTION)_766	6	progressive	malign prog (SCA)	0.4286	0.5429	0.5429	0.5429	ok
NorthEuralex Italic	CHIN_769	4	ndim	malign prog (SCA)	1.0000	1.0000	1.0000	1.0000	ok
NorthEuralex Italic	CHOOSE_773	3	ndim	malign prog (SCA)	1.0000	1.0000	1.0000	1.0000	ok
NorthEuralex Italic	CHOP_(INTO_PIECES)_780	3	ndim	malign prog (SCA)	0.7143	0.8095	0.8095	0.8095	ok
NorthEuralex Italic	CHURCH_788	5	progressive	malign prog (SCA)	0.7500	0.8250	0.8250	0.8250	ok
NorthEuralex Italic	CIRCLE_791	5	progressive	malign prog (SCA)	1.0000	1.0000	1.0000	1.0000	ok
NorthEuralex Italic	CLAY_801	3	ndim	malign prog (SCA)	1.0000	1.0000	1.0000	1.0000	ok
NorthEuralex Italic	CLEAN_(SOMETHING)_807	3	ndim	malign prog (SCA)		0.3704	0.3333	0.3509	len_mismatch
NorthEuralex Italic	CLEAN_(SOMETHING)_810	3	ndim	malign prog (SCA)	1.0000	1.0000	1.0000	1.0000	ok
NorthEuralex Italic	CLEAN_809	3	ndim	malign prog (SCA)	1.0000	1.0000	1.0000	1.0000	ok
NorthEuralex Italic	CLEVER_814	5	progressive	malign prog (SCA)		0.5250	0.5727	0.5478	len_mismatch
NorthEuralex Italic	CLOTHES_845	3	ndim	malign prog (SCA)		0.7407	0.6667	0.7018	len_mismatch
NorthEuralex Italic	CLOTHES_846	3	ndim	malign prog (SCA)	1.0000	1.0000	1.0000	1.0000	ok
NorthEuralex Italic	CLOTH_839	4	ndim	malign prog (SCA)	1.0000	1.0000	1.0000	1.0000	ok
NorthEuralex Italic	CLOUD_853	5	progressive	malign prog (SCA)	1.0000	1.0000	1.0000	1.0000	ok
NorthEuralex Italic	COAL_856	7	progressive	malign prog (SCA)	1.0000	1.0000	1.0000	1.0000	ok
NorthEuralex Italic	COAST_857	6	progressive	malign prog (SCA)	1.0000	1.0000	1.0000	1.0000	ok
NorthEuralex Italic	COLD_(CHILL)_765	7	progressive	malign prog (SCA)	0.3333	0.4286	0.4286	0.4286	ok
NorthEuralex Italic	COLD_(OF_WEATHER)_907	5	progressive	malign prog (SCA)	1.0000	1.0000	1.0000	1.0000	ok
NorthEuralex Italic	COLD_862	6	progressive	malign prog (SCA)		0.4148	0.4667	0.4392	len_mismatch
NorthEuralex Italic	COLLAR_864	6	progressive	malign prog (SCA)	0.6667	0.8889	0.8889	0.8889	ok
NorthEuralex Italic	COLORFUL_867	3	ndim	malign prog (SCA)	1.0000	1.0000	1.0000	1.0000	ok
NorthEuralex Italic	COMB_(VERB)_871	6	progressive	malign prog (SCA)	0.4000	0.6067	0.6067	0.6067	ok
NorthEuralex Italic	COMB_871	4	ndim	malign prog (SCA)	0.1250	0.3958	0.3958	0.3958	ok
NorthEuralex Italic	COME_874	7	progressive	malign prog (SCA)	1.0000	1.0000	1.0000	1.0000	ok
NorthEuralex Italic	COMPANIONSHIP_885	5	progressive	malign prog (SCA)	0.3750	0.7500	0.7500	0.7500	ok
NorthEuralex Italic	CONNECT_894	4	ndim	malign prog (SCA)	0.6000	0.8000	0.8000	0.8000	ok
NorthEuralex Italic	CONVERSATION_3813	6	progressive	malign prog (SCA)		0.2444	0.2821	0.2619	len_mismatch
NorthEuralex Italic	CONVEY_(A_MESSAGE)_902	7	progressive	malign prog (SCA)	0.8000	0.8571	0.8571	0.8571	ok
NorthEuralex Italic	COOK_(SOMETHING)_905	6	progressive	malign prog (SCA)	1.0000	1.0000	1.0000	1.0000	ok
NorthEuralex Italic	CORRECT_(RIGHT)_921	5	progressive	malign prog (SCA)	1.0000	1.0000	1.0000	1.0000	ok
NorthEuralex Italic	CORRECT_(RIGHT)_922	5	progressive	malign prog (SCA)	1.0000	1.0000	1.0000	1.0000	ok
NorthEuralex Italic	COUGH_925	7	progressive	malign prog (SCA)	1.0000	1.0000	1.0000	1.0000	ok
NorthEuralex Italic	COUNTRY_931	5	progressive	malign prog (SCA)	0.4000	0.7600	0.7600	0.7600	ok
NorthEuralex Italic	COUNT_(QUANTITY)_926	4	ndim	malign prog (SCA)	1.0000	1.0000	1.0000	1.0000	ok
NorthEuralex Italic	COUNT_(QUANTITY)_927	5	progressive	malign prog (SCA)		0.8727	0.9600	0.9143	len_mismatch
NorthEuralex Italic	COUNT_928	4	ndim	malign prog (SCA)	0.5714	0.7857	0.7857	0.7857	ok
NorthEuralex Italic	COVER_938	6	progressive	malign prog (SCA)	0.1000	0.3667	0.3667	0.3667	ok
NorthEuralex Italic	COW_946	7	progressive	malign prog (SCA)	1.0000	1.0000	1.0000	1.0000	ok
NorthEuralex Italic	CRADLE_947	3	ndim	malign prog (SCA)	1.0000	1.0000	1.0000	1.0000	ok
NorthEuralex Italic	CRANE_951	4	ndim	malign prog (SCA)	1.0000	1.0000	1.0000	1.0000	ok
NorthEuralex Italic	CREEP_955	5	progressive	malign prog (SCA)	0.0909	0.2000	0.2000	0.2000	ok
NorthEuralex Italic	CROSS_960	7	progressive	malign prog (SCA)	0.5000	0.5238	0.5238	0.5238	ok
NorthEuralex Italic	CROW_961	5	progressive	malign prog (SCA)		0.6667	0.7500	0.7059	len_mismatch
NorthEuralex Italic	CRY_4265	3	ndim	malign prog (SCA)	1.0000	1.0000	1.0000	1.0000	ok
NorthEuralex Italic	CUCKOO_964	7	progressive	malign prog (SCA)	0.7143	0.9184	0.9184	0.9184	ok
NorthEuralex Italic	CUP_965	4	ndim	malign prog (SCA)	0.6000	0.8000	0.8000	0.8000	ok
NorthEuralex Italic	CURRENT_(STREAM)_969	6	progressive	malign prog (SCA)		0.4000	0.4500	0.4235	len_mismatch
NorthEuralex Italic	CUT_971	3	ndim	malign prog (SCA)	0.6667	0.6667	0.6667	0.6667	ok
NorthEuralex Italic	DAMAGE_(INJURY)_981	6	progressive	malign prog (SCA)	1.0000	1.0000	1.0000	1.0000	ok
NorthEuralex Italic	DAMP_993	7	progressive	malign prog (SCA)	1.0000	1.0000	1.0000	1.0000	ok
NorthEuralex Italic	DANCE_995	3	ndim	malign prog (SCA)		0.3889	0.3333	0.3590	len_mismatch
NorthEuralex Italic	DARK_999	4	ndim	malign prog (SCA)	1.0000	1.0000	1.0000	1.0000	ok
NorthEuralex Italic	DASH_(OF_VEHICLE)_1005	5	progressive	malign prog (SCA)	0.6667	0.8667	0.8667	0.8667	ok
NorthEuralex Italic	DAUGHTER_1009	5	progressive	malign prog (SCA)	1.0000	1.0000	1.0000	1.0000	ok
NorthEuralex Italic	DAY_(NOT_NIGHT)_1012	4	ndim	malign prog (SCA)	1.0000	1.0000	1.0000	1.0000	ok
NorthEuralex Italic	DEAF_1015	7	progressive	malign prog (SCA)	1.0000	1.0000	1.0000	1.0000	ok
NorthEuralex Italic	DEAR_1016	4	ndim	malign prog (SCA)	0.6667	0.8333	0.8333	0.8333	ok
NorthEuralex Italic	DEATH_1022	7	progressive	malign prog (SCA)		0.2698	0.2313	0.2491	len_mismatch
NorthEuralex Italic	DECEIVE_1028	4	ndim	malign prog (SCA)		0.1296	0.1458	0.1373	len_mismatch
NorthEuralex Italic	DECEMBER_5	7	progressive	malign prog (SCA)		0.3571	0.3896	0.3727	len_mismatch
NorthEuralex Italic	DECORATE_1034	6	progressive	malign prog (SCA)	0.0000	0.0500	0.0500	0.0500	ok
NorthEuralex Italic	DECORATE_1035	3	ndim	malign prog (SCA)	1.0000	1.0000	1.0000	1.0000	ok
NorthEuralex Italic	DECREASE_1037	5	progressive	malign prog (SCA)	0.2000	0.4800	0.4800	0.4800	ok
NorthEuralex Italic	DECREASE_1038	4	ndim	malign prog (SCA)		0.5606	0.6167	0.5873	len_mismatch
NorthEuralex Italic	DEFEND_1040	6	progressive	malign prog (SCA)	0.4444	0.7556	0.7556	0.7556	ok
NorthEuralex Italic	DENSE_1056	7	progressive	malign prog (SCA)	0.3333	0.4762	0.4762	0.4762	ok
NorthEuralex Italic	DESTROY_1069	6	progressive	malign prog (SCA)		0.4667	0.5091	0.4870	len_mismatch
NorthEuralex Italic	DEXTEROUS_3367	5	progressive	malign prog (SCA)	1.0000	1.0000	1.0000	1.0000	ok
NorthEuralex Italic	DIE_(FROM_ACCIDENT)_2776	6	progressive	malign prog (SCA)	0.7500	0.7667	0.7667	0.7667	ok
NorthEuralex Italic	DIE_1071	7	progressive	malign prog (SCA)	1.0000	1.0000	1.0000	1.0000	ok
NorthEuralex Italic	DIFFERENT_1072	6	progressive	malign prog (SCA)		0.7630	0.6867	0.7228	len_mismatch
NorthEuralex Italic	DIG_1076	4	ndim	malign prog (SCA)	1.0000	1.0000	1.0000	1.0000	ok
NorthEuralex Italic	DILIGENT_1080	4	ndim	malign prog (SCA)	1.0000	1.0000	1.0000	1.0000	ok
NorthEuralex Italic	DILIGENT_1081	3	ndim	malign prog (SCA)	0.7500	0.8333	0.8333	0.8333	ok
NorthEuralex Italic	DIRTY_1094	3	ndim	malign prog (SCA)	0.6667	0.7778	0.7778	0.7778	ok
NorthEuralex Italic	DISAPPEAR_1101	5	progressive	malign prog (SCA)	0.3333	0.5833	0.5833	0.5833	ok
NorthEuralex Italic	DISEASE_2041	4	ndim	malign prog (SCA)		0.7917	0.7037	0.7451	len_mismatch
NorthEuralex Italic	DISH_1108	4	ndim	malign prog (SCA)	1.0000	1.0000	1.0000	1.0000	ok
NorthEuralex Italic	DISTANCE_1113	6	progressive	malign prog (SCA)	0.5556	0.7926	0.7926	0.7926	ok
NorthEuralex Italic	DIVE_1122	3	ndim	malign prog (SCA)	1.0000	1.0000	1.0000	1.0000	ok
NorthEuralex Italic	DIVIDE_1129	6	progressive	malign prog (SCA)	1.0000	1.0000	1.0000	1.0000	ok
NorthEuralex Italic	DIVIDE_1130	3	ndim	malign prog (SCA)	1.0000	1.0000	1.0000	1.0000	ok
NorthEuralex Italic	DOG_1138	3	ndim	malign prog (SCA)	1.0000	1.0000	1.0000	1.0000	ok
NorthEuralex Italic	DONATE_1658	3	ndim	malign prog (SCA)	0.7500	0.8333	0.8333	0.8333	ok
NorthEuralex Italic	DOOR_1149	5	progressive	malign prog (SCA)	1.0000	1.0000	1.0000	1.0000	ok
NorthEuralex Italic	DO_1132	6	progressive	malign prog (SCA)	0.0000	0.4444	0.4444	0.4444	ok
NorthEuralex Italic	DRAW_MILK_2427	3	ndim	malign prog (SCA)	0.7143	0.8095	0.8095	0.8095	ok
NorthEuralex Italic	DREAM_1170	5	progressive	malign prog (SCA)	1.0000	1.0000	1.0000	1.0000	ok
NorthEuralex Italic	DRESS_UP_1629	5	progressive	malign prog (SCA)	1.0000	1.0000	1.0000	1.0000	ok
NorthEuralex Italic	DRINK_1173	5	progressive	malign prog (SCA)	1.0000	1.0000	1.0000	1.0000	ok
NorthEuralex Italic	DROP_(OF_A_LIQUID)_1189	6	progressive	malign prog (SCA)		0.2444	0.2933	0.2667	len_mismatch
NorthEuralex Italic	DROP_(SOMETHING)_1190	3	ndim	malign prog (SCA)	0.8333	0.8889	0.8889	0.8889	ok
NorthEuralex Italic	DRY_1207	6	progressive	malign prog (SCA)	1.0000	1.0000	1.0000	1.0000	ok
NorthEuralex Italic	DRY_UP_1208	4	ndim	malign prog (SCA)	0.2500	0.6250	0.6250	0.6250	ok
NorthEuralex Italic	DWELL_(LIVE,_RESIDE)_1226	5	progressive	malign prog (SCA)	0.0000	0.2500	0.2500	0.2500	ok
NorthEuralex Italic	DYE_1233	6	progressive	malign prog (SCA)	0.7143	0.9048	0.9048	0.9048	ok
NorthEuralex Italic	DYE_1234	3	ndim	malign prog (SCA)	0.7500	0.7500	0.7500	0.7500	ok
NorthEuralex Italic	EAGLE_1236	4	ndim	malign prog (SCA)	1.0000	1.0000	1.0000	1.0000	ok
NorthEuralex Italic	EARTH_(SOIL)_1242	6	progressive	malign prog (SCA)	1.0000	1.0000	1.0000	1.0000	ok
NorthEuralex Italic	EAR_1240	6	progressive	malign prog (SCA)	0.6667	0.8889	0.8889	0.8889	ok
NorthEuralex Italic	EAST_1245	3	ndim	malign prog (SCA)	1.0000	1.0000	1.0000	1.0000	ok
NorthEuralex Italic	EAST_1246	3	ndim	malign prog (SCA)	1.0000	1.0000	1.0000	1.0000	ok
NorthEuralex Italic	EAT_1251	4	ndim	malign prog (SCA)	0.7143	0.7619	0.7619	0.7619	ok
NorthEuralex Italic	EDGE_1254	3	ndim	malign prog (SCA)	0.7143	0.7143	0.7143	0.7143	ok
NorthEuralex Italic	EGG_1262	7	progressive	malign prog (SCA)	0.2500	0.4643	0.4643	0.4643	ok
NorthEuralex Italic	EIGHTY_1266	5	progressive	malign prog (SCA)	0.8000	0.8000	0.8000	0.8000	ok
NorthEuralex Italic	EIGHT_1263	4	ndim	malign prog (SCA)	1.0000	1.0000	1.0000	1.0000	ok
NorthEuralex Italic	ELBOW_1269	3	ndim	malign prog (SCA)	1.0000	1.0000	1.0000	1.0000	ok
NorthEuralex Italic	ELEVEN_1282	3	ndim	malign prog (SCA)	1.0000	1.0000	1.0000	1.0000	ok
NorthEuralex Italic	ELK_1286	4	ndim	malign prog (SCA)	1.0000	1.0000	1.0000	1.0000	ok
NorthEuralex Italic	EMERGE_(APPEAR)_172	7	progressive	malign prog (SCA)		0.6151	0.6710	0.6418	len_mismatch
NorthEuralex Italic	ENDURE_1307	5	progressive	malign prog (SCA)	0.7778	0.8444	0.8444	0.8444	ok
NorthEuralex Italic	END_(OF_SPACE)_1299	6	progressive	malign prog (SCA)	1.0000	1.0000	1.0000	1.0000	ok
NorthEuralex Italic	END_(OF_SPACE)_1301	3	ndim	malign prog (SCA)	0.8000	0.8000	0.8000	0.8000	ok
NorthEuralex Italic	END_(OF_TIME)_1297	4	ndim	malign prog (SCA)	1.0000	1.0000	1.0000	1.0000	ok
NorthEuralex Italic	END_(OF_TIME)_1300	4	ndim	malign prog (SCA)	1.0000	1.0000	1.0000	1.0000	ok
NorthEuralex Italic	ENEMY_1312	6	progressive	malign prog (SCA)		0.0467	0.0583	0.0519	len_mismatch
NorthEuralex Italic	ENTER_1692	6	progressive	malign prog (SCA)		0.3000	0.3429	0.3200	len_mismatch
NorthEuralex Italic	EVENING_1321	3	ndim	malign prog (SCA)		0.2222	0.1667	0.1905	len_mismatch
NorthEuralex Italic	EVERYWHERE_1327	3	ndim	malign prog (SCA)	0.2222	0.4815	0.4815	0.4815	ok
NorthEuralex Italic	EXPENSIVE_1341	5	progressive	malign prog (SCA)	1.0000	1.0000	1.0000	1.0000	ok
NorthEuralex Italic	EYE_1344	5	progressive	malign prog (SCA)	0.5000	0.8000	0.8000	0.8000	ok
NorthEuralex Italic	FACE_1347	3	ndim	malign prog (SCA)	1.0000	1.0000	1.0000	1.0000	ok
NorthEuralex Italic	FACE_1348	3	ndim	malign prog (SCA)	1.0000	1.0000	1.0000	1.0000	ok
NorthEuralex Italic	FAIRY_TALE_1353	4	ndim	malign prog (SCA)	0.1667	0.4167	0.4167	0.4167	ok
NorthEuralex Italic	FALL_1358	6	progressive	malign prog (SCA)		0.3524	0.4111	0.3795	len_mismatch
NorthEuralex Italic	FALL_ASLEEP_1361	5	progressive	malign prog (SCA)	0.7692	0.8308	0.8308	0.8308	ok
NorthEuralex Italic	FAMILIAR_1372	5	progressive	malign prog (SCA)		0.6000	0.5333	0.5647	len_mismatch
NorthEuralex Italic	FAMILY_1375	7	progressive	malign prog (SCA)		0.6607	0.7551	0.7048	len_mismatch
NorthEuralex Italic	FATHER_1395	6	progressive	malign prog (SCA)		0.4933	0.4111	0.4485	len_mismatch
NorthEuralex Italic	FAT_(OBESE)_1388	5	progressive	malign prog (SCA)	1.0000	1.0000	1.0000	1.0000	ok
NorthEuralex Italic	FAT_(ORGANIC_SUBSTANCE)_1388	4	ndim	malign prog (SCA)	1.0000	1.0000	1.0000	1.0000	ok
NorthEuralex Italic	FAULT_1398	5	progressive	malign prog (SCA)	1.0000	1.0000	1.0000	1.0000	ok
NorthEuralex Italic	FEATHER_1402	4	ndim	malign prog (SCA)	1.0000	1.0000	1.0000	1.0000	ok
NorthEuralex Italic	FEATHER_1403	3	ndim	malign prog (SCA)	1.0000	1.0000	1.0000	1.0000	ok
NorthEuralex Italic	FEBRUARY_6	6	progressive	malign prog (SCA)		0.5212	0.4778	0.4986	len_mismatch
NorthEuralex Italic	FEEL_(TACTUALLY)_1411	6	progressive	malign prog (SCA)		0.6750	0.7714	0.7200	len_mismatch
NorthEuralex Italic	FEVER_1421	7	progressive	malign prog (SCA)	1.0000	1.0000	1.0000	1.0000	ok
NorthEuralex Italic	FIFTY_1422	6	progressive	malign prog (SCA)	0.4000	0.8000	0.8000	0.8000	ok
NorthEuralex Italic	FILL_1430	3	ndim	malign prog (SCA)	0.7500	0.7500	0.7500	0.7500	ok
NorthEuralex Italic	FIND_1441	3	ndim	malign prog (SCA)	0.7143	0.7143	0.7143	0.7143	ok
NorthEuralex Italic	FINE_OR_THIN_1042	4	ndim	malign prog (SCA)	1.0000	1.0000	1.0000	1.0000	ok
NorthEuralex Italic	FINGERNAIL_1450	4	ndim	malign prog (SCA)	1.0000	1.0000	1.0000	1.0000	ok
NorthEuralex Italic	FINGERNAIL_OR_TOENAIL_2518	4	ndim	malign prog (SCA)	1.0000	1.0000	1.0000	1.0000	ok
NorthEuralex Italic	FINGER_1446	4	ndim	malign prog (SCA)	1.0000	1.0000	1.0000	1.0000	ok
NorthEuralex Italic	FINISH_1453	5	progressive	malign prog (SCA)	0.7778	0.8444	0.8444	0.8444	ok
NorthEuralex Italic	FINISH_1454	3	ndim	malign prog (SCA)	1.0000	1.0000	1.0000	1.0000	ok
NorthEuralex Italic	FINISH_1455	3	ndim	malign prog (SCA)	1.0000	1.0000	1.0000	1.0000	ok
NorthEuralex Italic	FIRE_1461	6	progressive	malign prog (SCA)	0.1667	0.3556	0.3556	0.3556	ok
NorthEuralex Italic	FIRST_1468	7	progressive	malign prog (SCA)	0.6250	0.8095	0.8095	0.8095	ok
NorthEuralex Italic	FIR_1457	4	ndim	malign prog (SCA)	1.0000	1.0000	1.0000	1.0000	ok
NorthEuralex Italic	FISHING_1469	6	progressive	malign prog (SCA)	1.0000	1.0000	1.0000	1.0000	ok
NorthEuralex Italic	FISH_1470	5	progressive	malign prog (SCA)	0.3333	0.5667	0.5667	0.5667	ok
NorthEuralex Italic	FIVE_1472	3	ndim	malign prog (SCA)	1.0000	1.0000	1.0000	1.0000	ok
NorthEuralex Italic	FIVE_1473	3	ndim	malign prog (SCA)	1.0000	1.0000	1.0000	1.0000	ok
NorthEuralex Italic	FLAT_1475	7	progressive	malign prog (SCA)	0.2857	0.6054	0.6054	0.6054	ok
NorthEuralex Italic	FLEE_1479	5	progressive	malign prog (SCA)		0.5750	0.6571	0.6133	len_mismatch
NorthEuralex Italic	FLOWER_1502	6	progressive	malign prog (SCA)	1.0000	1.0000	1.0000	1.0000	ok
NorthEuralex Italic	FLOW_1496	3	ndim	malign prog (SCA)		0.4444	0.3810	0.4103	len_mismatch
NorthEuralex Italic	FLY_(INSECT)_1504	7	progressive	malign prog (SCA)	1.0000	1.0000	1.0000	1.0000	ok
NorthEuralex Italic	FLY_(MOVE_THROUGH_AIR)_1505	5	progressive	malign prog (SCA)	1.0000	1.0000	1.0000	1.0000	ok
NorthEuralex Italic	FOAM_1508	7	progressive	malign prog (SCA)	0.1429	0.3878	0.3878	0.3878	ok
NorthEuralex Italic	FOG_1510	3	ndim	malign prog (SCA)	0.5714	0.7143	0.7143	0.7143	ok
NorthEuralex Italic	FOOD_1517	6	progressive	malign prog (SCA)		0.8000	0.9000	0.8471	len_mismatch
NorthEuralex Italic	FOOTPRINT_4047	3	ndim	malign prog (SCA)	0.6667	0.6667	0.6667	0.6667	ok
NorthEuralex Italic	FOOT_1523	5	progressive	malign prog (SCA)	1.0000	1.0000	1.0000	1.0000	ok
NorthEuralex Italic	FOREHEAD_1529	6	progressive	malign prog (SCA)	1.0000	1.0000	1.0000	1.0000	ok
NorthEuralex Italic	FOREIGN_1531	4	ndim	malign prog (SCA)		0.2778	0.3030	0.2899	len_mismatch
NorthEuralex Italic	FOREST_1536	4	ndim	malign prog (SCA)	1.0000	1.0000	1.0000	1.0000	ok
NorthEuralex Italic	FORK_1549	4	ndim	malign prog (SCA)	0.5556	0.7037	0.7037	0.7037	ok
NorthEuralex Italic	FORMER_1553	3	ndim	malign prog (SCA)		0.6250	0.7143	0.6667	len_mismatch
NorthEuralex Italic	FORTY_1560	6	progressive	malign prog (SCA)	0.0909	0.3212	0.3212	0.3212	ok
NorthEuralex Italic	FOUR_1568	5	progressive	malign prog (SCA)	1.0000	1.0000	1.0000	1.0000	ok
NorthEuralex Italic	FOX_1571	3	ndim	malign prog (SCA)	1.0000	1.0000	1.0000	1.0000	ok
NorthEuralex Italic	FREEZE_1576	6	progressive	malign prog (SCA)		0.3091	0.3400	0.3238	len_mismatch
NorthEuralex Italic	FRESH_1578	5	progressive	malign prog (SCA)	1.0000	1.0000	1.0000	1.0000	ok
NorthEuralex Italic	FRIEND_1582	7	progressive	malign prog (SCA)	1.0000	1.0000	1.0000	1.0000	ok
NorthEuralex Italic	FRINGE_1584	5	progressive	malign prog (SCA)	0.7143	0.7429	0.7429	0.7429	ok
NorthEuralex Italic	FRINGE_1585	3	ndim	malign prog (SCA)	1.0000	1.0000	1.0000	1.0000	ok
NorthEuralex Italic	FROST_1587	4	ndim	malign prog (SCA)	1.0000	1.0000	1.0000	1.0000	ok
NorthEuralex Italic	FRY_1592	3	ndim	malign prog (SCA)	0.7500	0.8333	0.8333	0.8333	ok
NorthEuralex Italic	FRY_1593	3	ndim	malign prog (SCA)		0.1111	0.1250	0.1176	len_mismatch
NorthEuralex Italic	FULL_1597	4	ndim	malign prog (SCA)	1.0000	1.0000	1.0000	1.0000	ok
NorthEuralex Italic	FUR_1601	5	progressive	malign prog (SCA)		0.6571	0.7667	0.7077	len_mismatch
NorthEuralex Italic	GAME_1605	5	progressive	malign prog (SCA)	1.0000	1.0000	1.0000	1.0000	ok
NorthEuralex Italic	GAP_(DISTANCE)_1608	5	progressive	malign prog (SCA)	0.5556	0.8222	0.8222	0.8222	ok
NorthEuralex Italic	GATE_1612	7	progressive	malign prog (SCA)	0.1111	0.1270	0.1270	0.1270	ok
NorthEuralex Italic	GATHER_1613	6	progressive	malign prog (SCA)		0.3857	0.4154	0.4000	len_mismatch
NorthEuralex Italic	GATHER_1614	4	ndim	malign prog (SCA)	1.0000	1.0000	1.0000	1.0000	ok
NorthEuralex Italic	GENTLE_1616	3	ndim	malign prog (SCA)	1.0000	1.0000	1.0000	1.0000	ok
NorthEuralex Italic	GET_2973	5	progressive	malign prog (SCA)	0.4444	0.7778	0.7778	0.7778	ok
NorthEuralex Italic	GET_TIRED_1632	3	ndim	malign prog (SCA)	1.0000	1.0000	1.0000	1.0000	ok
NorthEuralex Italic	GIFT_1643	3	ndim	malign prog (SCA)	1.0000	1.0000	1.0000	1.0000	ok
NorthEuralex Italic	GIVE_1657	4	ndim	malign prog (SCA)	1.0000	1.0000	1.0000	1.0000	ok
NorthEuralex Italic	GLASS_1665	6	progressive	malign prog (SCA)	1.0000	1.0000	1.0000	1.0000	ok
NorthEuralex Italic	GLUE_1668	4	ndim	malign prog (SCA)	0.2500	0.6250	0.6250	0.6250	ok
NorthEuralex Italic	GOLD_1700	4	ndim	malign prog (SCA)	1.0000	1.0000	1.0000	1.0000	ok
NorthEuralex Italic	GOOD_1704	4	ndim	malign prog (SCA)	1.0000	1.0000	1.0000	1.0000	ok
NorthEuralex Italic	GOOD_1705	3	ndim	malign prog (SCA)	1.0000	1.0000	1.0000	1.0000	ok
NorthEuralex Italic	GOOSE_1706	3	ndim	malign prog (SCA)	1.0000	1.0000	1.0000	1.0000	ok
NorthEuralex Italic	GO_1677	4	ndim	malign prog (SCA)	0.2857	0.6429	0.6429	0.6429	ok
NorthEuralex Italic	GO_1678	3	ndim	malign prog (SCA)	1.0000	1.0000	1.0000	1.0000	ok
NorthEuralex Italic	GRAIN_1716	7	progressive	malign prog (SCA)	1.0000	1.0000	1.0000	1.0000	ok
NorthEuralex Italic	GRASSLAND_2379	6	progressive	malign prog (SCA)	0.5714	0.6762	0.6762	0.6762	ok
NorthEuralex Italic	GRASS_1738	7	progressive	malign prog (SCA)	1.0000	1.0000	1.0000	1.0000	ok
NorthEuralex Italic	GRAVE_1740	4	ndim	malign prog (SCA)	1.0000	1.0000	1.0000	1.0000	ok
NorthEuralex Italic	GRAVE_1741	3	ndim	malign prog (SCA)	1.0000	1.0000	1.0000	1.0000	ok
NorthEuralex Italic	GREEN_1746	6	progressive	malign prog (SCA)	1.0000	1.0000	1.0000	1.0000	ok
NorthEuralex Italic	GREY_1748	5	progressive	malign prog (SCA)	1.0000	1.0000	1.0000	1.0000	ok
NorthEuralex Italic	GRIEF_1752	3	ndim	malign prog (SCA)	1.0000	1.0000	1.0000	1.0000	ok
NorthEuralex Italic	GROAN_1758	7	progressive	malign prog (SCA)	0.6667	0.9048	0.9048	0.9048	ok
NorthEuralex Italic	GROUND_1759	7	progressive	malign prog (SCA)		0.4857	0.4048	0.4416	len_mismatch
NorthEuralex Italic	GROW_1763	6	progressive	malign prog (SCA)		0.6519	0.7333	0.6902	len_mismatch
NorthEuralex Italic	GUEST_1778	3	ndim	malign prog (SCA)	1.0000	1.0000	1.0000	1.0000	ok
NorthEuralex Italic	GUN_1793	4	ndim	malign prog (SCA)	1.0000	1.0000	1.0000	1.0000	ok
NorthEuralex Italic	HAIR_1799	5	progressive	malign prog (SCA)		0.6500	0.7429	0.6933	len_mismatch
NorthEuralex Italic	HALF_1802	5	progressive	malign prog (SCA)	0.5556	0.8222	0.8222	0.8222	ok
NorthEuralex Italic	HALT_(STOP)_3652	3	ndim	malign prog (SCA)	1.0000	1.0000	1.0000	1.0000	ok
NorthEuralex Italic	HANDLE_1812	3	ndim	malign prog (SCA)		0.7619	0.8889	0.8205	len_mismatch
NorthEuralex Italic	HAND_1805	4	ndim	malign prog (SCA)	1.0000	1.0000	1.0000	1.0000	ok
NorthEuralex Italic	HAND_1807	3	ndim	malign prog (SCA)	1.0000	1.0000	1.0000	1.0000	ok
NorthEuralex Italic	HANG_1820	5	progressive	malign prog (SCA)	0.2857	0.7143	0.7143	0.7143	ok
NorthEuralex Italic	HAPPINESS_1839	5	progressive	malign prog (SCA)	1.0000	1.0000	1.0000	1.0000	ok
NorthEuralex Italic	HARD_1842	7	progressive	malign prog (SCA)	1.0000	1.0000	1.0000	1.0000	ok
NorthEuralex Italic	HARE_1848	5	progressive	malign prog (SCA)	1.0000	1.0000	1.0000	1.0000	ok
NorthEuralex Italic	HAY_1851	6	progressive	malign prog (SCA)	0.2000	0.4667	0.4667	0.4667	ok
NorthEuralex Italic	HEAD_1859	4	ndim	malign prog (SCA)	1.0000	1.0000	1.0000	1.0000	ok
NorthEuralex Italic	HEALTHY_1863	4	ndim	malign prog (SCA)	1.0000	1.0000	1.0000	1.0000	ok
NorthEuralex Italic	HEART_1882	3	ndim	malign prog (SCA)	1.0000	1.0000	1.0000	1.0000	ok
NorthEuralex Italic	HEAT_1886	6	progressive	malign prog (SCA)	0.4286	0.5905	0.5905	0.5905	ok
NorthEuralex Italic	HEAVY_1890	5	progressive	malign prog (SCA)	1.0000	1.0000	1.0000	1.0000	ok
NorthEuralex Italic	HEEL_1894	4	ndim	malign prog (SCA)	1.0000	1.0000	1.0000	1.0000	ok
NorthEuralex Italic	HEIGHT_1898	6	progressive	malign prog (SCA)	1.0000	1.0000	1.0000	1.0000	ok
NorthEuralex Italic	HEIGHT_1899	3	ndim	malign prog (SCA)	1.0000	1.0000	1.0000	1.0000	ok
NorthEuralex Italic	HELP_(ASSISTANCE)_1902	4	ndim	malign prog (SCA)	1.0000	1.0000	1.0000	1.0000	ok
NorthEuralex Italic	HELP_(ASSISTANCE)_1903	3	ndim	malign prog (SCA)	1.0000	1.0000	1.0000	1.0000	ok
NorthEuralex Italic	HERE_1922	3	ndim	malign prog (SCA)	1.0000	1.0000	1.0000	1.0000	ok
NorthEuralex Italic	HE_1853	4	ndim	malign prog (SCA)	1.0000	1.0000	1.0000	1.0000	ok
NorthEuralex Italic	HE_1854	3	ndim	malign prog (SCA)	1.0000	1.0000	1.0000	1.0000	ok
NorthEuralex Italic	HIDE_(CONCEAL)_888	4	ndim	malign prog (SCA)	1.0000	1.0000	1.0000	1.0000	ok
NorthEuralex Italic	HIDE_(CONCEAL)_889	4	ndim	malign prog (SCA)		0.2273	0.2500	0.2381	len_mismatch
NorthEuralex Italic	HIDE_(ONESELF)_1927	4	ndim	malign prog (SCA)		0.2273	0.2500	0.2381	len_mismatch
NorthEuralex Italic	HILL_1931	5	progressive	malign prog (SCA)	1.0000	1.0000	1.0000	1.0000	ok
NorthEuralex Italic	HINDER_1937	4	ndim	malign prog (SCA)		0.6296	0.7083	0.6667	len_mismatch
NorthEuralex Italic	HOLD_1960	4	ndim	malign prog (SCA)	1.0000	1.0000	1.0000	1.0000	ok
NorthEuralex Italic	HOME_1971	3	ndim	malign prog (SCA)	1.0000	1.0000	1.0000	1.0000	ok
NorthEuralex Italic	HONEY_1977	7	progressive	malign prog (SCA)		0.4857	0.4048	0.4416	len_mismatch
NorthEuralex Italic	HOOK_1978	3	ndim	malign prog (SCA)	1.0000	1.0000	1.0000	1.0000	ok
NorthEuralex Italic	HORN_(ANATOMY)_1984	7	progressive	malign prog (SCA)	1.0000	1.0000	1.0000	1.0000	ok
NorthEuralex Italic	HORSE_1988	6	progressive	malign prog (SCA)		0.6286	0.7333	0.6769	len_mismatch
NorthEuralex Italic	HOUSE_1999	5	progressive	malign prog (SCA)	1.0000	1.0000	1.0000	1.0000	ok
NorthEuralex Italic	HOWL_2006	5	progressive	malign prog (SCA)	0.7143	0.8000	0.8000	0.8000	ok
NorthEuralex Italic	HOW_2002	7	progressive	malign prog (SCA)	0.6667	0.7143	0.7143	0.7143	ok
NorthEuralex Italic	HOW_MANY_2003	5	progressive	malign prog (SCA)		0.2429	0.2833	0.2615	len_mismatch
NorthEuralex Italic	HUNDRED_68	6	progressive	malign prog (SCA)	0.1667	0.3889	0.3889	0.3889	ok
NorthEuralex Italic	HUNGER_2015	6	progressive	malign prog (SCA)	0.5000	0.6556	0.6556	0.6556	ok
NorthEuralex Italic	HUNT_2022	5	progressive	malign prog (SCA)	0.7143	0.7143	0.7143	0.7143	ok
NorthEuralex Italic	HUSBAND_2032	3	ndim	malign prog (SCA)	1.0000	1.0000	1.0000	1.0000	ok
NorthEuralex Italic	HUSBAND_2033	3	ndim	malign prog (SCA)	1.0000	1.0000	1.0000	1.0000	ok
NorthEuralex Italic	ICE_2037	3	ndim	malign prog (SCA)	1.0000	1.0000	1.0000	1.0000	ok
NorthEuralex Italic	ICE_2038	3	ndim	malign prog (SCA)		0.6667	0.8333	0.7407	len_mismatch
NorthEuralex Italic	IDOL_1427	6	progressive	malign prog (SCA)	1.0000	1.0000	1.0000	1.0000	ok
NorthEuralex Italic	IMPROVE_(SOMETHING)_2046	6	progressive	malign prog (SCA)	1.0000	1.0000	1.0000	1.0000	ok
NorthEuralex Italic	INCREASE_2062	5	progressive	malign prog (SCA)	0.3636	0.4727	0.4727	0.4727	ok
NorthEuralex Italic	INCREASE_2063	3	ndim	malign prog (SCA)	0.7143	0.8095	0.8095	0.8095	ok
NorthEuralex Italic	INVITE_2078	7	progressive	malign prog (SCA)	0.2222	0.6243	0.6243	0.6243	ok
NorthEuralex Italic	IRON_2079	7	progressive	malign prog (SCA)		0.3730	0.4476	0.4069	len_mismatch
NorthEuralex Italic	IRRIGATE_4230	4	ndim	malign prog (SCA)	0.6667	0.8333	0.8333	0.8333	ok
NorthEuralex Italic	ISLAND_2080	4	ndim	malign prog (SCA)	1.0000	1.0000	1.0000	1.0000	ok
NorthEuralex Italic	ISLAND_2081	3	ndim	malign prog (SCA)	1.0000	1.0000	1.0000	1.0000	ok
NorthEuralex Italic	ITEM_2082	4	ndim	malign prog (SCA)	1.0000	1.0000	1.0000	1.0000	ok
NorthEuralex Italic	JANUARY_20	3	ndim	malign prog (SCA)	1.0000	1.0000	1.0000	1.0000	ok
NorthEuralex Italic	JAW_2086	3	ndim	malign prog (SCA)	1.0000	1.0000	1.0000	1.0000	ok
NorthEuralex Italic	JAW_2087	3	ndim	malign prog (SCA)	0.5714	0.7143	0.7143	0.7143	ok
NorthEuralex Italic	JOIN_4131	5	progressive	malign prog (SCA)		0.3143	0.2750	0.2933	len_mismatch
NorthEuralex Italic	JOY_2098	3	ndim	malign prog (SCA)	1.0000	1.0000	1.0000	1.0000	ok
NorthEuralex Italic	JOY_2099	3	ndim	malign prog (SCA)	1.0000	1.0000	1.0000	1.0000	ok
NorthEuralex Italic	JULY_25	4	ndim	malign prog (SCA)	1.0000	1.0000	1.0000	1.0000	ok
NorthEuralex Italic	JUMP_2107	6	progressive	malign prog (SCA)		0.3417	0.3905	0.3644	len_mismatch
NorthEuralex Italic	JUNE_29	4	ndim	malign prog (SCA)	1.0000	1.0000	1.0000	1.0000	ok
NorthEuralex Italic	KEEP_2109	7	progressive	malign prog (SCA)		0.2308	0.3000	0.2609	len_mismatch
NorthEuralex Italic	KETTLE_2114	5	progressive	malign prog (SCA)		0.6222	0.5600	0.5895	len_mismatch
NorthEuralex Italic	KICK_2119	3	ndim	malign prog (SCA)	0.7143	0.8095	0.8095	0.8095	ok
NorthEuralex Italic	KILL_2125	3	ndim	malign prog (SCA)	1.0000	1.0000	1.0000	1.0000	ok
NorthEuralex Italic	KIND_(THING)_3469	4	ndim	malign prog (SCA)	1.0000	1.0000	1.0000	1.0000	ok
NorthEuralex Italic	KING_2131	3	ndim	malign prog (SCA)	1.0000	1.0000	1.0000	1.0000	ok
NorthEuralex Italic	KNEE_2141	3	ndim	malign prog (SCA)	1.0000	1.0000	1.0000	1.0000	ok
NorthEuralex Italic	KNIFE_2146	5	progressive	malign prog (SCA)		0.6375	0.7286	0.6800	len_mismatch
NorthEuralex Italic	KNIT_2149	3	ndim	malign prog (SCA)	1.0000	1.0000	1.0000	1.0000	ok
NorthEuralex Italic	KNOT_2163	7	progressive	malign prog (SCA)	1.0000	1.0000	1.0000	1.0000	ok
NorthEuralex Italic	KNOW_(SOMETHING)_2164	6	progressive	malign prog (SCA)		0.1250	0.1429	0.1333	len_mismatch
NorthEuralex Italic	LADDER_2166	5	progressive	malign prog (SCA)	0.5000	0.6250	0.6250	0.6250	ok
NorthEuralex Italic	LAIR_2171	3	ndim	malign prog (SCA)	1.0000	1.0000	1.0000	1.0000	ok
NorthEuralex Italic	LAKE_2179	7	progressive	malign prog (SCA)	1.0000	1.0000	1.0000	1.0000	ok
NorthEuralex Italic	LANGUAGE_2184	5	progressive	malign prog (SCA)		0.4200	0.4667	0.4421	len_mismatch
NorthEuralex Italic	LAST_(FINAL)_2188	5	progressive	malign prog (SCA)	1.0000	1.0000	1.0000	1.0000	ok
NorthEuralex Italic	LAUGHTER_2198	6	progressive	malign prog (SCA)		0.3630	0.4667	0.4083	len_mismatch
NorthEuralex Italic	LAUGH_2197	7	progressive	malign prog (SCA)	0.1429	0.3197	0.3197	0.3197	ok
NorthEuralex Italic	LAY_(VERB)_2201	6	progressive	malign prog (SCA)	0.6667	0.8000	0.8000	0.8000	ok
NorthEuralex Italic	LAZY_2204	3	ndim	malign prog (SCA)		0.1111	0.1000	0.1053	len_mismatch
NorthEuralex Italic	LEAD_(GUIDE)_1787	4	ndim	malign prog (SCA)	0.2222	0.3148	0.3148	0.3148	ok
NorthEuralex Italic	LEAD_(GUIDE)_2211	5	progressive	malign prog (SCA)	1.0000	1.0000	1.0000	1.0000	ok
NorthEuralex Italic	LEAF_2217	5	progressive	malign prog (SCA)	0.6000	0.6400	0.6400	0.6400	ok
NorthEuralex Italic	LEARN_2220	5	progressive	malign prog (SCA)		0.5300	0.5889	0.5579	len_mismatch
NorthEuralex Italic	LEASH_2224	3	ndim	malign prog (SCA)	1.0000	1.0000	1.0000	1.0000	ok
NorthEuralex Italic	LEATHER_2229	3	ndim	malign prog (SCA)	1.0000	1.0000	1.0000	1.0000	ok
NorthEuralex Italic	LEFT_2242	3	ndim	malign prog (SCA)	0.3750	0.5833	0.5833	0.5833	ok
NorthEuralex Italic	LENGTH_2252	4	ndim	malign prog (SCA)		0.8500	0.9444	0.8947	len_mismatch
NorthEuralex Italic	LETTER_2259	3	ndim	malign prog (SCA)	1.0000	1.0000	1.0000	1.0000	ok
NorthEuralex Italic	LICK_2263	4	ndim	malign prog (SCA)	0.5714	0.7857	0.7857	0.7857	ok
NorthEuralex Italic	LID_(COVER,_CAP)_942	3	ndim	malign prog (SCA)	1.0000	1.0000	1.0000	1.0000	ok
NorthEuralex Italic	LID_(COVER,_CAP)_943	3	ndim	malign prog (SCA)	1.0000	1.0000	1.0000	1.0000	ok
NorthEuralex Italic	LIE_(FALSEHOOD)_2267	5	progressive	malign prog (SCA)	0.6250	0.6625	0.6625	0.6625	ok
NorthEuralex Italic	LIFE_2279	6	progressive	malign prog (SCA)	1.0000	1.0000	1.0000	1.0000	ok
NorthEuralex Italic	LIFT_2281	4	ndim	malign prog (SCA)		0.1250	0.1000	0.1111	len_mismatch
NorthEuralex Italic	LIGHT_(IGNITE)_2286	4	ndim	malign prog (SCA)		0.5758	0.6333	0.6032	len_mismatch
NorthEuralex Italic	LIGHT_(RADIATION)_2287	4	ndim	malign prog (SCA)	1.0000	1.0000	1.0000	1.0000	ok
NorthEuralex Italic	LINE_2306	7	progressive	malign prog (SCA)	0.5000	0.5079	0.5079	0.5079	ok
NorthEuralex Italic	LIP_2307	6	progressive	malign prog (SCA)	1.0000	1.0000	1.0000	1.0000	ok
NorthEuralex Italic	LISTEN_2309	7	progressive	malign prog (SCA)	0.2000	0.2905	0.2905	0.2905	ok
NorthEuralex Italic	LIVER_2317	4	ndim	malign prog (SCA)		0.7381	0.8611	0.7949	len_mismatch
NorthEuralex Italic	LOAD_2323	4	ndim	malign prog (SCA)	1.0000	1.0000	1.0000	1.0000	ok
NorthEuralex Italic	LOCK_2329	3	ndim	malign prog (SCA)	1.0000	1.0000	1.0000	1.0000	ok
NorthEuralex Italic	LONG_2334	3	ndim	malign prog (SCA)	0.6667	0.6667	0.6667	0.6667	ok
NorthEuralex Italic	LOOK_FOR_2349	3	ndim	malign prog (SCA)	1.0000	1.0000	1.0000	1.0000	ok
NorthEuralex Italic	LOUSE_2357	3	ndim	malign prog (SCA)	1.0000	1.0000	1.0000	1.0000	ok
NorthEuralex Italic	LOVE_2361	4	ndim	malign prog (SCA)	1.0000	1.0000	1.0000	1.0000	ok
NorthEuralex Italic	MAINLAND_2180	3	ndim	malign prog (SCA)	0.2000	0.4667	0.4667	0.4667	ok
NorthEuralex Italic	MAKE_2366	6	progressive	malign prog (SCA)	0.0000	0.4444	0.4444	0.4444	ok
NorthEuralex Italic	MAN_2368	4	ndim	malign prog (SCA)	1.0000	1.0000	1.0000	1.0000	ok
NorthEuralex Italic	MARCH_33	7	progressive	malign prog (SCA)	0.3750	0.5476	0.5476	0.5476	ok
NorthEuralex Italic	MASTER_2373	7	progressive	malign prog (SCA)		0.1667	0.1852	0.1754	len_mismatch
NorthEuralex Italic	MAY_(MONTH)_34	6	progressive	malign prog (SCA)		0.4111	0.4933	0.4485	len_mismatch
NorthEuralex Italic	MEAL_2382	4	ndim	malign prog (SCA)	1.0000	1.0000	1.0000	1.0000	ok
NorthEuralex Italic	MEANING_2389	4	ndim	malign prog (SCA)	0.6667	0.8333	0.8333	0.8333	ok
NorthEuralex Italic	MEANING_2390	3	ndim	malign prog (SCA)		0.7917	0.9048	0.8444	len_mismatch
NorthEuralex Italic	MEANING_2391	3	ndim	malign prog (SCA)	1.0000	1.0000	1.0000	1.0000	ok
NorthEuralex Italic	MEASURE_2394	4	ndim	malign prog (SCA)	1.0000	1.0000	1.0000	1.0000	ok
NorthEuralex Italic	MEASURE_2395	3	ndim	malign prog (SCA)	1.0000	1.0000	1.0000	1.0000	ok
NorthEuralex Italic	MEAT_2396	6	progressive	malign prog (SCA)		0.5000	0.6000	0.5455	len_mismatch
NorthEuralex Italic	MEDICINE_2398	3	ndim	malign prog (SCA)	1.0000	1.0000	1.0000	1.0000	ok
NorthEuralex Italic	MEDICINE_2399	3	ndim	malign prog (SCA)	1.0000	1.0000	1.0000	1.0000	ok
NorthEuralex Italic	MEDICINE_2400	3	ndim	malign prog (SCA)	1.0000	1.0000	1.0000	1.0000	ok
NorthEuralex Italic	MEET_2403	4	ndim	malign prog (SCA)	0.3636	0.6818	0.6818	0.6818	ok
NorthEuralex Italic	MELT_2407	5	progressive	malign prog (SCA)	0.2222	0.4778	0.4778	0.4778	ok
NorthEuralex Italic	MEMORY_2412	7	progressive	malign prog (SCA)	1.0000	1.0000	1.0000	1.0000	ok
NorthEuralex Italic	MERRY_2413	4	ndim	malign prog (SCA)	1.0000	1.0000	1.0000	1.0000	ok
NorthEuralex Italic	MESSAGE_2419	5	progressive	malign prog (SCA)	0.3333	0.4778	0.4778	0.4778	ok
NorthEuralex Italic	MIDDAY_2612	4	ndim	malign prog (SCA)	0.3750	0.5625	0.5625	0.5625	ok
NorthEuralex Italic	MIDDLE_2422	4	ndim	malign prog (SCA)	1.0000	1.0000	1.0000	1.0000	ok
NorthEuralex Italic	MIDDLE_2423	4	ndim	malign prog (SCA)		0.5333	0.4444	0.4848	len_mismatch
NorthEuralex Italic	MILK_2426	6	progressive	malign prog (SCA)	0.6000	0.8667	0.8667	0.8667	ok
NorthEuralex Italic	MISPLACE_2355	7	progressive	malign prog (SCA)	1.0000	1.0000	1.0000	1.0000	ok
NorthEuralex Italic	MISTAKE_2454	6	progressive	malign prog (SCA)	0.2857	0.3524	0.3524	0.3524	ok
NorthEuralex Italic	MONEY_2459	4	ndim	malign prog (SCA)		0.8571	0.7500	0.8000	len_mismatch
NorthEuralex Italic	MONTH_2466	5	progressive	malign prog (SCA)	1.0000	1.0000	1.0000	1.0000	ok
NorthEuralex Italic	MOON_2469	7	progressive	malign prog (SCA)	1.0000	1.0000	1.0000	1.0000	ok
NorthEuralex Italic	MOORLAND_2470	3	ndim	malign prog (SCA)	1.0000	1.0000	1.0000	1.0000	ok
NorthEuralex Italic	MORNING_2475	6	progressive	malign prog (SCA)	0.6667	0.7333	0.7333	0.7333	ok
NorthEuralex Italic	MOSQUITO_1673	3	ndim	malign prog (SCA)	1.0000	1.0000	1.0000	1.0000	ok
NorthEuralex Italic	MOTHER_2477	5	progressive	malign prog (SCA)		0.5400	0.4500	0.4909	len_mismatch
NorthEuralex Italic	MOUNTAIN_2480	6	progressive	malign prog (SCA)		0.3083	0.3524	0.3289	len_mismatch
NorthEuralex Italic	MOUSE_2482	3	ndim	malign prog (SCA)		0.7619	0.8889	0.8205	len_mismatch
NorthEuralex Italic	MOUSTACHE_2488	3	ndim	malign prog (SCA)	1.0000	1.0000	1.0000	1.0000	ok
NorthEuralex Italic	MOUSTACHE_2489	3	ndim	malign prog (SCA)	1.0000	1.0000	1.0000	1.0000	ok
NorthEuralex Italic	MOUTH_2492	5	progressive	malign prog (SCA)	1.0000	1.0000	1.0000	1.0000	ok
NorthEuralex Italic	MOVE_(AFFECT_EMOTIONALLY)_2495	5	progressive	malign prog (SCA)	0.3000	0.3800	0.3800	0.3800	ok
NorthEuralex Italic	MUSHROOM_2510	4	ndim	malign prog (SCA)		0.3095	0.3611	0.3333	len_mismatch
NorthEuralex Italic	MUSH_(FOOD)_2505	5	progressive	malign prog (SCA)	1.0000	1.0000	1.0000	1.0000	ok
NorthEuralex Italic	NAIL_(TOOL)_2517	5	progressive	malign prog (SCA)	1.0000	1.0000	1.0000	1.0000	ok
NorthEuralex Italic	NAKED_2523	5	progressive	malign prog (SCA)	1.0000	1.0000	1.0000	1.0000	ok
NorthEuralex Italic	NAME_2527	7	progressive	malign prog (SCA)		0.6429	0.7347	0.6857	len_mismatch
NorthEuralex Italic	NAPE_(OF_NECK)_2532	5	progressive	malign prog (SCA)	1.0000	1.0000	1.0000	1.0000	ok
NorthEuralex Italic	NARROW_2536	4	ndim	malign prog (SCA)	0.6250	0.8125	0.8125	0.8125	ok
NorthEuralex Italic	NAVEL_2548	5	progressive	malign prog (SCA)	0.4000	0.6400	0.6400	0.6400	ok
NorthEuralex Italic	NECK_2558	4	ndim	malign prog (SCA)	1.0000	1.0000	1.0000	1.0000	ok
NorthEuralex Italic	NEEDLE_(FOR_SEWING)_2563	3	ndim	malign prog (SCA)	1.0000	1.0000	1.0000	1.0000	ok
NorthEuralex Italic	NEEDLE_(FOR_SEWING)_2564	3	ndim	malign prog (SCA)	1.0000	1.0000	1.0000	1.0000	ok
NorthEuralex Italic	NEST_2566	6	progressive	malign prog (SCA)	1.0000	1.0000	1.0000	1.0000	ok
NorthEuralex Italic	NET_2568	4	ndim	malign prog (SCA)	1.0000	1.0000	1.0000	1.0000	ok
NorthEuralex Italic	NEWSPAPER_2583	3	ndim	malign prog (SCA)	1.0000	1.0000	1.0000	1.0000	ok
NorthEuralex Italic	NEWS_2578	3	ndim	malign prog (SCA)		0.7143	0.6250	0.6667	len_mismatch
NorthEuralex Italic	NEWS_2579	3	ndim	malign prog (SCA)	1.0000	1.0000	1.0000	1.0000	ok
NorthEuralex Italic	NEW_2577	7	progressive	malign prog (SCA)		0.4603	0.3946	0.4249	len_mismatch
NorthEuralex Italic	NIGHT_2598	6	progressive	malign prog (SCA)	0.7143	0.9048	0.9048	0.9048	ok
NorthEuralex Italic	NINETY_2601	5	progressive	malign prog (SCA)		0.6100	0.6778	0.6421	len_mismatch
NorthEuralex Italic	NINE_2600	7	progressive	malign prog (SCA)	1.0000	1.0000	1.0000	1.0000	ok
NorthEuralex Italic	NOOSE_2617	4	ndim	malign prog (SCA)	0.6000	0.6667	0.6667	0.6667	ok
NorthEuralex Italic	NORTH_2621	6	progressive	malign prog (SCA)	1.0000	1.0000	1.0000	1.0000	ok
NorthEuralex Italic	NOSE_2624	5	progressive	malign prog (SCA)	1.0000	1.0000	1.0000	1.0000	ok
NorthEuralex Italic	NOTICE_(SOMETHING)_2629	4	ndim	malign prog (SCA)	1.0000	1.0000	1.0000	1.0000	ok
NorthEuralex Italic	NOTICE_(SOMETHING)_2630	3	ndim	malign prog (SCA)	1.0000	1.0000	1.0000	1.0000	ok
NorthEuralex Italic	NOT_2626	5	progressive	malign prog (SCA)	1.0000	1.0000	1.0000	1.0000	ok
NorthEuralex Italic	NOVEMBER_42	7	progressive	malign prog (SCA)	0.2727	0.5195	0.5195	0.5195	ok
NorthEuralex Italic	NOW_2634	4	ndim	malign prog (SCA)	0.6000	0.6667	0.6667	0.6667	ok
NorthEuralex Italic	OAR_2639	6	progressive	malign prog (SCA)	1.0000	1.0000	1.0000	1.0000	ok
NorthEuralex Italic	OCTOBER_43	7	progressive	malign prog (SCA)	1.0000	1.0000	1.0000	1.0000	ok
NorthEuralex Italic	ODOR_(SMELL)_2643	6	progressive	malign prog (SCA)	1.0000	1.0000	1.0000	1.0000	ok
NorthEuralex Italic	OF_THIS_KIND_(SUCH)_3433	3	ndim	malign prog (SCA)	1.0000	1.0000	1.0000	1.0000	ok
NorthEuralex Italic	OF_THIS_KIND_(SUCH)_3434	3	ndim	malign prog (SCA)	0.6000	0.7333	0.7333	0.7333	ok
NorthEuralex Italic	OIL_(ORGANIC_SUBSTANCE)_2654	3	ndim	malign prog (SCA)	1.0000	1.0000	1.0000	1.0000	ok
NorthEuralex Italic	ONE_2678	4	ndim	malign prog (SCA)	1.0000	1.0000	1.0000	1.0000	ok
NorthEuralex Italic	ONE_2679	3	ndim	malign prog (SCA)	1.0000	1.0000	1.0000	1.0000	ok
NorthEuralex Italic	ONE_TIME_2665	4	ndim	malign prog (SCA)	0.7778	0.8148	0.8148	0.8148	ok
NorthEuralex Italic	ONION_2680	4	ndim	malign prog (SCA)	0.6667	0.8333	0.8333	0.8333	ok
NorthEuralex Italic	OPEN_(STATE)_2695	4	ndim	malign prog (SCA)		0.4048	0.3542	0.3778	len_mismatch
NorthEuralex Italic	OPEN_2694	6	progressive	malign prog (SCA)	0.2857	0.4381	0.4381	0.4381	ok
NorthEuralex Italic	OR_2697	4	ndim	malign prog (SCA)	1.0000	1.0000	1.0000	1.0000	ok
NorthEuralex Italic	OTHER_2701	5	progressive	malign prog (SCA)	1.0000	1.0000	1.0000	1.0000	ok
NorthEuralex Italic	OWN_2714	7	progressive	malign prog (SCA)		0.3429	0.4286	0.3810	len_mismatch
NorthEuralex Italic	PAINTING_2717	7	progressive	malign prog (SCA)		0.4881	0.6508	0.5578	len_mismatch
NorthEuralex Italic	PAINT_(PIGMENTS)_2717	4	ndim	malign prog (SCA)	0.4286	0.7143	0.7143	0.7143	ok
NorthEuralex Italic	PAIN_2716	7	progressive	malign prog (SCA)	1.0000	1.0000	1.0000	1.0000	ok
NorthEuralex Italic	PALM_OF_HAND_2721	6	progressive	malign prog (SCA)	1.0000	1.0000	1.0000	1.0000	ok
NorthEuralex Italic	PARENTS_2724	5	progressive	malign prog (SCA)		0.5000	0.5556	0.5263	len_mismatch
NorthEuralex Italic	PART_2727	7	progressive	malign prog (SCA)	1.0000	1.0000	1.0000	1.0000	ok
NorthEuralex Italic	PASS_2730	5	progressive	malign prog (SCA)	1.0000	1.0000	1.0000	1.0000	ok
NorthEuralex Italic	PASTURE_2734	4	ndim	malign prog (SCA)		0.6111	0.6875	0.6471	len_mismatch
NorthEuralex Italic	PATH_2738	3	ndim	malign prog (SCA)	0.7500	0.8333	0.8333	0.8333	ok
NorthEuralex Italic	PATH_2739	3	ndim	malign prog (SCA)		0.5000	0.4286	0.4615	len_mismatch
NorthEuralex Italic	PATH_OR_ROAD_4241	4	ndim	malign prog (SCA)	1.0000	1.0000	1.0000	1.0000	ok
NorthEuralex Italic	PATTERN_2742	5	progressive	malign prog (SCA)	1.0000	1.0000	1.0000	1.0000	ok
NorthEuralex Italic	PAW_2746	3	ndim	malign prog (SCA)	0.6000	0.6000	0.6000	0.6000	ok
NorthEuralex Italic	PEOPLE_2544	5	progressive	malign prog (SCA)		0.4125	0.4714	0.4400	len_mismatch
NorthEuralex Italic	PERCH_(FISH)_2774	6	progressive	malign prog (SCA)	1.0000	1.0000	1.0000	1.0000	ok
NorthEuralex Italic	PERSON_2009	3	ndim	malign prog (SCA)	0.7500	0.8333	0.8333	0.8333	ok
NorthEuralex Italic	PERSON_2010	3	ndim	malign prog (SCA)	0.4000	0.6000	0.6000	0.6000	ok
NorthEuralex Italic	PHYSICIAN_1134	5	progressive	malign prog (SCA)	1.0000	1.0000	1.0000	1.0000	ok
NorthEuralex Italic	PICK_2778	6	progressive	malign prog (SCA)	0.4286	0.6667	0.6667	0.6667	ok
NorthEuralex Italic	PICTURE_(PAINTING)_2788	3	ndim	malign prog (SCA)	1.0000	1.0000	1.0000	1.0000	ok
NorthEuralex Italic	PICTURE_(PAINTING)_2789	3	ndim	malign prog (SCA)	1.0000	1.0000	1.0000	1.0000	ok
NorthEuralex Italic	PICTURE_(PAINTING)_2790	3	ndim	malign prog (SCA)	1.0000	1.0000	1.0000	1.0000	ok
NorthEuralex Italic	PIECE_2793	4	ndim	malign prog (SCA)		0.2222	0.1905	0.2051	len_mismatch
NorthEuralex Italic	PIG_2798	6	progressive	malign prog (SCA)		0.6286	0.7333	0.6769	len_mismatch
NorthEuralex Italic	PIKE_(FISH)_2803	4	ndim	malign prog (SCA)	1.0000	1.0000	1.0000	1.0000	ok
NorthEuralex Italic	PINE_2813	7	progressive	malign prog (SCA)		0.6667	0.8571	0.7500	len_mismatch
NorthEuralex Italic	PIT_(POTHOLE)_2818	4	ndim	malign prog (SCA)	1.0000	1.0000	1.0000	1.0000	ok
NorthEuralex Italic	PLACE_(POSITION)_2825	4	ndim	malign prog (SCA)	0.6667	0.6667	0.6667	0.6667	ok
NorthEuralex Italic	PLAY_2835	4	ndim	malign prog (SCA)		0.7381	0.8611	0.7949	len_mismatch
NorthEuralex Italic	POINTED_2840	4	ndim	malign prog (SCA)	0.5714	0.6429	0.6429	0.6429	ok
NorthEuralex Italic	POOR_2850	5	progressive	malign prog (SCA)	1.0000	1.0000	1.0000	1.0000	ok
NorthEuralex Italic	POST_2846	6	progressive	malign prog (SCA)	1.0000	1.0000	1.0000	1.0000	ok
NorthEuralex Italic	POST_2847	3	ndim	malign prog (SCA)	1.0000	1.0000	1.0000	1.0000	ok
NorthEuralex Italic	POT_2854	3	ndim	malign prog (SCA)	1.0000	1.0000	1.0000	1.0000	ok
NorthEuralex Italic	POUCH_2861	4	ndim	malign prog (SCA)	1.0000	1.0000	1.0000	1.0000	ok
NorthEuralex Italic	POUCH_2862	3	ndim	malign prog (SCA)		0.7619	0.8889	0.8205	len_mismatch
NorthEuralex Italic	POUR_2866	3	ndim	malign prog (SCA)	1.0000	1.0000	1.0000	1.0000	ok
NorthEuralex Italic	POWERFUL_2876	6	progressive	malign prog (SCA)	1.0000	1.0000	1.0000	1.0000	ok
NorthEuralex Italic	POWERFUL_2877	3	ndim	malign prog (SCA)	1.0000	1.0000	1.0000	1.0000	ok
NorthEuralex Italic	POWER_2871	5	progressive	malign prog (SCA)	1.0000	1.0000	1.0000	1.0000	ok
NorthEuralex Italic	POWER_2872	4	ndim	malign prog (SCA)		0.5185	0.5833	0.5490	len_mismatch
NorthEuralex Italic	PRECIOUS_2887	7	progressive	malign prog (SCA)		0.4815	0.4333	0.4561	len_mismatch
NorthEuralex Italic	PREPARE_2888	6	progressive	malign prog (SCA)		0.1111	0.1000	0.1053	len_mismatch
NorthEuralex Italic	PRESERVE_2890	6	progressive	malign prog (SCA)		0.2444	0.2667	0.2551	len_mismatch
NorthEuralex Italic	PRESS_2893	3	ndim	malign prog (SCA)	0.7143	0.8095	0.8095	0.8095	ok
NorthEuralex Italic	PRICE_2909	7	progressive	malign prog (SCA)		0.5986	0.6984	0.6447	len_mismatch
NorthEuralex Italic	PRODUCE_2910	5	progressive	malign prog (SCA)	1.0000	1.0000	1.0000	1.0000	ok
NorthEuralex Italic	PRODUCE_2911	4	ndim	malign prog (SCA)	0.7778	0.8889	0.8889	0.8889	ok
NorthEuralex Italic	PROMISE_2913	6	progressive	malign prog (SCA)	1.0000	1.0000	1.0000	1.0000	ok
NorthEuralex Italic	PROTECT_2916	6	progressive	malign prog (SCA)	0.8000	0.8000	0.8000	0.8000	ok
NorthEuralex Italic	PULL_2919	5	progressive	malign prog (SCA)		0.3444	0.3100	0.3263	len_mismatch
NorthEuralex Italic	RAIN_(RAINING)_2943	4	ndim	malign prog (SCA)		0.7963	0.8958	0.8431	len_mismatch
NorthEuralex Italic	RAISE_(BRING_UP)_588	3	ndim	malign prog (SCA)		0.7333	0.6111	0.6667	len_mismatch
NorthEuralex Italic	RAW_2963	7	progressive	malign prog (SCA)	1.0000	1.0000	1.0000	1.0000	ok
NorthEuralex Italic	READ_2964	5	progressive	malign prog (SCA)	0.7143	0.8857	0.8857	0.8857	ok
NorthEuralex Italic	REASON_2967	6	progressive	malign prog (SCA)		0.4400	0.3667	0.4000	len_mismatch
NorthEuralex Italic	RECOGNIZE_(SOMEBODY)_2977	7	progressive	malign prog (SCA)		0.2109	0.2271	0.2187	len_mismatch
NorthEuralex Italic	RECOVER_2978	3	ndim	malign prog (SCA)	1.0000	1.0000	1.0000	1.0000	ok
NorthEuralex Italic	RED_2984	4	ndim	malign prog (SCA)	1.0000	1.0000	1.0000	1.0000	ok
NorthEuralex Italic	REMAIN_3603	3	ndim	malign prog (SCA)	0.7500	0.8333	0.8333	0.8333	ok
NorthEuralex Italic	REPAIR_2998	7	progressive	malign prog (SCA)	0.7500	0.8214	0.8214	0.8214	ok
NorthEuralex Italic	RESCUE_3005	7	progressive	malign prog (SCA)	1.0000	1.0000	1.0000	1.0000	ok
NorthEuralex Italic	REST_2987	3	ndim	malign prog (SCA)		0.8333	0.9259	0.8772	len_mismatch
NorthEuralex Italic	RICH_3020	5	progressive	malign prog (SCA)	1.0000	1.0000	1.0000	1.0000	ok
NorthEuralex Italic	RIGHT_3024	5	progressive	malign prog (SCA)		0.4857	0.4250	0.4533	len_mismatch
NorthEuralex Italic	RING_(MAKE_SOUND)_3028	3	ndim	malign prog (SCA)	0.7143	0.7143	0.7143	0.7143	ok
NorthEuralex Italic	RING_3027	6	progressive	malign prog (SCA)		0.6857	0.8000	0.7385	len_mismatch
NorthEuralex Italic	RIPEN_3045	6	progressive	malign prog (SCA)	0.1667	0.3111	0.3111	0.3111	ok
NorthEuralex Italic	RIPE_3042	5	progressive	malign prog (SCA)	1.0000	1.0000	1.0000	1.0000	ok
NorthEuralex Italic	RIVER_3059	4	ndim	malign prog (SCA)		0.8333	0.6250	0.7143	len_mismatch
NorthEuralex Italic	ROAD_3064	3	ndim	malign prog (SCA)	1.0000	1.0000	1.0000	1.0000	ok
NorthEuralex Italic	ROAD_3065	3	ndim	malign prog (SCA)	1.0000	1.0000	1.0000	1.0000	ok
NorthEuralex Italic	ROOF_3083	3	ndim	malign prog (SCA)	1.0000	1.0000	1.0000	1.0000	ok
NorthEuralex Italic	ROOF_3084	3	ndim	malign prog (SCA)	0.7143	0.8095	0.8095	0.8095	ok
NorthEuralex Italic	ROOSTER_859	5	progressive	malign prog (SCA)	0.3333	0.4833	0.4833	0.4833	ok
NorthEuralex Italic	ROT_1023	3	ndim	malign prog (SCA)	1.0000	1.0000	1.0000	1.0000	ok
NorthEuralex Italic	ROUND_3099	5	progressive	malign prog (SCA)		0.6889	0.7750	0.7294	len_mismatch
NorthEuralex Italic	ROW_3103	6	progressive	malign prog (SCA)	0.7500	0.8500	0.8500	0.8500	ok
NorthEuralex Italic	RUB_3110	4	ndim	malign prog (SCA)	0.2222	0.3519	0.3519	0.3519	ok
NorthEuralex Italic	RULE_3114	4	ndim	malign prog (SCA)	0.7500	0.7917	0.7917	0.7917	ok
NorthEuralex Italic	RUN_3119	6	progressive	malign prog (SCA)	1.0000	1.0000	1.0000	1.0000	ok
NorthEuralex Italic	RUSTLE_(OF_LEAVES)_3129	3	ndim	malign prog (SCA)	1.0000	1.0000	1.0000	1.0000	ok
NorthEuralex Italic	SACK_3135	7	progressive	malign prog (SCA)	1.0000	1.0000	1.0000	1.0000	ok
NorthEuralex Italic	SAD_3136	6	progressive	malign prog (SCA)	1.0000	1.0000	1.0000	1.0000	ok
NorthEuralex Italic	SALT_3139	7	progressive	malign prog (SCA)	1.0000	1.0000	1.0000	1.0000	ok
NorthEuralex Italic	SAND_3140	5	progressive	malign prog (SCA)	1.0000	1.0000	1.0000	1.0000	ok
NorthEuralex Italic	SATURDAY_44	3	ndim	malign prog (SCA)	1.0000	1.0000	1.0000	1.0000	ok
NorthEuralex Italic	SAY_3144	6	progressive	malign prog (SCA)		0.8095	0.9444	0.8718	len_mismatch
NorthEuralex Italic	SCRAPE_3154	3	ndim	malign prog (SCA)	0.5556	0.6296	0.6296	0.6296	ok
NorthEuralex Italic	SCRAPE_3155	3	ndim	malign prog (SCA)	1.0000	1.0000	1.0000	1.0000	ok
NorthEuralex Italic	SEA_3157	7	progressive	malign prog (SCA)	1.0000	1.0000	1.0000	1.0000	ok
NorthEuralex Italic	SECOND_3158	6	progressive	malign prog (SCA)	0.7500	0.9167	0.9167	0.9167	ok
NorthEuralex Italic	SEEM_3168	5	progressive	malign prog (SCA)	1.0000	1.0000	1.0000	1.0000	ok
NorthEuralex Italic	SEEM_3169	3	ndim	malign prog (SCA)	0.7500	0.7500	0.7500	0.7500	ok
NorthEuralex Italic	SEE_3161	7	progressive	malign prog (SCA)		0.1488	0.1701	0.1587	len_mismatch
NorthEuralex Italic	SELL_3193	7	progressive	malign prog (SCA)		0.4180	0.5374	0.4702	len_mismatch
NorthEuralex Italic	SEND_3194	4	ndim	malign prog (SCA)	0.2500	0.3958	0.3958	0.3958	ok
NorthEuralex Italic	SEPARATE_3198	4	ndim	malign prog (SCA)	1.0000	1.0000	1.0000	1.0000	ok
NorthEuralex Italic	SEPTEMBER_49	7	progressive	malign prog (SCA)		0.2279	0.2659	0.2454	len_mismatch
NorthEuralex Italic	SET_(HEAVENLY_BODIES)_3204	3	ndim	malign prog (SCA)	1.0000	1.0000	1.0000	1.0000	ok
NorthEuralex Italic	SEVENTY_3211	5	progressive	malign prog (SCA)		0.5083	0.5545	0.5304	len_mismatch
NorthEuralex Italic	SEVEN_3210	7	progressive	malign prog (SCA)	0.3333	0.6508	0.6508	0.6508	ok
NorthEuralex Italic	SEVERE_2540	6	progressive	malign prog (SCA)	1.0000	1.0000	1.0000	1.0000	ok
NorthEuralex Italic	SEW_3214	6	progressive	malign prog (SCA)		0.2952	0.3444	0.3179	len_mismatch
NorthEuralex Italic	SHADE_3217	7	progressive	malign prog (SCA)		0.3946	0.4603	0.4249	len_mismatch
NorthEuralex Italic	SHAKE_3218	4	ndim	malign prog (SCA)	1.0000	1.0000	1.0000	1.0000	ok
NorthEuralex Italic	SHAKE_3219	4	ndim	malign prog (SCA)	0.0000	0.5000	0.5000	0.5000	ok
NorthEuralex Italic	SHARPEN_(SOMETHING)_3230	4	ndim	malign prog (SCA)		0.3333	0.2857	0.3077	len_mismatch
NorthEuralex Italic	SHARP_3223	3	ndim	malign prog (SCA)	1.0000	1.0000	1.0000	1.0000	ok
NorthEuralex Italic	SHEEP_3236	3	ndim	malign prog (SCA)	1.0000	1.0000	1.0000	1.0000	ok
NorthEuralex Italic	SHINE_3249	4	ndim	malign prog (SCA)	1.0000	1.0000	1.0000	1.0000	ok
NorthEuralex Italic	SHIRT_3254	5	progressive	malign prog (SCA)	1.0000	1.0000	1.0000	1.0000	ok
NorthEuralex Italic	SHIVER_4064	6	progressive	malign prog (SCA)		0.6333	0.7037	0.6667	len_mismatch
NorthEuralex Italic	SHOE_3257	3	ndim	malign prog (SCA)	1.0000	1.0000	1.0000	1.0000	ok
NorthEuralex Italic	SHOOT_3263	5	progressive	malign prog (SCA)		0.6000	0.6667	0.6316	len_mismatch
NorthEuralex Italic	SHORE_OF_LAKE_3273	4	ndim	malign prog (SCA)	1.0000	1.0000	1.0000	1.0000	ok
NorthEuralex Italic	SHORT_3279	5	progressive	malign prog (SCA)	1.0000	1.0000	1.0000	1.0000	ok
NorthEuralex Italic	SHOUT_3288	5	progressive	malign prog (SCA)	1.0000	1.0000	1.0000	1.0000	ok
NorthEuralex Italic	SHOVEL_3295	5	progressive	malign prog (SCA)	0.6667	0.7000	0.7000	0.7000	ok
NorthEuralex Italic	SHOW_3298	5	progressive	malign prog (SCA)	1.0000	1.0000	1.0000	1.0000	ok
NorthEuralex Italic	SICK_3310	3	ndim	malign prog (SCA)	1.0000	1.0000	1.0000	1.0000	ok
NorthEuralex Italic	SICK_3311	3	ndim	malign prog (SCA)	1.0000	1.0000	1.0000	1.0000	ok
NorthEuralex Italic	SIDE_3315	4	ndim	malign prog (SCA)	1.0000	1.0000	1.0000	1.0000	ok
NorthEuralex Italic	SIDE_3316	3	ndim	malign prog (SCA)	1.0000	1.0000	1.0000	1.0000	ok
NorthEuralex Italic	SIGN_3320	4	ndim	malign prog (SCA)	1.0000	1.0000	1.0000	1.0000	ok
NorthEuralex Italic	SIGN_3321	4	ndim	malign prog (SCA)	0.6000	0.6667	0.6667	0.6667	ok
NorthEuralex Italic	SILENCE_667	5	progressive	malign prog (SCA)	1.0000	1.0000	1.0000	1.0000	ok
NorthEuralex Italic	SILENCE_668	3	ndim	malign prog (SCA)	0.7500	0.8333	0.8333	0.8333	ok
NorthEuralex Italic	SILVER_3324	3	ndim	malign prog (SCA)	1.0000	1.0000	1.0000	1.0000	ok
NorthEuralex Italic	SILVER_3325	3	ndim	malign prog (SCA)	1.0000	1.0000	1.0000	1.0000	ok
NorthEuralex Italic	SING_3331	6	progressive	malign prog (SCA)		0.2917	0.3333	0.3111	len_mismatch
NorthEuralex Italic	SINK_(DESCEND)_3333	3	ndim	malign prog (SCA)	1.0000	1.0000	1.0000	1.0000	ok
NorthEuralex Italic	SIN_3327	6	progressive	malign prog (SCA)	1.0000	1.0000	1.0000	1.0000	ok
NorthEuralex Italic	SISTER_3338	3	ndim	malign prog (SCA)	1.0000	1.0000	1.0000	1.0000	ok
NorthEuralex Italic	SIT_3342	4	ndim	malign prog (SCA)		0.4286	0.5000	0.4615	len_mismatch
NorthEuralex Italic	SIT_DOWN_3346	3	ndim	malign prog (SCA)	1.0000	1.0000	1.0000	1.0000	ok
NorthEuralex Italic	SIXTY_3355	6	progressive	malign prog (SCA)	0.6364	0.8788	0.8788	0.8788	ok
NorthEuralex Italic	SIX_3352	5	progressive	malign prog (SCA)	0.5000	0.6500	0.6500	0.6500	ok
NorthEuralex Italic	SKIN_(OF_FRUIT)_2763	3	ndim	malign prog (SCA)	0.7500	0.7500	0.7500	0.7500	ok
NorthEuralex Italic	SKIN_3370	6	progressive	malign prog (SCA)		0.6286	0.7333	0.6769	len_mismatch
NorthEuralex Italic	SKI_3364	5	progressive	malign prog (SCA)	0.2500	0.7000	0.7000	0.7000	ok
NorthEuralex Italic	SLAB_3378	4	ndim	malign prog (SCA)		0.4524	0.5278	0.4872	len_mismatch
NorthEuralex Italic	SLED_3388	4	ndim	malign prog (SCA)		0.6944	0.5952	0.6410	len_mismatch
NorthEuralex Italic	SLEEP_(STATE)_3384	6	progressive	malign prog (SCA)	0.1429	0.3905	0.3905	0.3905	ok
NorthEuralex Italic	SLEEP_3383	7	progressive	malign prog (SCA)	0.7143	0.9184	0.9184	0.9184	ok
NorthEuralex Italic	SLEEVE_3386	6	progressive	malign prog (SCA)	0.5000	0.8333	0.8333	0.8333	ok
NorthEuralex Italic	SLOPE_3405	3	ndim	malign prog (SCA)	0.0000	0.3333	0.3333	0.3333	ok
NorthEuralex Italic	SMOKE_(EMIT_SMOKE)_3416	6	progressive	malign prog (SCA)		0.6571	0.5750	0.6133	len_mismatch
NorthEuralex Italic	SMOKE_(EXHAUST)_3416	6	progressive	malign prog (SCA)		0.8400	0.7000	0.7636	len_mismatch
NorthEuralex Italic	SMOOTH_3420	6	progressive	malign prog (SCA)	1.0000	1.0000	1.0000	1.0000	ok
NorthEuralex Italic	SNAKE_3423	7	progressive	malign prog (SCA)	0.4444	0.6878	0.6878	0.6878	ok
NorthEuralex Italic	SNOW_3430	4	ndim	malign prog (SCA)	1.0000	1.0000	1.0000	1.0000	ok
NorthEuralex Italic	SOFT_3439	4	ndim	malign prog (SCA)	1.0000	1.0000	1.0000	1.0000	ok
NorthEuralex Italic	SOLID_1463	7	progressive	malign prog (SCA)	0.4286	0.8367	0.8367	0.8367	ok
NorthEuralex Italic	SOLID_1464	4	ndim	malign prog (SCA)	1.0000	1.0000	1.0000	1.0000	ok
NorthEuralex Italic	SOMETIMES_3443	3	ndim	malign prog (SCA)	0.8000	0.8000	0.8000	0.8000	ok
NorthEuralex Italic	SONG_3454	3	ndim	malign prog (SCA)	0.7500	0.8333	0.8333	0.8333	ok
NorthEuralex Italic	SON_3451	6	progressive	malign prog (SCA)		0.6000	0.7000	0.6462	len_mismatch
NorthEuralex Italic	SOUND_(OF_INSTRUMENT_OR_VOICE)_3477	6	progressive	malign prog (SCA)	0.4286	0.5429	0.5429	0.5429	ok
NorthEuralex Italic	SOUND_OR_NOISE_3477	4	ndim	malign prog (SCA)		0.3333	0.2857	0.3077	len_mismatch
NorthEuralex Italic	SOUND_OR_NOISE_3478	3	ndim	malign prog (SCA)	1.0000	1.0000	1.0000	1.0000	ok
NorthEuralex Italic	SOUP_3480	6	progressive	malign prog (SCA)	1.0000	1.0000	1.0000	1.0000	ok
NorthEuralex Italic	SOUR_3486	4	ndim	malign prog (SCA)	1.0000	1.0000	1.0000	1.0000	ok
NorthEuralex Italic	SOUTH_3499	5	progressive	malign prog (SCA)	1.0000	1.0000	1.0000	1.0000	ok
NorthEuralex Italic	SPADE_3510	3	ndim	malign prog (SCA)	1.0000	1.0000	1.0000	1.0000	ok
NorthEuralex Italic	SPARK_3516	5	progressive	malign prog (SCA)	1.0000	1.0000	1.0000	1.0000	ok
NorthEuralex Italic	SPEAK_3528	3	ndim	malign prog (SCA)	0.7143	0.7143	0.7143	0.7143	ok
NorthEuralex Italic	SPEECH_3532	6	progressive	malign prog (SCA)	1.0000	1.0000	1.0000	1.0000	ok
NorthEuralex Italic	SPIDER_3536	6	progressive	malign prog (SCA)	0.6667	0.8889	0.8889	0.8889	ok
NorthEuralex Italic	SPIRIT_3544	6	progressive	malign prog (SCA)	1.0000	1.0000	1.0000	1.0000	ok
NorthEuralex Italic	SPIRIT_3545	5	progressive	malign prog (SCA)		0.1111	0.1250	0.1176	len_mismatch
NorthEuralex Italic	SPOIL_(BECOME_SPOILED)_3093	3	ndim	malign prog (SCA)	1.0000	1.0000	1.0000	1.0000	ok
NorthEuralex Italic	SPOIL_(SOMEBODY_OR_SOMETHING)_3549	3	ndim	malign prog (SCA)		0.4667	0.5185	0.4912	len_mismatch
NorthEuralex Italic	SPOON_3555	4	ndim	malign prog (SCA)	0.5000	0.5833	0.5833	0.5833	ok
NorthEuralex Italic	SPREAD_OUT_3559	3	ndim	malign prog (SCA)	1.0000	1.0000	1.0000	1.0000	ok
NorthEuralex Italic	SPRINGTIME_3565	5	progressive	malign prog (SCA)	1.0000	1.0000	1.0000	1.0000	ok
NorthEuralex Italic	STAR_3592	4	ndim	malign prog (SCA)	1.0000	1.0000	1.0000	1.0000	ok
NorthEuralex Italic	STAR_3593	3	ndim	malign prog (SCA)	1.0000	1.0000	1.0000	1.0000	ok
NorthEuralex Italic	STATE_(POLITICS)_3600	5	progressive	malign prog (SCA)		0.7571	0.8833	0.8154	len_mismatch
NorthEuralex Italic	STEAL_3609	4	ndim	malign prog (SCA)	0.7143	0.8571	0.8571	0.8571	ok
NorthEuralex Italic	STEAL_3610	3	ndim	malign prog (SCA)	1.0000	1.0000	1.0000	1.0000	ok
NorthEuralex Italic	STEP_(VERB)_3613	3	ndim	malign prog (SCA)	1.0000	1.0000	1.0000	1.0000	ok
NorthEuralex Italic	STICK_3618	4	ndim	malign prog (SCA)		0.7857	0.9167	0.8462	len_mismatch
NorthEuralex Italic	STICK_3619	3	ndim	malign prog (SCA)	1.0000	1.0000	1.0000	1.0000	ok
NorthEuralex Italic	STILL_(CONTINUING)_3629	3	ndim	malign prog (SCA)	1.0000	1.0000	1.0000	1.0000	ok
NorthEuralex Italic	STINGY_3639	5	progressive	malign prog (SCA)	0.7143	0.8000	0.8000	0.8000	ok
NorthEuralex Italic	STING_3635	6	progressive	malign prog (SCA)	1.0000	1.0000	1.0000	1.0000	ok
NorthEuralex Italic	STIR_3643	3	ndim	malign prog (SCA)	1.0000	1.0000	1.0000	1.0000	ok
NorthEuralex Italic	STOMACH_3647	7	progressive	malign prog (SCA)		0.0879	0.1143	0.0994	len_mismatch
NorthEuralex Italic	STONE_3648	6	progressive	malign prog (SCA)	0.2857	0.5524	0.5524	0.5524	ok
NorthEuralex Italic	STORY_3659	6	progressive	malign prog (SCA)		0.5704	0.4667	0.5133	len_mismatch
NorthEuralex Italic	STORY_3660	3	ndim	malign prog (SCA)		0.7619	0.8889	0.8205	len_mismatch
NorthEuralex Italic	STOVE_3664	4	ndim	malign prog (SCA)	1.0000	1.0000	1.0000	1.0000	ok
NorthEuralex Italic	STRAP_3669	5	progressive	malign prog (SCA)	0.5000	0.8000	0.8000	0.8000	ok
NorthEuralex Italic	STREAM_(FLOW_CONTINUOUSLY)_3673	3	ndim	malign prog (SCA)		0.5714	0.6667	0.6154	len_mismatch
NorthEuralex Italic	STRENGTH_3677	3	ndim	malign prog (SCA)	0.1111	0.3333	0.3333	0.3333	ok
NorthEuralex Italic	STRENGTH_3678	4	ndim	malign prog (SCA)	0.7143	0.8571	0.8571	0.8571	ok
NorthEuralex Italic	STRIKE_(SOMEONE)_337	5	progressive	malign prog (SCA)		0.5286	0.6167	0.5692	len_mismatch
NorthEuralex Italic	STRIKE_(SOMETHING)_1942	4	ndim	malign prog (SCA)	1.0000	1.0000	1.0000	1.0000	ok
NorthEuralex Italic	STRING_3681	5	progressive	malign prog (SCA)	1.0000	1.0000	1.0000	1.0000	ok
NorthEuralex Italic	STROKE_(OF_PEN)_3686	5	progressive	malign prog (SCA)	1.0000	1.0000	1.0000	1.0000	ok
NorthEuralex Italic	STRONG_3691	5	progressive	malign prog (SCA)	1.0000	1.0000	1.0000	1.0000	ok
NorthEuralex Italic	STRONG_3692	3	ndim	malign prog (SCA)	1.0000	1.0000	1.0000	1.0000	ok
NorthEuralex Italic	STUPID_3698	5	progressive	malign prog (SCA)	0.7778	0.8444	0.8444	0.8444	ok
NorthEuralex Italic	SUMMIT_3729	4	ndim	malign prog (SCA)	1.0000	1.0000	1.0000	1.0000	ok
NorthEuralex Italic	SUNDAY_50	5	progressive	malign prog (SCA)	0.6667	0.8667	0.8667	0.8667	ok
NorthEuralex Italic	SUN_3735	5	progressive	malign prog (SCA)	1.0000	1.0000	1.0000	1.0000	ok
NorthEuralex Italic	SUPPORT_(OF_OBJECT)_3738	4	ndim	malign prog (SCA)	1.0000	1.0000	1.0000	1.0000	ok
NorthEuralex Italic	SWAMP_3752	3	ndim	malign prog (SCA)		0.2917	0.3333	0.3111	len_mismatch
NorthEuralex Italic	SWAN_3757	4	ndim	malign prog (SCA)	0.6000	0.8000	0.8000	0.8000	ok
NorthEuralex Italic	SWAY_3770	6	progressive	malign prog (SCA)		0.0545	0.0667	0.0600	len_mismatch
NorthEuralex Italic	SWEEP_3773	3	ndim	malign prog (SCA)	1.0000	1.0000	1.0000	1.0000	ok
NorthEuralex Italic	SWEET_3780	5	progressive	malign prog (SCA)	1.0000	1.0000	1.0000	1.0000	ok
NorthEuralex Italic	SWIM_3783	6	progressive	malign prog (SCA)	0.5714	0.7429	0.7429	0.7429	ok
NorthEuralex Italic	SWINDLE_738	3	ndim	malign prog (SCA)	0.5000	0.6667	0.6667	0.6667	ok
NorthEuralex Italic	SWING_(MOVEMENT)_3785	5	progressive	malign prog (SCA)	0.7143	0.8000	0.8000	0.8000	ok
NorthEuralex Italic	SWING_(MOVEMENT)_3787	4	ndim	malign prog (SCA)	0.2500	0.2500	0.2500	0.2500	ok
NorthEuralex Italic	SWING_(SOMETHING)_3786	5	progressive	malign prog (SCA)	0.7143	0.7429	0.7429	0.7429	ok
NorthEuralex Italic	TABLE_3791	4	ndim	malign prog (SCA)	1.0000	1.0000	1.0000	1.0000	ok
NorthEuralex Italic	TABLE_3792	3	ndim	malign prog (SCA)	1.0000	1.0000	1.0000	1.0000	ok
NorthEuralex Italic	TAIL_3793	4	ndim	malign prog (SCA)	0.4000	0.7000	0.7000	0.7000	ok
NorthEuralex Italic	TAKE_3797	3	ndim	malign prog (SCA)	0.6250	0.7500	0.7500	0.7500	ok
NorthEuralex Italic	TAKE_3798	3	ndim	malign prog (SCA)	1.0000	1.0000	1.0000	1.0000	ok
NorthEuralex Italic	TALK_3814	3	ndim	malign prog (SCA)	0.7143	0.7143	0.7143	0.7143	ok
NorthEuralex Italic	TASTE_(SOMETHING)_3822	3	ndim	malign prog (SCA)	1.0000	1.0000	1.0000	1.0000	ok
NorthEuralex Italic	TASTE_(SOMETHING)_3823	3	ndim	malign prog (SCA)	1.0000	1.0000	1.0000	1.0000	ok
NorthEuralex Italic	TASTE_1477	7	progressive	malign prog (SCA)		0.6122	0.7143	0.6593	len_mismatch
NorthEuralex Italic	TASTE_1478	4	ndim	malign prog (SCA)	1.0000	1.0000	1.0000	1.0000	ok
NorthEuralex Italic	TASTY_1049	4	ndim	malign prog (SCA)	0.6000	0.7333	0.7333	0.7333	ok
NorthEuralex Italic	TEACHER_3837	5	progressive	malign prog (SCA)	1.0000	1.0000	1.0000	1.0000	ok
NorthEuralex Italic	TEACH_3831	4	ndim	malign prog (SCA)		0.7037	0.7917	0.7451	len_mismatch
NorthEuralex Italic	TEAR_(OF_EYE)_3842	6	progressive	malign prog (SCA)	1.0000	1.0000	1.0000	1.0000	ok
NorthEuralex Italic	TEA_3827	4	ndim	malign prog (SCA)	1.0000	1.0000	1.0000	1.0000	ok
NorthEuralex Italic	TELL_3859	5	progressive	malign prog (SCA)		0.1727	0.2111	0.1900	len_mismatch
NorthEuralex Italic	TENDON_3329	6	progressive	malign prog (SCA)	0.7143	0.9048	0.9048	0.9048	ok
NorthEuralex Italic	TEN_3864	4	ndim	malign prog (SCA)	1.0000	1.0000	1.0000	1.0000	ok
NorthEuralex Italic	THAT_3868	3	ndim	malign prog (SCA)	1.0000	1.0000	1.0000	1.0000	ok
NorthEuralex Italic	THERE_3895	4	ndim	malign prog (SCA)	1.0000	1.0000	1.0000	1.0000	ok
NorthEuralex Italic	THEY_3900	4	ndim	malign prog (SCA)	1.0000	1.0000	1.0000	1.0000	ok
NorthEuralex Italic	THICK_3904	5	progressive	malign prog (SCA)	1.0000	1.0000	1.0000	1.0000	ok
NorthEuralex Italic	THING_3919	4	ndim	malign prog (SCA)	1.0000	1.0000	1.0000	1.0000	ok
NorthEuralex Italic	THINK_(REFLECT)_3924	5	progressive	malign prog (SCA)		0.5500	0.6286	0.5867	len_mismatch
NorthEuralex Italic	THIN_(SLIM)_3401	5	progressive	malign prog (SCA)	1.0000	1.0000	1.0000	1.0000	ok
NorthEuralex Italic	THIRD_3927	5	progressive	malign prog (SCA)	0.7778	0.8444	0.8444	0.8444	ok
NorthEuralex Italic	THIRTY_3930	6	progressive	malign prog (SCA)	0.3750	0.7583	0.7583	0.7583	ok
NorthEuralex Italic	THIS_3932	3	ndim	malign prog (SCA)	1.0000	1.0000	1.0000	1.0000	ok
NorthEuralex Italic	THOUGHT_3947	4	ndim	malign prog (SCA)	0.6000	0.8000	0.8000	0.8000	ok
NorthEuralex Italic	THOUGHT_3948	3	ndim	malign prog (SCA)	0.5455	0.6970	0.6970	0.6970	ok
NorthEuralex Italic	THOUSAND_76	6	progressive	malign prog (SCA)	1.0000	1.0000	1.0000	1.0000	ok
NorthEuralex Italic	THOU_3945	7	progressive	malign prog (SCA)	1.0000	1.0000	1.0000	1.0000	ok
NorthEuralex Italic	THREAD_3954	5	progressive	malign prog (SCA)	1.0000	1.0000	1.0000	1.0000	ok
NorthEuralex Italic	THREE_3957	7	progressive	malign prog (SCA)	1.0000	1.0000	1.0000	1.0000	ok
NorthEuralex Italic	THROUGH_3963	6	progressive	malign prog (SCA)	1.0000	1.0000	1.0000	1.0000	ok
NorthEuralex Italic	THROW_3967	5	progressive	malign prog (SCA)		0.5500	0.6286	0.5867	len_mismatch
NorthEuralex Italic	THUNDER_(VERB)_3972	7	progressive	malign prog (SCA)		0.3190	0.3545	0.3358	len_mismatch
NorthEuralex Italic	THUNDER_3972	4	ndim	malign prog (SCA)		0.3333	0.2963	0.3137	len_mismatch
NorthEuralex Italic	TIE_3975	5	progressive	malign prog (SCA)	1.0000	1.0000	1.0000	1.0000	ok
NorthEuralex Italic	TIE_UP_(TETHER)_3980	4	ndim	malign prog (SCA)	0.7143	0.7619	0.7619	0.7619	ok
NorthEuralex Italic	TIME_3983	5	progressive	malign prog (SCA)		0.3000	0.3429	0.3200	len_mismatch
NorthEuralex Italic	TINKLE_3987	3	ndim	malign prog (SCA)	0.4000	0.5333	0.5333	0.5333	ok
NorthEuralex Italic	TIP_(OF_OBJECT)_3992	4	ndim	malign prog (SCA)	1.0000	1.0000	1.0000	1.0000	ok
NorthEuralex Italic	TOE_4006	4	ndim	malign prog (SCA)		0.2564	0.2778	0.2667	len_mismatch
NorthEuralex Italic	TONE_(MUSIC)_4022	6	progressive	malign prog (SCA)	1.0000	1.0000	1.0000	1.0000	ok
NorthEuralex Italic	TONGUE_4024	5	progressive	malign prog (SCA)	1.0000	1.0000	1.0000	1.0000	ok
NorthEuralex Italic	TOOTH_4027	6	progressive	malign prog (SCA)	0.5000	0.7444	0.7444	0.7444	ok
NorthEuralex Italic	TOUCH_4029	6	progressive	malign prog (SCA)	0.2857	0.4762	0.4762	0.4762	ok
NorthEuralex Italic	TOWN_4040	3	ndim	malign prog (SCA)	0.7143	0.8095	0.8095	0.8095	ok
NorthEuralex Italic	TRANSLATE_4052	6	progressive	malign prog (SCA)		0.7333	0.6519	0.6902	len_mismatch
NorthEuralex Italic	TREE_4061	6	progressive	malign prog (SCA)	1.0000	1.0000	1.0000	1.0000	ok
NorthEuralex Italic	TREE_TRUNK_4074	6	progressive	malign prog (SCA)	0.7143	0.9048	0.9048	0.9048	ok
NorthEuralex Italic	TROUSERS_4066	4	ndim	malign prog (SCA)	1.0000	1.0000	1.0000	1.0000	ok
NorthEuralex Italic	TRUE_4069	3	ndim	malign prog (SCA)	0.8000	0.8667	0.8667	0.8667	ok
NorthEuralex Italic	TRUE_4070	3	ndim	malign prog (SCA)	1.0000	1.0000	1.0000	1.0000	ok
NorthEuralex Italic	TRUTH_4076	6	progressive	malign prog (SCA)	0.3750	0.4000	0.4000	0.4000	ok
NorthEuralex Italic	TRY_4078	5	progressive	malign prog (SCA)		0.4455	0.4900	0.4667	len_mismatch
NorthEuralex Italic	TUBE_2814	6	progressive	malign prog (SCA)	1.0000	1.0000	1.0000	1.0000	ok
NorthEuralex Italic	TUESDAY_60	4	ndim	malign prog (SCA)	0.7143	0.8571	0.8571	0.8571	ok
NorthEuralex Italic	TUMBLE_(FALL_DOWN)_4082	3	ndim	malign prog (SCA)	1.0000	1.0000	1.0000	1.0000	ok
NorthEuralex Italic	TURN_(SOMETHING)_4094	3	ndim	malign prog (SCA)	1.0000	1.0000	1.0000	1.0000	ok
NorthEuralex Italic	TWELVE_4106	4	ndim	malign prog (SCA)	1.0000	1.0000	1.0000	1.0000	ok
NorthEuralex Italic	TWENTY_4109	3	ndim	malign prog (SCA)		0.4167	0.4762	0.4444	len_mismatch
NorthEuralex Italic	TWENTY_4110	3	ndim	malign prog (SCA)	0.5000	0.6667	0.6667	0.6667	ok
NorthEuralex Italic	TWIG_4112	6	progressive	malign prog (SCA)	1.0000	1.0000	1.0000	1.0000	ok
NorthEuralex Italic	TWO_4115	7	progressive	malign prog (SCA)		0.8690	0.6952	0.7725	len_mismatch
NorthEuralex Italic	UNDERSTAND_4128	6	progressive	malign prog (SCA)		0.4364	0.4800	0.4571	len_mismatch
NorthEuralex Italic	UNDERSTAND_4129	4	ndim	malign prog (SCA)	0.2500	0.6250	0.6250	0.6250	ok
NorthEuralex Italic	URGE_(SOMEONE)_4143	3	ndim	malign prog (SCA)		0.7917	0.9048	0.8444	len_mismatch
NorthEuralex Italic	VEIN_4149	7	progressive	malign prog (SCA)		0.6095	0.7619	0.6772	len_mismatch
NorthEuralex Italic	VERY_4151	5	progressive	malign prog (SCA)	1.0000	1.0000	1.0000	1.0000	ok
NorthEuralex Italic	VIOLENCE_4164	6	progressive	malign prog (SCA)		0.7867	0.8741	0.8281	len_mismatch
NorthEuralex Italic	VISIT_4166	7	progressive	malign prog (SCA)	0.7500	0.9286	0.9286	0.9286	ok
NorthEuralex Italic	VOICE_4173	3	ndim	malign prog (SCA)	1.0000	1.0000	1.0000	1.0000	ok
NorthEuralex Italic	WAIT_(FOR)_4178	4	ndim	malign prog (SCA)		0.6111	0.6875	0.6471	len_mismatch
NorthEuralex Italic	WAKE_UP_(SOMEONE)_4182	4	ndim	malign prog (SCA)	1.0000	1.0000	1.0000	1.0000	ok
NorthEuralex Italic	WALK_(MANNER)_4194	4	ndim	malign prog (SCA)	1.0000	1.0000	1.0000	1.0000	ok
NorthEuralex Italic	WALK_(TAKE_A_WALK)_3800	4	ndim	malign prog (SCA)		0.3167	0.2879	0.3016	len_mismatch
NorthEuralex Italic	WALK_4195	3	ndim	malign prog (SCA)	1.0000	1.0000	1.0000	1.0000	ok
NorthEuralex Italic	WANT_4205	4	ndim	malign prog (SCA)	0.7143	0.7619	0.7619	0.7619	ok
NorthEuralex Italic	WARE_4211	3	ndim	malign prog (SCA)	1.0000	1.0000	1.0000	1.0000	ok
NorthEuralex Italic	WARM_4216	5	progressive	malign prog (SCA)		0.7000	0.8000	0.7467	len_mismatch
NorthEuralex Italic	WAR_4208	5	progressive	malign prog (SCA)	0.6000	0.6000	0.6000	0.6000	ok
NorthEuralex Italic	WASH_(ONESELF)_4221	5	progressive	malign prog (SCA)		0.0429	0.0333	0.0375	len_mismatch
NorthEuralex Italic	WASH_4221	5	progressive	malign prog (SCA)	0.6667	0.8667	0.8667	0.8667	ok
NorthEuralex Italic	WATCH_4224	3	ndim	malign prog (SCA)	1.0000	1.0000	1.0000	1.0000	ok
NorthEuralex Italic	WATER_4229	5	progressive	malign prog (SCA)	0.2000	0.6800	0.6800	0.6800	ok
NorthEuralex Italic	WAVE_4236	5	progressive	malign prog (SCA)	1.0000	1.0000	1.0000	1.0000	ok
NorthEuralex Italic	WEAK_4249	3	ndim	malign prog (SCA)	1.0000	1.0000	1.0000	1.0000	ok
NorthEuralex Italic	WEALTH_4254	5	progressive	malign prog (SCA)	0.7143	0.7429	0.7429	0.7429	ok
NorthEuralex Italic	WEATHER_4259	5	progressive	malign prog (SCA)	0.2000	0.3000	0.3000	0.3000	ok
NorthEuralex Italic	WEDNESDAY_64	4	ndim	malign prog (SCA)		0.5909	0.6500	0.6190	len_mismatch
NorthEuralex Italic	WEEK_4264	7	progressive	malign prog (SCA)	0.5556	0.6190	0.6190	0.6190	ok
NorthEuralex Italic	WEIGHT_4269	4	ndim	malign prog (SCA)	1.0000	1.0000	1.0000	1.0000	ok
NorthEuralex Italic	WELL_4273	5	progressive	malign prog (SCA)	0.6000	0.6400	0.6400	0.6400	ok
NorthEuralex Italic	WEST_4276	3	ndim	malign prog (SCA)	1.0000	1.0000	1.0000	1.0000	ok
NorthEuralex Italic	WET_4284	3	ndim	malign prog (SCA)	1.0000	1.0000	1.0000	1.0000	ok
NorthEuralex Italic	WE_4247	5	progressive	malign prog (SCA)	0.5000	0.5000	0.5000	0.5000	ok
NorthEuralex Italic	WHAT_4289	5	progressive	malign prog (SCA)	1.0000	1.0000	1.0000	1.0000	ok
NorthEuralex Italic	WHERE_4293	3	ndim	malign prog (SCA)	0.0000	0.3333	0.3333	0.3333	ok
NorthEuralex Italic	WHITE_4313	5	progressive	malign prog (SCA)		0.4000	0.3429	0.3692	len_mismatch
NorthEuralex Italic	WHO_4316	4	ndim	malign prog (SCA)	1.0000	1.0000	1.0000	1.0000	ok
NorthEuralex Italic	WHY_4320	3	ndim	malign prog (SCA)	1.0000	1.0000	1.0000	1.0000	ok
NorthEuralex Italic	WIDE_4325	4	ndim	malign prog (SCA)	1.0000	1.0000	1.0000	1.0000	ok
NorthEuralex Italic	WILLOW_4335	3	ndim	malign prog (SCA)	0.7143	0.8095	0.8095	0.8095	ok
NorthEuralex Italic	WINDOW_4346	5	progressive	malign prog (SCA)		0.5100	0.5667	0.5368	len_mismatch
NorthEuralex Italic	WIND_4345	7	progressive	malign prog (SCA)	0.1429	0.2925	0.2925	0.2925	ok
NorthEuralex Italic	WING_4349	4	ndim	malign prog (SCA)	1.0000	1.0000	1.0000	1.0000	ok
NorthEuralex Italic	WINTER_4353	5	progressive	malign prog (SCA)	0.5000	0.5750	0.5750	0.5750	ok
NorthEuralex Italic	WIN_4341	5	progressive	malign prog (SCA)		0.5875	0.6714	0.6267	len_mismatch
NorthEuralex Italic	WOLF_4369	7	progressive	malign prog (SCA)	1.0000	1.0000	1.0000	1.0000	ok
NorthEuralex Italic	WOMAN_4370	3	ndim	malign prog (SCA)	1.0000	1.0000	1.0000	1.0000	ok
NorthEuralex Italic	WOOL_4379	6	progressive	malign prog (SCA)	1.0000	1.0000	1.0000	1.0000	ok
NorthEuralex Italic	WORKER_4390	3	ndim	malign prog (SCA)	0.6000	0.7333	0.7333	0.7333	ok
NorthEuralex Italic	WORKER_4391	3	ndim	malign prog (SCA)	0.6667	0.7778	0.7778	0.7778	ok
NorthEuralex Italic	WORKER_4392	3	ndim	malign prog (SCA)		0.7037	0.6333	0.6667	len_mismatch
NorthEuralex Italic	WORK_(ACTIVITY)_4387	4	ndim	malign prog (SCA)	1.0000	1.0000	1.0000	1.0000	ok
NorthEuralex Italic	WORK_(LABOUR)_4387	4	ndim	malign prog (SCA)	0.6250	0.7708	0.7708	0.7708	ok
NorthEuralex Italic	WORK_(LABOUR)_4388	3	ndim	malign prog (SCA)	1.0000	1.0000	1.0000	1.0000	ok
NorthEuralex Italic	WORLD_4395	6	progressive	malign prog (SCA)	0.6667	0.8000	0.8000	0.8000	ok
NorthEuralex Italic	WORM_4397	4	ndim	malign prog (SCA)	1.0000	1.0000	1.0000	1.0000	ok
NorthEuralex Italic	WOUND_4402	4	ndim	malign prog (SCA)	1.0000	1.0000	1.0000	1.0000	ok
NorthEuralex Italic	WRAP_4409	3	ndim	malign prog (SCA)	0.1111	0.1481	0.1481	0.1481	ok
NorthEuralex Italic	WRITE_4416	6	progressive	malign prog (SCA)		0.7733	0.8593	0.8140	len_mismatch
NorthEuralex Italic	YEAR_4418	5	progressive	malign prog (SCA)	1.0000	1.0000	1.0000	1.0000	ok
NorthEuralex Italic	YOUNG_4436	3	ndim	malign prog (SCA)	1.0000	1.0000	1.0000	1.0000	ok
NorthEuralex Italic	YOU_4433	3	ndim	malign prog (SCA)	0.6000	0.7333	0.7333	0.7333	ok
